{"type": "FeatureCollection", "features": [{"type": "Feature", "properties": {}, "geometry": {"type": "LineString", "coordinates": [[95.263856, 27.661232], [95.263563, 27.661056], [95.263054, 27.660948], [95.262451, 27.660533], [95.262233, 27.660457], [95.262051, 27.660268], [95.261933, 27.66], [95.261375, 27.659467], [95.260993, 27.659271], [95.260683, 27.659], [95.259759, 27.658416], [95.258728, 27.657579], [95.258521, 27.657362], [95.258415, 27.657116], [95.258283, 27.656991], [95.257695, 27.656611], [95.257156, 27.656378], [95.256875, 27.656158], [95.256417, 27.655488], [95.256197, 27.65504], [95.256138, 27.654801], [95.255716, 27.653986], [95.255338, 27.65343], [95.255112, 27.652802], [95.254715, 27.652086], [95.254047, 27.650563], [95.253736, 27.650117], [95.253604, 27.649758], [95.253242, 27.649223], [95.252517, 27.647881], [95.252344, 27.647685], [95.251524, 27.647175], [95.250518, 27.64674], [95.247724, 27.644762], [95.246693, 27.643897], [95.24535, 27.642666], [95.244424, 27.641952], [95.244061, 27.641521], [95.243568, 27.641078], [95.243283, 27.640671], [95.242958, 27.640366], [95.242675, 27.640009], [95.241631, 27.638943], [95.241063, 27.638231], [95.240881, 27.637873], [95.240734, 27.637424], [95.240518, 27.637066], [95.24037, 27.636888], [95.240044, 27.636623], [95.239601, 27.636088], [95.239179, 27.635464], [95.237563, 27.633595], [95.237281, 27.633148], [95.236896, 27.632703], [95.236418, 27.631929], [95.235896, 27.631213], [95.23579, 27.630979], [95.234541, 27.629313], [95.234024, 27.628779], [95.233714, 27.628333], [95.232355, 27.626821], [95.230231, 27.623967], [95.228577, 27.621467], [95.227935, 27.620394], [95.227331, 27.619231], [95.22686, 27.618246], [95.226626, 27.617618], [95.225844, 27.616097], [95.22523, 27.614572], [95.22522, 27.614302], [95.224986, 27.613764], [95.224874, 27.613315], [95.224853, 27.612413], [95.224598, 27.610522], [95.224543, 27.609981], [95.224581, 27.6098], [95.224452, 27.609531], [95.224289, 27.608812], [95.224264, 27.607549], [95.22441, 27.606193], [95.224397, 27.605742], [95.224534, 27.605108], [95.224568, 27.604476], [95.224776, 27.603119], [95.224799, 27.601856], [95.2249, 27.601673], [95.224878, 27.601584], [95.224546, 27.601138], [95.22424, 27.600511], [95.223877, 27.600066], [95.223718, 27.599527], [95.223589, 27.598739], [95.223253, 27.597729], [95.223196, 27.597189], [95.223233, 27.596918], [95.223443, 27.596563], [95.223741, 27.596258], [95.224399, 27.595275], [95.224923, 27.594624], [95.225709, 27.593387], [95.226307, 27.592266], [95.226481, 27.591483], [95.226544, 27.590818], [95.226645, 27.590727], [95.226973, 27.590773], [95.227578, 27.590682], [95.228695, 27.590819], [95.22951, 27.591048], [95.230328, 27.591403], [95.231358, 27.592254], [95.231718, 27.592721], [95.23203, 27.592896], [95.232082, 27.592985], [95.232036, 27.593347], [95.232094, 27.593707], [95.232201, 27.593893], [95.232304, 27.593967], [95.232296, 27.593574], [95.232497, 27.593508], [95.232594, 27.593428], [95.232386, 27.593009], [95.231928, 27.592537], [95.23177, 27.592269], [95.231556, 27.592032], [95.23104, 27.591559], [95.230732, 27.591368], [95.230568, 27.591115], [95.230621, 27.590905], [95.230822, 27.590811], [95.231024, 27.590795], [95.232142, 27.59099], [95.234485, 27.591617], [95.235298, 27.591759], [95.235803, 27.591705], [95.236514, 27.591821], [95.236818, 27.591825], [95.236877, 27.591916], [95.236931, 27.592373], [95.237076, 27.592634], [95.237723, 27.593346], [95.238071, 27.593664], [95.238793, 27.594592], [95.239108, 27.594844], [95.239625, 27.595376], [95.240267, 27.595831], [95.240735, 27.596095], [95.241064, 27.596418], [95.241602, 27.596712], [95.242084, 27.596744], [95.242527, 27.596878], [95.242998, 27.596881], [95.243506, 27.596957], [95.244517, 27.596855], [95.24502, 27.596704], [95.245324, 27.5967], [95.245629, 27.596753], [95.245931, 27.596651], [95.246744, 27.596805], [95.247048, 27.596794], [95.247251, 27.596843], [95.247457, 27.596999], [95.248171, 27.597252], [95.248274, 27.59732], [95.248379, 27.597479], [95.248663, 27.597591], [95.248792, 27.597871], [95.248893, 27.597882], [95.248868, 27.597587], [95.248988, 27.597568], [95.249293, 27.597629], [95.25052, 27.598162], [95.250731, 27.598008], [95.250782, 27.597917], [95.250715, 27.597797], [95.250612, 27.597743], [95.250397, 27.597743], [95.250101, 27.597505], [95.249386, 27.597226], [95.249082, 27.597188], [95.248875, 27.596982], [95.248671, 27.596928], [95.248465, 27.596771], [95.248059, 27.596733], [95.247854, 27.59657], [95.247549, 27.596558], [95.247312, 27.596349], [95.24662, 27.595909], [95.246592, 27.595819], [95.24669, 27.595637], [95.247519, 27.595053], [95.24784, 27.594897], [95.247911, 27.594715], [95.248073, 27.594532], [95.249591, 27.593154], [95.250194, 27.592512], [95.250257, 27.592331], [95.250258, 27.591789], [95.250315, 27.591608], [95.250473, 27.591425], [95.250886, 27.591321], [95.251488, 27.591022], [95.252093, 27.590892], [95.252397, 27.590899], [95.252901, 27.590807], [95.253411, 27.590968], [95.253914, 27.590813], [95.254622, 27.590732], [95.25553, 27.590563], [95.256035, 27.590524], [95.257757, 27.590538], [95.258465, 27.590487], [95.25907, 27.590336], [95.259572, 27.590137], [95.260021, 27.589826], [95.260774, 27.589495], [95.261282, 27.589555], [95.261687, 27.589549], [95.262095, 27.589684], [95.263312, 27.589753], [95.263617, 27.589834], [95.264429, 27.589914], [95.264834, 27.589928], [95.266048, 27.589845], [95.267158, 27.589653], [95.267361, 27.58966], [95.267717, 27.589791], [95.267972, 27.589816], [95.268011, 27.589786], [95.267714, 27.58961], [95.267643, 27.589431], [95.267558, 27.589418], [95.267054, 27.589496], [95.265838, 27.589484], [95.265537, 27.589624], [95.265436, 27.589631], [95.26513, 27.589548], [95.263918, 27.589671], [95.263305, 27.589433], [95.262288, 27.589239], [95.26199, 27.589253], [95.261885, 27.589354], [95.261684, 27.589397], [95.261498, 27.589351], [95.261442, 27.589261], [95.261698, 27.589167], [95.261681, 27.588897], [95.261781, 27.588715], [95.262206, 27.588527], [95.262478, 27.588162], [95.263765, 27.587182], [95.26491, 27.586769], [95.264962, 27.586677], [95.264939, 27.586588], [95.265019, 27.586225], [95.264906, 27.585956], [95.265027, 27.585864], [95.265156, 27.585861], [95.265656, 27.585538], [95.266764, 27.585255], [95.267673, 27.585153], [95.268282, 27.585187], [95.268689, 27.585281], [95.268936, 27.585259], [95.269091, 27.585144], [95.269192, 27.585143], [95.270008, 27.585401], [95.270515, 27.585458], [95.270631, 27.585412], [95.270542, 27.585142], [95.270587, 27.584961], [95.270494, 27.584873], [95.270525, 27.584782], [95.270905, 27.584729], [95.27116, 27.584771], [95.271314, 27.584916], [95.271583, 27.585035], [95.271745, 27.585213], [95.271727, 27.585313], [95.271628, 27.585377], [95.271324, 27.585371], [95.270731, 27.5855], [95.270821, 27.585536], [95.271226, 27.585534], [95.271835, 27.585638], [95.272142, 27.585752], [95.272343, 27.585706], [95.272445, 27.585724], [95.273057, 27.585964], [95.273263, 27.586091], [95.27367, 27.586211], [95.274076, 27.586244], [95.274382, 27.586328], [95.274657, 27.586519], [95.274783, 27.586697], [95.275101, 27.586815], [95.27571, 27.586897], [95.276723, 27.586909], [95.277941, 27.587057], [95.278348, 27.587157], [95.27927, 27.587624], [95.279988, 27.588086], [95.281726, 27.588875], [95.283057, 27.589544], [95.284384, 27.590063], [95.285302, 27.590366], [95.28581, 27.590464], [95.286219, 27.590623], [95.287243, 27.591171], [95.287553, 27.591452], [95.287873, 27.591626], [95.288545, 27.592336], [95.288691, 27.592424], [95.288894, 27.592651], [95.289209, 27.593181], [95.289823, 27.593467], [95.290029, 27.593647], [95.290643, 27.59397], [95.291364, 27.594528], [95.291675, 27.594893], [95.292191, 27.595315], [95.292338, 27.595522], [95.292967, 27.596144], [95.293123, 27.596412], [95.293298, 27.596589], [95.293681, 27.596854], [95.294388, 27.597474], [95.29511, 27.598184], [95.295599, 27.598496], [95.295803, 27.59857], [95.29601, 27.598753], [95.296214, 27.598818], [95.297299, 27.599681], [95.29734, 27.599771], [95.297284, 27.600133], [95.297457, 27.600152], [95.297759, 27.600058], [95.298268, 27.600196], [95.29837, 27.600248], [95.298681, 27.600567], [95.298987, 27.600668], [95.299193, 27.600825], [95.299498, 27.60089], [95.299704, 27.60104], [95.300622, 27.601372], [95.30103, 27.601486], [95.301232, 27.601488], [95.301264, 27.60133], [95.301227, 27.601226], [95.301124, 27.601159], [95.300718, 27.601116], [95.300564, 27.600891], [95.300652, 27.600618], [95.300645, 27.600077], [95.300486, 27.599695], [95.300383, 27.599606], [95.300077, 27.599507], [95.299466, 27.599369], [95.298852, 27.599057], [95.298531, 27.598849], [95.297909, 27.598318], [95.297304, 27.597673], [95.296893, 27.597397], [95.296589, 27.597392], [95.296176, 27.597007], [95.29587, 27.596899], [95.295663, 27.596679], [95.29515, 27.596374], [95.294532, 27.595902], [95.293737, 27.595138], [95.292978, 27.594205], [95.292565, 27.593819], [95.292186, 27.59354], [95.291945, 27.593258], [95.291608, 27.593008], [95.291211, 27.592563], [95.291011, 27.592476], [95.2904, 27.591999], [95.290182, 27.591678], [95.29008, 27.591409], [95.289354, 27.590433], [95.28931, 27.590248], [95.289707, 27.590061], [95.290355, 27.589844], [95.290658, 27.589788], [95.290959, 27.589659], [95.291454, 27.589581], [95.292066, 27.589347], [95.29257, 27.589229], [95.293602, 27.588824], [95.293592, 27.588734], [95.2935, 27.588645], [95.293265, 27.588533], [95.293163, 27.588518], [95.292659, 27.588633], [95.292354, 27.588561], [95.29205, 27.588575], [95.291648, 27.588696], [95.290992, 27.588777], [95.290489, 27.588966], [95.289437, 27.589555], [95.289235, 27.589552], [95.288801, 27.589445], [95.28852, 27.589283], [95.288481, 27.589179], [95.288644, 27.588906], [95.288616, 27.588816], [95.2882, 27.58847], [95.287679, 27.5882], [95.287429, 27.587933], [95.28718, 27.587757], [95.286865, 27.587581], [95.286056, 27.587324], [95.285415, 27.587064], [95.284825, 27.586893], [95.284014, 27.586858], [95.283404, 27.586739], [95.282593, 27.586725], [95.281167, 27.586312], [95.280563, 27.586489], [95.279955, 27.586501], [95.279551, 27.586558], [95.278738, 27.586393], [95.278185, 27.58601], [95.278267, 27.585918], [95.279221, 27.585632], [95.279429, 27.585524], [95.279626, 27.585354], [95.279725, 27.585177], [95.279876, 27.58508], [95.280009, 27.584897], [95.280021, 27.584802], [95.27992, 27.58477], [95.279718, 27.584802], [95.279472, 27.584996], [95.27931, 27.585269], [95.279021, 27.585419], [95.27882, 27.585459], [95.278627, 27.585371], [95.278554, 27.585282], [95.278561, 27.585192], [95.279011, 27.584913], [95.278908, 27.584849], [95.278404, 27.584963], [95.277291, 27.58497], [95.276993, 27.585257], [95.276892, 27.585268], [95.276484, 27.585135], [95.276279, 27.58504], [95.276069, 27.584871], [95.275998, 27.584782], [95.275956, 27.584512], [95.275142, 27.583927], [95.274353, 27.583546], [95.273846, 27.583193], [95.273603, 27.582931], [95.273399, 27.58286], [95.273295, 27.582746], [95.273104, 27.582664], [95.272458, 27.582223], [95.271656, 27.581859], [95.270944, 27.581693], [95.269931, 27.581676], [95.269582, 27.581729], [95.268923, 27.581918], [95.26822, 27.582208], [95.266811, 27.582613], [95.266001, 27.582647], [95.265598, 27.582745], [95.264582, 27.582591], [95.263974, 27.582582], [95.26347, 27.582677], [95.263266, 27.582622], [95.263161, 27.582434], [95.263058, 27.582348], [95.262242, 27.582039], [95.261633, 27.581965], [95.261422, 27.581862], [95.260613, 27.581646], [95.259885, 27.581346], [95.258911, 27.581091], [95.258275, 27.580831], [95.257904, 27.580746], [95.257449, 27.580573], [95.257157, 27.580398], [95.257175, 27.580217], [95.257243, 27.580126], [95.257729, 27.579847], [95.258464, 27.579294], [95.259035, 27.578746], [95.259335, 27.578287], [95.259621, 27.578102], [95.26001, 27.578005], [95.260028, 27.577823], [95.259924, 27.577686], [95.259419, 27.577722], [95.259116, 27.577789], [95.258104, 27.578487], [95.257282, 27.579313], [95.256219, 27.579727], [95.255715, 27.579806], [95.255308, 27.579733], [95.255002, 27.579608], [95.254618, 27.579537], [95.254207, 27.579363], [95.253892, 27.579187], [95.253775, 27.579031], [95.253571, 27.578994], [95.252841, 27.579114], [95.252608, 27.579208], [95.252431, 27.579392], [95.252264, 27.579471], [95.251859, 27.579474], [95.25172, 27.579403], [95.251565, 27.579225], [95.25152, 27.578775], [95.251539, 27.578674], [95.251742, 27.578687], [95.251827, 27.578589], [95.251739, 27.57854], [95.251537, 27.578577], [95.251368, 27.578326], [95.251341, 27.578146], [95.251364, 27.577694], [95.251581, 27.57742], [95.251609, 27.57711], [95.251505, 27.577014], [95.251304, 27.577077], [95.251202, 27.577036], [95.25099, 27.576166], [95.251002, 27.575895], [95.251069, 27.575714], [95.251161, 27.575532], [95.25137, 27.575349], [95.251772, 27.575212], [95.252582, 27.575182], [95.252887, 27.575222], [95.253134, 27.575319], [95.253297, 27.575468], [95.253642, 27.575943], [95.254224, 27.576258], [95.254428, 27.576302], [95.256551, 27.576144], [95.257156, 27.57602], [95.257277, 27.575884], [95.257174, 27.575615], [95.257045, 27.57555], [95.256339, 27.575662], [95.256033, 27.575572], [95.255833, 27.575683], [95.255631, 27.575732], [95.255022, 27.575672], [95.254773, 27.575564], [95.254552, 27.575296], [95.254401, 27.575028], [95.253993, 27.574847], [95.253682, 27.574483], [95.253175, 27.574466], [95.25267, 27.574543], [95.251456, 27.574598], [95.251154, 27.574681], [95.250702, 27.575178], [95.250386, 27.575905], [95.250282, 27.577261], [95.250391, 27.578161], [95.250268, 27.578254], [95.249811, 27.578361], [95.248497, 27.578467], [95.24793, 27.578652], [95.247595, 27.578924], [95.247309, 27.579475], [95.247105, 27.579744], [95.246906, 27.579892], [95.246404, 27.580122], [95.246342, 27.580212], [95.246319, 27.580393], [95.246111, 27.58065], [95.245911, 27.580784], [95.245206, 27.58098], [95.244801, 27.580983], [95.24409, 27.580868], [95.243393, 27.580531], [95.243096, 27.580445], [95.242863, 27.580304], [95.242605, 27.580273], [95.242554, 27.580183], [95.242739, 27.58], [95.243071, 27.579814], [95.24312, 27.579723], [95.243033, 27.579634], [95.242643, 27.579442], [95.241932, 27.579338], [95.241623, 27.579081], [95.240704, 27.578697], [95.240477, 27.578502], [95.240565, 27.578411], [95.241, 27.578311], [95.241207, 27.578129], [95.241096, 27.578048], [95.240084, 27.578087], [95.239678, 27.578037], [95.239371, 27.577897], [95.238863, 27.577817], [95.238659, 27.577746], [95.237741, 27.577283], [95.237535, 27.577241], [95.237029, 27.577283], [95.236427, 27.577534], [95.236124, 27.577589], [95.234804, 27.577383], [95.234629, 27.577243], [95.234656, 27.577062], [95.234778, 27.576879], [95.235985, 27.575736], [95.237447, 27.574941], [95.237672, 27.574757], [95.237959, 27.574302], [95.23808, 27.574181], [95.23858, 27.573299], [95.238567, 27.572938], [95.238756, 27.572534], [95.239737, 27.571656], [95.239975, 27.571381], [95.240448, 27.571102], [95.240946, 27.570644], [95.241246, 27.570518], [95.241471, 27.570274], [95.241948, 27.570152], [95.242352, 27.570123], [95.242759, 27.570217], [95.243005, 27.57034], [95.243369, 27.570338], [95.243672, 27.570263], [95.244173, 27.570032], [95.244576, 27.569937], [95.244781, 27.570024], [95.245084, 27.569981], [95.245188, 27.570159], [95.24529, 27.570196], [95.2461, 27.570168], [95.246906, 27.569963], [95.247405, 27.569615], [95.247506, 27.569596], [95.249028, 27.569742], [95.249835, 27.569594], [95.251065, 27.569578], [95.251964, 27.569696], [95.252655, 27.569732], [95.253999, 27.570179], [95.254409, 27.570436], [95.254694, 27.570692], [95.2553, 27.571043], [95.255704, 27.571217], [95.256541, 27.571474], [95.257578, 27.571903], [95.2589, 27.572149], [95.260833, 27.572596], [95.26134, 27.572665], [95.261543, 27.572672], [95.263157, 27.57238], [95.263657, 27.572058], [95.264058, 27.571873], [95.264563, 27.571815], [95.264969, 27.571832], [95.26537, 27.571635], [95.265468, 27.571475], [95.265668, 27.571355], [95.26587, 27.571314], [95.266069, 27.571172], [95.266474, 27.571181], [95.266776, 27.571096], [95.267181, 27.571062], [95.267587, 27.571108], [95.267893, 27.571211], [95.268805, 27.571252], [95.269069, 27.57145], [95.269393, 27.571806], [95.270271, 27.573055], [95.270262, 27.573167], [95.269891, 27.573242], [95.269857, 27.573333], [95.269926, 27.573422], [95.270884, 27.573876], [95.272015, 27.574678], [95.272321, 27.574821], [95.272631, 27.575114], [95.273655, 27.575666], [95.273755, 27.575589], [95.273852, 27.575396], [95.27428, 27.575336], [95.274385, 27.575063], [95.274412, 27.574702], [95.274512, 27.574429], [95.274744, 27.574245], [95.274712, 27.574155], [95.273728, 27.57363], [95.272995, 27.573108], [95.272685, 27.572825], [95.272217, 27.572572], [95.271359, 27.571864], [95.270935, 27.57145], [95.270789, 27.571242], [95.270766, 27.571152], [95.270827, 27.571112], [95.27103, 27.571114], [95.271433, 27.571003], [95.271841, 27.57115], [95.271878, 27.571044], [95.271835, 27.570898], [95.271733, 27.57086], [95.27143, 27.570894], [95.27072, 27.570818], [95.270609, 27.570794], [95.270603, 27.570703], [95.270916, 27.570514], [95.271925, 27.570348], [95.272533, 27.570345], [95.273417, 27.570477], [95.274428, 27.570821], [95.275593, 27.571425], [95.275899, 27.571534], [95.276412, 27.571856], [95.277633, 27.572144], [95.278141, 27.572219], [95.278242, 27.572198], [95.278443, 27.572134], [95.278743, 27.571947], [95.278839, 27.571718], [95.279244, 27.571674], [95.279643, 27.571412], [95.279775, 27.571275], [95.27978, 27.570914], [95.279833, 27.570778], [95.280845, 27.570745], [95.281744, 27.570183], [95.281839, 27.569864], [95.282344, 27.569819], [95.282745, 27.569626], [95.282793, 27.569511], [95.282785, 27.56906], [95.282833, 27.568945], [95.283743, 27.568887], [95.28379, 27.568773], [95.283786, 27.568051], [95.283826, 27.568013], [95.284243, 27.567953], [95.284226, 27.567797], [95.284124, 27.567727], [95.28382, 27.567749], [95.283622, 27.567932], [95.283119, 27.568121], [95.282208, 27.568128], [95.281802, 27.568091], [95.280682, 27.567788], [95.280276, 27.567748], [95.279869, 27.567628], [95.279059, 27.567666], [95.278451, 27.567623], [95.277737, 27.567387], [95.27743, 27.567227], [95.276951, 27.56708], [95.276409, 27.566812], [95.274878, 27.566235], [95.273939, 27.565776], [95.273244, 27.56555], [95.272598, 27.565257], [95.272224, 27.565173], [95.2707, 27.564914], [95.270091, 27.56485], [95.269785, 27.564749], [95.269074, 27.564644], [95.268467, 27.564665], [95.267763, 27.564909], [95.266751, 27.564951], [95.266241, 27.564772], [95.265634, 27.564788], [95.264922, 27.564641], [95.264518, 27.564648], [95.264111, 27.56456], [95.263706, 27.564573], [95.263198, 27.564497], [95.262895, 27.564532], [95.26199, 27.564825], [95.261282, 27.564897], [95.259971, 27.565125], [95.259666, 27.5651], [95.259367, 27.565288], [95.259065, 27.56539], [95.257849, 27.565377], [95.256637, 27.565498], [95.256231, 27.565437], [95.255526, 27.565636], [95.25502, 27.565635], [95.254313, 27.56576], [95.25411, 27.565743], [95.253708, 27.565881], [95.253304, 27.565918], [95.251893, 27.56622], [95.25169, 27.566229], [95.251588, 27.56619], [95.25048, 27.566477], [95.24947, 27.566601], [95.248867, 27.566836], [95.248564, 27.566872], [95.24826, 27.566831], [95.24794, 27.567011], [95.247456, 27.56714], [95.247254, 27.567154], [95.24655, 27.567403], [95.246145, 27.567421], [95.245839, 27.567302], [95.245332, 27.567277], [95.245129, 27.567217], [95.244826, 27.567302], [95.244117, 27.567283], [95.243306, 27.567246], [95.242899, 27.567126], [95.241379, 27.567059], [95.240569, 27.567067], [95.239453, 27.566962], [95.238646, 27.567142], [95.238131, 27.56735], [95.237538, 27.567402], [95.237132, 27.567341], [95.236727, 27.567366], [95.236326, 27.567566], [95.234305, 27.567797], [95.233798, 27.567762], [95.232986, 27.56763], [95.232699, 27.567528], [95.231663, 27.567306], [95.230847, 27.567012], [95.230543, 27.567007], [95.229937, 27.567106], [95.229229, 27.567157], [95.228723, 27.56713], [95.228214, 27.567025], [95.226392, 27.567036], [95.225579, 27.566892], [95.224361, 27.566779], [95.223751, 27.566638], [95.223449, 27.566715], [95.223105, 27.56687], [95.221997, 27.567158], [95.221739, 27.567272], [95.221637, 27.567235], [95.221624, 27.566984], [95.221532, 27.566895], [95.221427, 27.566868], [95.220304, 27.567005], [95.220015, 27.56715], [95.219816, 27.567322], [95.21936, 27.567922], [95.219197, 27.568286], [95.218928, 27.568524], [95.218828, 27.568555], [95.218726, 27.568525], [95.218018, 27.568545], [95.217213, 27.568798], [95.216906, 27.568659], [95.216499, 27.568569], [95.215485, 27.568489], [95.214371, 27.568482], [95.214167, 27.568429], [95.212941, 27.567861], [95.210583, 27.566423], [95.209711, 27.566001], [95.208945, 27.565533], [95.207656, 27.56486], [95.206896, 27.564511], [95.206185, 27.564263], [95.20567, 27.56399], [95.204967, 27.56373], [95.204293, 27.56338], [95.203832, 27.56306], [95.203304, 27.562854], [95.202911, 27.562549], [95.202806, 27.562382], [95.202291, 27.561943], [95.202056, 27.56161], [95.201901, 27.561252], [95.201524, 27.560807], [95.20145, 27.560378], [95.201146, 27.560361], [95.201043, 27.560267], [95.200997, 27.560093], [95.201004, 27.559732], [95.20103, 27.559649], [95.20113, 27.559585], [95.201232, 27.559577], [95.201407, 27.559726], [95.201648, 27.560145], [95.201746, 27.559993], [95.201775, 27.559539], [95.201836, 27.559439], [95.203045, 27.559127], [95.204158, 27.559093], [95.204863, 27.558892], [95.205369, 27.558865], [95.205569, 27.558769], [95.205768, 27.558574], [95.205565, 27.558543], [95.20435, 27.55858], [95.204049, 27.558691], [95.203137, 27.558652], [95.20233, 27.558802], [95.201823, 27.558762], [95.201115, 27.558795], [95.200911, 27.558725], [95.200406, 27.558784], [95.199795, 27.558644], [95.199289, 27.558626], [95.199083, 27.558482], [95.198781, 27.558543], [95.198476, 27.558476], [95.197969, 27.558459], [95.197628, 27.558342], [95.197039, 27.558261], [95.196748, 27.558166], [95.194921, 27.557937], [95.194521, 27.557849], [95.193703, 27.557782], [95.19289, 27.55763], [95.192169, 27.557255], [95.191865, 27.55699], [95.191578, 27.556632], [95.191233, 27.556548], [95.190432, 27.556228], [95.189408, 27.555626], [95.188996, 27.555269], [95.188791, 27.55518], [95.188381, 27.554903], [95.188183, 27.55452], [95.187571, 27.553988], [95.186851, 27.553458], [95.185992, 27.55293], [95.185502, 27.552711], [95.184376, 27.552079], [95.183664, 27.551891], [95.182754, 27.551357], [95.182333, 27.55116], [95.181519, 27.550835], [95.181109, 27.550724], [95.180501, 27.550654], [95.179589, 27.550641], [95.17835, 27.550343], [95.177252, 27.550194], [95.176645, 27.550253], [95.175934, 27.550117], [95.175024, 27.55021], [95.174113, 27.55018], [95.173807, 27.550092], [95.173403, 27.550129], [95.172994, 27.549921], [95.172485, 27.54981], [95.172081, 27.549828], [95.171754, 27.549724], [95.170253, 27.549552], [95.168329, 27.549555], [95.167826, 27.549711], [95.167149, 27.549796], [95.166113, 27.550123], [95.165807, 27.550013], [95.165506, 27.550139], [95.164999, 27.550121], [95.16449, 27.549973], [95.162967, 27.549733], [95.162422, 27.54969], [95.16175, 27.549661], [95.160435, 27.549706], [95.15871, 27.549526], [95.157496, 27.549558], [95.156385, 27.549692], [95.15608, 27.549647], [95.155677, 27.54975], [95.155277, 27.549998], [95.154367, 27.550076], [95.153861, 27.550063], [95.152247, 27.55035], [95.151845, 27.550504], [95.151441, 27.550571], [95.150435, 27.550907], [95.150034, 27.551109], [95.149318, 27.551608], [95.149034, 27.551732], [95.148731, 27.551808], [95.148225, 27.551826], [95.147923, 27.551882], [95.147712, 27.551993], [95.147199, 27.552092], [95.146313, 27.552413], [95.145606, 27.552508], [95.145198, 27.552323], [95.145148, 27.552394], [95.145283, 27.552482], [95.145204, 27.552574], [95.145101, 27.552587], [95.144796, 27.552481], [95.14429, 27.552498], [95.143584, 27.552677], [95.142976, 27.552626], [95.14146, 27.55277], [95.140952, 27.552686], [95.139838, 27.552662], [95.139532, 27.552554], [95.137503, 27.552344], [95.136792, 27.552205], [95.134864, 27.551984], [95.134159, 27.551841], [95.133134, 27.551538], [95.130593, 27.55103], [95.129879, 27.550773], [95.129133, 27.550565], [95.12815, 27.550364], [95.127435, 27.550071], [95.126418, 27.549812], [95.125704, 27.549531], [95.12489, 27.54931], [95.124583, 27.549167], [95.121427, 27.548263], [95.121205, 27.548159], [95.119594, 27.547701], [95.11776, 27.547097], [95.117355, 27.547095], [95.116448, 27.547305], [95.116143, 27.547274], [95.115939, 27.547183], [95.115626, 27.546891], [95.115586, 27.54653], [95.115669, 27.546348], [95.115413, 27.546131], [95.114304, 27.545557], [95.111945, 27.54451], [95.110207, 27.543916], [95.109557, 27.543644], [95.107964, 27.543124], [95.10766, 27.543077], [95.106951, 27.543085], [95.106542, 27.542892], [95.10624, 27.542978], [95.10604, 27.543105], [95.105938, 27.543076], [95.105806, 27.542889], [95.105629, 27.542785], [95.105133, 27.542718], [95.104206, 27.542488], [95.102889, 27.542438], [95.102179, 27.542349], [95.101876, 27.542381], [95.100959, 27.542111], [95.100351, 27.542051], [95.100168, 27.542071], [95.10015, 27.542162], [95.09995, 27.542278], [95.098335, 27.542548], [95.098031, 27.542535], [95.09742, 27.542354], [95.09651, 27.542397], [95.096169, 27.542583], [95.09601, 27.542727], [95.095893, 27.542948], [95.095843, 27.54322], [95.095985, 27.543669], [95.09601, 27.54421], [95.09591, 27.544482], [95.095642, 27.544664], [95.095439, 27.544639], [95.095235, 27.54454], [95.095084, 27.544404], [95.094178, 27.543877], [95.093598, 27.543668], [95.093291, 27.543506], [95.09268, 27.543301], [95.091968, 27.543147], [95.091464, 27.543272], [95.089743, 27.543256], [95.088928, 27.542982], [95.088395, 27.5427], [95.088112, 27.542654], [95.087806, 27.542526], [95.087502, 27.542557], [95.087198, 27.542502], [95.08679, 27.54236], [95.086082, 27.54238], [95.085579, 27.54256], [95.084674, 27.543117], [95.08438, 27.543409], [95.084179, 27.543505], [95.083977, 27.543503], [95.083671, 27.543404], [95.083249, 27.543048], [95.083204, 27.542868], [95.08323, 27.542687], [95.083177, 27.542598], [95.082741, 27.542375], [95.082028, 27.542159], [95.081642, 27.541989], [95.081381, 27.541813], [95.081182, 27.541635], [95.081066, 27.541456], [95.081091, 27.541366], [95.081225, 27.541274], [95.081119, 27.541185], [95.080895, 27.541139], [95.080589, 27.541002], [95.080007, 27.54066], [95.078743, 27.540047], [95.076095, 27.538553], [95.075713, 27.538378], [95.07517, 27.538202], [95.073407, 27.537871], [95.071216, 27.537902], [95.070104, 27.537983], [95.069266, 27.537842], [95.068905, 27.537667], [95.068705, 27.53749], [95.068261, 27.536884], [95.067988, 27.536598], [95.067902, 27.536329], [95.067819, 27.53624], [95.06713, 27.535919], [95.066001, 27.53513], [95.065797, 27.535029], [95.063367, 27.535005], [95.062559, 27.535123], [95.061754, 27.53541], [95.060645, 27.535643], [95.059028, 27.535778], [95.057308, 27.535832], [95.056703, 27.535953], [95.055792, 27.536237], [95.055393, 27.536311], [95.054584, 27.536363], [95.05438, 27.536281], [95.054078, 27.536345], [95.053774, 27.536344], [95.052449, 27.535846], [95.051903, 27.535753], [95.051429, 27.535466], [95.051198, 27.535403], [95.050715, 27.53515], [95.050333, 27.535055], [95.04996, 27.53488], [95.049545, 27.534615], [95.049239, 27.534529], [95.048746, 27.534266], [95.04847, 27.534186], [95.048001, 27.533916], [95.047245, 27.533669], [95.046613, 27.533395], [95.046064, 27.533222], [95.045616, 27.533163], [95.044091, 27.532807], [95.043683, 27.532625], [95.042975, 27.532665], [95.042363, 27.532423], [95.041453, 27.53247], [95.040793, 27.532307], [95.039822, 27.531889], [95.039113, 27.531852], [95.036977, 27.53132], [95.036064, 27.531198], [95.035356, 27.531262], [95.035051, 27.531157], [95.034747, 27.53115], [95.034339, 27.531019], [95.031397, 27.53069], [95.031216, 27.530643], [95.030887, 27.530453], [95.030281, 27.530205], [95.029461, 27.529959], [95.028142, 27.5298], [95.026821, 27.529526], [95.026263, 27.529451], [95.0255, 27.529266], [95.024176, 27.528833], [95.023264, 27.528785], [95.022958, 27.528683], [95.021942, 27.528485], [95.020724, 27.52829], [95.020448, 27.528182], [95.019808, 27.52803], [95.0192, 27.52797], [95.01676, 27.527439], [95.014929, 27.526923], [95.014289, 27.526647], [95.012788, 27.526128], [95.01167, 27.525881], [95.011057, 27.525572], [95.010601, 27.525257], [95.009115, 27.52455], [95.008065, 27.52412], [95.007114, 27.523592], [95.00663, 27.523238], [95.0064, 27.522971], [95.00615, 27.522929], [95.005432, 27.522409], [95.004512, 27.521886], [95.003589, 27.521253], [95.003283, 27.521133], [95.00318, 27.521027], [95.002464, 27.520623], [95.002361, 27.520498], [95.001747, 27.520137], [95.001645, 27.520118], [95.001571, 27.520153], [95.001877, 27.520419], [95.003389, 27.521358], [95.003698, 27.521663], [95.004005, 27.521826], [95.004098, 27.521921], [95.004146, 27.522191], [95.004214, 27.522228], [95.004518, 27.522225], [95.00462, 27.522272], [95.005041, 27.52263], [95.005133, 27.522899], [95.005442, 27.522918], [95.005588, 27.522983], [95.00644, 27.523692], [95.006585, 27.523871], [95.006606, 27.523961], [95.006497, 27.524143], [95.005974, 27.524365], [95.00527, 27.524593], [95.004429, 27.524714], [95.004407, 27.524805], [95.004484, 27.524894], [95.005892, 27.52545], [95.005974, 27.525504], [95.006007, 27.525594], [95.005937, 27.525775], [95.005212, 27.526984], [95.005002, 27.527504], [95.004755, 27.52868], [95.004538, 27.529315], [95.004427, 27.529949], [95.004357, 27.530107], [95.003865, 27.530318], [95.003653, 27.530343], [95.002127, 27.529946], [95.00112, 27.530205], [95.00031, 27.530214], [95.000008, 27.530292], [94.999804, 27.530257], [94.999497, 27.530076], [94.998888, 27.529944], [94.998382, 27.529984], [94.998078, 27.529963], [94.997165, 27.52983], [94.996252, 27.529615], [94.995844, 27.52956], [94.995465, 27.529356], [94.99529, 27.529087], [94.995072, 27.52891], [94.994817, 27.528749], [94.994512, 27.52869], [94.994308, 27.528599], [94.994102, 27.528414], [94.994017, 27.528113], [94.994096, 27.528054], [94.994507, 27.528196], [94.994708, 27.528329], [94.994961, 27.52828], [94.995093, 27.528097], [94.994902, 27.527863], [94.994887, 27.527739], [94.994381, 27.527476], [94.99387, 27.527393], [94.993474, 27.527244], [94.993171, 27.527042], [94.992389, 27.526151], [94.991509, 27.524951], [94.990504, 27.524012], [94.990159, 27.523565], [94.989348, 27.523015], [94.98904, 27.522744], [94.988528, 27.52244], [94.988262, 27.522149], [94.985675, 27.521408], [94.983432, 27.52054], [94.983126, 27.520378], [94.982718, 27.52023], [94.981803, 27.520005], [94.980988, 27.519685], [94.976799, 27.517533], [94.976086, 27.517314], [94.975881, 27.517122], [94.975674, 27.517094], [94.975566, 27.517005], [94.975601, 27.516553], [94.975863, 27.516129], [94.976063, 27.515993], [94.976264, 27.515941], [94.976669, 27.515924], [94.977281, 27.516207], [94.977688, 27.516288], [94.978193, 27.516258], [94.978697, 27.516153], [94.979407, 27.516195], [94.979807, 27.515964], [94.980111, 27.515944], [94.980415, 27.515996], [94.98113, 27.516308], [94.981943, 27.516488], [94.983256, 27.516364], [94.983759, 27.516202], [94.984165, 27.516244], [94.984521, 27.516336], [94.984977, 27.516344], [94.985135, 27.516508], [94.985796, 27.516875], [94.986, 27.516953], [94.986405, 27.51698], [94.986522, 27.516939], [94.985894, 27.51671], [94.985588, 27.516552], [94.985488, 27.516412], [94.985536, 27.516321], [94.985684, 27.516269], [94.985987, 27.516255], [94.986797, 27.516271], [94.987201, 27.51619], [94.987506, 27.516301], [94.988013, 27.516348], [94.988522, 27.51646], [94.988721, 27.516286], [94.989124, 27.516167], [94.989633, 27.516324], [94.991022, 27.516514], [94.992772, 27.51703], [94.99309, 27.517187], [94.993497, 27.517319], [94.994623, 27.517455], [94.99522, 27.517471], [94.995628, 27.517612], [94.996439, 27.517663], [94.996845, 27.517743], [94.997661, 27.518106], [94.997943, 27.51831], [94.998378, 27.518539], [94.998683, 27.518632], [94.998786, 27.518715], [94.998989, 27.518761], [94.999317, 27.518741], [94.999145, 27.518563], [94.998577, 27.518343], [94.99734, 27.517687], [94.996944, 27.51763], [94.995458, 27.517172], [94.995113, 27.517116], [94.994831, 27.517001], [94.99419, 27.516829], [94.993689, 27.516762], [94.992707, 27.51649], [94.990984, 27.516153], [94.989807, 27.51599], [94.988311, 27.516023], [94.987807, 27.516126], [94.987705, 27.516074], [94.986995, 27.516019], [94.984566, 27.516029], [94.983957, 27.515915], [94.983146, 27.51586], [94.981527, 27.515871], [94.980309, 27.515682], [94.979097, 27.515844], [94.978589, 27.515731], [94.976968, 27.515686], [94.976011, 27.515825], [94.975658, 27.515991], [94.975458, 27.516136], [94.975161, 27.516488], [94.974862, 27.516751], [94.974355, 27.516742], [94.974049, 27.51658], [94.973915, 27.516397], [94.973822, 27.515947], [94.97362, 27.515589], [94.97357, 27.515319], [94.973611, 27.514957], [94.973714, 27.514846], [94.973831, 27.514864], [94.973954, 27.515223], [94.974026, 27.515304], [94.974128, 27.515339], [94.974228, 27.515296], [94.974331, 27.515218], [94.974326, 27.515083], [94.97402, 27.514681], [94.973707, 27.514053], [94.973492, 27.513747], [94.972358, 27.512563], [94.972332, 27.512448], [94.972442, 27.512266], [94.972048, 27.512206], [94.971644, 27.512267], [94.971441, 27.512223], [94.970429, 27.512279], [94.96992, 27.512112], [94.968196, 27.511896], [94.967788, 27.511713], [94.967279, 27.511562], [94.966165, 27.511526], [94.965761, 27.511563], [94.965353, 27.511393], [94.964942, 27.511065], [94.964636, 27.510964], [94.964234, 27.511097], [94.964035, 27.511266], [94.963963, 27.511754], [94.963842, 27.511822], [94.963741, 27.511823], [94.963639, 27.511801], [94.963434, 27.511633], [94.963026, 27.511497], [94.962621, 27.511478], [94.962316, 27.511364], [94.962012, 27.511366], [94.961603, 27.511155], [94.961197, 27.511061], [94.960855, 27.510806], [94.95987, 27.510444], [94.95926, 27.51032], [94.958551, 27.510262], [94.958046, 27.510348], [94.957847, 27.509945], [94.957632, 27.509808], [94.957124, 27.509733], [94.956914, 27.509598], [94.956308, 27.509367], [94.956104, 27.509236], [94.955696, 27.509084], [94.95529, 27.509047], [94.955144, 27.508991], [94.954345, 27.50819], [94.953567, 27.507749], [94.952995, 27.507306], [94.952484, 27.507043], [94.952317, 27.506884], [94.952012, 27.50683], [94.951704, 27.506541], [94.951501, 27.506511], [94.951198, 27.506543], [94.950688, 27.506355], [94.949633, 27.505729], [94.948377, 27.505115], [94.948235, 27.504979], [94.947212, 27.50439], [94.946197, 27.504197], [94.945894, 27.504271], [94.945691, 27.504193], [94.945287, 27.504236], [94.944985, 27.504337], [94.944883, 27.504284], [94.944779, 27.504152], [94.943662, 27.503959], [94.943258, 27.503987], [94.942954, 27.503952], [94.942449, 27.504037], [94.941333, 27.503899], [94.94103, 27.503916], [94.940522, 27.503785], [94.940319, 27.50378], [94.939713, 27.503853], [94.939411, 27.503938], [94.9387, 27.503778], [94.938296, 27.503862], [94.938094, 27.503858], [94.936974, 27.50349], [94.936772, 27.503514], [94.936629, 27.503654], [94.936585, 27.503745], [94.93658, 27.50412], [94.936485, 27.503927], [94.936548, 27.503746], [94.936449, 27.503567], [94.936338, 27.503478], [94.935554, 27.503329], [94.935249, 27.503223], [94.935047, 27.503238], [94.934644, 27.503369], [94.93434, 27.503367], [94.933706, 27.502883], [94.933097, 27.50253], [94.931149, 27.501655], [94.928835, 27.500694], [94.927624, 27.500079], [94.927196, 27.499947], [94.926771, 27.49973], [94.925768, 27.499322], [94.925152, 27.49884], [94.924945, 27.498529], [94.924819, 27.498223], [94.924747, 27.497863], [94.92479, 27.497591], [94.92485, 27.4975], [94.924926, 27.497449], [94.92533, 27.497424], [94.925741, 27.497769], [94.925873, 27.497847], [94.926228, 27.497933], [94.926456, 27.498145], [94.926658, 27.498105], [94.926964, 27.498238], [94.927167, 27.498266], [94.927336, 27.498188], [94.927278, 27.498098], [94.927015, 27.498012], [94.926856, 27.497852], [94.926652, 27.497764], [94.926096, 27.497664], [94.925836, 27.497413], [94.925643, 27.497309], [94.925321, 27.496874], [94.925084, 27.496775], [94.924574, 27.49615], [94.923782, 27.495671], [94.923579, 27.495643], [94.923272, 27.495468], [94.923066, 27.495277], [94.922526, 27.495005], [94.922351, 27.494872], [94.922046, 27.494789], [94.921829, 27.494654], [94.921766, 27.494474], [94.921636, 27.494505], [94.921534, 27.494456], [94.921461, 27.494298], [94.921483, 27.494027], [94.921424, 27.493963], [94.92112, 27.493937], [94.920916, 27.493837], [94.920713, 27.49382], [94.920535, 27.493679], [94.919714, 27.493239], [94.919372, 27.492973], [94.918975, 27.492773], [94.91857, 27.492792], [94.918367, 27.49273], [94.917737, 27.492274], [94.917548, 27.492208], [94.917343, 27.492061], [94.91714, 27.492026], [94.916941, 27.492202], [94.91684, 27.492226], [94.916737, 27.492139], [94.916634, 27.491928], [94.915855, 27.491488], [94.91532, 27.491044], [94.915098, 27.490985], [94.914689, 27.490765], [94.914278, 27.490365], [94.913056, 27.489935], [94.912627, 27.489727], [94.912034, 27.489348], [94.911118, 27.489051], [94.910505, 27.48874], [94.9101, 27.48872], [94.9099, 27.488879], [94.9098, 27.488906], [94.909458, 27.488868], [94.909367, 27.488779], [94.909229, 27.48842], [94.909079, 27.488192], [94.908876, 27.488148], [94.908568, 27.487914], [94.908466, 27.48789], [94.908365, 27.4879], [94.908066, 27.488117], [94.907965, 27.488129], [94.907759, 27.487932], [94.907639, 27.48772], [94.907348, 27.487583], [94.907039, 27.487288], [94.906734, 27.48721], [94.90653, 27.487089], [94.906127, 27.487176], [94.906025, 27.48715], [94.905976, 27.487111], [94.905842, 27.486661], [94.905405, 27.486422], [94.904999, 27.486362], [94.904697, 27.486459], [94.904497, 27.486595], [94.904396, 27.486595], [94.904188, 27.486234], [94.90388, 27.486022], [94.903778, 27.485974], [94.903475, 27.485982], [94.903272, 27.48594], [94.902761, 27.485663], [94.902253, 27.485543], [94.902057, 27.485269], [94.901944, 27.485205], [94.901436, 27.485095], [94.900704, 27.484746], [94.899503, 27.484509], [94.899078, 27.484227], [94.898686, 27.484098], [94.898585, 27.484107], [94.898386, 27.484301], [94.898285, 27.484305], [94.898078, 27.484011], [94.897035, 27.483623], [94.896753, 27.483466], [94.896043, 27.482914], [94.895485, 27.48229], [94.895155, 27.482024], [94.894902, 27.481735], [94.89453, 27.481491], [94.894275, 27.481224], [94.893333, 27.480605], [94.892439, 27.479754], [94.892335, 27.479607], [94.892013, 27.479359], [94.891304, 27.478556], [94.890385, 27.477985], [94.889662, 27.477099], [94.889468, 27.476957], [94.889253, 27.476869], [94.888861, 27.476424], [94.888227, 27.476026], [94.887717, 27.475825], [94.886937, 27.475186], [94.886658, 27.475009], [94.886181, 27.474744], [94.885877, 27.474719], [94.885771, 27.474419], [94.885421, 27.474214], [94.884769, 27.473591], [94.88384, 27.472972], [94.883719, 27.472791], [94.883206, 27.472361], [94.882894, 27.471859], [94.882588, 27.471717], [94.882175, 27.471261], [94.881864, 27.470782], [94.881414, 27.470297], [94.881243, 27.469975], [94.880935, 27.469706], [94.880615, 27.469315], [94.880112, 27.468949], [94.879837, 27.468604], [94.879653, 27.468516], [94.879548, 27.468337], [94.878882, 27.46801], [94.878574, 27.467717], [94.878166, 27.467542], [94.877862, 27.467483], [94.877657, 27.467333], [94.87727, 27.467284], [94.877124, 27.467196], [94.87684, 27.466924], [94.876674, 27.466661], [94.876225, 27.466449], [94.875916, 27.466127], [94.874892, 27.465417], [94.874177, 27.464984], [94.874074, 27.46487], [94.873519, 27.464627], [94.872951, 27.46427], [94.872734, 27.464097], [94.872228, 27.463431], [94.871719, 27.463228], [94.87131, 27.462968], [94.870949, 27.462586], [94.870695, 27.462508], [94.869364, 27.461568], [94.869105, 27.461438], [94.868844, 27.46117], [94.868749, 27.461096], [94.868646, 27.461083], [94.868359, 27.460816], [94.867751, 27.460553], [94.867318, 27.460276], [94.867016, 27.460317], [94.866846, 27.460295], [94.86671, 27.460206], [94.866407, 27.460238], [94.866214, 27.460213], [94.865635, 27.46004], [94.865084, 27.459761], [94.864885, 27.459599], [94.864646, 27.459512], [94.864494, 27.459333], [94.864499, 27.459153], [94.864072, 27.458888], [94.863853, 27.458771], [94.863549, 27.45875], [94.863143, 27.458656], [94.862675, 27.458275], [94.862324, 27.458106], [94.862021, 27.458127], [94.861919, 27.458095], [94.861714, 27.457896], [94.86141, 27.457902], [94.861105, 27.457786], [94.860723, 27.457759], [94.86009, 27.457579], [94.859885, 27.457441], [94.859683, 27.457457], [94.859435, 27.457416], [94.858933, 27.457152], [94.858462, 27.457054], [94.857952, 27.456774], [94.85734, 27.456517], [94.856833, 27.456462], [94.856631, 27.456481], [94.856123, 27.456311], [94.855413, 27.456235], [94.854853, 27.456033], [94.853783, 27.455551], [94.853375, 27.455339], [94.853067, 27.455089], [94.852762, 27.454992], [94.851984, 27.454537], [94.851742, 27.454475], [94.851343, 27.454274], [94.850429, 27.453745], [94.850105, 27.453377], [94.849941, 27.453029], [94.849589, 27.45282], [94.849447, 27.452585], [94.848795, 27.452142], [94.848634, 27.451873], [94.848221, 27.451428], [94.84794, 27.451005], [94.847737, 27.450942], [94.846629, 27.450276], [94.846104, 27.450051], [94.845791, 27.449745], [94.845309, 27.44939], [94.843444, 27.448308], [94.842526, 27.44786], [94.842219, 27.44763], [94.841472, 27.447185], [94.841247, 27.446827], [94.841158, 27.446557], [94.841134, 27.446287], [94.841145, 27.445655], [94.841216, 27.445112], [94.841265, 27.445022], [94.841458, 27.444929], [94.841261, 27.444756], [94.841156, 27.444551], [94.84078, 27.444125], [94.84066, 27.443856], [94.840434, 27.443714], [94.840352, 27.443499], [94.83986, 27.443235], [94.839101, 27.442603], [94.838283, 27.442111], [94.837979, 27.441996], [94.837461, 27.441552], [94.836545, 27.441019], [94.836169, 27.440666], [94.83552, 27.440171], [94.835072, 27.439688], [94.834786, 27.439241], [94.833661, 27.43786], [94.833436, 27.437453], [94.833337, 27.437094], [94.83305, 27.436556], [94.832832, 27.436288], [94.83189, 27.43476], [94.831402, 27.434321], [94.83086, 27.433667], [94.83034, 27.433252], [94.829112, 27.431922], [94.828388, 27.430943], [94.827826, 27.430397], [94.826872, 27.429236], [94.826329, 27.428783], [94.825685, 27.428439], [94.824386, 27.427477], [94.823979, 27.427322], [94.823467, 27.426926], [94.822417, 27.426497], [94.822244, 27.426365], [94.821632, 27.426057], [94.821226, 27.425991], [94.821022, 27.425874], [94.820515, 27.425794], [94.820208, 27.425581], [94.820006, 27.42563], [94.819702, 27.425573], [94.819601, 27.425631], [94.819299, 27.42566], [94.818589, 27.425538], [94.817781, 27.425595], [94.816465, 27.425539], [94.815708, 27.425321], [94.814217, 27.424708], [94.813821, 27.424653], [94.813515, 27.424527], [94.813008, 27.424442], [94.812702, 27.424308], [94.811891, 27.42419], [94.811184, 27.424225], [94.810993, 27.424209], [94.810863, 27.42412], [94.810778, 27.424144], [94.81037, 27.424488], [94.810077, 27.424551], [94.809966, 27.424493], [94.80997, 27.424235], [94.80977, 27.424358], [94.809472, 27.424718], [94.809169, 27.424739], [94.808863, 27.42454], [94.808759, 27.424408], [94.808551, 27.423879], [94.808109, 27.423614], [94.807919, 27.423436], [94.807831, 27.423276], [94.807439, 27.422901], [94.807294, 27.422722], [94.807209, 27.422389], [94.806785, 27.421917], [94.806796, 27.421866], [94.806897, 27.421868], [94.806986, 27.421914], [94.807103, 27.422075], [94.807307, 27.422188], [94.807407, 27.422126], [94.807477, 27.421998], [94.807467, 27.421908], [94.807198, 27.421674], [94.806893, 27.421585], [94.806744, 27.421466], [94.806172, 27.420786], [94.805439, 27.420039], [94.805039, 27.419517], [94.804838, 27.419628], [94.804636, 27.419633], [94.804024, 27.419342], [94.802083, 27.418155], [94.80056, 27.417757], [94.800396, 27.417667], [94.798513, 27.41706], [94.798057, 27.416885], [94.79771, 27.416671], [94.79756, 27.41653], [94.797521, 27.41626], [94.797894, 27.415535], [94.798093, 27.415346], [94.798295, 27.415332], [94.798324, 27.415257], [94.798261, 27.414716], [94.798277, 27.414265], [94.798566, 27.413303], [94.798646, 27.412816], [94.798853, 27.412289], [94.79915, 27.411876], [94.79925, 27.411816], [94.799351, 27.4118], [94.799554, 27.411875], [94.799863, 27.412187], [94.799965, 27.412235], [94.800066, 27.412243], [94.80016, 27.412165], [94.800175, 27.412074], [94.799994, 27.411716], [94.799445, 27.411379], [94.799341, 27.411634], [94.799248, 27.41169], [94.798945, 27.411742], [94.798741, 27.411638], [94.798637, 27.411469], [94.798404, 27.410924], [94.798419, 27.410477], [94.79852, 27.410476], [94.798624, 27.410635], [94.798932, 27.410903], [94.798961, 27.410826], [94.798577, 27.41029], [94.798098, 27.409213], [94.79756, 27.408227], [94.797255, 27.406877], [94.796831, 27.406057], [94.796229, 27.405266], [94.796005, 27.405059], [94.794778, 27.404189], [94.794327, 27.403936], [94.792888, 27.402962], [94.792428, 27.402714], [94.791914, 27.402167], [94.791401, 27.401752], [94.788456, 27.400938], [94.78805, 27.400854], [94.787259, 27.400778], [94.78673, 27.400553], [94.786656, 27.400425], [94.786732, 27.400063], [94.786526, 27.399795], [94.786407, 27.399281], [94.785892, 27.398726], [94.785375, 27.398032], [94.785061, 27.397737], [94.78497, 27.397558], [94.785014, 27.397467], [94.785163, 27.397431], [94.786376, 27.39735], [94.787595, 27.397748], [94.788003, 27.397921], [94.788515, 27.398341], [94.788884, 27.398501], [94.789331, 27.398785], [94.789635, 27.398846], [94.79014, 27.398796], [94.790748, 27.398846], [94.791175, 27.398742], [94.791021, 27.398654], [94.790642, 27.398564], [94.78973, 27.398425], [94.78912, 27.398257], [94.787676, 27.397253], [94.787076, 27.396914], [94.786572, 27.397006], [94.785763, 27.396978], [94.785056, 27.397066], [94.784382, 27.397024], [94.78384, 27.39687], [94.783731, 27.396762], [94.783113, 27.396409], [94.78282, 27.396347], [94.782167, 27.39606], [94.781836, 27.395974], [94.781055, 27.395532], [94.780376, 27.39527], [94.77938, 27.394741], [94.778244, 27.393944], [94.776949, 27.393148], [94.776837, 27.393059], [94.776737, 27.39288], [94.776495, 27.392884], [94.77619, 27.392345], [94.776052, 27.392257], [94.775978, 27.392131], [94.775671, 27.391927], [94.775392, 27.391633], [94.774748, 27.391116], [94.774559, 27.391012], [94.774019, 27.390568], [94.773828, 27.390484], [94.773756, 27.390661], [94.774231, 27.391107], [94.774844, 27.392182], [94.774865, 27.392362], [94.774771, 27.392535], [94.77467, 27.392541], [94.774466, 27.392466], [94.774183, 27.39228], [94.774016, 27.392102], [94.773759, 27.391474], [94.773463, 27.391026], [94.773394, 27.390666], [94.773426, 27.390611], [94.773543, 27.390574], [94.773604, 27.390302], [94.773574, 27.390212], [94.7731, 27.389677], [94.772596, 27.389336], [94.772488, 27.389143], [94.772306, 27.388694], [94.77211, 27.387704], [94.771927, 27.387074], [94.771867, 27.386534], [94.771886, 27.386443], [94.772062, 27.38626], [94.772087, 27.385357], [94.772375, 27.384271], [94.77232, 27.38373], [94.772199, 27.383467], [94.771953, 27.383193], [94.771133, 27.382752], [94.770542, 27.382218], [94.770398, 27.382039], [94.770353, 27.381834], [94.770202, 27.381591], [94.770153, 27.381411], [94.770244, 27.381229], [94.770343, 27.381196], [94.770648, 27.381253], [94.770849, 27.381187], [94.771048, 27.381021], [94.771149, 27.380996], [94.771283, 27.381035], [94.771456, 27.38122], [94.771627, 27.381121], [94.771855, 27.380902], [94.771956, 27.380867], [94.771968, 27.380936], [94.77216, 27.381004], [94.772263, 27.381111], [94.772698, 27.380566], [94.772814, 27.380294], [94.773048, 27.37993], [94.773254, 27.379828], [94.773346, 27.379655], [94.773416, 27.379023], [94.773723, 27.377569], [94.773842, 27.37649], [94.773817, 27.375859], [94.774044, 27.375043], [94.774155, 27.37423], [94.77427, 27.373797], [94.774325, 27.373235], [94.774485, 27.372781], [94.77452, 27.37242], [94.774523, 27.371878], [94.774566, 27.371697], [94.774464, 27.370886], [94.77462, 27.368989], [94.774492, 27.367998], [94.774424, 27.366374], [94.77431, 27.365563], [94.774117, 27.364753], [94.774121, 27.364477], [94.77391, 27.363041], [94.773444, 27.361422], [94.773236, 27.360252], [94.772982, 27.359443], [94.77289, 27.358992], [94.772517, 27.358546], [94.772024, 27.357559], [94.771515, 27.356844], [94.770771, 27.356131], [94.770424, 27.355865], [94.770033, 27.355317], [94.769723, 27.354971], [94.769436, 27.354523], [94.769002, 27.354064], [94.768674, 27.353811], [94.768212, 27.353546], [94.767466, 27.352851], [94.766548, 27.352314], [94.766241, 27.352072], [94.765937, 27.35199], [94.765687, 27.351863], [94.765166, 27.35178], [94.76421, 27.351445], [94.7635, 27.351315], [94.763197, 27.351339], [94.76259, 27.351329], [94.762185, 27.351273], [94.761882, 27.351297], [94.760876, 27.351562], [94.760168, 27.351528], [94.759865, 27.351553], [94.759258, 27.351505], [94.757844, 27.351591], [94.756232, 27.351963], [94.755429, 27.352287], [94.754216, 27.352308], [94.753511, 27.352465], [94.752782, 27.352387], [94.752384, 27.352211], [94.752171, 27.351943], [94.752057, 27.351584], [94.752081, 27.351539], [94.752182, 27.351522], [94.752386, 27.351609], [94.752609, 27.351577], [94.752643, 27.351486], [94.752611, 27.351396], [94.752886, 27.351278], [94.752937, 27.351212], [94.752951, 27.351121], [94.752881, 27.350964], [94.752271, 27.350751], [94.751867, 27.350744], [94.751663, 27.350649], [94.750954, 27.350524], [94.750751, 27.350427], [94.750441, 27.350079], [94.74979, 27.349626], [94.749753, 27.349537], [94.750028, 27.349522], [94.75008, 27.349442], [94.7499, 27.349354], [94.749112, 27.349141], [94.748705, 27.348963], [94.748228, 27.348653], [94.747585, 27.34845], [94.74718, 27.348401], [94.746774, 27.348287], [94.745864, 27.348255], [94.745459, 27.348178], [94.745157, 27.348255], [94.744854, 27.348268], [94.744242, 27.34794], [94.743632, 27.34775], [94.743404, 27.34763], [94.742554, 27.34746], [94.74201, 27.347402], [94.741705, 27.347294], [94.741402, 27.347292], [94.740191, 27.347467], [94.739184, 27.347665], [94.738278, 27.347905], [94.737872, 27.347833], [94.737778, 27.347971], [94.737673, 27.348032], [94.737572, 27.348041], [94.737492, 27.347975], [94.737469, 27.347862], [94.737166, 27.347881], [94.736865, 27.348043], [94.736563, 27.348104], [94.736062, 27.348394], [94.73576, 27.348504], [94.734853, 27.348667], [94.734044, 27.348626], [94.733637, 27.348489], [94.733436, 27.348537], [94.733234, 27.34852], [94.733132, 27.348495], [94.732909, 27.348303], [94.732714, 27.348215], [94.732518, 27.348037], [94.732355, 27.347768], [94.731903, 27.347482], [94.731643, 27.347145], [94.731523, 27.346695], [94.731604, 27.346423], [94.731495, 27.346064], [94.731436, 27.345613], [94.731467, 27.345391], [94.731672, 27.345587], [94.732786, 27.345772], [94.732887, 27.345758], [94.732912, 27.345685], [94.732819, 27.345506], [94.732801, 27.345235], [94.732969, 27.345053], [94.733279, 27.34492], [94.733784, 27.344937], [94.734085, 27.344782], [94.734186, 27.344775], [94.734692, 27.344832], [94.735099, 27.344978], [94.735605, 27.345049], [94.73591, 27.345155], [94.73601, 27.345098], [94.735731, 27.344838], [94.735433, 27.344661], [94.735093, 27.34461], [94.734689, 27.344612], [94.734218, 27.344315], [94.733835, 27.344229], [94.732834, 27.343881], [94.732044, 27.343554], [94.731636, 27.343315], [94.731022, 27.34277], [94.730804, 27.342462], [94.730813, 27.34236], [94.730913, 27.342313], [94.731116, 27.342314], [94.731623, 27.342455], [94.7317, 27.342451], [94.731681, 27.342361], [94.730807, 27.341973], [94.729977, 27.341209], [94.729054, 27.339728], [94.728532, 27.33906], [94.728261, 27.338612], [94.726167, 27.336039], [94.725539, 27.335397], [94.724177, 27.33424], [94.722679, 27.332721], [94.722173, 27.332279], [94.721734, 27.331653], [94.721344, 27.331313], [94.720915, 27.330851], [94.72021, 27.329869], [94.718809, 27.328259], [94.718667, 27.328164], [94.718461, 27.327911], [94.71815, 27.327387], [94.718031, 27.327276], [94.717735, 27.326696], [94.717205, 27.325932], [94.716968, 27.325664], [94.716738, 27.325216], [94.715285, 27.323248], [94.714664, 27.322533], [94.714229, 27.322131], [94.712489, 27.320702], [94.712385, 27.32051], [94.71156, 27.319449], [94.710838, 27.318699], [94.709915, 27.317579], [94.707963, 27.315494], [94.707547, 27.314694], [94.707437, 27.314228], [94.707435, 27.313999], [94.707535, 27.313947], [94.707637, 27.314001], [94.707842, 27.314193], [94.708151, 27.314598], [94.708253, 27.314654], [94.708341, 27.314578], [94.708248, 27.314282], [94.707489, 27.313505], [94.707316, 27.312864], [94.70725, 27.312335], [94.706999, 27.311917], [94.706269, 27.311354], [94.706035, 27.311086], [94.705862, 27.310998], [94.705595, 27.31073], [94.704627, 27.31002], [94.703343, 27.309223], [94.70138, 27.307871], [94.699395, 27.306203], [94.698491, 27.305131], [94.698199, 27.304716], [94.697473, 27.30397], [94.696254, 27.303029], [94.695704, 27.302727], [94.695036, 27.302465], [94.694523, 27.302177], [94.693915, 27.302019], [94.693323, 27.301944], [94.692757, 27.30177], [94.692551, 27.301592], [94.692512, 27.301502], [94.693086, 27.301405], [94.693158, 27.301314], [94.692994, 27.301278], [94.692388, 27.301286], [94.692141, 27.301146], [94.69117, 27.300914], [94.690662, 27.300713], [94.690319, 27.300536], [94.689837, 27.300091], [94.688823, 27.299368], [94.688211, 27.299023], [94.687603, 27.298883], [94.686998, 27.298973], [94.685736, 27.299057], [94.684578, 27.299298], [94.683676, 27.299774], [94.683609, 27.299895], [94.683177, 27.30017], [94.682875, 27.300238], [94.6826, 27.300358], [94.682198, 27.300815], [94.681678, 27.301298], [94.681274, 27.30126], [94.681213, 27.301007], [94.681168, 27.300972], [94.680766, 27.301074], [94.680359, 27.300897], [94.680157, 27.300916], [94.679154, 27.301407], [94.676139, 27.302437], [94.675937, 27.302482], [94.675532, 27.302417], [94.675027, 27.302418], [94.674323, 27.302664], [94.673317, 27.302943], [94.672859, 27.303003], [94.672712, 27.303095], [94.672617, 27.303367], [94.672527, 27.303458], [94.672176, 27.303643], [94.671914, 27.303706], [94.67161, 27.30365], [94.670692, 27.303064], [94.670387, 27.302938], [94.670182, 27.302738], [94.670109, 27.302584], [94.670078, 27.302404], [94.670173, 27.302119], [94.670209, 27.302042], [94.670362, 27.301949], [94.670876, 27.301835], [94.671766, 27.301481], [94.67228, 27.301192], [94.672784, 27.30111], [94.673039, 27.301015], [94.673183, 27.300923], [94.673083, 27.300836], [94.672186, 27.301025], [94.671876, 27.301157], [94.671171, 27.301307], [94.670669, 27.301523], [94.670266, 27.301592], [94.669657, 27.301429], [94.668747, 27.301355], [94.668442, 27.301234], [94.667529, 27.301035], [94.667121, 27.300772], [94.666904, 27.300456], [94.6669, 27.300366], [94.667084, 27.300093], [94.66709, 27.300003], [94.666831, 27.299374], [94.66666, 27.297661], [94.666516, 27.296941], [94.666133, 27.295501], [94.665731, 27.294603], [94.665299, 27.293785], [94.66499, 27.293344], [94.66475, 27.2929], [94.664468, 27.292091], [94.664258, 27.291697], [94.663844, 27.291069], [94.663374, 27.29057], [94.662193, 27.288701], [94.661264, 27.287422], [94.660686, 27.28654], [94.659927, 27.285776], [94.659214, 27.285389], [94.6586, 27.284844], [94.658177, 27.284313], [94.657903, 27.283865], [94.655923, 27.281461], [94.65577, 27.281092], [94.655732, 27.280822], [94.655765, 27.280641], [94.655907, 27.280375], [94.656006, 27.28029], [94.657117, 27.280246], [94.657421, 27.28028], [94.657824, 27.280221], [94.657962, 27.280254], [94.658033, 27.280343], [94.658134, 27.280734], [94.658519, 27.28097], [94.658715, 27.281419], [94.659057, 27.28162], [94.659627, 27.28231], [94.659958, 27.282487], [94.660283, 27.282554], [94.66059, 27.282805], [94.660972, 27.282926], [94.66116, 27.283104], [94.661204, 27.28334], [94.661319, 27.283373], [94.661302, 27.28318], [94.661059, 27.282745], [94.660889, 27.282566], [94.660505, 27.2823], [94.659953, 27.281584], [94.659327, 27.280328], [94.659128, 27.279647], [94.65897, 27.278256], [94.659021, 27.277082], [94.659066, 27.276811], [94.659427, 27.275994], [94.659505, 27.275362], [94.659479, 27.275001], [94.659384, 27.274641], [94.659141, 27.274102], [94.658619, 27.273387], [94.658222, 27.273059], [94.657954, 27.272763], [94.657567, 27.272226], [94.657299, 27.271687], [94.657154, 27.270967], [94.657113, 27.270426], [94.657152, 27.269974], [94.657287, 27.269611], [94.657757, 27.268945], [94.657956, 27.268748], [94.658058, 27.268776], [94.658113, 27.269511], [94.658282, 27.270051], [94.65839, 27.269959], [94.658419, 27.269869], [94.658426, 27.268695], [94.658355, 27.26837], [94.658156, 27.268554], [94.658055, 27.268611], [94.657954, 27.26861], [94.657751, 27.268488], [94.657518, 27.268074], [94.657407, 27.267714], [94.657445, 27.267533], [94.657534, 27.267492], [94.657837, 27.267501], [94.658033, 27.267888], [94.658248, 27.267985], [94.658244, 27.267729], [94.657993, 27.267346], [94.657827, 27.266811], [94.657486, 27.266269], [94.657226, 27.265641], [94.656791, 27.265111], [94.655921, 27.264573], [94.655351, 27.264309], [94.655179, 27.26404], [94.654545, 27.263478], [94.653934, 27.263142], [94.653481, 27.262977], [94.652007, 27.262724], [94.651704, 27.262609], [94.6514, 27.262556], [94.651196, 27.262422], [94.650792, 27.262394], [94.650487, 27.262288], [94.649982, 27.262225], [94.648968, 27.261975], [94.647956, 27.261875], [94.647267, 27.261606], [94.646406, 27.261346], [94.645315, 27.260866], [94.644651, 27.260373], [94.644315, 27.260197], [94.644093, 27.260135], [94.643481, 27.259665], [94.642843, 27.259311], [94.642381, 27.259136], [94.64189, 27.259052], [94.64174, 27.258963], [94.641751, 27.258864], [94.641247, 27.258899], [94.640517, 27.258707], [94.639664, 27.258356], [94.639519, 27.258183], [94.639348, 27.258089], [94.638407, 27.257739], [94.637996, 27.257646], [94.637599, 27.257477], [94.636979, 27.257153], [94.636265, 27.256655], [94.635961, 27.25661], [94.635656, 27.256492], [94.63515, 27.256418], [94.634039, 27.256417], [94.633735, 27.256314], [94.632825, 27.256247], [94.63232, 27.256273], [94.63154, 27.256465], [94.631112, 27.256507], [94.630859, 27.256473], [94.630572, 27.256296], [94.629694, 27.25626], [94.628885, 27.256159], [94.628479, 27.256053], [94.627974, 27.256022], [94.627163, 27.255832], [94.626556, 27.255766], [94.626152, 27.255794], [94.625813, 27.2559], [94.62535, 27.256142], [94.625047, 27.256169], [94.624553, 27.256005], [94.624082, 27.255739], [94.62387, 27.255291], [94.623749, 27.25466], [94.623572, 27.254121], [94.623398, 27.2539], [94.62325, 27.253493], [94.622555, 27.252779], [94.622156, 27.251971], [94.622258, 27.251886], [94.622359, 27.251925], [94.622453, 27.251877], [94.622425, 27.251787], [94.621728, 27.250802], [94.621216, 27.249672], [94.620805, 27.249174], [94.620217, 27.248654], [94.61943, 27.24767], [94.619077, 27.247403], [94.618788, 27.246865], [94.618851, 27.246805], [94.618953, 27.246815], [94.619562, 27.247027], [94.619717, 27.247125], [94.619774, 27.247215], [94.619873, 27.247573], [94.620075, 27.2476], [94.620279, 27.247726], [94.620987, 27.247796], [94.621062, 27.247741], [94.621032, 27.247651], [94.619967, 27.247116], [94.619396, 27.246587], [94.61844, 27.245966], [94.61721, 27.245045], [94.616596, 27.244499], [94.616095, 27.243827], [94.616065, 27.243376], [94.615906, 27.242927], [94.615676, 27.242568], [94.615553, 27.242143], [94.61535, 27.242086], [94.615146, 27.241935], [94.614837, 27.241569], [94.614121, 27.240912], [94.61367, 27.240064], [94.613408, 27.238984], [94.613424, 27.238262], [94.613475, 27.238164], [94.613676, 27.238067], [94.613979, 27.238048], [94.614179, 27.237922], [94.614573, 27.237283], [94.614872, 27.23653], [94.615161, 27.236075], [94.615259, 27.235835], [94.61536, 27.235784], [94.61549, 27.236072], [94.615648, 27.23625], [94.615873, 27.236338], [94.615973, 27.236287], [94.616177, 27.23646], [94.616489, 27.237067], [94.616782, 27.237501], [94.617003, 27.237708], [94.617206, 27.237757], [94.61741, 27.237889], [94.617825, 27.238653], [94.61784, 27.238572], [94.617819, 27.238257], [94.61761, 27.237776], [94.617375, 27.237494], [94.617197, 27.237115], [94.616504, 27.236331], [94.616006, 27.235885], [94.615854, 27.235616], [94.615791, 27.235165], [94.615842, 27.234804], [94.61595, 27.234689], [94.61618, 27.23471], [94.616194, 27.234619], [94.616133, 27.233988], [94.616031, 27.233719], [94.615958, 27.233268], [94.615749, 27.232819], [94.615648, 27.232459], [94.615749, 27.231014], [94.61572, 27.22966], [94.615671, 27.229387], [94.615488, 27.228941], [94.615049, 27.228222], [94.614637, 27.22767], [94.614271, 27.22733], [94.61355, 27.226797], [94.612597, 27.226289], [94.612191, 27.226147], [94.610672, 27.225828], [94.610141, 27.225663], [94.610014, 27.225574], [94.609566, 27.224947], [94.609412, 27.224678], [94.609115, 27.223689], [94.608947, 27.22333], [94.608843, 27.222609], [94.608906, 27.222378], [94.609006, 27.222289], [94.609309, 27.222283], [94.609939, 27.223048], [94.61022, 27.223586], [94.610745, 27.223834], [94.610781, 27.22376], [94.61063, 27.223491], [94.610569, 27.22304], [94.609797, 27.221876], [94.608873, 27.220036], [94.608475, 27.219454], [94.607331, 27.218124], [94.607234, 27.217934], [94.607121, 27.217619], [94.60704, 27.216943], [94.607109, 27.216777], [94.607455, 27.216667], [94.607432, 27.216577], [94.607105, 27.216471], [94.606721, 27.216134], [94.606601, 27.215865], [94.606255, 27.215508], [94.605906, 27.21479], [94.605789, 27.21443], [94.605572, 27.214071], [94.605256, 27.213804], [94.604176, 27.212553], [94.603183, 27.210485], [94.603075, 27.209767], [94.602931, 27.209318], [94.602856, 27.208806], [94.602729, 27.208417], [94.602523, 27.207427], [94.602377, 27.206075], [94.602484, 27.205532], [94.602489, 27.20481], [94.602611, 27.203815], [94.602606, 27.203093], [94.602672, 27.203018], [94.602821, 27.203091], [94.603251, 27.203628], [94.603288, 27.20373], [94.60339, 27.203821], [94.603468, 27.203806], [94.603386, 27.20352], [94.603179, 27.203149], [94.60287, 27.202751], [94.602521, 27.201921], [94.602499, 27.20165], [94.602544, 27.201379], [94.602441, 27.200297], [94.602461, 27.200026], [94.602338, 27.198132], [94.602263, 27.197501], [94.60217, 27.197231], [94.602055, 27.19651], [94.601998, 27.195157], [94.601856, 27.194798], [94.601337, 27.194332], [94.600644, 27.193458], [94.600567, 27.193278], [94.600555, 27.193007], [94.600748, 27.192464], [94.600704, 27.192425], [94.600402, 27.192491], [94.600267, 27.192379], [94.600068, 27.191839], [94.600031, 27.191479], [94.600082, 27.191289], [94.600183, 27.191315], [94.600515, 27.191654], [94.600926, 27.19192], [94.600962, 27.19219], [94.601103, 27.192148], [94.601205, 27.192168], [94.601308, 27.19234], [94.601513, 27.192534], [94.601614, 27.192561], [94.601714, 27.192462], [94.601814, 27.192442], [94.602017, 27.192534], [94.602088, 27.192448], [94.601505, 27.192022], [94.6013, 27.191799], [94.600683, 27.190978], [94.600447, 27.190571], [94.600037, 27.189674], [94.599973, 27.189313], [94.59977, 27.188864], [94.599397, 27.188327], [94.598803, 27.18698], [94.598703, 27.186598], [94.598538, 27.186261], [94.598514, 27.18599], [94.598318, 27.18536], [94.598372, 27.184999], [94.598268, 27.183556], [94.598311, 27.182833], [94.598258, 27.182563], [94.598252, 27.18148], [94.598078, 27.18076], [94.598039, 27.179948], [94.598085, 27.179767], [94.597959, 27.179407], [94.597931, 27.179047], [94.59809, 27.177871], [94.597924, 27.17679], [94.597978, 27.176338], [94.597991, 27.175165], [94.598156, 27.17417], [94.598193, 27.173537], [94.598277, 27.173085], [94.598533, 27.17227], [94.598795, 27.171803], [94.599192, 27.171359], [94.599793, 27.171027], [94.600095, 27.170992], [94.600395, 27.170792], [94.600496, 27.1708], [94.60087, 27.17098], [94.601264, 27.171246], [94.602931, 27.171677], [94.603337, 27.171837], [94.603744, 27.172133], [94.6038, 27.17212], [94.60382, 27.172029], [94.603695, 27.171669], [94.603737, 27.171585], [94.604241, 27.171567], [94.604948, 27.17163], [94.605257, 27.171742], [94.606366, 27.171989], [94.607691, 27.172346], [94.607949, 27.172523], [94.608058, 27.172703], [94.608221, 27.173333], [94.608064, 27.173605], [94.608111, 27.173695], [94.608272, 27.173783], [94.609223, 27.174104], [94.609929, 27.174396], [94.610538, 27.17457], [94.611249, 27.174675], [94.61206, 27.174894], [94.612666, 27.174964], [94.613489, 27.175168], [94.613688, 27.175346], [94.6144, 27.176205], [94.615316, 27.17676], [94.616155, 27.177484], [94.617681, 27.179181], [94.619514, 27.180903], [94.620434, 27.181697], [94.620655, 27.181945], [94.620951, 27.18255], [94.621776, 27.18376], [94.622153, 27.184184], [94.622498, 27.184451], [94.622903, 27.184953], [94.623123, 27.185346], [94.623255, 27.185706], [94.623345, 27.186066], [94.623338, 27.186246], [94.623129, 27.186609], [94.622731, 27.187028], [94.622631, 27.18708], [94.622329, 27.1871], [94.621827, 27.187332], [94.621429, 27.187677], [94.621033, 27.188206], [94.620797, 27.189616], [94.62043, 27.190342], [94.62044, 27.190432], [94.620561, 27.190499], [94.620611, 27.190611], [94.620568, 27.190961], [94.620272, 27.191447], [94.619672, 27.191815], [94.619273, 27.192175], [94.619075, 27.192454], [94.61888, 27.19291], [94.618783, 27.193971], [94.618829, 27.194693], [94.61888, 27.194873], [94.619311, 27.19559], [94.61984, 27.196216], [94.61994, 27.196446], [94.620271, 27.196933], [94.620667, 27.1978], [94.620789, 27.198281], [94.621602, 27.199685], [94.622423, 27.200565], [94.622788, 27.200785], [94.623375, 27.201049], [94.624055, 27.201719], [94.624258, 27.20186], [94.624766, 27.202066], [94.625116, 27.202383], [94.625379, 27.202555], [94.626089, 27.202796], [94.626309, 27.202911], [94.626887, 27.203084], [94.627608, 27.203116], [94.628115, 27.20324], [94.629224, 27.203199], [94.630033, 27.203288], [94.631046, 27.203504], [94.632264, 27.203974], [94.632989, 27.204367], [94.634304, 27.20537], [94.634663, 27.205702], [94.634879, 27.205789], [94.635731, 27.206309], [94.636159, 27.206767], [94.636558, 27.207033], [94.637455, 27.207926], [94.637453, 27.208196], [94.637376, 27.208366], [94.636875, 27.208835], [94.636904, 27.209557], [94.636817, 27.210009], [94.636799, 27.210461], [94.63666, 27.210733], [94.636455, 27.210916], [94.636447, 27.211277], [94.63618, 27.211732], [94.63616, 27.212183], [94.63603, 27.212816], [94.63583, 27.213128], [94.63563, 27.213251], [94.635328, 27.213326], [94.635024, 27.213237], [94.63475, 27.213914], [94.634758, 27.214366], [94.635376, 27.216705], [94.635928, 27.217872], [94.636422, 27.219097], [94.636602, 27.219399], [94.637144, 27.220024], [94.637246, 27.220219], [94.637657, 27.220667], [94.637963, 27.220925], [94.638045, 27.221097], [94.638172, 27.221908], [94.638315, 27.222177], [94.638496, 27.222833], [94.639659, 27.224327], [94.639732, 27.224512], [94.639875, 27.224686], [94.640564, 27.226116], [94.6417, 27.227841], [94.641986, 27.228452], [94.642607, 27.229438], [94.643516, 27.230059], [94.644061, 27.230529], [94.644365, 27.230566], [94.644732, 27.230677], [94.645276, 27.230724], [94.645377, 27.230725], [94.645411, 27.230669], [94.644903, 27.230313], [94.644893, 27.230223], [94.645003, 27.230041], [94.645263, 27.229832], [94.645766, 27.229719], [94.646979, 27.229776], [94.647127, 27.229746], [94.647016, 27.229657], [94.646875, 27.229632], [94.646566, 27.229482], [94.646063, 27.229343], [94.645457, 27.229307], [94.645257, 27.229434], [94.645053, 27.22977], [94.644705, 27.230135], [94.644462, 27.230278], [94.644361, 27.230282], [94.644082, 27.230143], [94.643833, 27.229875], [94.643284, 27.22961], [94.643165, 27.229341], [94.643034, 27.229294], [94.642829, 27.229111], [94.642622, 27.228716], [94.642302, 27.227644], [94.642111, 27.227187], [94.641781, 27.226543], [94.641257, 27.225202], [94.640909, 27.224674], [94.64165, 27.224492], [94.642155, 27.224501], [94.642357, 27.224452], [94.642555, 27.224237], [94.643256, 27.223835], [94.643356, 27.223733], [94.644559, 27.223156], [94.645164, 27.223092], [94.645769, 27.223088], [94.646272, 27.222933], [94.646676, 27.222917], [94.646878, 27.222952], [94.647889, 27.223509], [94.648178, 27.223776], [94.649721, 27.223998], [94.650329, 27.224177], [94.651083, 27.224554], [94.651347, 27.22474], [94.652139, 27.225535], [94.652395, 27.225712], [94.652981, 27.225979], [94.653282, 27.225888], [94.653888, 27.22585], [94.654893, 27.225572], [94.655397, 27.225524], [94.655969, 27.22558], [94.656612, 27.225712], [94.657461, 27.226104], [94.657894, 27.22646], [94.658654, 27.22728], [94.659543, 27.228516], [94.659993, 27.229035], [94.660915, 27.229955], [94.661177, 27.230392], [94.661348, 27.230751], [94.662033, 27.232819], [94.662381, 27.233461], [94.66266, 27.234165], [94.66267, 27.234617], [94.662751, 27.234886], [94.662729, 27.234977], [94.662507, 27.235142], [94.662205, 27.235221], [94.661802, 27.235247], [94.661397, 27.235188], [94.661193, 27.235077], [94.660688, 27.235054], [94.659784, 27.235377], [94.659078, 27.235406], [94.658875, 27.235378], [94.658164, 27.235101], [94.656749, 27.234958], [94.656042, 27.234988], [94.653816, 27.234702], [94.65341, 27.234557], [94.6529, 27.234209], [94.651939, 27.233841], [94.651338, 27.233487], [94.650933, 27.233131], [94.650718, 27.232772], [94.650644, 27.232502], [94.650241, 27.231903], [94.650037, 27.231754], [94.649631, 27.231642], [94.64953, 27.231642], [94.649331, 27.231789], [94.64917, 27.231617], [94.648923, 27.231551], [94.648521, 27.231264], [94.648312, 27.231195], [94.648091, 27.230998], [94.64793, 27.230458], [94.64778, 27.230189], [94.647588, 27.22999], [94.647357, 27.229924], [94.647289, 27.230292], [94.647392, 27.23045], [94.647606, 27.230552], [94.647907, 27.231119], [94.64811, 27.231269], [94.648345, 27.231537], [94.648521, 27.231644], [94.648723, 27.231673], [94.649009, 27.2318], [94.649432, 27.231803], [94.649534, 27.231865], [94.649837, 27.231891], [94.65004, 27.231979], [94.650206, 27.232147], [94.650346, 27.232596], [94.650506, 27.232865], [94.650808, 27.233854], [94.65098, 27.234059], [94.651626, 27.234477], [94.651692, 27.234566], [94.651713, 27.234746], [94.651785, 27.234836], [94.651901, 27.234878], [94.654025, 27.235164], [94.655141, 27.235478], [94.655884, 27.23578], [94.65828, 27.236077], [94.659389, 27.236], [94.659978, 27.235912], [94.660595, 27.235567], [94.660703, 27.235452], [94.660895, 27.235413], [94.661603, 27.235432], [94.662816, 27.235556], [94.663627, 27.23578], [94.664199, 27.236133], [94.664853, 27.236704], [94.666121, 27.238096], [94.667011, 27.239259], [94.667931, 27.24001], [94.668446, 27.240633], [94.668548, 27.240701], [94.668648, 27.240687], [94.668771, 27.240772], [94.668919, 27.241131], [94.668877, 27.241403], [94.668666, 27.241851], [94.668364, 27.242041], [94.668216, 27.242223], [94.668203, 27.242494], [94.668116, 27.242585], [94.668069, 27.242766], [94.668276, 27.242802], [94.668488, 27.242671], [94.668775, 27.24239], [94.669095, 27.241851], [94.66927, 27.24171], [94.66937, 27.241708], [94.669694, 27.241844], [94.670084, 27.242145], [94.671001, 27.242671], [94.672275, 27.243619], [94.672359, 27.243798], [94.672324, 27.243889], [94.671416, 27.244712], [94.671297, 27.244894], [94.671245, 27.245075], [94.671331, 27.245706], [94.671554, 27.246154], [94.671982, 27.246601], [94.672888, 27.24734], [94.67402, 27.248725], [94.674502, 27.249008], [94.676166, 27.250411], [94.676449, 27.25088], [94.677216, 27.251683], [94.67771, 27.252341], [94.677914, 27.252501], [94.677927, 27.252396], [94.677805, 27.251976], [94.67705, 27.250692], [94.676958, 27.250422], [94.676971, 27.250259], [94.677072, 27.250265], [94.677175, 27.250336], [94.677788, 27.250868], [94.678143, 27.251311], [94.678631, 27.252208], [94.678696, 27.252568], [94.678677, 27.252839], [94.678627, 27.252906], [94.678424, 27.252838], [94.678279, 27.252844], [94.678325, 27.252976], [94.679144, 27.253689], [94.67996, 27.254258], [94.681266, 27.254974], [94.682199, 27.255403], [94.683096, 27.255945], [94.683716, 27.256389], [94.684136, 27.256593], [94.686081, 27.25829], [94.686795, 27.25877], [94.687292, 27.259234], [94.687772, 27.259499], [94.688823, 27.260208], [94.689082, 27.260476], [94.689343, 27.260653], [94.689857, 27.260881], [94.690667, 27.261359], [94.691282, 27.261613], [94.691996, 27.262064], [94.692504, 27.262283], [94.693253, 27.262772], [94.694527, 27.263479], [94.694948, 27.263586], [94.695432, 27.263648], [94.695275, 27.263741], [94.695558, 27.263846], [94.695612, 27.263917], [94.695791, 27.264005], [94.69637, 27.264179], [94.696674, 27.264189], [94.696877, 27.264256], [94.697586, 27.264361], [94.697756, 27.263801], [94.697879, 27.263757], [94.698157, 27.263886], [94.698594, 27.264272], [94.699715, 27.264889], [94.701031, 27.265106], [94.702344, 27.265086], [94.703352, 27.264948], [94.703857, 27.264949], [94.70426, 27.264897], [94.704564, 27.264983], [94.70499, 27.264706], [94.705318, 27.264611], [94.705677, 27.264427], [94.706066, 27.264129], [94.70647, 27.263695], [94.706858, 27.263068], [94.707255, 27.262151], [94.707639, 27.260521], [94.707808, 27.259166], [94.70786, 27.258172], [94.708045, 27.256365], [94.708427, 27.254194], [94.708785, 27.252926], [94.708994, 27.252382], [94.709573, 27.251291], [94.709999, 27.250745], [94.710797, 27.249881], [94.711955, 27.248916], [94.715313, 27.246528], [94.716592, 27.245775], [94.717524, 27.245327], [94.717779, 27.245144], [94.71749, 27.245129], [94.71739, 27.245194], [94.716987, 27.2452], [94.716786, 27.245277], [94.716382, 27.245297], [94.716181, 27.245374], [94.715778, 27.245415], [94.71571, 27.245801], [94.715583, 27.245847], [94.713564, 27.245902], [94.713063, 27.246175], [94.712662, 27.246325], [94.712363, 27.246602], [94.711663, 27.247039], [94.711451, 27.247117], [94.711273, 27.247389], [94.71072, 27.247848], [94.709674, 27.24909], [94.709413, 27.249308], [94.70894, 27.250126], [94.708298, 27.250946], [94.707723, 27.252217], [94.707409, 27.253484], [94.707354, 27.253936], [94.706829, 27.255116], [94.706441, 27.256204], [94.706246, 27.256928], [94.7062, 27.25738], [94.706085, 27.257652], [94.706023, 27.258104], [94.705797, 27.258919], [94.705398, 27.260052], [94.705008, 27.260943], [94.704875, 27.261097], [94.704458, 27.261914], [94.704202, 27.262278], [94.703521, 27.262797], [94.703098, 27.263194], [94.702772, 27.263379], [94.702143, 27.263567], [94.701312, 27.263661], [94.700503, 27.263572], [94.699692, 27.263409], [94.699295, 27.263241], [94.699017, 27.263063], [94.698801, 27.262886], [94.698758, 27.262796], [94.698824, 27.262705], [94.69879, 27.262615], [94.698584, 27.262437], [94.697954, 27.262037], [94.697488, 27.261818], [94.697245, 27.261641], [94.696218, 27.260757], [94.69591, 27.260412], [94.695808, 27.260364], [94.694996, 27.260136], [94.694284, 27.259805], [94.694184, 27.259831], [94.694085, 27.259944], [94.693937, 27.260237], [94.693686, 27.260331], [94.692068, 27.260142], [94.691401, 27.259816], [94.690544, 27.259575], [94.690138, 27.259417], [94.689716, 27.259205], [94.688914, 27.258673], [94.68797, 27.257872], [94.68652, 27.256896], [94.685416, 27.256007], [94.685227, 27.255829], [94.685047, 27.25556], [94.68513, 27.2555], [94.685231, 27.255513], [94.685738, 27.255659], [94.685767, 27.255642], [94.685708, 27.255552], [94.68436, 27.254576], [94.683501, 27.253864], [94.682162, 27.252616], [94.681541, 27.251947], [94.681203, 27.251455], [94.68128, 27.251273], [94.681232, 27.251183], [94.680802, 27.250737], [94.679938, 27.250026], [94.678987, 27.249405], [94.678243, 27.248692], [94.678056, 27.248479], [94.677641, 27.247797], [94.677034, 27.246269], [94.676898, 27.246091], [94.676362, 27.245646], [94.676214, 27.245377], [94.675502, 27.244934], [94.674776, 27.244311], [94.674456, 27.244115], [94.674049, 27.243928], [94.673745, 27.243845], [94.673541, 27.243718], [94.672678, 27.242982], [94.671737, 27.242091], [94.67108, 27.241256], [94.670613, 27.240389], [94.670243, 27.239942], [94.669971, 27.239494], [94.669225, 27.238707], [94.668504, 27.237796], [94.667992, 27.237278], [94.667475, 27.236471], [94.666847, 27.236011], [94.666554, 27.235672], [94.6658, 27.234579], [94.665805, 27.234489], [94.66593, 27.234471], [94.665971, 27.234397], [94.66571, 27.234129], [94.66507, 27.233686], [94.664293, 27.233026], [94.663889, 27.232526], [94.663472, 27.232131], [94.662854, 27.231311], [94.662628, 27.230826], [94.662126, 27.229298], [94.661823, 27.228579], [94.661781, 27.228128], [94.661542, 27.22777], [94.661277, 27.226961], [94.661145, 27.226692], [94.661065, 27.226332], [94.660922, 27.225972], [94.66078, 27.225252], [94.660756, 27.224801], [94.660804, 27.223988], [94.660739, 27.223538], [94.660544, 27.222818], [94.660616, 27.222366], [94.660565, 27.221915], [94.660583, 27.221373], [94.660685, 27.221214], [94.660788, 27.221396], [94.660896, 27.221834], [94.660999, 27.22199], [94.661006, 27.22191], [94.661001, 27.221188], [94.660884, 27.220467], [94.660912, 27.219925], [94.660808, 27.219204], [94.660871, 27.21812], [94.660683, 27.216588], [94.660008, 27.21461], [94.65987, 27.212897], [94.659745, 27.212328], [94.659545, 27.212417], [94.659342, 27.212387], [94.659138, 27.212239], [94.658625, 27.211683], [94.658014, 27.211319], [94.657711, 27.211301], [94.65741, 27.211407], [94.656906, 27.211479], [94.656766, 27.21158], [94.656504, 27.211641], [94.656099, 27.211554], [94.655389, 27.211276], [94.654679, 27.21108], [94.654022, 27.21071], [94.653759, 27.210296], [94.65345, 27.209925], [94.653206, 27.209456], [94.653037, 27.209276], [94.652384, 27.208202], [94.65213, 27.207122], [94.652096, 27.2064], [94.652182, 27.206128], [94.652021, 27.205318], [94.652026, 27.205047], [94.652153, 27.204504], [94.652435, 27.204049], [94.652507, 27.203597], [94.652656, 27.203324], [94.652741, 27.202914], [94.65306, 27.202327], [94.653325, 27.201412], [94.653426, 27.201407], [94.65369, 27.201597], [94.653873, 27.201956], [94.654352, 27.20261], [94.654759, 27.202827], [94.654962, 27.202896], [94.655006, 27.202845], [94.654677, 27.202488], [94.654516, 27.2024], [94.654219, 27.202042], [94.653827, 27.20124], [94.653415, 27.200673], [94.652589, 27.199805], [94.651981, 27.199292], [94.651681, 27.199094], [94.650864, 27.198809], [94.650259, 27.198886], [94.649355, 27.199156], [94.649153, 27.199156], [94.648517, 27.199041], [94.648038, 27.198836], [94.647551, 27.198149], [94.647012, 27.197716], [94.646767, 27.197436], [94.646633, 27.197167], [94.646593, 27.196703], [94.647402, 27.196766], [94.64753, 27.196705], [94.647775, 27.196432], [94.647956, 27.196339], [94.648017, 27.196248], [94.647694, 27.196041], [94.647088, 27.196054], [94.646682, 27.195913], [94.646172, 27.195505], [94.64598, 27.195279], [94.645836, 27.19501], [94.645243, 27.194205], [94.644695, 27.192587], [94.644652, 27.192316], [94.644681, 27.192135], [94.644951, 27.191771], [94.644862, 27.191682], [94.644271, 27.191599], [94.644218, 27.190787], [94.643837, 27.19043], [94.643774, 27.190314], [94.64357, 27.190184], [94.643466, 27.190254], [94.643152, 27.191251], [94.643026, 27.192245], [94.642905, 27.192608], [94.642935, 27.192788], [94.643314, 27.19339], [94.643656, 27.193772], [94.644601, 27.195025], [94.645153, 27.196011], [94.6455, 27.196458], [94.645687, 27.196843], [94.645804, 27.197267], [94.646126, 27.197895], [94.646215, 27.198474], [94.64634, 27.198886], [94.646897, 27.199421], [94.647564, 27.199864], [94.648061, 27.200408], [94.648463, 27.200279], [94.648765, 27.200261], [94.649372, 27.200334], [94.64988, 27.200525], [94.650284, 27.200556], [94.650788, 27.200525], [94.651195, 27.200766], [94.651607, 27.201272], [94.651659, 27.201531], [94.65164, 27.201802], [94.651459, 27.202797], [94.651242, 27.203612], [94.651418, 27.204964], [94.651399, 27.205505], [94.65127, 27.205846], [94.650977, 27.206323], [94.65088, 27.206759], [94.650608, 27.206869], [94.650465, 27.207141], [94.650482, 27.207321], [94.6508, 27.208192], [94.651504, 27.208934], [94.652549, 27.209734], [94.653219, 27.210629], [94.653634, 27.211436], [94.653877, 27.211614], [94.655099, 27.212163], [94.655503, 27.212191], [94.655838, 27.212313], [94.656212, 27.212361], [94.656821, 27.212555], [94.656922, 27.212545], [94.657015, 27.212389], [94.65712, 27.212316], [94.657423, 27.212304], [94.657727, 27.212371], [94.658032, 27.212549], [94.658251, 27.212736], [94.658648, 27.213203], [94.658895, 27.213631], [94.659032, 27.214171], [94.658936, 27.214894], [94.658976, 27.214911], [94.659176, 27.214792], [94.659278, 27.214839], [94.659438, 27.215068], [94.659951, 27.215965], [94.660143, 27.216504], [94.660234, 27.216954], [94.660128, 27.217497], [94.659923, 27.217951], [94.659739, 27.218697], [94.659386, 27.219672], [94.659107, 27.220398], [94.658963, 27.22058], [94.658822, 27.220672], [94.658792, 27.220763], [94.658873, 27.221123], [94.659224, 27.22175], [94.659332, 27.222381], [94.659348, 27.222922], [94.65924, 27.223736], [94.659254, 27.224006], [94.659434, 27.224456], [94.659561, 27.225086], [94.659837, 27.225714], [94.659832, 27.225895], [94.659746, 27.226026], [94.659646, 27.226051], [94.659544, 27.226028], [94.659442, 27.225922], [94.659317, 27.22563], [94.659342, 27.225269], [94.659303, 27.225179], [94.659229, 27.225145], [94.659027, 27.225196], [94.658728, 27.225457], [94.658527, 27.225497], [94.658324, 27.225462], [94.657393, 27.225021], [94.656599, 27.22484], [94.655794, 27.225007], [94.655289, 27.225018], [94.654176, 27.224859], [94.652863, 27.224809], [94.652255, 27.224674], [94.651273, 27.224281], [94.650932, 27.223967], [94.650405, 27.22375], [94.650009, 27.223303], [94.649707, 27.223097], [94.649301, 27.222916], [94.648693, 27.222781], [94.648188, 27.222743], [94.647883, 27.222657], [94.647581, 27.222688], [94.646871, 27.222468], [94.646365, 27.222385], [94.645452, 27.222076], [94.644338, 27.221862], [94.64322, 27.221369], [94.642917, 27.221375], [94.642314, 27.221552], [94.641866, 27.221323], [94.641731, 27.221144], [94.641662, 27.220874], [94.641564, 27.220785], [94.641088, 27.220563], [94.640639, 27.220164], [94.640194, 27.219989], [94.63992, 27.219992], [94.639667, 27.220064], [94.639467, 27.22016], [94.639168, 27.22047], [94.639068, 27.220514], [94.638866, 27.220517], [94.638716, 27.220457], [94.638556, 27.22004], [94.638046, 27.219697], [94.637838, 27.219273], [94.637671, 27.218303], [94.637686, 27.217491], [94.637805, 27.217001], [94.638029, 27.216584], [94.638538, 27.216037], [94.639497, 27.215349], [94.639594, 27.215079], [94.639392, 27.215079], [94.638692, 27.215522], [94.637694, 27.216318], [94.637493, 27.216372], [94.637392, 27.216354], [94.637313, 27.216231], [94.637309, 27.216051], [94.637363, 27.21587], [94.637587, 27.215506], [94.638552, 27.214502], [94.638928, 27.213685], [94.639166, 27.213442], [94.639272, 27.21341], [94.639472, 27.21364], [94.639684, 27.214331], [94.639693, 27.213947], [94.639631, 27.213767], [94.639574, 27.213136], [94.639378, 27.212416], [94.639231, 27.211335], [94.639098, 27.210795], [94.638899, 27.210256], [94.638833, 27.209805], [94.638591, 27.209176], [94.637776, 27.207561], [94.636921, 27.206488], [94.636207, 27.205864], [94.636, 27.205596], [94.635193, 27.205154], [94.634695, 27.204551], [94.634388, 27.204268], [94.633795, 27.203455], [94.633463, 27.203104], [94.633259, 27.202938], [94.632684, 27.202656], [94.631913, 27.202123], [94.631423, 27.201688], [94.631016, 27.201473], [94.630229, 27.20115], [94.628682, 27.200605], [94.628632, 27.200627], [94.628669, 27.200717], [94.628886, 27.200985], [94.629636, 27.201518], [94.629813, 27.201696], [94.629859, 27.201876], [94.629813, 27.201991], [94.62958, 27.20215], [94.62921, 27.202227], [94.628001, 27.202357], [94.627294, 27.202326], [94.626686, 27.202206], [94.625731, 27.201563], [94.62526, 27.201309], [94.624899, 27.201031], [94.624602, 27.200945], [94.624192, 27.200678], [94.623505, 27.200416], [94.62338, 27.200237], [94.623322, 27.199958], [94.623113, 27.199456], [94.622803, 27.198973], [94.622758, 27.198709], [94.622826, 27.198438], [94.622382, 27.197766], [94.622147, 27.197272], [94.621249, 27.196191], [94.620561, 27.195756], [94.620383, 27.195578], [94.620016, 27.19504], [94.619917, 27.194796], [94.619899, 27.19441], [94.6201, 27.193548], [94.620943, 27.192322], [94.621198, 27.191777], [94.621423, 27.190782], [94.62157, 27.190494], [94.621647, 27.190147], [94.621764, 27.189875], [94.621963, 27.18906], [94.622046, 27.188483], [94.622145, 27.188353], [94.622444, 27.188119], [94.622818, 27.187967], [94.623246, 27.187692], [94.623525, 27.187598], [94.623846, 27.187302], [94.624446, 27.186911], [94.624496, 27.186684], [94.624103, 27.185877], [94.623917, 27.185235], [94.622788, 27.183954], [94.622572, 27.183638], [94.622061, 27.182584], [94.621247, 27.181396], [94.620452, 27.180503], [94.620211, 27.180282], [94.619498, 27.179796], [94.618538, 27.17881], [94.618022, 27.178094], [94.617544, 27.177282], [94.61734, 27.177137], [94.617139, 27.177201], [94.616835, 27.177072], [94.616532, 27.176848], [94.616418, 27.176668], [94.616928, 27.176578], [94.617228, 27.176364], [94.617631, 27.176328], [94.617725, 27.176292], [94.617831, 27.176162], [94.618031, 27.176079], [94.618636, 27.175995], [94.619036, 27.175761], [94.619541, 27.17576], [94.619769, 27.175817], [94.620049, 27.176022], [94.620252, 27.176088], [94.621564, 27.176115], [94.622474, 27.176214], [94.622778, 27.176303], [94.62359, 27.176676], [94.624593, 27.177296], [94.625117, 27.177498], [94.625623, 27.177647], [94.626634, 27.177704], [94.627443, 27.177855], [94.627849, 27.178025], [94.628507, 27.178424], [94.62882, 27.178691], [94.629466, 27.179406], [94.629892, 27.179711], [94.629954, 27.179671], [94.629956, 27.179581], [94.629545, 27.179044], [94.629438, 27.178864], [94.629475, 27.17877], [94.629777, 27.178719], [94.630887, 27.178729], [94.631899, 27.17891], [94.632161, 27.179013], [94.63271, 27.179117], [94.632759, 27.179097], [94.632733, 27.178916], [94.6324, 27.178613], [94.632122, 27.178472], [94.632013, 27.178293], [94.631786, 27.178082], [94.630879, 27.178166], [94.629969, 27.178009], [94.62936, 27.177794], [94.628252, 27.177253], [94.627711, 27.176899], [94.627131, 27.176364], [94.627117, 27.17625], [94.627286, 27.176182], [94.627194, 27.176092], [94.626912, 27.176012], [94.625195, 27.175032], [94.624674, 27.174823], [94.624169, 27.174503], [94.623756, 27.174327], [94.621531, 27.173797], [94.620622, 27.173792], [94.619816, 27.173876], [94.61921, 27.173806], [94.618601, 27.173621], [94.618542, 27.173575], [94.618482, 27.173305], [94.618354, 27.173035], [94.618328, 27.172675], [94.618265, 27.172495], [94.617668, 27.171914], [94.616696, 27.171249], [94.616544, 27.170939], [94.615038, 27.171451], [94.613929, 27.17155], [94.613628, 27.171663], [94.61242, 27.171906], [94.611768, 27.172209], [94.611316, 27.172333], [94.610712, 27.172395], [94.609866, 27.172231], [94.608174, 27.171389], [94.60787, 27.171278], [94.607465, 27.171202], [94.606653, 27.170883], [94.605204, 27.170118], [94.604206, 27.169129], [94.603488, 27.168299], [94.603149, 27.167975], [94.602519, 27.16726], [94.60205, 27.166571], [94.601643, 27.166097], [94.600572, 27.165477], [94.600316, 27.165248], [94.600055, 27.16458], [94.600061, 27.164129], [94.599829, 27.16359], [94.599584, 27.163232], [94.599307, 27.162964], [94.598962, 27.162331], [94.598628, 27.161889], [94.59822, 27.161171], [94.598022, 27.160722], [94.597534, 27.158922], [94.597376, 27.158653], [94.597289, 27.158203], [94.596949, 27.157575], [94.596824, 27.156854], [94.596873, 27.156583], [94.596341, 27.155777], [94.596271, 27.155507], [94.596032, 27.154984], [94.595652, 27.15434], [94.595411, 27.153711], [94.595183, 27.153443], [94.594687, 27.15263], [94.594426, 27.152098], [94.594213, 27.151829], [94.593547, 27.15054], [94.59324, 27.150173], [94.592722, 27.149285], [94.592414, 27.148903], [94.591948, 27.148064], [94.591778, 27.147705], [94.591658, 27.147255], [94.591351, 27.146446], [94.591053, 27.145388], [94.59085, 27.14533], [94.590726, 27.14537], [94.590619, 27.145552], [94.590198, 27.14682], [94.590133, 27.146911], [94.59012, 27.148897], [94.589993, 27.148943], [94.589489, 27.148971], [94.589358, 27.149176], [94.589327, 27.149448], [94.58915, 27.149901], [94.589149, 27.151616], [94.589023, 27.151662], [94.588619, 27.151683], [94.588488, 27.151804], [94.588313, 27.152348], [94.588324, 27.152799], [94.588436, 27.152984], [94.588804, 27.153335], [94.590149, 27.154493], [94.591419, 27.155742], [94.592121, 27.156681], [94.592691, 27.157353], [94.593459, 27.158427], [94.593845, 27.159055], [94.593964, 27.159505], [94.594343, 27.159771], [94.594406, 27.159861], [94.594291, 27.160494], [94.594311, 27.160855], [94.594273, 27.160945], [94.593203, 27.161817], [94.592991, 27.162043], [94.592758, 27.162407], [94.592808, 27.162431], [94.593008, 27.162266], [94.593408, 27.162071], [94.593806, 27.161674], [94.594306, 27.161327], [94.594429, 27.161305], [94.594584, 27.160942], [94.59459, 27.160671], [94.594659, 27.16049], [94.594897, 27.160321], [94.595099, 27.160292], [94.59515, 27.160484], [94.595093, 27.160846], [94.594943, 27.161299], [94.594889, 27.162112], [94.59457, 27.162657], [94.594131, 27.163221], [94.593833, 27.16352], [94.593536, 27.163961], [94.593337, 27.164114], [94.592935, 27.164232], [94.592723, 27.164393], [94.591508, 27.16549], [94.590898, 27.166219], [94.590648, 27.166673], [94.590425, 27.167307], [94.590322, 27.16785], [94.590355, 27.168482], [94.590323, 27.168662], [94.589973, 27.168894], [94.588966, 27.169023], [94.588761, 27.168835], [94.588051, 27.168578], [94.5876, 27.168332], [94.58744, 27.168162], [94.587358, 27.167703], [94.587199, 27.167434], [94.587172, 27.167254], [94.587202, 27.167163], [94.587364, 27.167071], [94.587361, 27.166981], [94.586995, 27.166173], [94.586708, 27.165183], [94.586275, 27.1643], [94.586083, 27.163926], [94.585863, 27.163688], [94.585344, 27.163213], [94.584843, 27.162945], [94.584743, 27.162985], [94.58463, 27.163131], [94.58432, 27.163946], [94.584297, 27.16521], [94.583968, 27.165292], [94.583879, 27.165396], [94.583872, 27.165486], [94.583963, 27.165665], [94.584486, 27.166216], [94.584724, 27.16656], [94.584977, 27.167008], [94.585135, 27.167548], [94.584981, 27.168723], [94.584708, 27.169538], [94.584646, 27.16999], [94.584851, 27.170671], [94.585198, 27.171338], [94.585361, 27.171878], [94.585485, 27.172634], [94.585898, 27.173295], [94.587845, 27.175372], [94.588173, 27.175818], [94.588348, 27.176267], [94.588611, 27.176715], [94.588601, 27.177438], [94.588788, 27.177876], [94.589201, 27.178482], [94.589601, 27.17887], [94.58982, 27.179451], [94.590027, 27.179837], [94.590538, 27.180228], [94.590997, 27.18075], [94.59104, 27.18093], [94.591005, 27.181382], [94.591167, 27.181882], [94.591268, 27.181948], [94.591368, 27.181838], [94.591454, 27.181377], [94.59156, 27.181173], [94.59166, 27.181104], [94.591761, 27.18112], [94.591864, 27.181257], [94.591948, 27.181191], [94.591943, 27.18083], [94.592042, 27.180467], [94.592653, 27.179943], [94.592861, 27.179826], [94.593175, 27.179371], [94.593349, 27.179223], [94.594255, 27.179057], [94.594659, 27.179032], [94.594964, 27.179197], [94.595216, 27.179619], [94.595367, 27.18043], [94.595279, 27.180792], [94.5952, 27.181605], [94.594258, 27.185046], [94.593902, 27.185952], [94.593691, 27.186316], [94.593537, 27.18704], [94.593199, 27.188217], [94.593009, 27.189663], [94.592894, 27.189807], [94.59233, 27.190032], [94.592704, 27.190654], [94.592876, 27.191109], [94.593028, 27.192151], [94.593526, 27.193539], [94.594479, 27.19478], [94.594786, 27.195095], [94.594984, 27.195418], [94.595099, 27.195821], [94.595304, 27.196041], [94.595417, 27.196315], [94.595532, 27.198119], [94.595506, 27.19839], [94.595306, 27.198754], [94.594688, 27.199573], [94.594295, 27.200751], [94.593965, 27.201262], [94.593954, 27.201387], [94.594068, 27.20139], [94.594269, 27.20131], [94.594699, 27.200927], [94.594865, 27.200649], [94.595349, 27.199566], [94.595582, 27.199202], [94.595751, 27.199065], [94.595852, 27.199082], [94.595994, 27.199197], [94.596506, 27.199733], [94.597084, 27.200491], [94.597291, 27.200847], [94.597502, 27.201525], [94.597741, 27.202517], [94.597668, 27.204504], [94.597551, 27.204911], [94.596975, 27.205685], [94.597028, 27.205865], [94.597356, 27.206042], [94.597383, 27.206132], [94.597204, 27.206946], [94.597213, 27.207307], [94.59714, 27.207579], [94.597186, 27.207667], [94.597384, 27.207406], [94.597482, 27.207159], [94.597725, 27.206218], [94.59792, 27.205674], [94.598241, 27.205129], [94.598616, 27.204673], [94.598852, 27.204107], [94.598926, 27.204038], [94.59895, 27.203947], [94.598813, 27.203768], [94.598734, 27.202919], [94.598834, 27.202847], [94.599137, 27.202889], [94.599647, 27.203262], [94.599818, 27.203486], [94.59998, 27.203845], [94.600014, 27.204116], [94.599964, 27.204243], [94.599864, 27.204295], [94.599655, 27.2043], [94.599867, 27.204494], [94.599968, 27.204507], [94.600068, 27.204448], [94.600113, 27.204476], [94.600147, 27.204566], [94.600118, 27.204656], [94.599972, 27.204811], [94.599936, 27.204929], [94.600069, 27.205379], [94.599792, 27.206367], [94.5993, 27.207264], [94.599001, 27.208189], [94.598833, 27.209545], [94.598637, 27.210266], [94.597696, 27.212266], [94.597458, 27.212596], [94.597358, 27.212632], [94.597256, 27.212587], [94.59695, 27.212332], [94.596488, 27.211828], [94.595645, 27.211116], [94.593944, 27.209872], [94.59358, 27.209662], [94.592158, 27.209034], [94.591589, 27.208905], [94.591041, 27.208569], [94.590872, 27.208553], [94.590825, 27.208463], [94.590229, 27.208258], [94.589835, 27.208023], [94.58982, 27.207928], [94.590425, 27.207878], [94.590527, 27.207915], [94.59073, 27.208103], [94.590834, 27.208259], [94.591034, 27.207738], [94.590819, 27.206928], [94.590688, 27.205937], [94.590494, 27.20562], [94.590392, 27.205534], [94.590291, 27.20553], [94.590188, 27.205401], [94.590157, 27.20495], [94.589998, 27.20441], [94.590004, 27.203959], [94.58977, 27.202969], [94.590057, 27.202153], [94.590088, 27.201792], [94.590021, 27.201431], [94.589715, 27.200803], [94.589409, 27.199994], [94.588991, 27.199317], [94.588802, 27.199098], [94.588377, 27.198723], [94.587839, 27.198387], [94.587462, 27.198241], [94.586855, 27.198175], [94.586607, 27.19795], [94.586443, 27.197591], [94.586443, 27.19732], [94.586184, 27.196871], [94.58597, 27.196332], [94.585941, 27.195881], [94.586101, 27.194526], [94.585995, 27.19447], [94.585915, 27.194347], [94.585787, 27.194004], [94.585684, 27.193859], [94.585607, 27.193899], [94.585543, 27.194532], [94.585269, 27.195347], [94.585201, 27.19598], [94.585249, 27.196521], [94.585315, 27.196701], [94.585505, 27.196969], [94.585613, 27.19751], [94.585811, 27.197778], [94.58666, 27.19863], [94.587169, 27.198959], [94.587575, 27.19911], [94.587983, 27.199393], [94.588323, 27.199645], [94.588615, 27.200003], [94.588879, 27.200542], [94.588972, 27.200902], [94.589057, 27.202074], [94.589033, 27.202288], [94.588936, 27.202501], [94.588525, 27.202033], [94.587777, 27.201728], [94.585983, 27.200741], [94.585225, 27.200403], [94.583449, 27.199983], [94.582738, 27.199675], [94.581522, 27.19891], [94.580988, 27.198374], [94.580951, 27.198285], [94.580977, 27.198013], [94.580729, 27.197475], [94.58057, 27.196935], [94.580517, 27.196304], [94.58055, 27.196123], [94.580667, 27.195983], [94.580743, 27.195398], [94.580937, 27.194674], [94.581066, 27.194402], [94.581118, 27.194131], [94.581041, 27.193889], [94.580738, 27.19386], [94.580637, 27.193892], [94.580449, 27.194138], [94.58035, 27.19441], [94.58035, 27.194771], [94.58015, 27.195104], [94.579933, 27.195859], [94.57986, 27.196011], [94.57976, 27.19608], [94.579457, 27.196106], [94.578848, 27.195882], [94.578342, 27.195798], [94.577131, 27.195827], [94.576929, 27.1958], [94.576548, 27.195717], [94.57622, 27.19554], [94.576163, 27.19545], [94.576325, 27.195177], [94.576371, 27.194906], [94.576411, 27.194863], [94.576512, 27.194882], [94.576613, 27.194844], [94.57678, 27.19436], [94.576864, 27.193817], [94.577096, 27.193306], [94.578184, 27.191744], [94.578491, 27.191091], [94.579573, 27.189545], [94.580059, 27.188693], [94.580159, 27.188639], [94.580261, 27.188678], [94.580362, 27.18866], [94.58066, 27.188362], [94.580761, 27.188368], [94.580812, 27.188538], [94.580668, 27.188907], [94.580637, 27.189262], [94.580554, 27.189443], [94.58058, 27.189985], [94.580816, 27.190523], [94.58085, 27.190794], [94.580897, 27.190826], [94.580967, 27.190793], [94.581002, 27.190702], [94.580968, 27.190522], [94.580993, 27.19016], [94.580711, 27.189712], [94.580799, 27.18926], [94.580873, 27.18917], [94.581076, 27.189203], [94.581176, 27.189141], [94.581438, 27.188621], [94.581605, 27.188168], [94.581854, 27.187894], [94.581847, 27.187443], [94.581957, 27.187253], [94.582058, 27.187255], [94.58216, 27.187336], [94.582468, 27.187722], [94.582975, 27.187864], [94.583199, 27.187969], [94.583251, 27.188059], [94.583292, 27.188419], [94.583201, 27.188782], [94.583302, 27.18959], [94.583453, 27.189862], [94.583511, 27.190085], [94.583814, 27.19049], [94.583926, 27.19087], [94.58423, 27.191012], [94.584452, 27.191204], [94.584547, 27.191384], [94.584558, 27.191474], [94.584499, 27.191565], [94.583891, 27.192113], [94.5838, 27.192295], [94.583852, 27.192817], [94.583957, 27.193063], [94.584161, 27.193256], [94.584668, 27.193395], [94.585032, 27.193635], [94.585275, 27.193524], [94.585332, 27.193451], [94.584907, 27.193185], [94.584359, 27.19297], [94.584213, 27.192832], [94.584289, 27.192289], [94.584439, 27.192107], [94.584548, 27.192093], [94.585234, 27.19273], [94.585366, 27.192822], [94.585806, 27.192994], [94.585975, 27.193015], [94.586377, 27.192943], [94.586781, 27.192933], [94.587082, 27.192791], [94.58769, 27.19294], [94.588096, 27.193095], [94.588299, 27.193228], [94.58838, 27.193326], [94.588452, 27.193596], [94.58838, 27.193778], [94.588308, 27.193841], [94.588107, 27.193893], [94.587603, 27.193922], [94.586874, 27.194246], [94.586959, 27.194335], [94.587306, 27.194365], [94.587511, 27.194553], [94.588072, 27.194232], [94.58831, 27.193975], [94.588809, 27.19361], [94.58891, 27.193583], [94.589314, 27.193632], [94.589518, 27.193717], [94.590027, 27.194047], [94.590129, 27.19409], [94.590186, 27.194028], [94.590072, 27.193849], [94.589862, 27.193671], [94.589436, 27.193495], [94.589008, 27.193398], [94.588382, 27.192965], [94.587602, 27.192613], [94.586673, 27.192401], [94.585563, 27.192433], [94.585426, 27.192367], [94.58495, 27.191917], [94.584884, 27.191561], [94.584912, 27.190838], [94.584833, 27.190568], [94.584486, 27.190392], [94.583674, 27.189589], [94.58367, 27.189408], [94.583871, 27.189135], [94.583892, 27.189044], [94.58391, 27.188503], [94.583785, 27.188038], [94.582834, 27.187161], [94.582711, 27.186982], [94.582575, 27.186622], [94.582576, 27.186442], [94.582628, 27.186351], [94.582751, 27.186291], [94.583046, 27.18575], [94.583146, 27.185737], [94.583248, 27.185782], [94.583554, 27.186009], [94.583655, 27.186038], [94.583812, 27.185615], [94.583794, 27.185525], [94.583443, 27.185309], [94.583273, 27.18508], [94.583374, 27.184537], [94.583508, 27.184175], [94.583393, 27.183725], [94.583354, 27.183274], [94.583218, 27.182824], [94.583236, 27.182553], [94.583179, 27.182373], [94.582994, 27.182067], [94.582681, 27.181364], [94.582279, 27.180758], [94.581858, 27.180252], [94.581519, 27.179955], [94.58095, 27.179329], [94.579609, 27.178258], [94.579509, 27.178302], [94.579475, 27.178443], [94.579454, 27.179707], [94.579025, 27.179773], [94.578893, 27.179894], [94.578511, 27.180981], [94.578525, 27.181252], [94.578615, 27.181432], [94.578565, 27.181703], [94.578649, 27.181768], [94.578684, 27.181431], [94.578846, 27.181368], [94.579048, 27.181381], [94.579538, 27.181511], [94.579858, 27.181688], [94.580166, 27.18195], [94.580501, 27.182042], [94.58061, 27.182402], [94.580545, 27.183035], [94.58033, 27.18412], [94.580086, 27.184755], [94.579929, 27.185027], [94.578969, 27.186121], [94.578599, 27.186396], [94.577617, 27.187264], [94.577551, 27.187852], [94.576999, 27.187949], [94.576959, 27.18831], [94.576878, 27.188492], [94.576863, 27.188763], [94.576798, 27.188854], [94.576769, 27.189215], [94.576704, 27.189306], [94.576676, 27.189758], [94.576595, 27.189939], [94.576628, 27.192286], [94.576579, 27.192402], [94.576175, 27.192442], [94.576043, 27.192563], [94.575924, 27.193377], [94.575843, 27.193558], [94.575837, 27.193829], [94.57577, 27.19392], [94.575748, 27.194281], [94.575666, 27.194463], [94.575706, 27.195365], [94.575681, 27.196809], [94.575633, 27.196924], [94.575229, 27.196965], [94.575097, 27.197087], [94.575068, 27.197448], [94.575003, 27.197539], [94.574974, 27.197901], [94.574909, 27.197992], [94.574882, 27.198353], [94.574819, 27.198444], [94.574794, 27.198805], [94.574719, 27.198987], [94.5747, 27.199799], [94.574998, 27.202035], [94.575142, 27.202773], [94.575082, 27.203135], [94.574917, 27.203477], [94.574615, 27.203496], [94.573863, 27.203329], [94.572886, 27.202606], [94.572785, 27.202583], [94.572763, 27.202619], [94.572982, 27.202887], [94.572948, 27.202978], [94.57279, 27.202993], [94.572588, 27.20297], [94.572182, 27.20282], [94.571873, 27.202389], [94.571772, 27.202377], [94.571571, 27.202441], [94.571463, 27.202634], [94.571781, 27.203005], [94.571993, 27.203169], [94.572343, 27.203346], [94.573421, 27.203695], [94.574519, 27.20388], [94.574714, 27.203951], [94.57513, 27.204269], [94.575405, 27.204665], [94.575546, 27.205117], [94.575649, 27.205273], [94.575795, 27.205383], [94.575822, 27.205473], [94.575797, 27.205654], [94.57552, 27.206108], [94.575372, 27.206561], [94.575167, 27.206894], [94.574373, 27.207838], [94.573647, 27.208567], [94.573238, 27.209203], [94.573117, 27.209565], [94.57308, 27.209927], [94.573105, 27.210739], [94.573429, 27.21236], [94.573337, 27.213173], [94.573302, 27.214889], [94.573345, 27.215881], [94.573456, 27.216241], [94.57349, 27.216602], [94.573353, 27.217145], [94.573422, 27.217505], [94.57336, 27.217777], [94.573197, 27.218139], [94.572818, 27.218505], [94.572809, 27.218694], [94.572709, 27.218779], [94.570998, 27.21915], [94.56959, 27.219561], [94.569187, 27.219566], [94.568795, 27.219723], [94.568386, 27.220075], [94.567905, 27.220636], [94.567132, 27.221999], [94.566774, 27.222364], [94.566704, 27.22256], [94.566605, 27.222657], [94.566503, 27.222593], [94.566069, 27.22201], [94.565859, 27.221561], [94.56554, 27.221114], [94.564947, 27.219624], [94.564918, 27.219857], [94.56485, 27.219941], [94.56475, 27.220005], [94.564649, 27.219985], [94.563934, 27.219419], [94.563533, 27.21897], [94.563541, 27.218879], [94.563784, 27.218516], [94.564023, 27.218546], [94.564429, 27.218676], [94.56463, 27.218626], [94.564583, 27.218507], [94.563709, 27.217777], [94.563504, 27.217497], [94.563399, 27.217237], [94.563192, 27.216912], [94.563008, 27.216719], [94.562663, 27.216452], [94.562476, 27.216228], [94.562172, 27.216097], [94.561936, 27.215919], [94.561555, 27.215329], [94.561047, 27.215076], [94.559921, 27.214046], [94.559821, 27.214072], [94.559801, 27.214227], [94.559723, 27.214308], [94.559219, 27.2143], [94.559108, 27.214325], [94.559006, 27.214417], [94.558902, 27.214598], [94.558872, 27.214779], [94.558966, 27.21523], [94.559443, 27.215891], [94.559855, 27.216303], [94.5601, 27.216481], [94.560767, 27.216744], [94.56158, 27.217149], [94.561984, 27.217146], [94.562284, 27.216922], [94.562385, 27.21695], [94.562488, 27.217083], [94.562704, 27.217174], [94.56274, 27.217354], [94.562698, 27.218257], [94.5629, 27.218977], [94.563914, 27.220861], [94.56412, 27.221491], [94.564067, 27.221852], [94.564511, 27.22266], [94.56472, 27.223199], [94.564698, 27.22347], [94.564498, 27.223629], [94.562984, 27.223682], [94.561675, 27.223951], [94.561372, 27.223937], [94.561169, 27.223821], [94.560882, 27.223513], [94.560789, 27.223243], [94.560747, 27.222431], [94.560544, 27.222464], [94.560442, 27.22242], [94.560339, 27.222264], [94.560337, 27.222101], [94.560437, 27.222015], [94.560639, 27.222044], [94.560741, 27.222126], [94.560842, 27.222089], [94.56084, 27.221979], [94.560634, 27.221677], [94.559914, 27.221267], [94.559112, 27.221146], [94.5582, 27.220902], [94.557289, 27.220756], [94.556886, 27.220788], [94.55457, 27.221242], [94.554067, 27.2214], [94.553683, 27.221607], [94.55352, 27.221609], [94.553478, 27.221519], [94.553619, 27.221337], [94.554095, 27.22097], [94.554416, 27.220877], [94.555065, 27.220531], [94.556129, 27.220135], [94.556492, 27.219951], [94.556496, 27.219861], [94.555617, 27.220051], [94.555221, 27.220236], [94.554762, 27.220524], [94.554155, 27.220789], [94.55396, 27.220936], [94.553558, 27.221099], [94.553055, 27.221203], [94.552713, 27.221076], [94.552663, 27.220806], [94.552233, 27.220222], [94.551922, 27.21963], [94.551821, 27.219633], [94.551722, 27.219767], [94.550713, 27.219813], [94.550412, 27.219959], [94.549866, 27.220115], [94.549777, 27.220206], [94.549764, 27.220567], [94.549716, 27.220681], [94.548101, 27.220736], [94.5478, 27.220889], [94.547599, 27.220922], [94.547298, 27.221075], [94.547096, 27.221108], [94.546896, 27.2212], [94.546763, 27.221322], [94.546699, 27.221617], [94.54569, 27.221669], [94.545612, 27.221696], [94.545592, 27.221819], [94.545818, 27.222055], [94.547207, 27.223213], [94.547433, 27.223526], [94.548146, 27.224018], [94.548327, 27.224284], [94.548326, 27.224374], [94.548159, 27.224466], [94.548255, 27.224586], [94.548484, 27.224733], [94.548863, 27.22477], [94.548965, 27.224825], [94.549023, 27.224998], [94.549018, 27.225269], [94.548901, 27.225902], [94.549049, 27.226081], [94.549185, 27.226122], [94.549791, 27.22614], [94.549898, 27.226562], [94.550102, 27.226731], [94.550611, 27.226996], [94.551823, 27.22702], [94.551874, 27.227133], [94.5519, 27.227674], [94.552093, 27.227853], [94.552239, 27.227895], [94.552845, 27.227911], [94.552952, 27.228333], [94.553765, 27.228745], [94.554472, 27.228731], [94.554876, 27.228782], [94.554937, 27.228904], [94.555013, 27.229355], [94.555126, 27.229534], [94.555292, 27.229638], [94.555899, 27.229682], [94.555971, 27.229976], [94.556056, 27.230065], [94.556819, 27.230538], [94.557829, 27.230543], [94.557957, 27.230586], [94.558012, 27.231578], [94.558322, 27.232116], [94.55846, 27.232319], [94.558864, 27.232336], [94.558992, 27.232379], [94.559031, 27.233372], [94.55922, 27.233731], [94.559257, 27.233911], [94.559394, 27.234113], [94.56, 27.23413], [94.560067, 27.234173], [94.560068, 27.235346], [94.560188, 27.235616], [94.560292, 27.235795], [94.560428, 27.235913], [94.560933, 27.235922], [94.561066, 27.235967], [94.561122, 27.23732], [94.56151, 27.237948], [94.56157, 27.238126], [94.561875, 27.238485], [94.562171, 27.238662], [94.56229, 27.239027], [94.562393, 27.239184], [94.562494, 27.23923], [94.562592, 27.239001], [94.562692, 27.23893], [94.562793, 27.238926], [94.563198, 27.238979], [94.563504, 27.239188], [94.563807, 27.239211], [94.563875, 27.239275], [94.563873, 27.239636], [94.564, 27.240086], [94.56393, 27.240784], [94.563832, 27.240979], [94.563532, 27.24125], [94.563536, 27.241491], [94.563746, 27.242096], [94.563848, 27.242167], [94.564151, 27.242162], [94.564249, 27.24225], [94.564264, 27.243011], [94.564712, 27.243869], [94.564843, 27.243958], [94.565186, 27.24398], [94.565262, 27.244044], [94.56526, 27.245578], [94.565363, 27.245848], [94.565374, 27.24648], [94.565477, 27.246749], [94.56549, 27.247381], [94.565585, 27.24756], [94.565644, 27.247834], [94.565746, 27.247905], [94.565948, 27.247903], [94.566099, 27.248096], [94.566055, 27.24927], [94.56611, 27.24936], [94.566308, 27.249448], [94.56633, 27.249538], [94.566396, 27.254592], [94.5665, 27.254861], [94.56651, 27.255493], [94.566613, 27.255763], [94.566622, 27.256304], [94.566726, 27.256574], [94.566735, 27.257115], [94.566786, 27.257244], [94.567093, 27.257502], [94.567396, 27.257536], [94.567468, 27.257829], [94.567553, 27.257919], [94.568115, 27.258393], [94.568419, 27.258427], [94.568524, 27.258759], [94.569138, 27.259284], [94.569441, 27.259318], [94.569513, 27.259612], [94.57016, 27.260175], [94.571474, 27.260198], [94.571554, 27.260582], [94.571885, 27.260713], [94.572996, 27.260701], [94.5733, 27.260787], [94.574411, 27.260776], [94.574715, 27.260861], [94.575826, 27.26085], [94.57613, 27.260935], [94.577241, 27.260909], [94.577545, 27.260994], [94.577804, 27.260963], [94.577509, 27.260785], [94.575615, 27.260192], [94.574801, 27.259797], [94.574653, 27.259644], [94.574491, 27.259321], [94.574263, 27.259017], [94.572855, 27.257859], [94.571946, 27.256786], [94.571838, 27.256517], [94.571515, 27.255965], [94.571256, 27.25535], [94.571075, 27.25472], [94.571075, 27.254269], [94.571286, 27.254064], [94.571388, 27.254093], [94.571592, 27.254231], [94.572104, 27.254721], [94.572112, 27.254618], [94.572006, 27.254348], [94.57148, 27.253478], [94.570753, 27.252054], [94.570015, 27.25085], [94.569613, 27.249947], [94.569402, 27.249322], [94.569342, 27.248692], [94.569388, 27.248338], [94.569488, 27.248229], [94.569588, 27.248208], [94.56969, 27.248244], [94.570259, 27.248681], [94.570709, 27.248879], [94.57139, 27.249391], [94.571573, 27.249479], [94.572698, 27.250459], [94.574279, 27.251436], [94.574585, 27.251593], [94.574988, 27.251563], [94.575734, 27.25205], [94.57641, 27.252145], [94.576614, 27.252269], [94.576906, 27.252849], [94.577008, 27.253209], [94.577101, 27.25384], [94.577524, 27.254196], [94.577856, 27.254395], [94.578072, 27.254641], [94.57831, 27.25518], [94.578558, 27.256351], [94.578879, 27.256708], [94.579102, 27.256833], [94.579186, 27.256795], [94.579123, 27.256525], [94.579289, 27.256433], [94.579692, 27.256338], [94.578989, 27.255985], [94.578962, 27.255895], [94.579153, 27.255441], [94.579019, 27.255172], [94.579179, 27.25508], [94.579241, 27.254718], [94.579374, 27.254623], [94.579476, 27.254662], [94.579783, 27.254948], [94.580088, 27.255148], [94.580128, 27.25525], [94.580068, 27.255341], [94.580592, 27.255606], [94.580904, 27.255713], [94.582066, 27.256311], [94.582153, 27.256491], [94.582127, 27.256762], [94.582032, 27.256877], [94.581637, 27.257038], [94.581549, 27.257129], [94.581532, 27.25722], [94.581635, 27.257365], [94.58204, 27.257434], [94.582044, 27.257575], [94.581448, 27.258422], [94.580858, 27.2596], [94.580719, 27.260388], [94.580712, 27.260839], [94.580813, 27.260929], [94.580978, 27.26095], [94.58166, 27.260919], [94.581523, 27.260198], [94.581501, 27.259567], [94.581622, 27.259385], [94.581963, 27.259166], [94.582263, 27.258902], [94.582364, 27.258923], [94.582567, 27.259103], [94.583184, 27.259772], [94.583692, 27.260004], [94.583873, 27.259811], [94.584042, 27.259719], [94.583547, 27.259273], [94.583679, 27.259088], [94.585099, 27.259465], [94.5853, 27.259407], [94.585401, 27.259423], [94.586042, 27.259786], [94.586092, 27.259966], [94.586035, 27.260328], [94.586128, 27.260838], [94.586529, 27.261496], [94.586662, 27.261584], [94.586745, 27.261764], [94.586675, 27.262306], [94.586757, 27.262757], [94.586747, 27.263208], [94.586971, 27.263324], [94.587174, 27.263353], [94.587479, 27.2635], [94.587681, 27.263527], [94.587783, 27.263586], [94.588692, 27.263596], [94.588773, 27.263907], [94.589249, 27.264082], [94.58934, 27.264172], [94.589412, 27.264465], [94.589742, 27.264528], [94.589867, 27.270394], [94.590108, 27.270776], [94.590714, 27.270791], [94.590842, 27.270834], [94.590881, 27.271826], [94.591004, 27.272096], [94.591176, 27.272274], [94.591345, 27.272557], [94.591878, 27.272627], [94.591963, 27.273417], [94.592496, 27.273974], [94.592673, 27.274243], [94.592927, 27.274421], [94.592991, 27.274642], [94.593403, 27.275169], [94.593504, 27.275231], [94.593937, 27.275312], [94.594005, 27.275853], [94.594472, 27.27666], [94.594431, 27.276931], [94.594472, 27.277021], [94.594945, 27.27708], [94.594999, 27.277195], [94.59504, 27.277556], [94.595101, 27.277645], [94.597153, 27.278795], [94.597601, 27.279104], [94.598034, 27.279507], [94.598934, 27.280502], [94.599625, 27.281024], [94.600112, 27.28165], [94.600466, 27.281683], [94.600642, 27.281554], [94.600662, 27.281373], [94.600558, 27.281081], [94.600251, 27.280758], [94.600056, 27.280658], [94.599982, 27.280568], [94.600037, 27.280477], [94.599739, 27.280283], [94.599577, 27.280122], [94.599497, 27.279942], [94.599531, 27.279851], [94.599632, 27.279856], [94.600038, 27.28003], [94.601028, 27.280827], [94.601809, 27.281089], [94.602482, 27.281401], [94.603313, 27.281974], [94.603997, 27.282598], [94.60458, 27.282862], [94.604933, 27.283195], [94.605135, 27.283225], [94.605328, 27.283395], [94.605443, 27.283575], [94.605645, 27.283566], [94.605785, 27.283661], [94.605818, 27.283841], [94.605751, 27.283906], [94.60565, 27.283933], [94.605448, 27.283886], [94.605048, 27.284753], [94.604459, 27.285415], [94.604272, 27.285754], [94.603864, 27.286752], [94.603807, 27.288197], [94.603627, 27.288831], [94.603559, 27.288922], [94.603399, 27.28896], [94.6031, 27.289204], [94.602946, 27.28938], [94.602932, 27.28947], [94.603004, 27.289571], [94.603235, 27.289647], [94.603281, 27.290098], [94.603521, 27.290411], [94.603623, 27.290485], [94.604128, 27.290495], [94.604256, 27.290538], [94.604314, 27.291621], [94.604422, 27.2918], [94.604613, 27.291978], [94.60476, 27.292253], [94.605265, 27.292266], [94.605341, 27.292331], [94.605343, 27.292782], [94.6054, 27.293053], [94.605986, 27.294039], [94.606099, 27.294071], [94.606358, 27.294034], [94.606261, 27.293223], [94.605771, 27.292336], [94.605413, 27.29215], [94.605363, 27.292079], [94.605377, 27.291879], [94.605461, 27.291835], [94.605865, 27.291844], [94.605986, 27.291872], [94.606171, 27.292052], [94.606473, 27.291965], [94.606676, 27.292003], [94.606777, 27.29199], [94.606976, 27.291827], [94.607177, 27.291756], [94.607377, 27.291621], [94.607585, 27.292029], [94.607688, 27.292104], [94.607787, 27.29198], [94.607982, 27.291517], [94.608378, 27.290949], [94.608528, 27.291031], [94.608583, 27.291171], [94.608668, 27.290668], [94.608776, 27.290497], [94.608875, 27.290411], [94.608976, 27.290393], [94.609186, 27.290482], [94.609377, 27.290192], [94.609579, 27.290176], [94.609681, 27.290239], [94.609889, 27.290603], [94.610029, 27.291194], [94.609994, 27.291917], [94.610055, 27.292457], [94.610257, 27.293177], [94.610436, 27.293549], [94.610769, 27.293984], [94.610826, 27.294254], [94.610751, 27.294435], [94.610829, 27.294615], [94.610919, 27.294524], [94.610979, 27.294342], [94.611082, 27.294341], [94.612481, 27.295318], [94.613173, 27.295581], [94.613705, 27.296013], [94.614316, 27.296327], [94.614721, 27.29644], [94.614822, 27.296441], [94.614865, 27.296374], [94.614689, 27.296195], [94.614548, 27.295836], [94.614538, 27.295745], [94.614601, 27.295654], [94.61471, 27.295623], [94.615014, 27.295732], [94.61512, 27.295829], [94.615529, 27.296005], [94.616436, 27.296248], [94.617247, 27.296707], [94.617861, 27.296981], [94.618679, 27.297601], [94.618893, 27.297952], [94.619091, 27.29813], [94.619304, 27.298218], [94.619844, 27.298572], [94.620316, 27.299068], [94.620463, 27.299287], [94.621047, 27.300648], [94.621356, 27.301105], [94.621628, 27.301621], [94.621825, 27.30216], [94.621846, 27.303514], [94.621734, 27.304237], [94.621612, 27.304599], [94.621534, 27.304691], [94.62141, 27.304795], [94.621108, 27.304874], [94.620703, 27.304834], [94.62017, 27.304616], [94.617955, 27.303441], [94.617073, 27.303027], [94.616512, 27.302673], [94.615386, 27.301783], [94.614071, 27.300379], [94.612783, 27.299196], [94.611207, 27.297951], [94.610698, 27.297713], [94.609782, 27.29719], [94.609288, 27.296979], [94.608122, 27.296271], [94.607537, 27.295684], [94.607437, 27.295745], [94.607417, 27.296189], [94.607585, 27.296367], [94.607753, 27.296675], [94.607856, 27.296754], [94.60826, 27.296762], [94.608395, 27.296809], [94.608442, 27.297711], [94.608613, 27.29789], [94.608751, 27.298159], [94.608992, 27.298466], [94.609094, 27.298546], [94.609424, 27.298603], [94.609473, 27.299144], [94.609576, 27.299323], [94.609713, 27.299441], [94.610319, 27.29945], [94.610447, 27.299493], [94.610506, 27.300666], [94.610712, 27.301025], [94.610951, 27.301232], [94.611356, 27.301244], [94.611483, 27.301287], [94.611539, 27.302189], [94.611752, 27.302547], [94.612152, 27.302994], [94.612525, 27.30308], [94.612586, 27.30335], [94.612655, 27.303439], [94.614238, 27.304949], [94.615672, 27.306203], [94.617005, 27.307586], [94.617623, 27.30841], [94.618346, 27.309535], [94.618676, 27.309959], [94.619451, 27.311484], [94.620152, 27.312108], [94.620425, 27.312917], [94.620776, 27.313274], [94.622358, 27.314414], [94.622768, 27.314809], [94.622893, 27.315055], [94.623284, 27.315566], [94.623906, 27.316126], [94.624156, 27.316304], [94.624917, 27.316668], [94.626795, 27.317356], [94.628268, 27.317757], [94.628573, 27.317882], [94.629086, 27.317961], [94.629993, 27.318235], [94.630297, 27.318282], [94.631312, 27.318601], [94.631675, 27.318834], [94.632438, 27.319589], [94.632949, 27.319968], [94.63699, 27.319922], [94.637042, 27.320035], [94.637069, 27.320666], [94.637584, 27.321382], [94.637881, 27.321649], [94.638054, 27.321738], [94.638099, 27.322008], [94.638545, 27.322568], [94.638949, 27.322585], [94.639077, 27.322628], [94.63913, 27.32335], [94.639266, 27.323468], [94.639973, 27.323476], [94.640101, 27.323519], [94.640159, 27.324601], [94.640472, 27.325049], [94.640707, 27.325246], [94.641111, 27.325286], [94.641217, 27.325598], [94.641715, 27.325847], [94.643666, 27.326546], [94.644468, 27.326745], [94.645176, 27.326773], [94.645683, 27.326892], [94.64629, 27.32695], [94.646698, 27.327184], [94.646901, 27.327251], [94.647106, 27.327227], [94.647402, 27.326978], [94.647705, 27.326925], [94.648615, 27.327009], [94.649426, 27.327158], [94.650205, 27.327462], [94.65084, 27.327905], [94.651259, 27.328123], [94.652168, 27.328792], [94.652582, 27.328968], [94.65263, 27.328877], [94.652596, 27.328697], [94.652682, 27.328635], [94.653272, 27.328689], [94.653899, 27.3289], [94.654507, 27.329048], [94.654911, 27.32902], [94.655414, 27.328859], [94.656019, 27.328797], [94.656157, 27.328835], [94.656399, 27.329013], [94.656592, 27.329372], [94.656685, 27.329461], [94.656737, 27.329479], [94.656893, 27.329368], [94.657038, 27.329343], [94.657343, 27.329473], [94.657748, 27.329493], [94.658053, 27.329624], [94.658356, 27.329654], [94.658409, 27.329892], [94.658379, 27.330163], [94.657681, 27.331706], [94.657651, 27.331886], [94.657672, 27.332338], [94.657875, 27.333057], [94.658007, 27.333359], [94.658117, 27.333916], [94.659305, 27.335297], [94.660116, 27.33637], [94.6608, 27.337622], [94.661175, 27.338163], [94.661727, 27.33879], [94.662225, 27.339504], [94.662551, 27.339808], [94.66358, 27.341079], [94.664303, 27.342116], [94.664406, 27.342208], [94.664452, 27.342185], [94.664313, 27.341646], [94.664316, 27.341465], [94.664202, 27.341286], [94.664188, 27.341166], [94.664591, 27.341103], [94.664852, 27.341007], [94.665002, 27.340915], [94.665102, 27.340643], [94.665268, 27.340461], [94.665591, 27.340349], [94.665793, 27.340336], [94.666402, 27.340548], [94.666706, 27.340605], [94.666808, 27.340667], [94.666943, 27.340982], [94.6671, 27.341612], [94.667335, 27.342107], [94.667541, 27.342376], [94.667951, 27.342744], [94.668437, 27.34304], [94.669782, 27.343478], [94.670693, 27.343608], [94.671201, 27.343749], [94.67191, 27.343876], [94.672011, 27.343887], [94.672414, 27.343783], [94.672641, 27.343803], [94.673023, 27.343971], [94.673252, 27.343976], [94.673531, 27.344114], [94.674209, 27.344055], [94.674135, 27.343947], [94.674033, 27.34392], [94.673832, 27.34395], [94.673636, 27.343791], [94.673222, 27.343729], [94.673067, 27.343617], [94.672969, 27.343438], [94.67271, 27.343321], [94.672508, 27.343327], [94.672208, 27.343543], [94.671924, 27.34354], [94.671886, 27.343451], [94.672109, 27.343177], [94.672106, 27.343087], [94.671695, 27.343035], [94.671491, 27.34288], [94.671085, 27.342754], [94.669871, 27.342684], [94.66906, 27.342515], [94.668554, 27.342469], [94.668148, 27.342348], [94.667933, 27.342144], [94.667933, 27.342054], [94.668126, 27.3416], [94.668136, 27.34151], [94.668045, 27.34133], [94.667624, 27.340794], [94.667238, 27.340437], [94.666706, 27.340083], [94.666322, 27.339907], [94.665481, 27.339757], [94.664217, 27.339932], [94.663565, 27.340078], [94.663363, 27.340091], [94.66316, 27.340028], [94.662841, 27.339677], [94.662394, 27.33869], [94.661606, 27.337481], [94.661294, 27.336868], [94.660778, 27.336139], [94.66062, 27.335642], [94.659636, 27.334153], [94.659014, 27.333405], [94.658697, 27.332867], [94.658528, 27.332327], [94.658446, 27.331426], [94.658475, 27.331155], [94.658637, 27.330701], [94.658715, 27.330249], [94.658794, 27.330068], [94.658906, 27.329976], [94.658921, 27.329886], [94.658807, 27.329707], [94.658555, 27.329428], [94.658147, 27.329148], [94.657641, 27.329123], [94.657235, 27.329018], [94.656482, 27.32847], [94.655605, 27.328144], [94.654997, 27.328036], [94.65459, 27.327861], [94.654432, 27.327682], [94.654514, 27.327591], [94.65519, 27.327394], [94.655594, 27.327363], [94.656102, 27.327557], [94.657201, 27.328191], [94.65763, 27.328368], [94.657731, 27.328368], [94.657702, 27.328275], [94.657219, 27.32793], [94.656948, 27.327653], [94.656906, 27.327262], [94.656621, 27.326844], [94.656724, 27.326662], [94.657295, 27.326241], [94.658593, 27.325159], [94.659296, 27.32489], [94.660132, 27.324726], [94.660805, 27.324387], [94.66181, 27.32405], [94.663222, 27.323874], [94.664434, 27.323789], [94.665142, 27.323837], [94.665953, 27.324017], [94.666664, 27.324251], [94.666968, 27.324294], [94.667776, 27.324301], [94.66828, 27.324217], [94.670301, 27.324167], [94.671209, 27.324098], [94.67222, 27.324114], [94.673031, 27.324256], [94.673437, 27.324401], [94.673943, 27.324463], [94.674352, 27.324736], [94.674755, 27.324702], [94.67506, 27.324776], [94.675776, 27.32536], [94.677423, 27.326506], [94.679462, 27.327474], [94.679916, 27.32783], [94.680266, 27.328243], [94.68047, 27.328408], [94.681249, 27.328897], [94.68167, 27.329343], [94.681898, 27.329521], [94.682862, 27.330141], [94.683251, 27.330497], [94.68354, 27.330886], [94.683718, 27.331033], [94.683745, 27.331125], [94.683945, 27.330981], [94.684352, 27.331116], [94.68506, 27.331203], [94.685464, 27.331132], [94.685499, 27.331012], [94.685359, 27.330907], [94.684954, 27.33087], [94.684648, 27.330751], [94.684211, 27.330305], [94.683321, 27.3298], [94.682604, 27.329165], [94.682093, 27.328804], [94.682103, 27.328706], [94.682596, 27.328655], [94.682898, 27.328526], [94.683099, 27.328495], [94.683605, 27.328521], [94.68439, 27.328678], [94.684817, 27.328854], [94.685843, 27.329383], [94.686009, 27.329561], [94.686123, 27.329921], [94.686357, 27.330052], [94.686862, 27.330049], [94.687268, 27.330166], [94.687571, 27.330143], [94.688281, 27.33035], [94.689087, 27.33015], [94.69003, 27.330235], [94.69042, 27.330411], [94.690479, 27.3305], [94.690456, 27.330591], [94.690408, 27.33061], [94.689718, 27.33078], [94.689597, 27.330962], [94.689813, 27.331357], [94.690117, 27.331413], [94.690519, 27.331289], [94.690721, 27.331277], [94.691128, 27.331459], [94.69127, 27.331574], [94.691535, 27.331629], [94.691942, 27.331838], [94.692143, 27.331716], [94.692445, 27.331636], [94.692546, 27.331645], [94.692761, 27.331826], [94.692912, 27.332095], [94.692835, 27.332457], [94.692764, 27.332687], [94.692539, 27.333093], [94.692178, 27.334057], [94.6907, 27.336184], [94.690409, 27.337329], [94.690075, 27.337997], [94.689949, 27.338359], [94.689323, 27.33908], [94.689027, 27.33952], [94.688846, 27.339636], [94.688926, 27.340628], [94.689573, 27.34218], [94.68985, 27.342602], [94.690107, 27.34278], [94.690195, 27.343252], [94.690404, 27.343672], [94.690914, 27.34401], [94.69122, 27.344752], [94.691331, 27.344812], [94.691519, 27.344568], [94.691496, 27.344478], [94.690724, 27.343675], [94.690449, 27.343317], [94.690079, 27.342257], [94.689641, 27.341522], [94.689623, 27.341432], [94.689717, 27.34134], [94.689661, 27.341251], [94.689456, 27.341135], [94.689353, 27.341], [94.689346, 27.340352], [94.689538, 27.339933], [94.68994, 27.339768], [94.690212, 27.339439], [94.690637, 27.339064], [94.690797, 27.339071], [94.690942, 27.339183], [94.691142, 27.339014], [94.691243, 27.339014], [94.691448, 27.339212], [94.692008, 27.339959], [94.692088, 27.340138], [94.69212, 27.340409], [94.692147, 27.341943], [94.692022, 27.342305], [94.69203, 27.342486], [94.692209, 27.342735], [94.692411, 27.342725], [94.692565, 27.343111], [94.692721, 27.343181], [94.692903, 27.343378], [94.693134, 27.343754], [94.693463, 27.344454], [94.693808, 27.344721], [94.69428, 27.344986], [94.694661, 27.345342], [94.694834, 27.345611], [94.694955, 27.346061], [94.69519, 27.346599], [94.695185, 27.34669], [94.695066, 27.346872], [94.694704, 27.347295], [94.694507, 27.347659], [94.694355, 27.348144], [94.694333, 27.348505], [94.694399, 27.349046], [94.694295, 27.349769], [94.694342, 27.350076], [94.694445, 27.350188], [94.694499, 27.350128], [94.694629, 27.349675], [94.694838, 27.349473], [94.694867, 27.349311], [94.694936, 27.349227], [94.695037, 27.349244], [94.695343, 27.349416], [94.695449, 27.349394], [94.695462, 27.349033], [94.695403, 27.348944], [94.695234, 27.348876], [94.695132, 27.348865], [94.694834, 27.349041], [94.694733, 27.349187], [94.694671, 27.349133], [94.694698, 27.348681], [94.694824, 27.348543], [94.69499, 27.348497], [94.695006, 27.348407], [94.694768, 27.347868], [94.694766, 27.347688], [94.69491, 27.347556], [94.695012, 27.347585], [94.695118, 27.347902], [94.695321, 27.347951], [94.695421, 27.34786], [94.695287, 27.347411], [94.695484, 27.346867], [94.69552, 27.346595], [94.695472, 27.346415], [94.695532, 27.346324], [94.695483, 27.346235], [94.695251, 27.346057], [94.695299, 27.345876], [94.69539, 27.345785], [94.695429, 27.345604], [94.695383, 27.345442], [94.695281, 27.345377], [94.695211, 27.345245], [94.695241, 27.345155], [94.695378, 27.345119], [94.695884, 27.345133], [94.696088, 27.34527], [94.696323, 27.345322], [94.696441, 27.345411], [94.696434, 27.345591], [94.696313, 27.345864], [94.696289, 27.346225], [94.696208, 27.346488], [94.696108, 27.34655], [94.695906, 27.346566], [94.695902, 27.346681], [94.696014, 27.347038], [94.6961, 27.347762], [94.696335, 27.348173], [94.696946, 27.348925], [94.696967, 27.349015], [94.696857, 27.349197], [94.697569, 27.349566], [94.697872, 27.349575], [94.698073, 27.349633], [94.698272, 27.349992], [94.698778, 27.351701], [94.699183, 27.352869], [94.699455, 27.353964], [94.700038, 27.355657], [94.701228, 27.35844], [94.701404, 27.359341], [94.701391, 27.359611], [94.701498, 27.359881], [94.701501, 27.359971], [94.701224, 27.360516], [94.700576, 27.361174], [94.699792, 27.362248], [94.699197, 27.363493], [94.699004, 27.364103], [94.698869, 27.364787], [94.698766, 27.3656], [94.698797, 27.365781], [94.698862, 27.36587], [94.699157, 27.366137], [94.699659, 27.366492], [94.700667, 27.367102], [94.70085, 27.3672], [94.701175, 27.367292], [94.702601, 27.367976], [94.703726, 27.368818], [94.704308, 27.369143], [94.704949, 27.369459], [94.705763, 27.369763], [94.705864, 27.369754], [94.706134, 27.369482], [94.706032, 27.369393], [94.705652, 27.369118], [94.70494, 27.368837], [94.704532, 27.36861], [94.703539, 27.367799], [94.703202, 27.36758], [94.702532, 27.367269], [94.702567, 27.367179], [94.702891, 27.367093], [94.703396, 27.367064], [94.705622, 27.367192], [94.706532, 27.367195], [94.706734, 27.367155], [94.706934, 27.367005], [94.707237, 27.366992], [94.707644, 27.367202], [94.708002, 27.367473], [94.708972, 27.368081], [94.71018, 27.36871], [94.710703, 27.368918], [94.711112, 27.369201], [94.711661, 27.369775], [94.711972, 27.369952], [94.712441, 27.370117], [94.712947, 27.370178], [94.713649, 27.370383], [94.713964, 27.370545], [94.714305, 27.370826], [94.714729, 27.371001], [94.715403, 27.371173], [94.715895, 27.371233], [94.716482, 27.371431], [94.716812, 27.37166], [94.717216, 27.372144], [94.71803, 27.373488], [94.718367, 27.373845], [94.718427, 27.374024], [94.71867, 27.374174], [94.718978, 27.374469], [94.71939, 27.374969], [94.719697, 27.375221], [94.720105, 27.375423], [94.720514, 27.375728], [94.720717, 27.375797], [94.720923, 27.376004], [94.720992, 27.376159], [94.721232, 27.376389], [94.721334, 27.376436], [94.721534, 27.37628], [94.721635, 27.376265], [94.72255, 27.376639], [94.723657, 27.377299], [94.724287, 27.377798], [94.724491, 27.377906], [94.724795, 27.377971], [94.725067, 27.378185], [94.725617, 27.378801], [94.725815, 27.378508], [94.726018, 27.37857], [94.726169, 27.378713], [94.726462, 27.37925], [94.726484, 27.379521], [94.726392, 27.379973], [94.726639, 27.380873], [94.726602, 27.381686], [94.726514, 27.382048], [94.726354, 27.382411], [94.726386, 27.382726], [94.726594, 27.383138], [94.726696, 27.383154], [94.726803, 27.382766], [94.726941, 27.381501], [94.726971, 27.381374], [94.727071, 27.381257], [94.727263, 27.381587], [94.727388, 27.382175], [94.727466, 27.382217], [94.727587, 27.381947], [94.727507, 27.381223], [94.727506, 27.38005], [94.727276, 27.37906], [94.726993, 27.378522], [94.726825, 27.378443], [94.726319, 27.378405], [94.726146, 27.378352], [94.726095, 27.378082], [94.726115, 27.377991], [94.726211, 27.377972], [94.726342, 27.377988], [94.726517, 27.378191], [94.727429, 27.378319], [94.727937, 27.378488], [94.729465, 27.3792], [94.730077, 27.379544], [94.730997, 27.380187], [94.731489, 27.380452], [94.732226, 27.381224], [94.732431, 27.381367], [94.732533, 27.381396], [94.732539, 27.381341], [94.732457, 27.381162], [94.732188, 27.380894], [94.73222, 27.3808], [94.732933, 27.381135], [94.733897, 27.381685], [94.734465, 27.382147], [94.734567, 27.382173], [94.734667, 27.382142], [94.734769, 27.382199], [94.734881, 27.382847], [94.734986, 27.383123], [94.735089, 27.383257], [94.735118, 27.382844], [94.735246, 27.382571], [94.735278, 27.382366], [94.735379, 27.382371], [94.73579, 27.382822], [94.735899, 27.383285], [94.735765, 27.383738], [94.735781, 27.384009], [94.735728, 27.38437], [94.735811, 27.385452], [94.735718, 27.386266], [94.735705, 27.387169], [94.735608, 27.388253], [94.735549, 27.390239], [94.735572, 27.39051], [94.735867, 27.39177], [94.73583, 27.392763], [94.736022, 27.393031], [94.736672, 27.393475], [94.737003, 27.393651], [94.73758, 27.393852], [94.738498, 27.394365], [94.738753, 27.394442], [94.738967, 27.394619], [94.738965, 27.39471], [94.738811, 27.394927], [94.737713, 27.395849], [94.737218, 27.396553], [94.736519, 27.397107], [94.736322, 27.397473], [94.736232, 27.397812], [94.736067, 27.398175], [94.73568, 27.398632], [94.734949, 27.400157], [94.734736, 27.40081], [94.734605, 27.402075], [94.734797, 27.403388], [94.735071, 27.404596], [94.735045, 27.405138], [94.735096, 27.405408], [94.735238, 27.405708], [94.735428, 27.405946], [94.735964, 27.40639], [94.736232, 27.406748], [94.736482, 27.407658], [94.736857, 27.408545], [94.736887, 27.409177], [94.736922, 27.409357], [94.737097, 27.409716], [94.737129, 27.410276], [94.737226, 27.410436], [94.737541, 27.410731], [94.737671, 27.410701], [94.737688, 27.41052], [94.737638, 27.410453], [94.73739, 27.410344], [94.737434, 27.409802], [94.73732, 27.409531], [94.737292, 27.408901], [94.737416, 27.408358], [94.737631, 27.408084], [94.737769, 27.407631], [94.737996, 27.407475], [94.738402, 27.407576], [94.738606, 27.407679], [94.739139, 27.408065], [94.739832, 27.408479], [94.740556, 27.409041], [94.740872, 27.409398], [94.741248, 27.410115], [94.741164, 27.411109], [94.741194, 27.411289], [94.74141, 27.411647], [94.741402, 27.411854], [94.741303, 27.411977], [94.741201, 27.41197], [94.740997, 27.411844], [94.740687, 27.411437], [94.739872, 27.411061], [94.739772, 27.411084], [94.739753, 27.411127], [94.739794, 27.411307], [94.740064, 27.411754], [94.740216, 27.412114], [94.74042, 27.413014], [94.741026, 27.414179], [94.74207, 27.415768], [94.742276, 27.415985], [94.742841, 27.416413], [94.743096, 27.416684], [94.743607, 27.417036], [94.744105, 27.41748], [94.744738, 27.418185], [94.745042, 27.418461], [94.745095, 27.418641], [94.745272, 27.41882], [94.745301, 27.419], [94.745257, 27.419056], [94.745055, 27.419059], [94.745033, 27.418913], [94.745111, 27.418731], [94.744948, 27.41873], [94.744647, 27.418833], [94.744545, 27.418777], [94.743371, 27.417941], [94.742906, 27.417454], [94.742875, 27.417496], [94.742904, 27.417766], [94.74312, 27.418201], [94.743328, 27.418577], [94.743662, 27.41902], [94.74435, 27.419734], [94.744973, 27.420291], [94.745555, 27.420711], [94.74569, 27.420874], [94.745785, 27.42116], [94.745673, 27.421522], [94.745691, 27.421612], [94.746113, 27.422051], [94.746215, 27.422122], [94.746315, 27.422051], [94.746145, 27.422329], [94.74622, 27.422393], [94.74632, 27.422313], [94.746421, 27.422304], [94.746523, 27.422373], [94.746861, 27.423042], [94.747362, 27.42457], [94.74737, 27.42481], [94.747274, 27.425131], [94.747175, 27.425244], [94.747074, 27.425265], [94.746666, 27.425041], [94.74523, 27.423794], [94.745086, 27.423605], [94.745022, 27.423436], [94.74482, 27.423441], [94.744717, 27.42329], [94.744178, 27.422805], [94.743688, 27.422173], [94.743277, 27.42177], [94.742253, 27.420958], [94.741204, 27.420315], [94.740534, 27.419691], [94.740266, 27.419514], [94.739881, 27.419338], [94.737677, 27.418553], [94.737312, 27.418377], [94.737015, 27.418201], [94.735926, 27.417366], [94.735313, 27.416991], [94.734907, 27.416888], [94.733994, 27.416767], [94.730745, 27.415957], [94.730338, 27.415763], [94.730069, 27.415579], [94.729492, 27.415045], [94.729104, 27.414465], [94.728663, 27.413611], [94.728632, 27.412799], [94.728709, 27.412437], [94.728816, 27.412255], [94.729263, 27.411686], [94.729562, 27.411409], [94.730946, 27.409386], [94.731048, 27.409418], [94.731198, 27.409699], [94.731358, 27.409814], [94.731823, 27.410323], [94.732076, 27.410501], [94.732279, 27.410534], [94.732302, 27.410497], [94.73182, 27.409781], [94.731608, 27.409242], [94.731582, 27.408882], [94.73171, 27.408068], [94.73165, 27.407527], [94.731519, 27.407186], [94.731416, 27.407067], [94.731314, 27.407037], [94.730911, 27.407126], [94.730809, 27.407057], [94.73064, 27.406817], [94.730298, 27.406694], [94.730221, 27.406732], [94.730223, 27.406823], [94.730336, 27.407363], [94.730355, 27.407814], [94.730532, 27.408443], [94.730478, 27.409076], [94.73034, 27.4094], [94.729747, 27.410315], [94.729349, 27.410747], [94.728851, 27.411191], [94.728454, 27.411676], [94.728223, 27.412263], [94.728118, 27.412896], [94.728148, 27.413347], [94.728261, 27.413797], [94.728389, 27.414005], [94.728601, 27.414637], [94.728702, 27.415055], [94.728666, 27.415236], [94.728382, 27.41542], [94.7284, 27.4156], [94.728514, 27.415779], [94.728748, 27.415957], [94.731254, 27.416918], [94.732185, 27.417497], [94.733294, 27.417796], [94.733736, 27.418061], [94.734096, 27.418147], [94.734627, 27.418391], [94.734931, 27.418465], [94.735237, 27.418644], [94.735848, 27.418893], [94.736353, 27.419021], [94.737885, 27.419782], [94.738335, 27.419899], [94.739737, 27.420423], [94.741041, 27.421084], [94.742797, 27.422551], [94.743399, 27.423123], [94.744303, 27.423796], [94.744386, 27.423885], [94.744425, 27.424024], [94.744719, 27.424152], [94.74514, 27.424462], [94.745543, 27.424954], [94.746782, 27.426001], [94.747298, 27.426615], [94.747605, 27.426869], [94.747914, 27.427271], [94.748043, 27.427359], [94.748429, 27.427789], [94.748533, 27.427978], [94.74868, 27.428073], [94.748946, 27.428496], [94.749095, 27.42861], [94.749254, 27.428819], [94.749359, 27.429073], [94.749668, 27.429424], [94.74998, 27.429942], [94.750355, 27.430218], [94.750714, 27.430846], [94.750804, 27.431206], [94.751438, 27.432576], [94.751646, 27.432946], [94.752176, 27.433625], [94.752419, 27.434705], [94.752463, 27.435697], [94.752395, 27.43642], [94.752024, 27.437659], [94.751038, 27.439322], [94.750172, 27.440239], [94.750144, 27.44033], [94.750189, 27.4406], [94.74998, 27.441325], [94.750133, 27.441593], [94.750368, 27.442403], [94.750482, 27.442546], [94.751019, 27.443839], [94.751167, 27.444017], [94.751218, 27.444259], [94.751527, 27.444657], [94.751977, 27.445541], [94.752278, 27.447329], [94.752701, 27.44849], [94.75291, 27.448931], [94.75322, 27.449335], [94.753323, 27.449424], [94.753424, 27.449456], [94.753525, 27.449431], [94.75365, 27.449492], [94.753981, 27.450029], [94.754093, 27.450479], [94.754468, 27.451196], [94.755637, 27.452896], [94.756018, 27.453528], [94.756773, 27.454326], [94.757468, 27.455677], [94.758751, 27.457821], [94.759646, 27.459015], [94.760166, 27.459872], [94.761302, 27.461339], [94.762061, 27.462653], [94.76234, 27.462968], [94.762741, 27.463547], [94.763164, 27.463892], [94.763854, 27.464706], [94.764305, 27.465642], [94.76472, 27.46631], [94.76503, 27.466699], [94.765541, 27.467663], [94.766272, 27.468488], [94.766756, 27.469272], [94.767102, 27.469719], [94.767622, 27.470653], [94.767932, 27.471021], [94.768452, 27.471916], [94.768808, 27.472405], [94.769075, 27.472888], [94.7694, 27.4733], [94.770084, 27.474465], [94.770431, 27.474912], [94.770849, 27.475629], [94.7711, 27.476167], [94.771369, 27.477114], [94.771623, 27.477785], [94.771798, 27.478629], [94.772008, 27.479114], [94.772835, 27.480223], [94.774381, 27.481972], [94.774809, 27.482618], [94.775113, 27.483417], [94.775319, 27.483686], [94.775931, 27.483987], [94.776134, 27.484015], [94.77644, 27.484161], [94.776847, 27.484261], [94.781197, 27.484187], [94.781398, 27.484116], [94.781803, 27.484091], [94.781903, 27.484031], [94.782206, 27.484005], [94.782407, 27.483922], [94.782811, 27.483885], [94.783113, 27.483796], [94.783157, 27.483685], [94.783158, 27.483324], [94.783206, 27.483274], [94.783912, 27.483224], [94.785118, 27.482594], [94.785733, 27.482207], [94.785936, 27.482024], [94.786136, 27.481661], [94.786114, 27.481584], [94.785986, 27.481482], [94.786916, 27.481136], [94.787363, 27.480923], [94.787558, 27.48065], [94.787513, 27.480521], [94.787332, 27.480472], [94.787207, 27.480348], [94.787196, 27.480203], [94.787309, 27.480111], [94.787506, 27.480083], [94.787811, 27.480136], [94.788413, 27.479864], [94.789122, 27.479866], [94.789424, 27.479764], [94.789727, 27.479737], [94.790126, 27.479393], [94.790271, 27.47908], [94.790271, 27.47881], [94.790715, 27.478264], [94.790912, 27.477909], [94.791007, 27.477627], [94.791077, 27.477175], [94.7912, 27.476965], [94.791093, 27.475911], [94.791141, 27.475549], [94.79179, 27.474548], [94.791851, 27.474367], [94.791822, 27.474187], [94.791762, 27.474147], [94.791559, 27.474146], [94.791456, 27.474025], [94.79117, 27.473293], [94.791161, 27.473022], [94.791251, 27.47284], [94.791434, 27.472649], [94.792037, 27.4724], [94.792261, 27.472196], [94.792324, 27.472104], [94.792234, 27.472047], [94.792032, 27.472098], [94.791832, 27.472223], [94.79163, 27.472263], [94.791459, 27.472206], [94.791454, 27.472116], [94.791523, 27.471922], [94.792376, 27.471292], [94.792721, 27.470879], [94.793123, 27.470728], [94.793325, 27.470711], [94.793449, 27.470736], [94.79353, 27.470884], [94.793546, 27.470825], [94.794329, 27.470209], [94.795217, 27.469811], [94.796698, 27.468799], [94.797035, 27.468602], [94.797537, 27.468395], [94.798543, 27.468046], [94.798947, 27.467987], [94.799365, 27.467862], [94.800259, 27.467766], [94.801165, 27.467447], [94.802071, 27.467199], [94.802373, 27.467078], [94.80275, 27.467006], [94.802977, 27.466888], [94.803582, 27.466797], [94.80409, 27.466886], [94.804395, 27.46701], [94.804801, 27.467084], [94.80551, 27.467122], [94.806922, 27.466839], [94.807428, 27.466826], [94.808137, 27.466882], [94.808541, 27.466852], [94.809044, 27.466744], [94.809496, 27.466557], [94.810107, 27.466188], [94.811166, 27.465362], [94.811442, 27.464821], [94.811584, 27.464635], [94.812238, 27.46398], [94.812988, 27.463534], [94.813443, 27.463434], [94.814639, 27.462429], [94.815169, 27.462061], [94.816208, 27.461596], [94.817408, 27.460859], [94.818193, 27.460126], [94.819415, 27.458757], [94.820175, 27.458025], [94.820434, 27.457828], [94.821405, 27.457377], [94.821891, 27.4571], [94.822441, 27.456869], [94.822971, 27.456724], [94.824561, 27.456433], [94.825262, 27.456132], [94.825866, 27.455922], [94.826269, 27.455839], [94.827177, 27.455709], [94.828087, 27.455665], [94.828894, 27.455532], [94.830108, 27.455472], [94.831018, 27.455488], [94.831422, 27.455442], [94.831724, 27.455355], [94.832028, 27.455357], [94.832433, 27.455156], [94.833437, 27.454909], [94.833839, 27.454759], [94.834952, 27.454756], [94.835663, 27.454918], [94.835968, 27.455035], [94.836476, 27.455131], [94.837083, 27.455146], [94.837646, 27.455358], [94.837998, 27.455415], [94.838254, 27.455531], [94.838646, 27.455616], [94.840005, 27.45632], [94.840524, 27.456674], [94.84205, 27.458098], [94.842862, 27.45899], [94.84302, 27.459258], [94.843099, 27.459528], [94.843236, 27.4607], [94.84339, 27.461239], [94.843771, 27.461867], [94.844669, 27.462756], [94.845008, 27.463222], [94.845367, 27.463559], [94.845945, 27.463913], [94.846133, 27.463952], [94.846439, 27.464099], [94.846642, 27.464127], [94.846712, 27.464083], [94.846625, 27.463994], [94.846436, 27.463944], [94.846279, 27.463818], [94.846028, 27.463724], [94.845765, 27.463554], [94.84561, 27.463376], [94.845563, 27.463015], [94.845008, 27.462481], [94.845095, 27.462399], [94.845297, 27.462394], [94.846109, 27.462541], [94.846516, 27.462679], [94.846994, 27.462906], [94.847437, 27.463304], [94.847795, 27.463527], [94.848254, 27.463746], [94.849797, 27.464313], [94.852435, 27.465694], [94.852947, 27.466053], [94.853661, 27.466399], [94.853915, 27.466605], [94.854483, 27.46714], [94.854896, 27.467622], [94.855553, 27.468659], [94.855894, 27.469015], [94.856547, 27.469541], [94.856848, 27.470446], [94.856995, 27.470715], [94.857288, 27.471529], [94.857623, 27.472151], [94.85771, 27.472534], [94.857921, 27.473054], [94.858128, 27.473329], [94.85911, 27.474207], [94.859367, 27.474745], [94.859718, 27.475192], [94.860197, 27.475996], [94.860815, 27.476677], [94.861122, 27.476878], [94.861223, 27.476883], [94.861326, 27.476795], [94.86132, 27.47661], [94.861113, 27.476311], [94.8608, 27.475989], [94.860176, 27.475095], [94.860003, 27.474556], [94.860071, 27.474515], [94.860478, 27.474658], [94.861169, 27.474992], [94.8615, 27.475274], [94.861741, 27.475525], [94.86286, 27.477225], [94.863466, 27.477855], [94.863979, 27.478203], [94.864188, 27.478676], [94.864389, 27.47858], [94.86444, 27.478468], [94.864446, 27.478197], [94.864317, 27.477838], [94.864375, 27.477761], [94.864508, 27.477745], [94.864674, 27.477491], [94.864775, 27.477442], [94.865178, 27.477373], [94.865382, 27.47749], [94.86553, 27.478002], [94.865753, 27.479353], [94.865894, 27.479621], [94.865926, 27.479802], [94.866072, 27.47998], [94.866135, 27.48025], [94.866745, 27.480964], [94.867271, 27.481461], [94.867459, 27.481767], [94.867795, 27.482563], [94.868029, 27.482932], [94.868463, 27.483468], [94.868622, 27.483574], [94.868926, 27.483578], [94.869345, 27.483727], [94.870044, 27.483866], [94.87055, 27.483875], [94.871257, 27.483795], [94.871763, 27.483825], [94.872281, 27.484048], [94.872784, 27.484332], [94.873089, 27.48444], [94.874132, 27.484565], [94.874857, 27.484736], [94.87531, 27.48491], [94.875505, 27.485088], [94.875776, 27.485445], [94.876155, 27.486182], [94.876662, 27.486256], [94.876905, 27.486333], [94.876963, 27.486422], [94.876963, 27.486603], [94.87665, 27.4876], [94.876594, 27.487961], [94.876594, 27.488413], [94.876814, 27.489233], [94.877232, 27.490048], [94.877647, 27.4906], [94.878426, 27.491456], [94.879394, 27.492212], [94.880119, 27.493135], [94.880725, 27.493772], [94.882177, 27.495151], [94.882671, 27.495551], [94.883578, 27.49608], [94.883915, 27.496209], [94.88494, 27.496939], [94.885311, 27.497139], [94.886466, 27.497665], [94.886775, 27.497729], [94.887183, 27.497888], [94.887692, 27.49819], [94.888256, 27.498453], [94.889101, 27.499073], [94.889609, 27.499337], [94.890865, 27.500183], [94.891505, 27.500665], [94.892007, 27.500929], [94.89263, 27.501372], [94.893117, 27.501631], [94.89411, 27.502345], [94.894656, 27.50284], [94.895042, 27.503054], [94.895366, 27.50332], [94.895576, 27.503384], [94.895883, 27.503568], [94.896703, 27.504179], [94.89687, 27.504202], [94.896904, 27.504069], [94.897089, 27.503929], [94.897098, 27.503615], [94.897502, 27.503577], [94.897707, 27.503682], [94.898113, 27.503794], [94.899229, 27.503949], [94.899636, 27.504062], [94.899942, 27.504197], [94.900592, 27.504603], [94.901225, 27.505136], [94.902327, 27.506384], [94.903033, 27.507335], [94.903478, 27.507722], [94.903853, 27.507967], [94.904722, 27.508427], [94.905282, 27.508655], [94.906316, 27.508947], [94.907705, 27.509198], [94.908383, 27.50937], [94.908561, 27.509457], [94.908621, 27.509547], [94.908445, 27.510135], [94.907942, 27.510273], [94.907352, 27.510737], [94.906842, 27.511052], [94.906637, 27.510946], [94.906235, 27.511059], [94.905928, 27.510916], [94.905726, 27.510893], [94.904917, 27.510962], [94.90441, 27.510918], [94.904007, 27.511002], [94.902693, 27.511152], [94.901808, 27.511174], [94.901864, 27.511444], [94.901791, 27.511643], [94.901292, 27.512065], [94.900244, 27.513091], [94.899771, 27.51382], [94.899241, 27.51491], [94.899063, 27.515093], [94.898916, 27.515153], [94.898405, 27.514887], [94.89729, 27.514777], [94.895762, 27.514237], [94.895661, 27.514265], [94.895562, 27.514382], [94.895461, 27.514402], [94.895056, 27.514357], [94.894647, 27.51417], [94.894307, 27.513894], [94.893806, 27.51363], [94.89377, 27.51354], [94.893973, 27.513447], [94.894144, 27.513265], [94.894024, 27.513209], [94.892302, 27.513176], [94.892101, 27.513213], [94.891799, 27.513368], [94.891588, 27.51357], [94.891421, 27.513843], [94.89095, 27.514842], [94.890813, 27.5149], [94.890611, 27.514915], [94.890205, 27.514817], [94.889999, 27.514647], [94.889798, 27.514723], [94.889499, 27.514998], [94.889268, 27.515136], [94.889301, 27.515221], [94.889403, 27.515274], [94.889707, 27.515313], [94.889869, 27.515398], [94.889879, 27.515489], [94.889727, 27.515671], [94.889413, 27.51589], [94.889209, 27.515808], [94.889103, 27.51568], [94.889196, 27.515317], [94.889099, 27.515251], [94.888999, 27.515369], [94.888857, 27.516224], [94.888218, 27.517026], [94.887989, 27.51759], [94.887876, 27.518043], [94.887732, 27.518221], [94.887531, 27.518298], [94.887431, 27.518391], [94.887334, 27.5186], [94.887241, 27.519044], [94.887045, 27.519455], [94.886919, 27.519861], [94.886754, 27.520217], [94.886438, 27.52068], [94.886371, 27.521494], [94.886271, 27.52157], [94.886063, 27.521251], [94.885962, 27.521242], [94.885908, 27.521319], [94.885879, 27.521499], [94.885939, 27.521769], [94.886073, 27.521856], [94.886277, 27.521908], [94.886387, 27.522034], [94.886366, 27.522215], [94.88608, 27.522399], [94.88578, 27.522468], [94.8855, 27.522588], [94.884974, 27.522663], [94.884162, 27.522534], [94.883858, 27.522541], [94.883247, 27.52231], [94.883041, 27.522129], [94.882838, 27.522092], [94.882197, 27.522091], [94.882057, 27.522002], [94.882061, 27.521822], [94.881415, 27.521765], [94.881314, 27.521776], [94.881114, 27.521901], [94.880555, 27.522023], [94.8799, 27.522302], [94.878941, 27.522586], [94.878698, 27.522695], [94.87826, 27.522776], [94.878029, 27.522869], [94.876578, 27.523053], [94.875469, 27.523311], [94.874457, 27.523331], [94.874155, 27.523413], [94.874015, 27.523375], [94.873904, 27.523196], [94.873746, 27.523189], [94.873688, 27.523199], [94.873704, 27.523379], [94.873633, 27.52347], [94.873448, 27.523527], [94.873144, 27.523546], [94.872859, 27.52348], [94.872822, 27.523391], [94.873039, 27.523276], [94.873449, 27.523202], [94.873499, 27.523111], [94.873257, 27.523024], [94.872323, 27.522873], [94.872121, 27.522878], [94.871819, 27.523001], [94.871314, 27.523054], [94.871113, 27.523156], [94.870429, 27.523603], [94.869915, 27.524117], [94.869782, 27.524515], [94.869851, 27.524784], [94.869782, 27.525056], [94.86963, 27.525247], [94.869252, 27.525424], [94.868734, 27.526162], [94.868539, 27.52659], [94.868465, 27.526879], [94.868493, 27.527781], [94.868459, 27.527829], [94.86812, 27.527967], [94.868006, 27.528329], [94.867942, 27.528962], [94.867825, 27.529144], [94.867673, 27.529258], [94.867472, 27.529326], [94.867268, 27.529251], [94.867116, 27.529334], [94.866966, 27.529345], [94.866659, 27.529176], [94.866253, 27.529065], [94.865746, 27.529059], [94.865137, 27.52936], [94.864741, 27.529453], [94.864339, 27.52963], [94.863924, 27.530008], [94.863743, 27.530352], [94.863695, 27.530553], [94.863596, 27.531276], [94.863557, 27.532089], [94.863369, 27.532904], [94.8633, 27.533898], [94.863378, 27.534619], [94.863288, 27.5348], [94.862806, 27.534821], [94.862505, 27.534941], [94.862301, 27.534845], [94.861793, 27.534759], [94.861383, 27.534498], [94.860877, 27.534508], [94.860573, 27.534444], [94.860216, 27.5343], [94.859953, 27.534123], [94.859856, 27.533997], [94.85914, 27.533412], [94.858894, 27.533144], [94.858727, 27.533042], [94.858608, 27.532787], [94.858519, 27.532715], [94.857808, 27.532624], [94.857096, 27.532396], [94.856382, 27.532077], [94.855873, 27.531905], [94.855162, 27.531758], [94.854183, 27.531763], [94.852738, 27.532119], [94.852334, 27.532184], [94.852131, 27.532173], [94.851883, 27.532516], [94.852036, 27.53252], [94.853247, 27.532304], [94.85368, 27.532311], [94.853773, 27.5324], [94.853757, 27.532495], [94.852459, 27.533578], [94.851961, 27.534117], [94.851861, 27.534187], [94.85176, 27.534191], [94.851329, 27.535321], [94.851322, 27.535592], [94.851487, 27.535998], [94.851988, 27.536486], [94.852432, 27.537021], [94.85253, 27.5372], [94.852536, 27.537471], [94.852401, 27.538195], [94.852316, 27.538286], [94.851831, 27.538409], [94.851628, 27.538389], [94.851424, 27.538304], [94.851121, 27.538333], [94.850815, 27.538179], [94.850601, 27.538129], [94.850509, 27.538045], [94.850493, 27.53795], [94.850615, 27.537858], [94.850634, 27.537767], [94.850502, 27.537673], [94.850097, 27.537658], [94.849491, 27.537712], [94.847257, 27.537342], [94.847055, 27.537376], [94.846894, 27.537456], [94.846815, 27.537637], [94.846847, 27.538179], [94.847168, 27.538355], [94.847781, 27.538402], [94.847889, 27.538828], [94.847991, 27.538862], [94.849408, 27.538809], [94.850117, 27.538836], [94.851735, 27.538757], [94.853052, 27.538755], [94.853478, 27.538812], [94.853865, 27.538928], [94.854581, 27.539415], [94.855089, 27.539494], [94.855182, 27.539331], [94.855487, 27.539101], [94.85599, 27.538894], [94.856395, 27.538877], [94.856601, 27.538951], [94.85668, 27.53904], [94.856771, 27.53931], [94.856636, 27.539582], [94.85652, 27.539674], [94.856612, 27.539762], [94.856812, 27.539586], [94.857148, 27.539485], [94.857076, 27.539396], [94.857049, 27.539126], [94.857191, 27.538078], [94.857475, 27.537495], [94.85795, 27.537218], [94.858228, 27.536583], [94.858247, 27.536402], [94.858375, 27.536217], [94.859077, 27.535842], [94.859888, 27.535851], [94.860593, 27.535675], [94.861812, 27.53589], [94.862317, 27.535848], [94.862917, 27.535708], [94.863624, 27.535284], [94.864381, 27.535147], [94.864733, 27.535005], [94.864917, 27.534869], [94.864884, 27.534779], [94.864495, 27.534513], [94.864488, 27.534423], [94.864588, 27.534151], [94.864914, 27.533695], [94.865108, 27.533061], [94.864961, 27.532341], [94.864878, 27.53153], [94.864506, 27.530993], [94.86451, 27.530362], [94.864753, 27.530178], [94.864954, 27.530125], [94.865763, 27.530076], [94.866469, 27.529861], [94.86748, 27.529821], [94.868187, 27.529709], [94.868297, 27.529679], [94.868687, 27.529358], [94.869085, 27.528766], [94.869399, 27.52804], [94.869411, 27.527949], [94.869304, 27.52768], [94.869324, 27.527048], [94.869357, 27.526867], [94.869588, 27.526413], [94.869587, 27.526322], [94.86949, 27.526233], [94.869512, 27.525962], [94.869681, 27.52578], [94.869941, 27.525665], [94.870344, 27.525536], [94.870663, 27.525496], [94.870896, 27.525402], [94.870957, 27.525311], [94.870846, 27.525284], [94.87034, 27.525306], [94.870277, 27.52523], [94.870288, 27.525049], [94.870724, 27.524081], [94.870999, 27.523776], [94.871222, 27.523612], [94.871425, 27.52361], [94.871832, 27.523756], [94.872283, 27.52403], [94.87232, 27.52421], [94.872147, 27.524414], [94.871857, 27.524577], [94.871948, 27.524612], [94.87235, 27.524461], [94.872754, 27.524411], [94.873463, 27.524442], [94.874784, 27.524685], [94.876399, 27.524443], [94.877105, 27.524251], [94.877511, 27.52433], [94.877713, 27.524324], [94.878115, 27.524143], [94.878616, 27.523823], [94.878919, 27.523798], [94.879123, 27.523896], [94.879224, 27.523895], [94.88026, 27.52329], [94.88083, 27.523082], [94.881637, 27.522902], [94.882548, 27.522866], [94.883663, 27.522999], [94.884573, 27.522939], [94.885994, 27.523147], [94.886811, 27.523555], [94.886876, 27.523471], [94.886382, 27.523117], [94.886288, 27.522938], [94.886342, 27.522847], [94.886708, 27.522571], [94.886992, 27.522272], [94.887388, 27.521781], [94.887484, 27.521568], [94.887783, 27.52117], [94.887992, 27.520568], [94.888232, 27.519211], [94.88845, 27.518761], [94.888547, 27.518665], [94.888799, 27.518572], [94.889251, 27.518247], [94.889799, 27.518107], [94.88995, 27.518015], [94.890076, 27.517832], [94.890421, 27.517557], [94.890555, 27.517532], [94.890963, 27.517715], [94.891268, 27.518087], [94.891409, 27.518175], [94.892226, 27.518525], [94.892901, 27.518565], [94.893182, 27.518512], [94.893504, 27.518346], [94.894213, 27.518365], [94.894314, 27.518322], [94.894124, 27.518229], [94.893907, 27.518193], [94.893542, 27.517966], [94.893449, 27.517787], [94.893388, 27.517443], [94.893214, 27.517248], [94.89318, 27.517133], [94.893077, 27.517018], [94.892975, 27.516983], [94.892869, 27.517072], [94.89303, 27.517431], [94.893042, 27.517702], [94.89297, 27.517974], [94.892792, 27.518137], [94.89259, 27.51814], [94.892167, 27.517894], [94.891469, 27.517711], [94.891302, 27.517545], [94.891161, 27.517481], [94.89035, 27.517365], [94.890046, 27.517381], [94.889946, 27.517437], [94.889749, 27.517779], [94.889472, 27.517931], [94.889349, 27.518053], [94.889248, 27.518088], [94.889114, 27.518026], [94.889076, 27.517936], [94.889211, 27.517754], [94.888903, 27.517217], [94.888931, 27.517036], [94.888996, 27.516945], [94.889326, 27.516715], [94.889687, 27.516303], [94.890024, 27.516109], [94.890427, 27.515953], [94.890837, 27.516274], [94.890938, 27.51629], [94.890993, 27.516195], [94.890966, 27.516015], [94.890664, 27.515839], [94.890618, 27.515659], [94.890661, 27.515568], [94.891375, 27.515107], [94.891924, 27.514468], [94.892402, 27.514281], [94.892514, 27.514189], [94.892519, 27.513999], [94.892263, 27.513832], [94.892234, 27.513742], [94.892311, 27.513678], [94.892717, 27.513726], [94.893336, 27.513998], [94.893736, 27.514122], [94.894526, 27.514613], [94.894792, 27.51488], [94.89477, 27.515061], [94.894664, 27.515115], [94.894159, 27.515201], [94.893855, 27.515196], [94.893666, 27.515257], [94.89416, 27.515273], [94.894456, 27.515336], [94.894669, 27.515454], [94.895379, 27.515509], [94.895968, 27.515676], [94.896908, 27.51612], [94.897518, 27.516279], [94.897924, 27.516333], [94.898429, 27.51626], [94.899431, 27.5159], [94.901539, 27.514649], [94.903144, 27.513815], [94.903624, 27.513677], [94.903917, 27.513492], [94.903883, 27.513402], [94.903744, 27.513383], [94.903441, 27.513396], [94.902836, 27.513531], [94.902429, 27.51342], [94.902328, 27.513433], [94.901827, 27.513721], [94.901407, 27.513887], [94.901357, 27.513798], [94.901424, 27.513616], [94.901915, 27.51299], [94.902315, 27.512682], [94.902917, 27.512364], [94.903118, 27.512304], [94.903421, 27.512282], [94.904839, 27.512295], [94.9064, 27.512375], [94.908058, 27.511991], [94.908878, 27.511751], [94.909484, 27.511641], [94.909886, 27.511501], [94.910187, 27.511314], [94.91049, 27.511288], [94.910791, 27.511168], [94.91201, 27.51138], [94.912515, 27.511341], [94.913123, 27.511382], [94.913528, 27.511365], [94.914606, 27.511089], [94.916555, 27.510843], [94.916794, 27.510698], [94.916859, 27.510516], [94.916953, 27.51045], [94.917155, 27.510406], [94.917356, 27.510304], [94.918175, 27.510878], [94.919205, 27.511894], [94.919515, 27.512267], [94.920299, 27.512906], [94.920541, 27.513033], [94.920742, 27.512969], [94.920922, 27.512987], [94.921048, 27.513347], [94.921365, 27.513613], [94.921742, 27.513788], [94.922684, 27.514012], [94.923011, 27.514132], [94.923903, 27.514309], [94.924102, 27.514112], [94.924173, 27.513664], [94.924295, 27.513546], [94.924395, 27.513467], [94.9249, 27.513401], [94.925114, 27.513471], [94.925263, 27.51401], [94.925422, 27.514312], [94.925628, 27.514517], [94.925912, 27.514633], [94.926009, 27.514632], [94.926023, 27.514541], [94.925828, 27.514406], [94.92575, 27.514004], [94.925616, 27.513862], [94.925407, 27.513467], [94.925061, 27.513201], [94.925039, 27.513111], [94.925135, 27.512929], [94.92569, 27.512305], [94.925791, 27.51228], [94.926097, 27.512374], [94.926501, 27.512349], [94.926706, 27.512505], [94.926957, 27.512814], [94.927961, 27.513793], [94.928216, 27.51415], [94.928366, 27.514599], [94.928522, 27.514777], [94.930618, 27.516223], [94.931006, 27.516638], [94.931041, 27.516818], [94.931114, 27.516908], [94.931745, 27.517039], [94.932759, 27.517146], [94.934688, 27.517478], [94.936179, 27.51792], [94.937283, 27.518175], [94.93774, 27.518317], [94.938046, 27.518463], [94.939172, 27.518781], [94.939571, 27.518845], [94.940894, 27.519231], [94.941886, 27.519465], [94.942418, 27.51953], [94.943503, 27.519984], [94.943815, 27.52007], [94.943867, 27.520159], [94.943851, 27.52025], [94.94367, 27.520523], [94.943049, 27.520918], [94.942332, 27.521264], [94.941944, 27.5214], [94.940441, 27.522232], [94.939756, 27.522473], [94.939632, 27.522565], [94.938948, 27.522845], [94.938827, 27.522937], [94.938485, 27.523032], [94.938059, 27.523219], [94.937552, 27.523587], [94.937383, 27.523769], [94.937277, 27.524042], [94.937336, 27.52414], [94.937438, 27.524168], [94.937843, 27.524167], [94.938245, 27.524029], [94.939447, 27.523301], [94.939847, 27.523001], [94.941857, 27.522183], [94.942358, 27.521895], [94.942989, 27.521616], [94.943538, 27.521157], [94.944563, 27.520615], [94.944865, 27.520552], [94.946482, 27.520417], [94.946883, 27.520169], [94.947824, 27.520014], [94.948499, 27.519954], [94.949106, 27.519967], [94.950222, 27.520117], [94.951342, 27.520456], [94.951954, 27.520735], [94.952462, 27.520853], [94.952868, 27.520907], [94.953272, 27.520827], [94.953779, 27.520874], [94.954568, 27.521092], [94.955998, 27.521343], [94.958505, 27.521939], [94.960688, 27.522344], [94.962011, 27.522702], [94.962517, 27.522687], [94.96343, 27.522824], [94.963834, 27.522752], [94.964138, 27.522806], [94.964308, 27.52294], [94.964547, 27.522994], [94.964609, 27.522936], [94.964607, 27.522846], [94.964543, 27.522794], [94.963832, 27.522654], [94.963707, 27.522588], [94.963737, 27.522497], [94.964231, 27.522299], [94.964836, 27.522178], [94.965341, 27.52213], [94.965746, 27.522143], [94.967065, 27.522308], [94.967673, 27.522336], [94.968179, 27.522303], [94.969294, 27.522392], [94.970107, 27.522574], [94.970715, 27.522634], [94.971119, 27.522582], [94.971476, 27.522478], [94.971789, 27.522022], [94.972118, 27.521827], [94.973269, 27.52155], [94.972921, 27.521449], [94.972837, 27.521376], [94.972816, 27.521195], [94.972887, 27.520743], [94.972983, 27.520652], [94.97321, 27.520642], [94.973473, 27.520735], [94.974235, 27.521359], [94.974407, 27.521173], [94.97443, 27.520916], [94.974531, 27.520879], [94.974838, 27.521108], [94.975134, 27.521885], [94.975469, 27.522407], [94.976045, 27.523767], [94.976532, 27.524662], [94.976918, 27.525559], [94.977052, 27.52604], [94.977398, 27.526636], [94.977582, 27.527084], [94.978415, 27.527975], [94.979432, 27.5289], [94.980158, 27.529866], [94.981081, 27.530644], [94.981685, 27.531087], [94.982422, 27.531932], [94.98313, 27.53242], [94.98406, 27.532858], [94.984835, 27.533298], [94.986981, 27.53426], [94.98753, 27.534613], [94.988081, 27.535057], [94.988863, 27.535457], [94.989657, 27.535937], [94.990813, 27.536462], [94.991102, 27.536548], [94.991622, 27.536818], [94.992335, 27.537063], [94.992895, 27.537334], [94.993733, 27.537593], [94.994783, 27.538082], [94.995029, 27.538296], [94.995301, 27.538721], [94.995483, 27.538921], [94.995754, 27.539098], [94.996561, 27.539447], [94.997096, 27.53962], [94.99787, 27.53979], [94.999372, 27.53994], [95.000082, 27.539976], [95.001499, 27.539954], [95.00231, 27.540044], [95.003703, 27.540428], [95.004954, 27.540667], [95.006278, 27.541116], [95.008108, 27.541508], [95.008515, 27.54165], [95.011663, 27.542173], [95.013088, 27.54254], [95.0138, 27.542899], [95.014355, 27.543252], [95.015197, 27.544052], [95.016071, 27.544761], [95.016575, 27.545017], [95.016983, 27.545289], [95.018041, 27.545815], [95.018517, 27.545989], [95.018923, 27.546082], [95.020852, 27.546355], [95.02217, 27.546451], [95.022435, 27.546383], [95.02244, 27.546293], [95.022219, 27.545845], [95.020527, 27.545201], [95.019614, 27.545077], [95.018998, 27.544631], [95.018201, 27.544369], [95.017469, 27.544036], [95.016446, 27.543495], [95.015994, 27.543138], [95.015978, 27.543048], [95.016336, 27.543005], [95.01673, 27.543037], [95.019182, 27.543634], [95.01969, 27.543688], [95.020398, 27.543687], [95.020705, 27.543825], [95.021772, 27.544047], [95.022435, 27.544336], [95.022947, 27.544645], [95.024275, 27.545267], [95.024599, 27.54563], [95.024796, 27.546078], [95.0251, 27.546084], [95.025407, 27.546299], [95.026942, 27.54716], [95.027275, 27.547396], [95.027764, 27.547835], [95.028299, 27.548464], [95.028597, 27.549098], [95.028917, 27.549981], [95.029336, 27.550705], [95.029542, 27.550926], [95.029941, 27.551237], [95.030362, 27.551428], [95.030666, 27.55145], [95.030756, 27.551406], [95.030854, 27.551134], [95.030962, 27.55102], [95.031062, 27.550963], [95.031231, 27.551038], [95.031306, 27.551578], [95.031789, 27.551979], [95.03221, 27.552851], [95.032306, 27.553008], [95.032513, 27.553185], [95.032724, 27.553259], [95.033434, 27.553309], [95.03425, 27.553656], [95.034758, 27.553715], [95.034856, 27.553783], [95.035064, 27.553831], [95.036131, 27.554486], [95.036396, 27.554699], [95.036717, 27.555109], [95.03722, 27.555458], [95.037775, 27.555635], [95.038237, 27.555682], [95.038645, 27.555857], [95.03901, 27.556158], [95.039464, 27.55637], [95.03967, 27.556517], [95.041, 27.557844], [95.04122, 27.558238], [95.041323, 27.558335], [95.041583, 27.558467], [95.041715, 27.558465], [95.041311, 27.55766], [95.040776, 27.557035], [95.040686, 27.556741], [95.04046, 27.556679], [95.040351, 27.55659], [95.040479, 27.556496], [95.040759, 27.556042], [95.041371, 27.555425], [95.041673, 27.555353], [95.04208, 27.555445], [95.042387, 27.555624], [95.042897, 27.555806], [95.04322, 27.556006], [95.043411, 27.55624], [95.043718, 27.556398], [95.043805, 27.556539], [95.043724, 27.556764], [95.043491, 27.556905], [95.043426, 27.55703], [95.043422, 27.557176], [95.043639, 27.557623], [95.043914, 27.557981], [95.044228, 27.558879], [95.044355, 27.559419], [95.044488, 27.560771], [95.044481, 27.561132], [95.044419, 27.561431], [95.044223, 27.56182], [95.044092, 27.56195], [95.04399, 27.562222], [95.043729, 27.562464], [95.043633, 27.562735], [95.043339, 27.563275], [95.043146, 27.563799], [95.043118, 27.56431], [95.04305, 27.564582], [95.043397, 27.565118], [95.043843, 27.565473], [95.044295, 27.56568], [95.045005, 27.565747], [95.046927, 27.56563], [95.047407, 27.565691], [95.047665, 27.565868], [95.048404, 27.566579], [95.049506, 27.568182], [95.04992, 27.568663], [95.050228, 27.568917], [95.05033, 27.568951], [95.050431, 27.568903], [95.050575, 27.568713], [95.050421, 27.568264], [95.050363, 27.567543], [95.050405, 27.567521], [95.050679, 27.567718], [95.050815, 27.567767], [95.051021, 27.567965], [95.051089, 27.568164], [95.050981, 27.568797], [95.051147, 27.569516], [95.051667, 27.570231], [95.052257, 27.570854], [95.052312, 27.571033], [95.052239, 27.571215], [95.052582, 27.57139], [95.05301, 27.571479], [95.053414, 27.57143], [95.053922, 27.571495], [95.054104, 27.571278], [95.054237, 27.571276], [95.054329, 27.571365], [95.054432, 27.571668], [95.054534, 27.571734], [95.054736, 27.571696], [95.054866, 27.571808], [95.054891, 27.571988], [95.054852, 27.572169], [95.055091, 27.572436], [95.055185, 27.572615], [95.05534, 27.573515], [95.055484, 27.573788], [95.055586, 27.573841], [95.05559, 27.573331], [95.055494, 27.572611], [95.055386, 27.572161], [95.055227, 27.571893], [95.05519, 27.571623], [95.054422, 27.571154], [95.054248, 27.571005], [95.053707, 27.570829], [95.052778, 27.570756], [95.05266, 27.570667], [95.052569, 27.570488], [95.052072, 27.570017], [95.051517, 27.569601], [95.051416, 27.569242], [95.051346, 27.569118], [95.051165, 27.568975], [95.051159, 27.568885], [95.051344, 27.568521], [95.051385, 27.568159], [95.051428, 27.568104], [95.051571, 27.568066], [95.051538, 27.567976], [95.05139, 27.567798], [95.050705, 27.567342], [95.050499, 27.567149], [95.050357, 27.566911], [95.050389, 27.566681], [95.05059, 27.566562], [95.051501, 27.566561], [95.051803, 27.566483], [95.052507, 27.566789], [95.053229, 27.566893], [95.053409, 27.566866], [95.053124, 27.566703], [95.052792, 27.566604], [95.052487, 27.566338], [95.052463, 27.566158], [95.052606, 27.566064], [95.053009, 27.565964], [95.053617, 27.566002], [95.053983, 27.566135], [95.054037, 27.566225], [95.054028, 27.566337], [95.053662, 27.566682], [95.05367, 27.566862], [95.054139, 27.566834], [95.054648, 27.566969], [95.05506, 27.567331], [95.05559, 27.568604], [95.055972, 27.569355], [95.056225, 27.570075], [95.056434, 27.570427], [95.056634, 27.570699], [95.057458, 27.571499], [95.057761, 27.571855], [95.057881, 27.572305], [95.058302, 27.57275], [95.058615, 27.573377], [95.060265, 27.574916], [95.061163, 27.575956], [95.061301, 27.576151], [95.061832, 27.577465], [95.062252, 27.578305], [95.06267, 27.578964], [95.063601, 27.580013], [95.064103, 27.580786], [95.06416, 27.580965], [95.064125, 27.581056], [95.064027, 27.581118], [95.063223, 27.581442], [95.062416, 27.581618], [95.062011, 27.581627], [95.061407, 27.581457], [95.061093, 27.581307], [95.06027, 27.580641], [95.059655, 27.580227], [95.059411, 27.579863], [95.059377, 27.579683], [95.059424, 27.579501], [95.059099, 27.579145], [95.058741, 27.578609], [95.058692, 27.578429], [95.058773, 27.578157], [95.0585, 27.57771], [95.058253, 27.576902], [95.057943, 27.576365], [95.057889, 27.576095], [95.057893, 27.575644], [95.057946, 27.575497], [95.058047, 27.575463], [95.058574, 27.575904], [95.059071, 27.576062], [95.059475, 27.576035], [95.059683, 27.575888], [95.059521, 27.5758], [95.059166, 27.575739], [95.058758, 27.575604], [95.058042, 27.5752], [95.057711, 27.574834], [95.057626, 27.574639], [95.057427, 27.574387], [95.056961, 27.574033], [95.056397, 27.573904], [95.056094, 27.573904], [95.055925, 27.573958], [95.056069, 27.574136], [95.056406, 27.574337], [95.056818, 27.574712], [95.056923, 27.574755], [95.05702, 27.574702], [95.057087, 27.574573], [95.05722, 27.574544], [95.057385, 27.574749], [95.057494, 27.575288], [95.057526, 27.575739], [95.057474, 27.576101], [95.057353, 27.576251], [95.05715, 27.576241], [95.056639, 27.576009], [95.05603, 27.575904], [95.055522, 27.575856], [95.055118, 27.575898], [95.054513, 27.576024], [95.053607, 27.57634], [95.052598, 27.576535], [95.05189, 27.576607], [95.051579, 27.57682], [95.051377, 27.577274], [95.051073, 27.577459], [95.050593, 27.577651], [95.05019, 27.577732], [95.049987, 27.577722], [95.049875, 27.577657], [95.049822, 27.577478], [95.049861, 27.577387], [95.050278, 27.577026], [95.050403, 27.576657], [95.050617, 27.576563], [95.050481, 27.576475], [95.050268, 27.576495], [95.04986, 27.576665], [95.049646, 27.576848], [95.049351, 27.577304], [95.04917, 27.57735], [95.048943, 27.57722], [95.048788, 27.576951], [95.048654, 27.576865], [95.047945, 27.576823], [95.047536, 27.576611], [95.047028, 27.576537], [95.046213, 27.576292], [95.045219, 27.575921], [95.044543, 27.57557], [95.04314, 27.574688], [95.042806, 27.574332], [95.04282, 27.574151], [95.042614, 27.573884], [95.041392, 27.572973], [95.040711, 27.572558], [95.040243, 27.572204], [95.040136, 27.571935], [95.040152, 27.571622], [95.039948, 27.571584], [95.039749, 27.571747], [95.039648, 27.571764], [95.038027, 27.571729], [95.036814, 27.571862], [95.035704, 27.572057], [95.034691, 27.572048], [95.034581, 27.572016], [95.034623, 27.571835], [95.035032, 27.571739], [95.035118, 27.571647], [95.034965, 27.571559], [95.034944, 27.57147], [95.035099, 27.571196], [95.035121, 27.571106], [95.035076, 27.570978], [95.034974, 27.570959], [95.034773, 27.57104], [95.034159, 27.571571], [95.033798, 27.571757], [95.033168, 27.571869], [95.032155, 27.571859], [95.031517, 27.571429], [95.030923, 27.570905], [95.030822, 27.570945], [95.030749, 27.57117], [95.030626, 27.571308], [95.030524, 27.571245], [95.030288, 27.570906], [95.030066, 27.570007], [95.030099, 27.569916], [95.030195, 27.569898], [95.030399, 27.569967], [95.030708, 27.570241], [95.03091, 27.570219], [95.031203, 27.570261], [95.031622, 27.570399], [95.031827, 27.570529], [95.032, 27.57052], [95.031962, 27.57043], [95.030903, 27.569838], [95.029834, 27.569017], [95.029363, 27.568712], [95.028751, 27.568443], [95.028039, 27.568302], [95.027837, 27.568326], [95.027531, 27.56851], [95.027543, 27.5686], [95.027626, 27.568689], [95.027949, 27.568886], [95.028067, 27.569043], [95.027924, 27.569677], [95.027198, 27.57059], [95.026971, 27.570813], [95.026871, 27.570881], [95.026669, 27.570919], [95.026534, 27.571051], [95.026275, 27.571509], [95.026085, 27.572181], [95.02605, 27.572502], [95.026079, 27.572863], [95.026273, 27.573401], [95.026389, 27.573941], [95.026355, 27.574122], [95.026225, 27.574291], [95.02584, 27.574491], [95.025622, 27.574519], [95.02552, 27.574504], [95.025255, 27.574319], [95.024603, 27.574178], [95.022475, 27.574132], [95.02065, 27.574041], [95.019594, 27.57413], [95.019738, 27.574399], [95.019736, 27.574489], [95.019625, 27.574671], [95.017766, 27.576895], [95.017366, 27.577211], [95.017165, 27.577299], [95.016862, 27.577306], [95.016782, 27.57724], [95.016658, 27.577227], [95.015849, 27.577302], [95.015443, 27.577274], [95.015113, 27.577174], [95.014426, 27.577053], [95.013985, 27.576739], [95.013918, 27.576649], [95.013908, 27.576469], [95.013808, 27.57644], [95.013649, 27.576473], [95.013507, 27.57663], [95.013307, 27.576753], [95.013196, 27.57675], [95.012935, 27.576483], [95.012945, 27.576122], [95.013188, 27.575794], [95.013612, 27.57539], [95.01404, 27.575113], [95.014653, 27.574563], [95.015025, 27.574016], [95.015076, 27.573793], [95.014573, 27.573983], [95.014373, 27.574141], [95.013976, 27.574573], [95.013577, 27.5749], [95.012783, 27.575817], [95.012487, 27.57624], [95.012325, 27.576402], [95.012187, 27.576436], [95.011781, 27.576408], [95.011389, 27.576235], [95.011361, 27.576145], [95.011448, 27.576053], [95.011443, 27.575963], [95.01115, 27.575787], [95.010756, 27.575712], [95.010224, 27.57571], [95.009638, 27.575489], [95.00862, 27.575203], [95.006691, 27.574955], [95.004264, 27.575151], [95.002752, 27.575513], [95.001841, 27.575568], [95.001033, 27.575677], [95.000425, 27.575653], [94.999814, 27.575468], [94.999202, 27.575218], [94.998854, 27.574972], [94.998729, 27.574793], [94.998785, 27.574565], [94.999185, 27.574311], [95.0002, 27.574453], [95.000404, 27.574526], [95.000683, 27.574404], [95.000904, 27.574157], [95.001122, 27.573495], [95.001093, 27.573402], [95.000993, 27.573455], [95.000795, 27.573737], [95.000561, 27.574225], [95.000197, 27.574239], [94.999678, 27.574058], [94.999615, 27.573968], [94.999583, 27.573788], [94.999909, 27.573332], [94.999916, 27.573242], [94.99967, 27.573114], [94.999568, 27.573109], [94.998674, 27.573531], [94.997351, 27.573684], [94.996847, 27.573827], [94.99634, 27.573774], [94.996033, 27.573636], [94.995626, 27.573537], [94.994815, 27.573465], [94.994152, 27.573505], [94.993365, 27.573697], [94.99149, 27.574439], [94.990487, 27.574949], [94.989882, 27.575075], [94.989482, 27.575394], [94.98928, 27.57543], [94.988874, 27.575338], [94.988773, 27.57537], [94.988473, 27.575616], [94.988279, 27.575846], [94.98824, 27.576027], [94.988261, 27.576478], [94.988148, 27.576931], [94.988049, 27.577112], [94.987895, 27.577225], [94.987591, 27.577252], [94.987474, 27.577301], [94.987008, 27.57803], [94.986347, 27.578671], [94.986246, 27.579124], [94.986161, 27.579305], [94.985262, 27.580401], [94.984315, 27.580915], [94.983642, 27.581417], [94.983215, 27.581965], [94.983021, 27.582328], [94.982825, 27.582512], [94.982672, 27.582785], [94.982228, 27.583121], [94.981725, 27.583337], [94.981322, 27.583456], [94.981059, 27.58362], [94.980875, 27.583893], [94.980555, 27.584078], [94.98002, 27.584272], [94.979212, 27.584382], [94.978705, 27.584345], [94.978499, 27.58418], [94.977998, 27.583934], [94.977546, 27.58358], [94.977211, 27.583224], [94.976927, 27.583047], [94.976793, 27.582778], [94.976683, 27.58269], [94.975216, 27.581813], [94.974769, 27.581273], [94.974702, 27.580732], [94.974751, 27.580461], [94.974785, 27.5804], [94.974886, 27.580367], [94.975396, 27.580536], [94.9757, 27.58059], [94.975903, 27.580573], [94.976103, 27.580464], [94.976507, 27.580389], [94.976712, 27.580502], [94.977, 27.58079], [94.977022, 27.58088], [94.977295, 27.581237], [94.977492, 27.581415], [94.97764, 27.581463], [94.978147, 27.581456], [94.978306, 27.581493], [94.978557, 27.581743], [94.978655, 27.581669], [94.978553, 27.581517], [94.978315, 27.581313], [94.97753, 27.580957], [94.977183, 27.580878], [94.977055, 27.580699], [94.977014, 27.580519], [94.977125, 27.580427], [94.977419, 27.580402], [94.977522, 27.580331], [94.977595, 27.580059], [94.977817, 27.580019], [94.978529, 27.580197], [94.979449, 27.580661], [94.97974, 27.580661], [94.979446, 27.580513], [94.979217, 27.580307], [94.979201, 27.580217], [94.979312, 27.580035], [94.979309, 27.579945], [94.979232, 27.579867], [94.97874, 27.579772], [94.978622, 27.579711], [94.978638, 27.579503], [94.978515, 27.579408], [94.978312, 27.579363], [94.97811, 27.579385], [94.977707, 27.579542], [94.977304, 27.579639], [94.976697, 27.579676], [94.97619, 27.57963], [94.975283, 27.57928], [94.97435, 27.578721], [94.973947, 27.578397], [94.973601, 27.57795], [94.973064, 27.577507], [94.972917, 27.577328], [94.972857, 27.577149], [94.972859, 27.576968], [94.972999, 27.576784], [94.973081, 27.576514], [94.973497, 27.576328], [94.973599, 27.576343], [94.973804, 27.576471], [94.973907, 27.576612], [94.974067, 27.57668], [94.974318, 27.576914], [94.974425, 27.576765], [94.974314, 27.576496], [94.974048, 27.576229], [94.974035, 27.576049], [94.974125, 27.575687], [94.97406, 27.575417], [94.973882, 27.575212], [94.973569, 27.574707], [94.973363, 27.574465], [94.973191, 27.574346], [94.972341, 27.573986], [94.971629, 27.57382], [94.970717, 27.573785], [94.969801, 27.573853], [94.968797, 27.57399], [94.968392, 27.573963], [94.968187, 27.573888], [94.967659, 27.573793], [94.96756, 27.573614], [94.967584, 27.573433], [94.967349, 27.573346], [94.967397, 27.573165], [94.967132, 27.572718], [94.967151, 27.572572], [94.967455, 27.572578], [94.968284, 27.572882], [94.969081, 27.572913], [94.969631, 27.572863], [94.969788, 27.572816], [94.969988, 27.57266], [94.970191, 27.572697], [94.970423, 27.572671], [94.970486, 27.57258], [94.97043, 27.57249], [94.970438, 27.57231], [94.970686, 27.572017], [94.970903, 27.571852], [94.970731, 27.571854], [94.970483, 27.571987], [94.969979, 27.572151], [94.969458, 27.572504], [94.968571, 27.572701], [94.967613, 27.57235], [94.967478, 27.572171], [94.967345, 27.572117], [94.966331, 27.57202], [94.965619, 27.571855], [94.964403, 27.571815], [94.9641, 27.571843], [94.961054, 27.571441], [94.960447, 27.571458], [94.960248, 27.571661], [94.960148, 27.571714], [94.960046, 27.571706], [94.959568, 27.571471], [94.959256, 27.571114], [94.95912, 27.570874], [94.958406, 27.570592], [94.957696, 27.570552], [94.957596, 27.570597], [94.957265, 27.571052], [94.957078, 27.571235], [94.956488, 27.571514], [94.955295, 27.572188], [94.954291, 27.572664], [94.953381, 27.572756], [94.953155, 27.572734], [94.952855, 27.572558], [94.952662, 27.572174], [94.95194, 27.571578], [94.951914, 27.571398], [94.95164, 27.571131], [94.951599, 27.571041], [94.95163, 27.570951], [94.951524, 27.570862], [94.951321, 27.570815], [94.951119, 27.570837], [94.949189, 27.570503], [94.948479, 27.570487], [94.94792, 27.570552], [94.94718, 27.570743], [94.946052, 27.571119], [94.945457, 27.571367], [94.944776, 27.571769], [94.944453, 27.571903], [94.943617, 27.572507], [94.942752, 27.573062], [94.942147, 27.57319], [94.941739, 27.573047], [94.940425, 27.573162], [94.939719, 27.573341], [94.939112, 27.5734], [94.939011, 27.573427], [94.938712, 27.573689], [94.937202, 27.574216], [94.936701, 27.574534], [94.9364, 27.57465], [94.935995, 27.574651], [94.935691, 27.574603], [94.935426, 27.574427], [94.935382, 27.574337], [94.935421, 27.574156], [94.935778, 27.573865], [94.935917, 27.573517], [94.935914, 27.573247], [94.936167, 27.572906], [94.936567, 27.57264], [94.93707, 27.57245], [94.937575, 27.572364], [94.937981, 27.572403], [94.938283, 27.57232], [94.938591, 27.572533], [94.938691, 27.572503], [94.938784, 27.572394], [94.938701, 27.572305], [94.938283, 27.572309], [94.937672, 27.572132], [94.936758, 27.572004], [94.936556, 27.572028], [94.936236, 27.57252], [94.935624, 27.57316], [94.934861, 27.57355], [94.934152, 27.573525], [94.933948, 27.573469], [94.933641, 27.573294], [94.932933, 27.573341], [94.932223, 27.573248], [94.931412, 27.573242], [94.930502, 27.5733], [94.92998, 27.57351], [94.929474, 27.573878], [94.929296, 27.574061], [94.929208, 27.574584], [94.929015, 27.575148], [94.928819, 27.575518], [94.928619, 27.575637], [94.928517, 27.575601], [94.928413, 27.575491], [94.928312, 27.575457], [94.928211, 27.575484], [94.927911, 27.575724], [94.927539, 27.576251], [94.927486, 27.576432], [94.92753, 27.577093], [94.927637, 27.577411], [94.927846, 27.577691], [94.927543, 27.577858], [94.927445, 27.578026], [94.927046, 27.578369], [94.926593, 27.57852], [94.926138, 27.57859], [94.925123, 27.578462], [94.924867, 27.578364], [94.924644, 27.578096], [94.924505, 27.577842], [94.924444, 27.577918], [94.924601, 27.578277], [94.92463, 27.578548], [94.924501, 27.57873], [94.924199, 27.578915], [94.923715, 27.579037], [94.922004, 27.57967], [94.921876, 27.579669], [94.921824, 27.579579], [94.922066, 27.579034], [94.922412, 27.578488], [94.922288, 27.578483], [94.921887, 27.57877], [94.921393, 27.57947], [94.921093, 27.57968], [94.920892, 27.579749], [94.920282, 27.57966], [94.919876, 27.579556], [94.91967, 27.579387], [94.918856, 27.579169], [94.918583, 27.578992], [94.918418, 27.578814], [94.918361, 27.578544], [94.918213, 27.578456], [94.918105, 27.578277], [94.918187, 27.577915], [94.918196, 27.577554], [94.918334, 27.577191], [94.918314, 27.57711], [94.918114, 27.577257], [94.918013, 27.577269], [94.917808, 27.577164], [94.917296, 27.576212], [94.916883, 27.575677], [94.916505, 27.575321], [94.915468, 27.574523], [94.915362, 27.574344], [94.915376, 27.574163], [94.914919, 27.574073], [94.914508, 27.573735], [94.914331, 27.573456], [94.914369, 27.573184], [94.914294, 27.573115], [94.913629, 27.572924], [94.913341, 27.572657], [94.912865, 27.572423], [94.912584, 27.572216], [94.911837, 27.571561], [94.91132, 27.570953], [94.911011, 27.570665], [94.910952, 27.570073], [94.910754, 27.569805], [94.91064, 27.569535], [94.909762, 27.568735], [94.909455, 27.568198], [94.909243, 27.567969], [94.909038, 27.567834], [94.908774, 27.567756], [94.908528, 27.567609], [94.908117, 27.567263], [94.906775, 27.565816], [94.906114, 27.565266], [94.905334, 27.564472], [94.904307, 27.563628], [94.903297, 27.563138], [94.902457, 27.562608], [94.901724, 27.561986], [94.900857, 27.561367], [94.900412, 27.560931], [94.899905, 27.560658], [94.898668, 27.55965], [94.897637, 27.558543], [94.897116, 27.557694], [94.896786, 27.557361], [94.895222, 27.556299], [94.89394, 27.555552], [94.893715, 27.555327], [94.893324, 27.555089], [94.892728, 27.554619], [94.89258, 27.55444], [94.892589, 27.55435], [94.893004, 27.554101], [94.893105, 27.554108], [94.893319, 27.55425], [94.893168, 27.55362], [94.89324, 27.553438], [94.89349, 27.553074], [94.894094, 27.55271], [94.894196, 27.552753], [94.894299, 27.552899], [94.894402, 27.552953], [94.894468, 27.55288], [94.894515, 27.552518], [94.894892, 27.552015], [94.895192, 27.551781], [94.895256, 27.552238], [94.895407, 27.552538], [94.89543, 27.552145], [94.895356, 27.551605], [94.895406, 27.551423], [94.895331, 27.551244], [94.895382, 27.551101], [94.895582, 27.550921], [94.895784, 27.550914], [94.89618, 27.551052], [94.896222, 27.551141], [94.895976, 27.551235], [94.896094, 27.551283], [94.897004, 27.551198], [94.897814, 27.551207], [94.899878, 27.55073], [94.901138, 27.55017], [94.901543, 27.550142], [94.90205, 27.550202], [94.902961, 27.550211], [94.903135, 27.550144], [94.903346, 27.549871], [94.90376, 27.549562], [94.904163, 27.549443], [94.904774, 27.549639], [94.905183, 27.549841], [94.905388, 27.55], [94.905692, 27.550014], [94.906296, 27.549837], [94.906482, 27.549647], [94.906896, 27.549404], [94.907026, 27.549279], [94.907704, 27.549243], [94.908043, 27.549175], [94.908709, 27.54885], [94.909136, 27.548799], [94.909618, 27.548667], [94.91073, 27.548617], [94.911254, 27.548499], [94.911133, 27.548454], [94.910829, 27.548467], [94.910624, 27.548315], [94.91032, 27.548282], [94.909917, 27.548443], [94.909715, 27.548478], [94.909513, 27.548468], [94.909309, 27.548381], [94.909208, 27.548385], [94.908277, 27.54854], [94.907022, 27.548918], [94.905786, 27.549631], [94.905381, 27.549608], [94.905292, 27.549573], [94.905182, 27.549394], [94.905037, 27.549306], [94.904157, 27.549112], [94.903753, 27.549156], [94.903399, 27.549329], [94.903052, 27.549608], [94.902851, 27.549674], [94.902648, 27.549633], [94.902244, 27.54971], [94.901637, 27.549723], [94.901014, 27.549632], [94.901117, 27.54927], [94.901509, 27.548542], [94.9016, 27.548451], [94.902715, 27.54766], [94.903519, 27.547316], [94.903922, 27.547189], [94.904326, 27.547121], [94.90544, 27.547141], [94.905844, 27.547074], [94.907063, 27.547312], [94.9079, 27.547552], [94.908283, 27.547599], [94.908484, 27.547531], [94.908586, 27.547541], [94.908798, 27.54772], [94.909059, 27.547807], [94.909199, 27.547901], [94.909405, 27.547892], [94.909346, 27.547352], [94.909087, 27.547239], [94.908932, 27.547087], [94.908676, 27.546935], [94.908338, 27.546824], [94.907458, 27.546737], [94.907004, 27.546572], [94.906441, 27.546473], [94.90502, 27.546291], [94.904298, 27.546338], [94.904112, 27.546431], [94.903807, 27.546706], [94.903211, 27.547063], [94.90242, 27.547356], [94.901721, 27.547727], [94.901466, 27.547911], [94.901275, 27.548094], [94.900909, 27.548641], [94.900619, 27.549421], [94.900351, 27.549551], [94.900119, 27.549805], [94.900018, 27.54983], [94.899448, 27.549563], [94.898086, 27.54931], [94.89666, 27.548823], [94.895839, 27.548185], [94.895525, 27.547721], [94.895435, 27.547542], [94.895417, 27.547362], [94.894806, 27.547022], [94.894291, 27.546522], [94.893883, 27.546314], [94.892075, 27.545783], [94.891889, 27.545695], [94.891823, 27.545425], [94.892023, 27.545152], [94.892546, 27.545105], [94.893054, 27.544957], [94.892875, 27.54487], [94.892643, 27.544866], [94.892137, 27.544922], [94.891734, 27.545018], [94.891558, 27.545158], [94.891161, 27.545615], [94.890836, 27.545803], [94.890735, 27.545805], [94.890226, 27.545639], [94.889823, 27.545759], [94.889314, 27.545575], [94.889039, 27.545373], [94.888398, 27.545338], [94.888093, 27.545273], [94.887684, 27.545017], [94.887409, 27.544673], [94.886472, 27.543693], [94.885627, 27.543176], [94.885409, 27.542986], [94.88527, 27.542717], [94.885031, 27.542539], [94.884904, 27.542331], [94.883373, 27.541606], [94.882859, 27.541157], [94.882143, 27.540707], [94.882036, 27.540594], [94.881424, 27.540242], [94.880752, 27.53998], [94.880302, 27.539715], [94.879692, 27.539491], [94.879488, 27.539364], [94.878676, 27.539297], [94.878516, 27.539198], [94.878672, 27.539038], [94.879644, 27.538732], [94.880352, 27.538361], [94.881292, 27.537626], [94.881868, 27.536987], [94.882077, 27.53682], [94.882585, 27.536941], [94.882666, 27.536886], [94.882651, 27.536705], [94.882377, 27.536624], [94.881973, 27.536673], [94.881671, 27.536765], [94.881252, 27.536995], [94.880905, 27.537451], [94.880653, 27.537635], [94.88007, 27.537902], [94.879773, 27.538299], [94.879673, 27.538352], [94.879268, 27.538376], [94.879064, 27.538302], [94.878964, 27.538322], [94.878763, 27.538422], [94.877451, 27.538655], [94.876847, 27.538913], [94.876743, 27.538861], [94.876712, 27.538681], [94.876537, 27.538516], [94.876346, 27.538415], [94.876181, 27.538237], [94.875948, 27.537969], [94.875917, 27.537774], [94.875815, 27.537731], [94.875411, 27.537767], [94.874697, 27.53748], [94.874292, 27.537492], [94.873303, 27.537283], [94.872769, 27.537225], [94.872565, 27.537154], [94.872359, 27.536908], [94.872257, 27.536889], [94.871957, 27.537102], [94.871552, 27.537099], [94.871333, 27.536948], [94.871613, 27.536854], [94.871242, 27.536735], [94.870951, 27.536773], [94.870999, 27.536953], [94.870957, 27.537044], [94.87058, 27.537049], [94.870473, 27.53696], [94.870535, 27.53684], [94.870706, 27.536686], [94.870708, 27.536596], [94.870631, 27.53654], [94.87053, 27.536537], [94.870209, 27.536873], [94.869827, 27.5369], [94.86952, 27.536693], [94.868898, 27.535844], [94.868695, 27.535813], [94.868495, 27.535962], [94.868291, 27.53587], [94.868085, 27.535674], [94.867984, 27.535641], [94.867884, 27.535731], [94.868093, 27.536104], [94.868297, 27.536235], [94.8686, 27.536182], [94.869171, 27.536797], [94.869222, 27.537056], [94.869171, 27.537248], [94.869184, 27.537429], [94.86913, 27.537552], [94.869028, 27.537552], [94.8688, 27.537795], [94.868123, 27.537913], [94.866918, 27.538458], [94.866706, 27.538635], [94.866596, 27.538817], [94.866426, 27.539353], [94.866253, 27.539634], [94.865733, 27.540002], [94.86523, 27.540436], [94.865029, 27.540517], [94.863714, 27.540626], [94.863197, 27.540848], [94.862912, 27.541101], [94.862419, 27.541865], [94.861321, 27.542822], [94.861023, 27.54316], [94.860804, 27.543317], [94.860421, 27.543503], [94.860074, 27.543598], [94.859792, 27.543872], [94.859619, 27.543977], [94.858915, 27.544219], [94.858611, 27.544205], [94.857695, 27.543957], [94.857286, 27.543729], [94.857079, 27.543548], [94.856939, 27.543369], [94.8569, 27.543189], [94.857113, 27.543096], [94.85719, 27.543005], [94.856962, 27.542556], [94.857194, 27.542373], [94.857142, 27.542283], [94.856975, 27.542195], [94.856245, 27.541989], [94.855579, 27.541672], [94.855226, 27.541593], [94.854516, 27.541544], [94.85391, 27.541631], [94.852898, 27.541676], [94.851986, 27.541649], [94.851661, 27.541544], [94.851174, 27.54151], [94.85097, 27.541438], [94.850255, 27.541009], [94.849715, 27.540758], [94.849028, 27.54031], [94.848928, 27.540497], [94.849009, 27.540677], [94.849317, 27.541034], [94.849446, 27.541076], [94.849749, 27.541069], [94.849885, 27.541116], [94.84993, 27.541748], [94.850169, 27.541954], [94.850878, 27.54198], [94.850984, 27.542224], [94.851188, 27.542323], [94.851798, 27.542477], [94.852304, 27.542472], [94.85261, 27.542605], [94.852914, 27.542644], [94.853118, 27.542721], [94.85358, 27.542962], [94.854452, 27.543761], [94.855127, 27.544296], [94.856079, 27.544915], [94.856727, 27.545448], [94.856843, 27.545717], [94.856523, 27.546082], [94.856821, 27.546147], [94.857229, 27.546329], [94.857361, 27.546522], [94.857349, 27.546612], [94.857437, 27.546667], [94.857794, 27.546336], [94.86015, 27.545439], [94.860654, 27.545286], [94.862473, 27.545067], [94.862876, 27.544952], [94.863276, 27.544655], [94.863374, 27.544443], [94.863573, 27.544282], [94.863877, 27.544247], [94.864582, 27.544061], [94.865092, 27.544246], [94.866018, 27.545114], [94.867146, 27.545982], [94.867664, 27.546684], [94.868235, 27.547189], [94.868586, 27.547313], [94.868891, 27.547357], [94.869194, 27.547323], [94.869698, 27.547182], [94.870029, 27.547255], [94.87019, 27.547433], [94.870182, 27.547523], [94.870109, 27.547557], [94.869916, 27.548094], [94.869852, 27.548701], [94.870006, 27.549511], [94.870148, 27.549878], [94.870495, 27.550227], [94.871377, 27.550756], [94.872155, 27.551107], [94.872453, 27.551193], [94.873011, 27.551483], [94.873214, 27.551507], [94.873392, 27.551451], [94.873352, 27.551361], [94.873041, 27.551275], [94.872394, 27.550944], [94.872085, 27.550624], [94.870956, 27.549761], [94.8707, 27.549502], [94.870485, 27.549144], [94.870377, 27.548784], [94.870394, 27.548333], [94.87022, 27.547433], [94.870359, 27.54725], [94.870346, 27.54698], [94.870629, 27.546254], [94.87059, 27.545984], [94.870653, 27.545802], [94.870888, 27.545697], [94.871393, 27.545658], [94.871894, 27.545365], [94.872096, 27.545327], [94.8724, 27.545349], [94.873108, 27.545252], [94.875115, 27.544236], [94.87592, 27.543944], [94.876324, 27.543881], [94.878045, 27.543826], [94.878751, 27.543656], [94.879256, 27.543615], [94.879474, 27.543698], [94.879695, 27.543965], [94.879995, 27.545402], [94.880207, 27.545949], [94.880416, 27.546305], [94.880768, 27.546658], [94.881595, 27.547189], [94.882259, 27.547496], [94.882563, 27.54754], [94.882617, 27.547446], [94.882608, 27.547265], [94.882557, 27.547208], [94.881741, 27.546825], [94.881229, 27.546482], [94.881047, 27.546294], [94.880734, 27.545756], [94.880697, 27.545576], [94.880714, 27.545215], [94.880639, 27.544945], [94.88069, 27.544579], [94.880881, 27.544401], [94.880861, 27.54395], [94.880981, 27.543814], [94.881182, 27.543727], [94.881485, 27.543711], [94.881892, 27.543805], [94.8823, 27.544], [94.883428, 27.544838], [94.883632, 27.544928], [94.883936, 27.544895], [94.88414, 27.545021], [94.884609, 27.545523], [94.88558, 27.546142], [94.885743, 27.546411], [94.88626, 27.547035], [94.886407, 27.547304], [94.886767, 27.549014], [94.886987, 27.549191], [94.887469, 27.549726], [94.888495, 27.551016], [94.889141, 27.552592], [94.889451, 27.553629], [94.889663, 27.554163], [94.890412, 27.555462], [94.890486, 27.555822], [94.890417, 27.556094], [94.890718, 27.556629], [94.890922, 27.556703], [94.891209, 27.556986], [94.89176, 27.557339], [94.893433, 27.557948], [94.893616, 27.558126], [94.893787, 27.55842], [94.893993, 27.558651], [94.894399, 27.558698], [94.894909, 27.558929], [94.895315, 27.558999], [94.895623, 27.559222], [94.895874, 27.559269], [94.896133, 27.559452], [94.896264, 27.559624], [94.896333, 27.559894], [94.896331, 27.560165], [94.896236, 27.560708], [94.896313, 27.560977], [94.896467, 27.561246], [94.896983, 27.561761], [94.897294, 27.562147], [94.897721, 27.562492], [94.898113, 27.562705], [94.900542, 27.563627], [94.901989, 27.564307], [94.9027, 27.564443], [94.903007, 27.564598], [94.903514, 27.564612], [94.903719, 27.564789], [94.903927, 27.565128], [94.904133, 27.565298], [94.904136, 27.565022], [94.904204, 27.564841], [94.904327, 27.564799], [94.904531, 27.564906], [94.904739, 27.565209], [94.904845, 27.565505], [94.905016, 27.565732], [94.905158, 27.566029], [94.905373, 27.566723], [94.905453, 27.568343], [94.905606, 27.568496], [94.906131, 27.569586], [94.906465, 27.570044], [94.906964, 27.570867], [94.907382, 27.571385], [94.908258, 27.572095], [94.9093, 27.572713], [94.909622, 27.572979], [94.909534, 27.573086], [94.908827, 27.573226], [94.908224, 27.573448], [94.907676, 27.573728], [94.907118, 27.573916], [94.906512, 27.57406], [94.905602, 27.574101], [94.905397, 27.573985], [94.904881, 27.573424], [94.904372, 27.573262], [94.904271, 27.573279], [94.904233, 27.573414], [94.904344, 27.573683], [94.904279, 27.573751], [94.904076, 27.573708], [94.903911, 27.573599], [94.903125, 27.572707], [94.902476, 27.572084], [94.901764, 27.571643], [94.899827, 27.570225], [94.899795, 27.570135], [94.899827, 27.569954], [94.89993, 27.569773], [94.900048, 27.569681], [94.900258, 27.569613], [94.901075, 27.569486], [94.90076, 27.569391], [94.900051, 27.569371], [94.899433, 27.569509], [94.898703, 27.56988], [94.898137, 27.569958], [94.897833, 27.569923], [94.897587, 27.569714], [94.897108, 27.569023], [94.896401, 27.568648], [94.895603, 27.568117], [94.895264, 27.567787], [94.894854, 27.56749], [94.894445, 27.567255], [94.89353, 27.567086], [94.892517, 27.567034], [94.892424, 27.567168], [94.892022, 27.567444], [94.891312, 27.567675], [94.890911, 27.567889], [94.890312, 27.56839], [94.889616, 27.569174], [94.889316, 27.569345], [94.8891, 27.56965], [94.88872, 27.570053], [94.887759, 27.570751], [94.887217, 27.570982], [94.886409, 27.571133], [94.8857, 27.571146], [94.884888, 27.57097], [94.88442, 27.570796], [94.884173, 27.570642], [94.883826, 27.570533], [94.88265, 27.57043], [94.88204, 27.570319], [94.881836, 27.570224], [94.881533, 27.570275], [94.881432, 27.570205], [94.881326, 27.570028], [94.88102, 27.569863], [94.880922, 27.569761], [94.880874, 27.569581], [94.880909, 27.569309], [94.880656, 27.569042], [94.880556, 27.568773], [94.880431, 27.568684], [94.880357, 27.568324], [94.880396, 27.568233], [94.880787, 27.56806], [94.881291, 27.567962], [94.881592, 27.567808], [94.882197, 27.567626], [94.883512, 27.567511], [94.884205, 27.56737], [94.884956, 27.566998], [94.885121, 27.566852], [94.885322, 27.566756], [94.88542, 27.566614], [94.885633, 27.566448], [94.885734, 27.566176], [94.885714, 27.566039], [94.88537, 27.566361], [94.885118, 27.566671], [94.884815, 27.566752], [94.884612, 27.566737], [94.883908, 27.567006], [94.882392, 27.567162], [94.881367, 27.567498], [94.880681, 27.567784], [94.880076, 27.567949], [94.879974, 27.567914], [94.879767, 27.567689], [94.879451, 27.566957], [94.878691, 27.566181], [94.878681, 27.566], [94.878623, 27.565923], [94.878419, 27.565833], [94.878013, 27.565758], [94.876784, 27.565755], [94.876679, 27.565847], [94.876671, 27.566208], [94.876983, 27.566745], [94.87712, 27.566863], [94.877526, 27.566874], [94.877654, 27.566917], [94.877714, 27.567999], [94.878026, 27.568536], [94.878164, 27.568654], [94.878569, 27.568665], [94.878697, 27.568708], [94.878759, 27.56979], [94.87907, 27.570327], [94.879207, 27.570444], [94.879612, 27.570454], [94.879746, 27.570498], [94.8798, 27.571581], [94.880113, 27.572118], [94.88025, 27.572236], [94.880655, 27.572247], [94.880784, 27.572289], [94.880844, 27.573372], [94.880948, 27.573551], [94.881188, 27.573762], [94.881494, 27.573886], [94.882502, 27.57362], [94.883414, 27.573657], [94.883717, 27.573586], [94.883983, 27.5736], [94.884428, 27.573714], [94.88463, 27.573726], [94.884939, 27.573858], [94.885751, 27.574075], [94.88626, 27.574248], [94.886723, 27.574465], [94.887036, 27.574732], [94.887022, 27.574912], [94.886782, 27.57516], [94.886287, 27.575844], [94.885888, 27.576195], [94.885234, 27.576561], [94.885206, 27.576652], [94.885897, 27.576703], [94.886002, 27.576918], [94.886103, 27.576935], [94.886524, 27.576724], [94.887099, 27.576355], [94.887928, 27.575351], [94.8882, 27.575144], [94.888601, 27.57495], [94.889825, 27.574694], [94.890215, 27.574573], [94.890418, 27.574562], [94.890925, 27.574593], [94.891639, 27.574896], [94.892281, 27.575112], [94.892548, 27.575288], [94.892827, 27.575555], [94.893308, 27.57582], [94.893876, 27.576263], [94.894964, 27.576699], [94.895217, 27.576858], [94.896662, 27.578395], [94.897593, 27.579566], [94.898002, 27.57976], [94.898123, 27.580086], [94.898419, 27.580473], [94.898922, 27.581068], [94.899141, 27.581192], [94.899375, 27.581513], [94.89946, 27.581872], [94.899465, 27.582382], [94.899569, 27.582519], [94.899735, 27.58223], [94.899867, 27.582189], [94.899906, 27.582227], [94.899896, 27.582498], [94.899773, 27.582633], [94.899739, 27.582861], [94.899787, 27.583041], [94.90003, 27.583489], [94.900079, 27.584301], [94.900211, 27.584521], [94.900414, 27.584576], [94.900515, 27.584543], [94.900562, 27.584475], [94.900435, 27.583935], [94.900328, 27.582763], [94.900108, 27.581864], [94.900009, 27.581684], [94.900066, 27.581593], [94.90026, 27.581501], [94.900869, 27.581573], [94.901075, 27.581768], [94.901657, 27.582925], [94.901816, 27.583104], [94.902018, 27.583561], [94.902223, 27.584452], [94.902282, 27.584541], [94.90244, 27.584579], [94.903251, 27.584595], [94.903359, 27.585001], [94.903664, 27.585034], [94.903867, 27.585106], [94.904475, 27.585098], [94.90478, 27.58518], [94.905015, 27.585136], [94.905146, 27.585044], [94.905165, 27.584953], [94.905106, 27.583961], [94.905148, 27.5836], [94.905248, 27.583418], [94.905203, 27.583057], [94.905268, 27.582605], [94.905242, 27.582154], [94.905281, 27.581522], [94.905493, 27.580346], [94.905666, 27.579892], [94.905584, 27.579352], [94.905594, 27.57872], [94.905508, 27.577909], [94.905568, 27.577637], [94.905662, 27.577579], [94.90627, 27.577643], [94.907789, 27.577582], [94.908397, 27.577636], [94.909008, 27.577816], [94.909689, 27.578122], [94.910031, 27.578425], [94.910239, 27.578716], [94.910766, 27.579896], [94.911048, 27.58036], [94.911801, 27.581191], [94.912521, 27.581821], [94.912625, 27.581964], [94.912727, 27.582013], [94.912829, 27.582022], [94.912876, 27.581869], [94.913026, 27.58174], [94.91333, 27.581715], [94.913628, 27.581408], [94.913917, 27.581223], [94.913956, 27.581132], [94.913926, 27.581049], [94.913325, 27.581442], [94.913123, 27.581484], [94.912818, 27.581433], [94.912409, 27.581188], [94.912284, 27.581065], [94.911954, 27.580528], [94.911884, 27.580077], [94.911568, 27.579428], [94.911371, 27.57855], [94.911047, 27.578609], [94.910946, 27.578587], [94.910741, 27.578437], [94.910253, 27.577934], [94.909425, 27.577404], [94.908795, 27.577214], [94.908085, 27.577149], [94.906264, 27.577289], [94.90596, 27.577266], [94.905776, 27.577183], [94.905799, 27.577093], [94.90598, 27.577], [94.906016, 27.576909], [94.905953, 27.576829], [94.905544, 27.576637], [94.905027, 27.576201], [94.905334, 27.576185], [94.906349, 27.576311], [94.907361, 27.576263], [94.908475, 27.576286], [94.910296, 27.576134], [94.9108, 27.576041], [94.911307, 27.576024], [94.911814, 27.576105], [94.912222, 27.576255], [94.912526, 27.576288], [94.912629, 27.576351], [94.912681, 27.576456], [94.912804, 27.577087], [94.912569, 27.577722], [94.912754, 27.577729], [94.912819, 27.577808], [94.912904, 27.578349], [94.91297, 27.578504], [94.913073, 27.578598], [94.913173, 27.578519], [94.91338, 27.577981], [94.913371, 27.577801], [94.913186, 27.577533], [94.91315, 27.577353], [94.913197, 27.577171], [94.913351, 27.577089], [94.913363, 27.576989], [94.913204, 27.576359], [94.91292, 27.575635], [94.912867, 27.575371], [94.912914, 27.5753], [94.913015, 27.575275], [94.913218, 27.575311], [94.913652, 27.575541], [94.914038, 27.575864], [94.91462, 27.576701], [94.914946, 27.577328], [94.915107, 27.577867], [94.915186, 27.578407], [94.915349, 27.578766], [94.915543, 27.579666], [94.91557, 27.580297], [94.915337, 27.581023], [94.915042, 27.581159], [94.914635, 27.581045], [94.914609, 27.581123], [94.914837, 27.58139], [94.915091, 27.581928], [94.915296, 27.583279], [94.915495, 27.583915], [94.915704, 27.584286], [94.915911, 27.584545], [94.916229, 27.584801], [94.916628, 27.584998], [94.916872, 27.585424], [94.91696, 27.585874], [94.916959, 27.586596], [94.917014, 27.586866], [94.917144, 27.587044], [94.917272, 27.587083], [94.917576, 27.587084], [94.918183, 27.58707], [94.918399, 27.587027], [94.918447, 27.586936], [94.918377, 27.586559], [94.918569, 27.585969], [94.918871, 27.585832], [94.919478, 27.58583], [94.919682, 27.585886], [94.919887, 27.586044], [94.920218, 27.586551], [94.92094, 27.587353], [94.921076, 27.587802], [94.921118, 27.588253], [94.921042, 27.588396], [94.92064, 27.588576], [94.920624, 27.588621], [94.920744, 27.588704], [94.921252, 27.588821], [94.923481, 27.588808], [94.923609, 27.58885], [94.923657, 27.58921], [94.923794, 27.589328], [94.924199, 27.589354], [94.924301, 27.589412], [94.924606, 27.589438], [94.924708, 27.589496], [94.925114, 27.589521], [94.925216, 27.58958], [94.92552, 27.589606], [94.925724, 27.589678], [94.927547, 27.589654], [94.927675, 27.589696], [94.927722, 27.589966], [94.927858, 27.590084], [94.928264, 27.590109], [94.928366, 27.590168], [94.928671, 27.590194], [94.928773, 27.590252], [94.929179, 27.590277], [94.929281, 27.590335], [94.929585, 27.590362], [94.929688, 27.59042], [94.930093, 27.590445], [94.930297, 27.590517], [94.931816, 27.590492], [94.932353, 27.590443], [94.932024, 27.590267], [94.931505, 27.590087], [94.929368, 27.589528], [94.927776, 27.588973], [94.927721, 27.588883], [94.927733, 27.588692], [94.927428, 27.588649], [94.926516, 27.58864], [94.925638, 27.588461], [94.924887, 27.588144], [94.924365, 27.587757], [94.924015, 27.587401], [94.923602, 27.586775], [94.923242, 27.586509], [94.922365, 27.585618], [94.922103, 27.585293], [94.921691, 27.584903], [94.921054, 27.584554], [94.920769, 27.584305], [94.920671, 27.584108], [94.920607, 27.583567], [94.920641, 27.583386], [94.920879, 27.583022], [94.920843, 27.582782], [94.920426, 27.582093], [94.91982, 27.581412], [94.919281, 27.580968], [94.919004, 27.580611], [94.918699, 27.580164], [94.918625, 27.579894], [94.918665, 27.579808], [94.918893, 27.5798], [94.919682, 27.580076], [94.920596, 27.58022], [94.921812, 27.580254], [94.922413, 27.580203], [94.922722, 27.58014], [94.924031, 27.5797], [94.92547, 27.579619], [94.926254, 27.579442], [94.927072, 27.579055], [94.927581, 27.578687], [94.9281, 27.578229], [94.928559, 27.578016], [94.929065, 27.577994], [94.929775, 27.578054], [94.930358, 27.577927], [94.930461, 27.577835], [94.93052, 27.577473], [94.930977, 27.57727], [94.931029, 27.577195], [94.931751, 27.575224], [94.931949, 27.574983], [94.932231, 27.574742], [94.932346, 27.57453], [94.932546, 27.574337], [94.932746, 27.574227], [94.932964, 27.57428], [94.933362, 27.574664], [94.933645, 27.574812], [94.934796, 27.575157], [94.935905, 27.575332], [94.936817, 27.575348], [94.937143, 27.575305], [94.938054, 27.575112], [94.939336, 27.57462], [94.939639, 27.574582], [94.939944, 27.574618], [94.9402, 27.574811], [94.940274, 27.574991], [94.940552, 27.575348], [94.94064, 27.575708], [94.940769, 27.575796], [94.941425, 27.575967], [94.942197, 27.576019], [94.9425, 27.57598], [94.942823, 27.575677], [94.942797, 27.575627], [94.941887, 27.575698], [94.941483, 27.575605], [94.940505, 27.574897], [94.940434, 27.574808], [94.940552, 27.574627], [94.94052, 27.574536], [94.940347, 27.574448], [94.939909, 27.574364], [94.939886, 27.574274], [94.940173, 27.57409], [94.94044, 27.574023], [94.941351, 27.573998], [94.942064, 27.574221], [94.942268, 27.574339], [94.943347, 27.574677], [94.944506, 27.574865], [94.945723, 27.574995], [94.947039, 27.574957], [94.947645, 27.574838], [94.948147, 27.574619], [94.948451, 27.574591], [94.948628, 27.574422], [94.948584, 27.574152], [94.948715, 27.573789], [94.949137, 27.573313], [94.949439, 27.573197], [94.949906, 27.573231], [94.950659, 27.573496], [94.950961, 27.573668], [94.95155, 27.57384], [94.952614, 27.574005], [94.953505, 27.574058], [94.95553, 27.574021], [94.957053, 27.574243], [94.957254, 27.574157], [94.957624, 27.574115], [94.957671, 27.574024], [94.958359, 27.573649], [94.958558, 27.573463], [94.959165, 27.573414], [94.95937, 27.57355], [94.959574, 27.573621], [94.959577, 27.573546], [94.95944, 27.573368], [94.959337, 27.573098], [94.959345, 27.573008], [94.959503, 27.572916], [94.959996, 27.572909], [94.960775, 27.573078], [94.961086, 27.573212], [94.961695, 27.573293], [94.961827, 27.573424], [94.961836, 27.573966], [94.961891, 27.574145], [94.96212, 27.574437], [94.962429, 27.574687], [94.962631, 27.57468], [94.962822, 27.574854], [94.963144, 27.575024], [94.963347, 27.575082], [94.96426, 27.575157], [94.964771, 27.575417], [94.964878, 27.575367], [94.96479, 27.575097], [94.964874, 27.575006], [94.965067, 27.574953], [94.965271, 27.575046], [94.96543, 27.575269], [94.965783, 27.575376], [94.965801, 27.575805], [94.965931, 27.576074], [94.965952, 27.576525], [94.966004, 27.576704], [94.966624, 27.577125], [94.966828, 27.577202], [94.966932, 27.577352], [94.966925, 27.577774], [94.966653, 27.578707], [94.966618, 27.579042], [94.966668, 27.579583], [94.966908, 27.579941], [94.967166, 27.580117], [94.967286, 27.580152], [94.968505, 27.580362], [94.96917, 27.580089], [94.96971, 27.579754], [94.970114, 27.579721], [94.97042, 27.579817], [94.971544, 27.580361], [94.971849, 27.580421], [94.972156, 27.580633], [94.972259, 27.580731], [94.972417, 27.581036], [94.972511, 27.581485], [94.972731, 27.581753], [94.973502, 27.582244], [94.974012, 27.582431], [94.974417, 27.582441], [94.974724, 27.582635], [94.974856, 27.582806], [94.974855, 27.582896], [94.974732, 27.583076], [94.974229, 27.583257], [94.972509, 27.583366], [94.971939, 27.583569], [94.971637, 27.583935], [94.971474, 27.584388], [94.971162, 27.584934], [94.970821, 27.585239], [94.970414, 27.585757], [94.969968, 27.586485], [94.969738, 27.586995], [94.969438, 27.587196], [94.969175, 27.587489], [94.968939, 27.587643], [94.968535, 27.587769], [94.967658, 27.588233], [94.966847, 27.588515], [94.966318, 27.588793], [94.965419, 27.589061], [94.964919, 27.589377], [94.964151, 27.589636], [94.962304, 27.590456], [94.961499, 27.59074], [94.960875, 27.590856], [94.960387, 27.590892], [94.959961, 27.590869], [94.95978, 27.590781], [94.959741, 27.590691], [94.959166, 27.590567], [94.958679, 27.590255], [94.958348, 27.590123], [94.957632, 27.58972], [94.956918, 27.589456], [94.956246, 27.589116], [94.955894, 27.588848], [94.955643, 27.588583], [94.955374, 27.58804], [94.954863, 27.587786], [94.954012, 27.587162], [94.953853, 27.586893], [94.95403, 27.58653], [94.953929, 27.586518], [94.953728, 27.586612], [94.953424, 27.58664], [94.952204, 27.586357], [94.951597, 27.586397], [94.951092, 27.586501], [94.950788, 27.586481], [94.950586, 27.58654], [94.950388, 27.586671], [94.949681, 27.586902], [94.949277, 27.586964], [94.948874, 27.587104], [94.94847, 27.587159], [94.947949, 27.587337], [94.94761, 27.587523], [94.947324, 27.587888], [94.946977, 27.588661], [94.946866, 27.589248], [94.946712, 27.589611], [94.946098, 27.590467], [94.945898, 27.590651], [94.945698, 27.590749], [94.944383, 27.590871], [94.943778, 27.591057], [94.943528, 27.59119], [94.943179, 27.591522], [94.942901, 27.592011], [94.942977, 27.59219], [94.942994, 27.592553], [94.943301, 27.592677], [94.944212, 27.59267], [94.944517, 27.592755], [94.94553, 27.59274], [94.945836, 27.592827], [94.946747, 27.592815], [94.947052, 27.5929], [94.947964, 27.592888], [94.948269, 27.592962], [94.949013, 27.592828], [94.949374, 27.592449], [94.949766, 27.591734], [94.949944, 27.59119], [94.950077, 27.591008], [94.950319, 27.590282], [94.950333, 27.590011], [94.950426, 27.58983], [94.950879, 27.589643], [94.951041, 27.589308], [94.951241, 27.589202], [94.951343, 27.589203], [94.951692, 27.589361], [94.951953, 27.589368], [94.951698, 27.58918], [94.951659, 27.58909], [94.951744, 27.588995], [94.95216, 27.589083], [94.952458, 27.589247], [94.952762, 27.58926], [94.953038, 27.589432], [94.953079, 27.589522], [94.95287, 27.589668], [94.952159, 27.589536], [94.952058, 27.589553], [94.951992, 27.589627], [94.952005, 27.589717], [94.952366, 27.589797], [94.952873, 27.589828], [94.953151, 27.589972], [94.953344, 27.59024], [94.954201, 27.590461], [94.954815, 27.590828], [94.955261, 27.591206], [94.955696, 27.592012], [94.956248, 27.592545], [94.956573, 27.592721], [94.957045, 27.592895], [94.958458, 27.593146], [94.960162, 27.593573], [94.961653, 27.593683], [94.963779, 27.59365], [94.964284, 27.593566], [94.964321, 27.593605], [94.964691, 27.593643], [94.967121, 27.593608], [94.967223, 27.593622], [94.967326, 27.593744], [94.967428, 27.593761], [94.96793, 27.593541], [94.968817, 27.59327], [94.969139, 27.59313], [94.969946, 27.59297], [94.970351, 27.592956], [94.97076, 27.593174], [94.970966, 27.593059], [94.971566, 27.59292], [94.972071, 27.592855], [94.972836, 27.592581], [94.97328, 27.592481], [94.973649, 27.592299], [94.97398, 27.592005], [94.974182, 27.591962], [94.974251, 27.59202], [94.974252, 27.59211], [94.974181, 27.592472], [94.974356, 27.593191], [94.974725, 27.593964], [94.974798, 27.594268], [94.974932, 27.594356], [94.975266, 27.594352], [94.975111, 27.593993], [94.975123, 27.593632], [94.97502, 27.593272], [94.975062, 27.593001], [94.97521, 27.592791], [94.975411, 27.592682], [94.975512, 27.592677], [94.975675, 27.592812], [94.975823, 27.593068], [94.975925, 27.593112], [94.976036, 27.593638], [94.976211, 27.593887], [94.976346, 27.593982], [94.976754, 27.59406], [94.977361, 27.594098], [94.977734, 27.594226], [94.978174, 27.594289], [94.979087, 27.594314], [94.97936, 27.594203], [94.979595, 27.594019], [94.979691, 27.593837], [94.979655, 27.593657], [94.979701, 27.593567], [94.97998, 27.593315], [94.980097, 27.59311], [94.980108, 27.592839], [94.980312, 27.592294], [94.980431, 27.592112], [94.980628, 27.591929], [94.981037, 27.591743], [94.981571, 27.591654], [94.983068, 27.591714], [94.983499, 27.591835], [94.98355, 27.591797], [94.983613, 27.591525], [94.983552, 27.591436], [94.983519, 27.591166], [94.983586, 27.591052], [94.983687, 27.591043], [94.984159, 27.591156], [94.984981, 27.591506], [94.985423, 27.591799], [94.985637, 27.592038], [94.98577, 27.592397], [94.985778, 27.592667], [94.985903, 27.592846], [94.986321, 27.593201], [94.986932, 27.593553], [94.987178, 27.593623], [94.98769, 27.593933], [94.988301, 27.594127], [94.988925, 27.594427], [94.989523, 27.594512], [94.989931, 27.594634], [94.990444, 27.595], [94.990648, 27.595055], [94.991255, 27.595066], [94.991456, 27.595023], [94.991454, 27.594752], [94.991574, 27.59466], [94.991855, 27.594566], [94.992253, 27.594231], [94.992513, 27.594105], [94.992452, 27.594033], [94.992352, 27.594092], [94.992044, 27.594112], [94.991545, 27.594264], [94.991039, 27.594287], [94.990835, 27.594224], [94.990219, 27.593745], [94.989272, 27.5937], [94.988489, 27.5933], [94.987906, 27.593178], [94.987403, 27.592825], [94.987247, 27.592556], [94.987242, 27.592376], [94.987302, 27.592194], [94.987753, 27.591812], [94.988764, 27.591717], [94.988965, 27.591607], [94.989066, 27.591638], [94.98932, 27.591895], [94.989682, 27.592047], [94.989755, 27.591979], [94.989736, 27.591889], [94.989525, 27.591711], [94.989453, 27.591532], [94.98948, 27.591441], [94.989569, 27.591423], [94.989766, 27.591618], [94.989822, 27.591888], [94.990052, 27.592245], [94.9904, 27.592567], [94.990751, 27.592686], [94.991167, 27.592951], [94.991563, 27.593126], [94.992133, 27.593175], [94.992537, 27.593127], [94.992939, 27.59293], [94.993216, 27.592651], [94.993131, 27.592326], [94.993018, 27.592112], [94.993144, 27.59184], [94.993737, 27.59147], [94.994122, 27.591155], [94.994323, 27.591048], [94.994424, 27.59104], [94.994698, 27.591186], [94.995867, 27.592413], [94.996379, 27.592746], [94.997103, 27.593558], [94.997614, 27.593794], [94.998278, 27.594203], [94.998448, 27.594381], [94.99873, 27.595008], [94.999372, 27.595762], [94.999577, 27.595934], [94.999679, 27.595976], [94.999772, 27.595896], [94.999826, 27.595715], [94.999726, 27.595445], [94.999367, 27.594819], [94.999363, 27.594729], [94.999553, 27.594609], [95.00026, 27.594475], [95.001277, 27.594695], [95.001482, 27.594822], [95.001895, 27.595291], [95.002105, 27.595677], [95.002204, 27.596041], [95.002563, 27.596939], [95.002834, 27.597296], [95.003359, 27.597797], [95.003498, 27.598008], [95.003482, 27.598099], [95.003366, 27.598175], [95.00256, 27.598427], [95.001968, 27.598752], [95.000781, 27.59922], [95.000735, 27.599311], [95.000905, 27.599399], [95.001768, 27.599448], [95.00183, 27.599566], [95.001879, 27.599973], [95.001981, 27.600018], [95.00359, 27.59932], [95.004694, 27.598764], [95.005197, 27.598601], [95.005904, 27.598475], [95.006208, 27.598468], [95.008643, 27.598704], [95.009457, 27.598891], [95.010071, 27.599245], [95.010549, 27.599621], [95.010883, 27.599977], [95.010937, 27.600157], [95.010901, 27.600321], [95.010702, 27.600702], [95.010619, 27.601504], [95.010519, 27.601559], [95.010214, 27.601503], [95.009765, 27.600986], [95.009736, 27.600806], [95.009641, 27.600717], [95.009088, 27.600635], [95.008778, 27.600538], [95.007967, 27.600509], [95.007128, 27.600302], [95.006747, 27.600256], [95.006033, 27.600018], [95.00583, 27.599993], [95.005526, 27.599972], [95.004818, 27.600048], [95.004416, 27.600199], [95.003809, 27.600243], [95.003104, 27.600495], [95.003055, 27.600541], [95.003107, 27.600631], [95.003412, 27.600717], [95.003916, 27.600544], [95.004116, 27.600429], [95.004318, 27.600401], [95.004578, 27.600429], [95.004727, 27.600569], [95.005636, 27.600433], [95.006567, 27.600671], [95.007059, 27.60071], [95.007568, 27.600873], [95.00767, 27.600881], [95.007896, 27.600742], [95.008072, 27.600706], [95.008273, 27.600737], [95.008583, 27.60095], [95.008684, 27.600952], [95.008784, 27.600848], [95.009088, 27.600904], [95.009294, 27.60109], [95.009457, 27.601351], [95.009913, 27.601676], [95.010412, 27.60224], [95.010635, 27.602402], [95.011657, 27.6029], [95.01196, 27.602853], [95.012165, 27.602955], [95.012887, 27.603668], [95.013502, 27.604038], [95.014516, 27.604097], [95.015942, 27.604533], [95.016754, 27.604617], [95.017778, 27.60466], [95.01807, 27.604555], [95.018474, 27.604484], [95.018847, 27.604283], [95.018974, 27.604148], [95.019221, 27.604007], [95.019173, 27.603958], [95.019073, 27.603997], [95.01897, 27.603935], [95.019069, 27.603797], [95.019271, 27.603826], [95.019235, 27.603917], [95.019274, 27.603943], [95.019403, 27.603914], [95.019977, 27.60359], [95.020078, 27.603572], [95.020685, 27.603558], [95.020888, 27.603571], [95.021092, 27.603652], [95.021175, 27.603618], [95.020989, 27.60353], [95.020885, 27.603424], [95.020682, 27.603381], [95.019974, 27.60344], [95.019673, 27.603598], [95.019572, 27.603606], [95.019499, 27.603552], [95.019741, 27.603278], [95.019969, 27.603183], [95.020272, 27.60311], [95.021287, 27.603249], [95.022702, 27.603027], [95.023313, 27.603223], [95.023416, 27.603305], [95.023765, 27.604302], [95.023849, 27.604829], [95.023955, 27.605073], [95.024053, 27.604881], [95.024154, 27.604893], [95.02445, 27.605194], [95.024465, 27.605277], [95.024478, 27.604833], [95.024111, 27.604568], [95.024066, 27.604298], [95.024156, 27.603935], [95.024354, 27.603571], [95.024534, 27.603519], [95.024738, 27.603572], [95.02515, 27.603949], [95.025633, 27.604545], [95.025915, 27.604993], [95.02607, 27.605351], [95.026175, 27.605801], [95.025994, 27.606345], [95.025993, 27.606887], [95.026167, 27.607425], [95.026434, 27.607652], [95.026556, 27.607871], [95.026502, 27.608413], [95.026554, 27.608695], [95.026755, 27.609041], [95.027072, 27.60931], [95.027596, 27.610271], [95.027949, 27.610648], [95.028431, 27.611583], [95.029203, 27.611893], [95.030571, 27.612279], [95.031156, 27.612497], [95.031797, 27.612813], [95.032601, 27.613288], [95.032922, 27.613413], [95.03404, 27.613622], [95.034652, 27.613846], [95.035253, 27.614332], [95.035782, 27.614681], [95.036513, 27.615035], [95.036702, 27.615084], [95.037316, 27.615428], [95.038239, 27.616052], [95.038443, 27.616129], [95.038478, 27.616089], [95.038412, 27.616], [95.038033, 27.615644], [95.036403, 27.614676], [95.035387, 27.613969], [95.034971, 27.613614], [95.034973, 27.613524], [95.035622, 27.613334], [95.036771, 27.613359], [95.037074, 27.613299], [95.037277, 27.613328], [95.037681, 27.613282], [95.037884, 27.613314], [95.038191, 27.613456], [95.038501, 27.6138], [95.038604, 27.613859], [95.038905, 27.613723], [95.039413, 27.613802], [95.039716, 27.613735], [95.039908, 27.613812], [95.039994, 27.614081], [95.040021, 27.614984], [95.039967, 27.616372], [95.039868, 27.61648], [95.039244, 27.616529], [95.039149, 27.616621], [95.039265, 27.616724], [95.039771, 27.616882], [95.040115, 27.617058], [95.040699, 27.617563], [95.041212, 27.617927], [95.041874, 27.619017], [95.042275, 27.620004], [95.04247, 27.620205], [95.043184, 27.620469], [95.04359, 27.620479], [95.043788, 27.620433], [95.043731, 27.620253], [95.043376, 27.619902], [95.043257, 27.619629], [95.043263, 27.619448], [95.043362, 27.619132], [95.043664, 27.619018], [95.04417, 27.619003], [95.044373, 27.619035], [95.044782, 27.619235], [95.044901, 27.619334], [95.045093, 27.619627], [95.045208, 27.620051], [95.045235, 27.620592], [95.045088, 27.621046], [95.045121, 27.621131], [95.045632, 27.621323], [95.045733, 27.62131], [95.045775, 27.621216], [95.045817, 27.620764], [95.04598, 27.619949], [95.045942, 27.619679], [95.045797, 27.619349], [95.045661, 27.618781], [95.0453, 27.617794], [95.045122, 27.617616], [95.044741, 27.617007], [95.044633, 27.616679], [95.04407, 27.615646], [95.044025, 27.615105], [95.043854, 27.614927], [95.043692, 27.614478], [95.043717, 27.614297], [95.044361, 27.614107], [95.043875, 27.614042], [95.043471, 27.614117], [95.043066, 27.614119], [95.04266, 27.614052], [95.042475, 27.613955], [95.041941, 27.613872], [95.041436, 27.613608], [95.040634, 27.612899], [95.039481, 27.611988], [95.038669, 27.611891], [95.03796, 27.611926], [95.037048, 27.611889], [95.036642, 27.611852], [95.036421, 27.611788], [95.036013, 27.611523], [95.035958, 27.611433], [95.035869, 27.611164], [95.035915, 27.610908], [95.036119, 27.611], [95.036868, 27.611059], [95.03681, 27.61097], [95.036462, 27.610885], [95.035488, 27.610177], [95.03529, 27.609976], [95.035232, 27.61], [95.035237, 27.610181], [95.035057, 27.610634], [95.035013, 27.610996], [95.03507, 27.611266], [95.035361, 27.611803], [95.035261, 27.611985], [95.035633, 27.612066], [95.03571, 27.612159], [95.035629, 27.61225], [95.035409, 27.612344], [95.034729, 27.612515], [95.034223, 27.612557], [95.033106, 27.612415], [95.031755, 27.612037], [95.03093, 27.611688], [95.030658, 27.611518], [95.030243, 27.610986], [95.030186, 27.610796], [95.030424, 27.609819], [95.030623, 27.609598], [95.030724, 27.609606], [95.030744, 27.609524], [95.03053, 27.609347], [95.030506, 27.609257], [95.030479, 27.608716], [95.030372, 27.608266], [95.030394, 27.608157], [95.030494, 27.608087], [95.030696, 27.608061], [95.031406, 27.608117], [95.032216, 27.608089], [95.032822, 27.608015], [95.033265, 27.608134], [95.033595, 27.60849], [95.033742, 27.60912], [95.033833, 27.609299], [95.03402, 27.609476], [95.034131, 27.609746], [95.034176, 27.610016], [95.034156, 27.610287], [95.034022, 27.61092], [95.034034, 27.61101], [95.034094, 27.611057], [95.034296, 27.611009], [95.034405, 27.610915], [95.034559, 27.610461], [95.034764, 27.610188], [95.034783, 27.609975], [95.034884, 27.609934], [95.035189, 27.609971], [95.035221, 27.60991], [95.035186, 27.60973], [95.034975, 27.609364], [95.03477, 27.609228], [95.034567, 27.609246], [95.034434, 27.6092], [95.034468, 27.608748], [95.034556, 27.608628], [95.034758, 27.608587], [95.035569, 27.608611], [95.036027, 27.608815], [95.036241, 27.608993], [95.036597, 27.609427], [95.036691, 27.609347], [95.03664, 27.609167], [95.035973, 27.608581], [95.035566, 27.608454], [95.034352, 27.608536], [95.03425, 27.6085], [95.033822, 27.608035], [95.033607, 27.607678], [95.033533, 27.607318], [95.033655, 27.607135], [95.033555, 27.606866], [95.033679, 27.606142], [95.03366, 27.605691], [95.033504, 27.604701], [95.033258, 27.604199], [95.033051, 27.603908], [95.032845, 27.603734], [95.032436, 27.603551], [95.031623, 27.603429], [95.031016, 27.603437], [95.030411, 27.603614], [95.029626, 27.603585], [95.029291, 27.6033], [95.029239, 27.603139], [95.029263, 27.603048], [95.029184, 27.602971], [95.029004, 27.602962], [95.028975, 27.602648], [95.028876, 27.60276], [95.028843, 27.602964], [95.02868, 27.603136], [95.028478, 27.603168], [95.028275, 27.603128], [95.027982, 27.602887], [95.02792, 27.602797], [95.027911, 27.602617], [95.027568, 27.602442], [95.026943, 27.602325], [95.026841, 27.602264], [95.026761, 27.602183], [95.026766, 27.601912], [95.026941, 27.601729], [95.027834, 27.601176], [95.028036, 27.601127], [95.028213, 27.600988], [95.028336, 27.60095], [95.028841, 27.600887], [95.029652, 27.600893], [95.030258, 27.60077], [95.031272, 27.600869], [95.031388, 27.600851], [95.031574, 27.600734], [95.031978, 27.600678], [95.032081, 27.600787], [95.032441, 27.601648], [95.032614, 27.602204], [95.032883, 27.602544], [95.033288, 27.602809], [95.03405, 27.60316], [95.034256, 27.603353], [95.034361, 27.603544], [95.034568, 27.603774], [95.035283, 27.604094], [95.035659, 27.604399], [95.035897, 27.604465], [95.036402, 27.604367], [95.036924, 27.60447], [95.03758, 27.605002], [95.03773, 27.60518], [95.037841, 27.605476], [95.038454, 27.606072], [95.038566, 27.606331], [95.038767, 27.606288], [95.038971, 27.606348], [95.039172, 27.606242], [95.039581, 27.606477], [95.040225, 27.607039], [95.041045, 27.607568], [95.041529, 27.607711], [95.04224, 27.607803], [95.042746, 27.607809], [95.042849, 27.607897], [95.042951, 27.608172], [95.043108, 27.60826], [95.044275, 27.60831], [95.045089, 27.608472], [95.045705, 27.608926], [95.045947, 27.609211], [95.046077, 27.60948], [95.046224, 27.609617], [95.046429, 27.609705], [95.046733, 27.609719], [95.047238, 27.609645], [95.047746, 27.60971], [95.048555, 27.609659], [95.049161, 27.609523], [95.050074, 27.609621], [95.050986, 27.609638], [95.052016, 27.609933], [95.052614, 27.609995], [95.053224, 27.610128], [95.05414, 27.610534], [95.054498, 27.610799], [95.055167, 27.611107], [95.055471, 27.611123], [95.055633, 27.611053], [95.054958, 27.610741], [95.054314, 27.61026], [95.054176, 27.610082], [95.054235, 27.61003], [95.054641, 27.610043], [95.054866, 27.609801], [95.05491, 27.60971], [95.054836, 27.609643], [95.054532, 27.609618], [95.054468, 27.609536], [95.054484, 27.609446], [95.054747, 27.609081], [95.054917, 27.608627], [95.054816, 27.608574], [95.054316, 27.60891], [95.054237, 27.609088], [95.054304, 27.609358], [95.054027, 27.609701], [95.053926, 27.609737], [95.053866, 27.609726], [95.05384, 27.609636], [95.05394, 27.609544], [95.053964, 27.609453], [95.053817, 27.609311], [95.053716, 27.609366], [95.053618, 27.609528], [95.053418, 27.609639], [95.053216, 27.609713], [95.053013, 27.609693], [95.05281, 27.609627], [95.052603, 27.609402], [95.052412, 27.609296], [95.051953, 27.609122], [95.051967, 27.609032], [95.051838, 27.608943], [95.05107, 27.608683], [95.050975, 27.608505], [95.051037, 27.608323], [95.051703, 27.607501], [95.051694, 27.607411], [95.051795, 27.607229], [95.051804, 27.607139], [95.051671, 27.60696], [95.051672, 27.60687], [95.051937, 27.606595], [95.052243, 27.606384], [95.052593, 27.606225], [95.05315, 27.606161], [95.053758, 27.606161], [95.054054, 27.606203], [95.054684, 27.606465], [95.05549, 27.606685], [95.055952, 27.606987], [95.056512, 27.607178], [95.056918, 27.607231], [95.057019, 27.607211], [95.057219, 27.607078], [95.057422, 27.607101], [95.057627, 27.607199], [95.057833, 27.607365], [95.057963, 27.607589], [95.057924, 27.60768], [95.057839, 27.607723], [95.05732, 27.607869], [95.057843, 27.607931], [95.058252, 27.608154], [95.058701, 27.608661], [95.05907, 27.609197], [95.059085, 27.609316], [95.058986, 27.609464], [95.058536, 27.609566], [95.059295, 27.609716], [95.059705, 27.61], [95.060212, 27.609994], [95.060817, 27.609854], [95.061086, 27.609889], [95.061529, 27.610024], [95.061836, 27.610187], [95.06204, 27.610239], [95.062552, 27.610556], [95.063184, 27.611121], [95.063313, 27.61139], [95.063331, 27.612292], [95.063386, 27.612472], [95.063503, 27.612646], [95.063887, 27.612916], [95.06407, 27.613274], [95.064114, 27.613544], [95.064023, 27.613726], [95.064036, 27.614027], [95.064133, 27.613802], [95.064234, 27.613792], [95.064336, 27.613844], [95.064381, 27.613811], [95.064323, 27.613146], [95.064575, 27.612725], [95.064817, 27.612451], [95.064835, 27.61236], [95.064747, 27.612091], [95.064825, 27.611999], [95.065311, 27.61179], [95.065614, 27.611756], [95.06602, 27.611779], [95.066428, 27.611936], [95.066814, 27.61215], [95.066998, 27.612328], [95.06709, 27.612507], [95.067098, 27.613139], [95.067166, 27.613491], [95.067479, 27.613855], [95.067636, 27.614214], [95.067523, 27.614576], [95.067369, 27.614849], [95.06732, 27.615211], [95.06762, 27.616078], [95.067724, 27.616242], [95.067814, 27.616287], [95.067828, 27.616358], [95.067927, 27.616252], [95.06806, 27.616283], [95.068126, 27.616372], [95.068032, 27.616439], [95.06793, 27.61639], [95.067867, 27.616466], [95.068041, 27.616923], [95.068202, 27.617003], [95.068249, 27.617092], [95.068249, 27.617219], [95.068351, 27.617216], [95.068453, 27.617293], [95.068554, 27.617263], [95.06865, 27.616981], [95.068752, 27.616989], [95.068887, 27.617173], [95.06907, 27.617787], [95.069585, 27.618607], [95.069931, 27.619775], [95.070142, 27.620132], [95.07055, 27.620578], [95.071269, 27.621551], [95.071519, 27.622368], [95.071683, 27.623268], [95.071814, 27.623627], [95.072023, 27.623931], [95.072381, 27.62425], [95.07305, 27.624657], [95.073458, 27.624798], [95.073966, 27.624886], [95.074682, 27.625238], [95.074885, 27.625253], [95.075288, 27.625122], [95.075592, 27.625155], [95.075797, 27.625287], [95.076081, 27.625368], [95.076278, 27.625546], [95.076414, 27.625757], [95.076457, 27.625543], [95.076406, 27.625319], [95.075985, 27.625099], [95.075744, 27.624922], [95.075697, 27.624832], [95.075824, 27.62465], [95.075988, 27.62464], [95.076427, 27.625182], [95.077381, 27.62589], [95.078161, 27.627077], [95.078467, 27.627175], [95.079278, 27.627185], [95.079389, 27.627685], [95.079693, 27.627719], [95.079897, 27.62779], [95.080303, 27.627799], [95.080507, 27.627873], [95.080912, 27.627882], [95.081015, 27.62794], [95.081421, 27.627963], [95.081625, 27.628035], [95.083954, 27.628001], [95.084411, 27.62795], [95.084247, 27.627772], [95.082812, 27.627072], [95.081784, 27.626726], [95.0814, 27.626642], [95.080373, 27.626137], [95.079855, 27.625763], [95.07918, 27.625141], [95.078046, 27.624346], [95.076876, 27.623413], [95.07673, 27.623102], [95.076581, 27.622292], [95.076441, 27.622024], [95.076193, 27.621305], [95.076118, 27.620789], [95.076001, 27.620406], [95.075967, 27.620045], [95.076011, 27.619323], [95.075817, 27.618513], [95.07577, 27.618458], [95.075566, 27.618417], [95.075429, 27.618249], [95.075073, 27.617712], [95.075037, 27.617532], [95.075063, 27.617442], [95.075255, 27.617258], [95.075844, 27.617041], [95.076148, 27.617034], [95.076211, 27.617064], [95.076252, 27.617164], [95.076354, 27.61718], [95.076455, 27.61718], [95.076613, 27.617058], [95.076756, 27.617035], [95.077163, 27.61713], [95.077366, 27.617124], [95.077663, 27.616773], [95.077899, 27.616316], [95.078157, 27.616085], [95.078287, 27.61604], [95.078757, 27.615678], [95.07946, 27.615376], [95.07986, 27.615071], [95.080161, 27.614929], [95.081159, 27.614118], [95.08136, 27.614043], [95.081859, 27.613672], [95.08216, 27.613507], [95.082992, 27.613172], [95.083606, 27.613072], [95.083972, 27.612873], [95.084885, 27.612949], [95.084985, 27.612903], [95.085083, 27.612779], [95.085155, 27.612598], [95.085535, 27.612321], [95.08548, 27.61225], [95.085175, 27.612202], [95.08467, 27.61229], [95.084365, 27.612251], [95.08386, 27.612336], [95.083353, 27.612311], [95.08259, 27.611914], [95.081106, 27.611338], [95.080678, 27.611041], [95.080441, 27.610954], [95.080363, 27.610865], [95.080497, 27.610682], [95.080313, 27.610595], [95.079879, 27.610511], [95.079165, 27.610474], [95.078355, 27.610528], [95.077747, 27.610468], [95.07714, 27.610547], [95.076532, 27.610512], [95.075207, 27.610109], [95.073584, 27.61], [95.071855, 27.609635], [95.071551, 27.609651], [95.071233, 27.609828], [95.070244, 27.610144], [95.069613, 27.610394], [95.068933, 27.610481], [95.068629, 27.610449], [95.068543, 27.61041], [95.068504, 27.61032], [95.068526, 27.610139], [95.069025, 27.60997], [95.069104, 27.60986], [95.068718, 27.609815], [95.068513, 27.609698], [95.068239, 27.609151], [95.068274, 27.60888], [95.068236, 27.60879], [95.067667, 27.608528], [95.067071, 27.608403], [95.066707, 27.608271], [95.066354, 27.607996], [95.065427, 27.607568], [95.065002, 27.607214], [95.063952, 27.605786], [95.06367, 27.605326], [95.063024, 27.604626], [95.061181, 27.60339], [95.060203, 27.602953], [95.05977, 27.602637], [95.05926, 27.602436], [95.058592, 27.602075], [95.057862, 27.601544], [95.057618, 27.601293], [95.057247, 27.600741], [95.057293, 27.60047], [95.056821, 27.600296], [95.055865, 27.599632], [95.054636, 27.598925], [95.054367, 27.598798], [95.05382, 27.598633], [95.05311, 27.598587], [95.052499, 27.598394], [95.052105, 27.598381], [95.05088, 27.598218], [95.05016, 27.597936], [95.048328, 27.597442], [95.047659, 27.597363], [95.046498, 27.597084], [95.045882, 27.597029], [95.043248, 27.596612], [95.042132, 27.596549], [95.041725, 27.596434], [95.04157, 27.59637], [95.041212, 27.596099], [95.040293, 27.595669], [95.039292, 27.59487], [95.037932, 27.593983], [95.036963, 27.59364], [95.036412, 27.593558], [95.03559, 27.593339], [95.034504, 27.592774], [95.033342, 27.592244], [95.033079, 27.592163], [95.032318, 27.591655], [95.032147, 27.591455], [95.03201, 27.590825], [95.032034, 27.590554], [95.032093, 27.590453], [95.032194, 27.590415], [95.033611, 27.590348], [95.034327, 27.590159], [95.035121, 27.589869], [95.035826, 27.589675], [95.037139, 27.589441], [95.037948, 27.589393], [95.038456, 27.58944], [95.039392, 27.589724], [95.039879, 27.589748], [95.03992, 27.589807], [95.040128, 27.589894], [95.042323, 27.590443], [95.043273, 27.59075], [95.044665, 27.591124], [95.045681, 27.591248], [95.046185, 27.591249], [95.04623, 27.591158], [95.045878, 27.590951], [95.04537, 27.590894], [95.045064, 27.590767], [95.043538, 27.590395], [95.042624, 27.590261], [95.042234, 27.590134], [95.04181, 27.590063], [95.041567, 27.589963], [95.041097, 27.58988], [95.040791, 27.589737], [95.040585, 27.58955], [95.04038, 27.589461], [95.04008, 27.58966], [95.039878, 27.589677], [95.039833, 27.589627], [95.039875, 27.589534], [95.040178, 27.58948], [95.04028, 27.589505], [95.040683, 27.589254], [95.041201, 27.589156], [95.041306, 27.589064], [95.041124, 27.588886], [95.04113, 27.588796], [95.041345, 27.588342], [95.04177, 27.587903], [95.042173, 27.587794], [95.042375, 27.587799], [95.042681, 27.587888], [95.042765, 27.58796], [95.042705, 27.588231], [95.042488, 27.588389], [95.041968, 27.588513], [95.041785, 27.588606], [95.041885, 27.588689], [95.04249, 27.58852], [95.042895, 27.588534], [95.044733, 27.589288], [95.045139, 27.589351], [95.045459, 27.589454], [95.046251, 27.589443], [95.046314, 27.589351], [95.045768, 27.589269], [95.04554, 27.589115], [95.045031, 27.588996], [95.044929, 27.588938], [95.044721, 27.588654], [95.044482, 27.588566], [95.043697, 27.58805], [95.043391, 27.587941], [95.043225, 27.587773], [95.043188, 27.587683], [95.043283, 27.587582], [95.044091, 27.587439], [95.045108, 27.587673], [95.046332, 27.58815], [95.046737, 27.588164], [95.047285, 27.588254], [95.047552, 27.588386], [95.048007, 27.588875], [95.048375, 27.589064], [95.04929, 27.58926], [95.049795, 27.589175], [95.050301, 27.589161], [95.050504, 27.589198], [95.050709, 27.589318], [95.050851, 27.589465], [95.051207, 27.590272], [95.051753, 27.590961], [95.052293, 27.591339], [95.052978, 27.59152], [95.053687, 27.591485], [95.054292, 27.591339], [95.054593, 27.591189], [95.055704, 27.591012], [95.056301, 27.590828], [95.057243, 27.590724], [95.058833, 27.590434], [95.059478, 27.590601], [95.059957, 27.590937], [95.060263, 27.591058], [95.060357, 27.591039], [95.059949, 27.590557], [95.059744, 27.590413], [95.059512, 27.590329], [95.059459, 27.59024], [95.059586, 27.589967], [95.059734, 27.589844], [95.06034, 27.589767], [95.06115, 27.589789], [95.061555, 27.589744], [95.061854, 27.589481], [95.062155, 27.589325], [95.062754, 27.5889], [95.063257, 27.588677], [95.063559, 27.588599], [95.064166, 27.588549], [95.065281, 27.588598], [95.065994, 27.588824], [95.066872, 27.589679], [95.068079, 27.590473], [95.068144, 27.590652], [95.06819, 27.591103], [95.068413, 27.591821], [95.068588, 27.592083], [95.068945, 27.592445], [95.069068, 27.592714], [95.069104, 27.592894], [95.069025, 27.593347], [95.069232, 27.594049], [95.069392, 27.594334], [95.070195, 27.595134], [95.070888, 27.595916], [95.071299, 27.596223], [95.071503, 27.596323], [95.071809, 27.596373], [95.07199, 27.596461], [95.072327, 27.597088], [95.072627, 27.597354], [95.072924, 27.59753], [95.073352, 27.597679], [95.073656, 27.597699], [95.073385, 27.597523], [95.072653, 27.596812], [95.072536, 27.596633], [95.072548, 27.596452], [95.072459, 27.596364], [95.072028, 27.596099], [95.071832, 27.595922], [95.071823, 27.595832], [95.071898, 27.595781], [95.072404, 27.595745], [95.073418, 27.595816], [95.073929, 27.596016], [95.074821, 27.596238], [95.075759, 27.596408], [95.076168, 27.596398], [95.076057, 27.59631], [95.075587, 27.596136], [95.074737, 27.595901], [95.074431, 27.595777], [95.073923, 27.595713], [95.073617, 27.595624], [95.072908, 27.595585], [95.072197, 27.595485], [95.071893, 27.595512], [95.07169, 27.595461], [95.071284, 27.595451], [95.07108, 27.595352], [95.070248, 27.594501], [95.070143, 27.594232], [95.070143, 27.594029], [95.070346, 27.594004], [95.07055, 27.594085], [95.070557, 27.594046], [95.070445, 27.593892], [95.070126, 27.593125], [95.069811, 27.592703], [95.06971, 27.592434], [95.069597, 27.592345], [95.069397, 27.59206], [95.069081, 27.591403], [95.068474, 27.590738], [95.067552, 27.589578], [95.06703, 27.589135], [95.067026, 27.589045], [95.067151, 27.588952], [95.067132, 27.588862], [95.067012, 27.588684], [95.066561, 27.58833], [95.065164, 27.587741], [95.064657, 27.587758], [95.064236, 27.588003], [95.062877, 27.588565], [95.062085, 27.589028], [95.061143, 27.589402], [95.060941, 27.589393], [95.06075, 27.589318], [95.060691, 27.589229], [95.06068, 27.589049], [95.06063, 27.589017], [95.060329, 27.58918], [95.059822, 27.589151], [95.059017, 27.589442], [95.057812, 27.590027], [95.05761, 27.590044], [95.057303, 27.589881], [95.057202, 27.58987], [95.056697, 27.589955], [95.055583, 27.589971], [95.055483, 27.590009], [95.055287, 27.590212], [95.054918, 27.590398], [95.053674, 27.590804], [95.052767, 27.591019], [95.052532, 27.590974], [95.052392, 27.590796], [95.052372, 27.590616], [95.052382, 27.590525], [95.052452, 27.590455], [95.052756, 27.59043], [95.052855, 27.590341], [95.052768, 27.590159], [95.052648, 27.590093], [95.052343, 27.590055], [95.052139, 27.589946], [95.05204, 27.589718], [95.052017, 27.589448], [95.051908, 27.589269], [95.051514, 27.589045], [95.05104, 27.58865], [95.050844, 27.588292], [95.050386, 27.588272], [95.050186, 27.588211], [95.050062, 27.588123], [95.050478, 27.587771], [95.050679, 27.587693], [95.051287, 27.587694], [95.051592, 27.587762], [95.051862, 27.587735], [95.052076, 27.587642], [95.051586, 27.587472], [95.051479, 27.58738], [95.051451, 27.5872], [95.051379, 27.587111], [95.051276, 27.587099], [95.050469, 27.587283], [95.049361, 27.587608], [95.048651, 27.587597], [95.048448, 27.587565], [95.048224, 27.587428], [95.048231, 27.587338], [95.048367, 27.587246], [95.048406, 27.587155], [95.048339, 27.587135], [95.048136, 27.587134], [95.047329, 27.587307], [95.046723, 27.587363], [95.046417, 27.587286], [95.046213, 27.587169], [95.045295, 27.58683], [95.044379, 27.586584], [95.044174, 27.586492], [95.043768, 27.586438], [95.043161, 27.586466], [95.042657, 27.586585], [95.041747, 27.586677], [95.041146, 27.587065], [95.040349, 27.587759], [95.039946, 27.587896], [95.039374, 27.58828], [95.03814, 27.588803], [95.038082, 27.588751], [95.038109, 27.58857], [95.038306, 27.588206], [95.038475, 27.588023], [95.038537, 27.587661], [95.038724, 27.587538], [95.039129, 27.587503], [95.039332, 27.587549], [95.039514, 27.587466], [95.039429, 27.587333], [95.039021, 27.587146], [95.038213, 27.587291], [95.038114, 27.5874], [95.038057, 27.587578], [95.037223, 27.588492], [95.036719, 27.588638], [95.036217, 27.588898], [95.035914, 27.588953], [95.035711, 27.588906], [95.035506, 27.588763], [95.035098, 27.588646], [95.034588, 27.588429], [95.033667, 27.588184], [95.033254, 27.588009], [95.032983, 27.587833], [95.032965, 27.587743], [95.033054, 27.587648], [95.033656, 27.587309], [95.034058, 27.58717], [95.03497, 27.587183], [95.03507, 27.587131], [95.035151, 27.586989], [95.035067, 27.58693], [95.034559, 27.586879], [95.033953, 27.586944], [95.032738, 27.586988], [95.032321, 27.587301], [95.031888, 27.587488], [95.031433, 27.587585], [95.031131, 27.587704], [95.030523, 27.587688], [95.030014, 27.58758], [95.02971, 27.587566], [95.028702, 27.587826], [95.027994, 27.587853], [95.027385, 27.587815], [95.026373, 27.58786], [95.025263, 27.588091], [95.023748, 27.588283], [95.023138, 27.588166], [95.022243, 27.587899], [95.020492, 27.587486], [95.019676, 27.587192], [95.019168, 27.587094], [95.018866, 27.587187], [95.018443, 27.587413], [95.017363, 27.588097], [95.01706, 27.588127], [95.01678, 27.588069], [95.016375, 27.587894], [95.016096, 27.587628], [95.016128, 27.587537], [95.015829, 27.587304], [95.015625, 27.587274], [95.015536, 27.587185], [95.014924, 27.586923], [95.014606, 27.586866], [95.013797, 27.586932], [95.013394, 27.587055], [95.012382, 27.587108], [95.011672, 27.587055], [95.011369, 27.587131], [95.011069, 27.587295], [95.010717, 27.587345], [95.010137, 27.587534], [95.009763, 27.5879], [95.009671, 27.588082], [95.00954, 27.588896], [95.009265, 27.589442], [95.008884, 27.58971], [95.00818, 27.589948], [95.007978, 27.589987], [95.007471, 27.589976], [95.007312, 27.589921], [95.007062, 27.589746], [95.006251, 27.589715], [95.005333, 27.589383], [95.005128, 27.589258], [95.005039, 27.589142], [95.004979, 27.588782], [95.004428, 27.588338], [95.003692, 27.587988], [95.0032, 27.587905], [95.003077, 27.587852], [95.002956, 27.587728], [95.002847, 27.587007], [95.002681, 27.586378], [95.002693, 27.586017], [95.002643, 27.585657], [95.002669, 27.585205], [95.002362, 27.584397], [95.002191, 27.584219], [95.001133, 27.583513], [95.000915, 27.583245], [95.000952, 27.583154], [95.001067, 27.583148], [95.00114, 27.583061], [95.001099, 27.582972], [95.000556, 27.582618], [95.000433, 27.582259], [95.000512, 27.582078], [95.001309, 27.581795], [95.001841, 27.581427], [95.002395, 27.580877], [95.002542, 27.580604], [95.002538, 27.580503], [95.002437, 27.580483], [95.002236, 27.580564], [95.002134, 27.580549], [95.001928, 27.580355], [95.001827, 27.580344], [95.001292, 27.581254], [95.001093, 27.581437], [95.000834, 27.581478], [95.00063, 27.581394], [95.000123, 27.581347], [94.999919, 27.581281], [94.999384, 27.580921], [94.998836, 27.580477], [94.998504, 27.580392], [94.99828, 27.580274], [94.997772, 27.580146], [94.996759, 27.580166], [94.996453, 27.580031], [94.996247, 27.579846], [94.995537, 27.57977], [94.994824, 27.579579], [94.994416, 27.57942], [94.994238, 27.57919], [94.994281, 27.578918], [94.994402, 27.578648], [94.994668, 27.578461], [94.994727, 27.57837], [94.994625, 27.578101], [94.994597, 27.577741], [94.994479, 27.577298], [94.994293, 27.576842], [94.993555, 27.576312], [94.993589, 27.57604], [94.993355, 27.575683], [94.993422, 27.575501], [94.993635, 27.575393], [94.99404, 27.575432], [94.994385, 27.575397], [94.994342, 27.575339], [94.994038, 27.575287], [94.993935, 27.575206], [94.993882, 27.574863], [94.993927, 27.574763], [94.994028, 27.574725], [94.99423, 27.574734], [94.99464, 27.574975], [94.995249, 27.57507], [94.995454, 27.575175], [94.995762, 27.57545], [94.996478, 27.575794], [94.997026, 27.576262], [94.997608, 27.576614], [95.000036, 27.577662], [95.001582, 27.57806], [95.002324, 27.578351], [95.002704, 27.578448], [95.003249, 27.578789], [95.003378, 27.578968], [95.003472, 27.579237], [95.003559, 27.579326], [95.003732, 27.579324], [95.004135, 27.579214], [95.005206, 27.578851], [95.005665, 27.578664], [95.005773, 27.578572], [95.005781, 27.578482], [95.00564, 27.57841], [95.005539, 27.578409], [95.004031, 27.578688], [95.003721, 27.578706], [95.003134, 27.57834], [95.002598, 27.578213], [95.002353, 27.57808], [95.002088, 27.578035], [95.00168, 27.577864], [95.001233, 27.577645], [95.001028, 27.577467], [95.001064, 27.57742], [95.001138, 27.577376], [95.001367, 27.577358], [95.002988, 27.577388], [95.005811, 27.576685], [95.006213, 27.57653], [95.006421, 27.576397], [95.006816, 27.576265], [95.007119, 27.57623], [95.007425, 27.5763], [95.008037, 27.576536], [95.00855, 27.576817], [95.009365, 27.577184], [95.010587, 27.577562], [95.011093, 27.577556], [95.012104, 27.577435], [95.012509, 27.577434], [95.013727, 27.57755], [95.014644, 27.577856], [95.015456, 27.577994], [95.016166, 27.578046], [95.018697, 27.578003], [95.019252, 27.577926], [95.02011, 27.577688], [95.020514, 27.577656], [95.022038, 27.577938], [95.022854, 27.578234], [95.022907, 27.578143], [95.022766, 27.577874], [95.022643, 27.57777], [95.022196, 27.577612], [95.021829, 27.577548], [95.021624, 27.577431], [95.021013, 27.577268], [95.02071, 27.577265], [95.020206, 27.577417], [95.019801, 27.577445], [95.019501, 27.577618], [95.019338, 27.577563], [95.019346, 27.577473], [95.019494, 27.577278], [95.02059, 27.576289], [95.020888, 27.575966], [95.021488, 27.575553], [95.021887, 27.575201], [95.021988, 27.57518], [95.022799, 27.575239], [95.023815, 27.575403], [95.024725, 27.575305], [95.025231, 27.575307], [95.026653, 27.575527], [95.026959, 27.575647], [95.027975, 27.575812], [95.030405, 27.575788], [95.030708, 27.57576], [95.030909, 27.575645], [95.031046, 27.575227], [95.031402, 27.574942], [95.032009, 27.57488], [95.032111, 27.57494], [95.032185, 27.57512], [95.032175, 27.575391], [95.032105, 27.575482], [95.032157, 27.575571], [95.032528, 27.575571], [95.033039, 27.575847], [95.033446, 27.575958], [95.03375, 27.575974], [95.034155, 27.575922], [95.035059, 27.575545], [95.035767, 27.575512], [95.036468, 27.575064], [95.037071, 27.574815], [95.037517, 27.57432], [95.037897, 27.574043], [95.038117, 27.573679], [95.038078, 27.573499], [95.037954, 27.573321], [95.03805, 27.572993], [95.038751, 27.572558], [95.03897, 27.572674], [95.039473, 27.573284], [95.039781, 27.573513], [95.040222, 27.574009], [95.041329, 27.575054], [95.041886, 27.575519], [95.042154, 27.575837], [95.042431, 27.575962], [95.043476, 27.576168], [95.044087, 27.576347], [95.044715, 27.57665], [95.045493, 27.57691], [95.046233, 27.577357], [95.04722, 27.577696], [95.048165, 27.57779], [95.048978, 27.577926], [95.049586, 27.578113], [95.049716, 27.578201], [95.050182, 27.578375], [95.051626, 27.578695], [95.05223, 27.578544], [95.052718, 27.578247], [95.052928, 27.577928], [95.053028, 27.577851], [95.053488, 27.577784], [95.053935, 27.577609], [95.053942, 27.577326], [95.054127, 27.577053], [95.054227, 27.576987], [95.054445, 27.576958], [95.055043, 27.577279], [95.055957, 27.578019], [95.056535, 27.578552], [95.057624, 27.579947], [95.059015, 27.580951], [95.059196, 27.581039], [95.059391, 27.581217], [95.059583, 27.581575], [95.059581, 27.581707], [95.059122, 27.582033], [95.058579, 27.582241], [95.058276, 27.582308], [95.058134, 27.582408], [95.057661, 27.582957], [95.0569, 27.58369], [95.05683, 27.583781], [95.056827, 27.583872], [95.056888, 27.583915], [95.05699, 27.583938], [95.05709, 27.5839], [95.057214, 27.583595], [95.057385, 27.583398], [95.058415, 27.582675], [95.058969, 27.582396], [95.059086, 27.582293], [95.05969, 27.582117], [95.060402, 27.582245], [95.060769, 27.582369], [95.061724, 27.582571], [95.062839, 27.582615], [95.064458, 27.582526], [95.066079, 27.582552], [95.066689, 27.582667], [95.067912, 27.58307], [95.067996, 27.582984], [95.067753, 27.582717], [95.067706, 27.582627], [95.067744, 27.582536], [95.0682, 27.58222], [95.068401, 27.582158], [95.068907, 27.582123], [95.069315, 27.582282], [95.069719, 27.582223], [95.069923, 27.582304], [95.070027, 27.582423], [95.070231, 27.582541], [95.070432, 27.582425], [95.07084, 27.58259], [95.071216, 27.583026], [95.071367, 27.583294], [95.071772, 27.583662], [95.071889, 27.583918], [95.07178, 27.584126], [95.071381, 27.584467], [95.071084, 27.584795], [95.07064, 27.585381], [95.070603, 27.585562], [95.070622, 27.586193], [95.070738, 27.586914], [95.07093, 27.58737], [95.071367, 27.588077], [95.071448, 27.588437], [95.072887, 27.589108], [95.073563, 27.589489], [95.073762, 27.589666], [95.074172, 27.590472], [95.074746, 27.590992], [95.074981, 27.591272], [95.075816, 27.592704], [95.076007, 27.593414], [95.076086, 27.593512], [95.076114, 27.593737], [95.076116, 27.593421], [95.076231, 27.593239], [95.076609, 27.593114], [95.076745, 27.593231], [95.077396, 27.594665], [95.077736, 27.595563], [95.078293, 27.596471], [95.078454, 27.596815], [95.078405, 27.59705], [95.078203, 27.597093], [95.077903, 27.597004], [95.077489, 27.596802], [95.077082, 27.596708], [95.076879, 27.59672], [95.076679, 27.596846], [95.076557, 27.597024], [95.076505, 27.597206], [95.07657, 27.597295], [95.076914, 27.59747], [95.078423, 27.598], [95.078728, 27.598062], [95.079136, 27.598232], [95.080006, 27.598777], [95.080266, 27.599031], [95.080571, 27.599124], [95.080776, 27.599244], [95.081188, 27.59959], [95.081432, 27.599749], [95.081664, 27.599836], [95.082037, 27.600101], [95.082518, 27.600277], [95.083355, 27.600352], [95.083709, 27.600707], [95.083829, 27.600886], [95.083908, 27.601156], [95.083828, 27.601518], [95.083619, 27.601972], [95.083014, 27.602884], [95.082782, 27.603542], [95.082754, 27.604783], [95.082688, 27.605145], [95.083024, 27.605619], [95.084051, 27.606377], [95.084616, 27.60674], [95.085076, 27.606975], [95.086812, 27.607698], [95.087529, 27.608161], [95.087631, 27.608174], [95.087728, 27.607961], [95.08804, 27.608042], [95.088264, 27.608219], [95.088757, 27.608844], [95.089067, 27.609123], [95.089499, 27.609645], [95.08994, 27.61036], [95.090216, 27.610956], [95.090425, 27.611248], [95.090839, 27.611713], [95.091664, 27.612497], [95.091869, 27.612624], [95.092481, 27.612823], [95.092686, 27.612963], [95.09299, 27.613], [95.093196, 27.61313], [95.093402, 27.613346], [95.093652, 27.613733], [95.093717, 27.613922], [95.093917, 27.61418], [95.09413, 27.614316], [95.094334, 27.61437], [95.095145, 27.61441], [95.095758, 27.614686], [95.09596, 27.614671], [95.096469, 27.614763], [95.096675, 27.614955], [95.096782, 27.615245], [95.09699, 27.615555], [95.097184, 27.615665], [95.097252, 27.615754], [95.097302, 27.615967], [95.097505, 27.616012], [95.097606, 27.615993], [95.097644, 27.615929], [95.096957, 27.614856], [95.096748, 27.614318], [95.096831, 27.614227], [95.097165, 27.614103], [95.097368, 27.614141], [95.098078, 27.614145], [95.098587, 27.614299], [95.099599, 27.614365], [95.100416, 27.614581], [95.101127, 27.614673], [95.101535, 27.614795], [95.101908, 27.614781], [95.102443, 27.614626], [95.10285, 27.614721], [95.102937, 27.614676], [95.102981, 27.614585], [95.102953, 27.614495], [95.103047, 27.614435], [95.10332, 27.61467], [95.103482, 27.615028], [95.103565, 27.615117], [95.103807, 27.615294], [95.104182, 27.615484], [95.104628, 27.615823], [95.105208, 27.616176], [95.105922, 27.616437], [95.106231, 27.616693], [95.106637, 27.616731], [95.106842, 27.616829], [95.107052, 27.617223], [95.107134, 27.61759], [95.107368, 27.617845], [95.107586, 27.617944], [95.107342, 27.617316], [95.107353, 27.617077], [95.107453, 27.617007], [95.107709, 27.61713], [95.107941, 27.617307], [95.108275, 27.617663], [95.108531, 27.61811], [95.108902, 27.618626], [95.109112, 27.619025], [95.109367, 27.619812], [95.109589, 27.620711], [95.109765, 27.621791], [95.109823, 27.622873], [95.109776, 27.623145], [95.109804, 27.623385], [95.10987, 27.623324], [95.110005, 27.623298], [95.1102, 27.622918], [95.110302, 27.622921], [95.110582, 27.623494], [95.110951, 27.623849], [95.110979, 27.62448], [95.110661, 27.625478], [95.110283, 27.626205], [95.110309, 27.626566], [95.11046, 27.626925], [95.110393, 27.627703], [95.1105, 27.627962], [95.110792, 27.627461], [95.11078, 27.62683], [95.110691, 27.62647], [95.110691, 27.62638], [95.110771, 27.626261], [95.11098, 27.626605], [95.11139, 27.626824], [95.111903, 27.627183], [95.112322, 27.627708], [95.112476, 27.628067], [95.112452, 27.628519], [95.11234, 27.628841], [95.111942, 27.629188], [95.11164, 27.629292], [95.111537, 27.629224], [95.111387, 27.628806], [95.11115, 27.628448], [95.11091, 27.628216], [95.110602, 27.628012], [95.110606, 27.628201], [95.111054, 27.628901], [95.111146, 27.62917], [95.11115, 27.629441], [95.111025, 27.629804], [95.110869, 27.63116], [95.110905, 27.631791], [95.110951, 27.631971], [95.111047, 27.63206], [95.111288, 27.632098], [95.111997, 27.632087], [95.112261, 27.632041], [95.112375, 27.631949], [95.112321, 27.631408], [95.112495, 27.630594], [95.112664, 27.63023], [95.112826, 27.630137], [95.112956, 27.629955], [95.113037, 27.629502], [95.113411, 27.628865], [95.113419, 27.627782], [95.113326, 27.627427], [95.113172, 27.627244], [95.112988, 27.626796], [95.112913, 27.626346], [95.112994, 27.625956], [95.113096, 27.625976], [95.113302, 27.62618], [95.11352, 27.626607], [95.113621, 27.626939], [95.113809, 27.627235], [95.114149, 27.6275], [95.114278, 27.627859], [95.114245, 27.628582], [95.114425, 27.629391], [95.114695, 27.630109], [95.114979, 27.630646], [95.115094, 27.630825], [95.115397, 27.631091], [95.11542, 27.631181], [95.115232, 27.631545], [95.114897, 27.63182], [95.114398, 27.632369], [95.114352, 27.63246], [95.114456, 27.632549], [95.114947, 27.632675], [95.115555, 27.632671], [95.115757, 27.632633], [95.115796, 27.632348], [95.115947, 27.632], [95.116146, 27.63177], [95.116346, 27.631654], [95.116652, 27.631754], [95.116857, 27.631907], [95.11697, 27.632467], [95.117193, 27.632778], [95.117517, 27.632863], [95.117788, 27.632878], [95.118044, 27.632855], [95.118168, 27.632763], [95.118167, 27.632673], [95.117757, 27.632318], [95.11772, 27.632138], [95.117821, 27.631956], [95.117823, 27.631866], [95.117657, 27.631508], [95.117557, 27.63142], [95.117353, 27.631356], [95.116941, 27.631067], [95.116129, 27.630924], [95.115835, 27.630813], [95.11575, 27.630634], [95.115661, 27.630004], [95.115603, 27.629875], [95.115396, 27.629688], [95.11534, 27.629467], [95.11539, 27.629373], [95.115594, 27.629445], [95.115634, 27.629192], [95.115597, 27.628922], [95.115785, 27.62881], [95.115806, 27.628738], [95.115891, 27.628195], [95.115873, 27.628119], [95.115617, 27.628109], [95.115591, 27.62802], [95.115646, 27.627928], [95.115868, 27.627866], [95.116067, 27.627661], [95.116407, 27.627556], [95.116869, 27.62722], [95.117118, 27.627094], [95.117415, 27.626638], [95.117664, 27.626442], [95.117865, 27.626342], [95.118168, 27.626301], [95.118575, 27.6264], [95.118785, 27.626707], [95.118791, 27.626888], [95.118848, 27.626977], [95.1193, 27.6272], [95.119404, 27.62737], [95.119459, 27.62769], [95.119674, 27.628047], [95.119726, 27.628588], [95.119325, 27.629497], [95.119273, 27.630129], [95.119362, 27.630418], [95.119668, 27.630755], [95.119979, 27.630917], [95.120285, 27.63101], [95.120698, 27.631417], [95.120999, 27.631241], [95.1211, 27.63123], [95.12145, 27.631359], [95.121486, 27.631449], [95.121439, 27.63163], [95.121317, 27.631969], [95.121139, 27.632266], [95.12103, 27.632629], [95.121033, 27.632719], [95.12114, 27.632808], [95.121435, 27.632842], [95.127107, 27.632749], [95.127713, 27.632632], [95.128323, 27.632732], [95.128738, 27.632691], [95.12842, 27.632482], [95.127909, 27.63226], [95.127778, 27.632165], [95.127193, 27.631937], [95.12699, 27.631899], [95.12647, 27.632004], [95.12548, 27.632417], [95.124668, 27.632359], [95.124465, 27.632315], [95.12426, 27.632194], [95.124162, 27.632386], [95.124062, 27.632442], [95.123152, 27.632569], [95.12275, 27.632714], [95.122345, 27.632745], [95.121892, 27.632616], [95.121786, 27.632527], [95.121833, 27.632448], [95.122146, 27.632341], [95.122194, 27.63198], [95.122346, 27.631616], [95.1223, 27.631527], [95.122013, 27.631264], [95.121907, 27.631044], [95.121701, 27.630861], [95.121086, 27.630505], [95.12068, 27.630484], [95.120361, 27.630383], [95.120248, 27.630295], [95.120165, 27.630021], [95.120176, 27.629574], [95.120335, 27.62903], [95.120702, 27.628754], [95.120835, 27.628571], [95.120752, 27.628211], [95.120795, 27.627669], [95.120722, 27.62758], [95.120483, 27.627494], [95.119932, 27.627141], [95.119348, 27.626518], [95.118901, 27.626254], [95.118602, 27.625988], [95.118262, 27.625926], [95.117751, 27.625663], [95.117344, 27.625624], [95.116544, 27.626139], [95.115835, 27.626178], [95.114612, 27.62581], [95.114269, 27.625603], [95.113854, 27.625249], [95.113585, 27.624892], [95.11353, 27.624622], [95.113263, 27.624108], [95.113155, 27.623996], [95.112946, 27.623458], [95.112871, 27.623007], [95.112517, 27.622381], [95.11224, 27.621393], [95.111881, 27.620742], [95.111788, 27.619775], [95.111605, 27.619146], [95.111023, 27.618295], [95.11089, 27.617894], [95.110837, 27.617534], [95.110905, 27.617378], [95.111108, 27.617432], [95.111314, 27.617608], [95.111629, 27.618172], [95.11173, 27.61818], [95.111713, 27.617881], [95.111541, 27.617433], [95.111358, 27.617255], [95.111205, 27.617202], [95.110999, 27.617045], [95.110833, 27.616812], [95.110754, 27.616181], [95.110536, 27.615553], [95.1105, 27.614741], [95.110633, 27.613927], [95.110493, 27.613478], [95.11046, 27.613208], [95.110518, 27.613085], [95.11072, 27.613034], [95.110924, 27.613105], [95.111027, 27.613208], [95.111236, 27.613467], [95.111414, 27.613915], [95.111654, 27.614181], [95.111756, 27.614224], [95.111858, 27.614244], [95.111961, 27.614178], [95.111889, 27.613998], [95.111674, 27.613731], [95.111684, 27.61355], [95.111738, 27.613459], [95.11225, 27.613581], [95.112659, 27.613766], [95.112766, 27.614082], [95.112204, 27.614264], [95.112154, 27.614355], [95.112369, 27.614498], [95.112672, 27.61446], [95.112877, 27.614567], [95.113181, 27.614577], [95.113479, 27.614786], [95.113696, 27.615034], [95.11423, 27.615226], [95.114616, 27.615426], [95.115211, 27.615572], [95.11529, 27.615841], [95.115438, 27.616062], [95.116263, 27.616824], [95.116776, 27.617142], [95.116983, 27.617363], [95.117111, 27.617619], [95.11719, 27.618429], [95.117469, 27.619237], [95.117838, 27.619689], [95.117963, 27.619952], [95.11803, 27.620673], [95.118166, 27.621212], [95.118461, 27.621569], [95.119084, 27.6221], [95.119408, 27.622274], [95.119726, 27.622361], [95.119993, 27.622538], [95.120245, 27.622805], [95.12085, 27.623066], [95.120906, 27.623156], [95.120908, 27.623426], [95.121029, 27.623876], [95.121165, 27.624115], [95.121268, 27.624155], [95.121338, 27.623961], [95.121334, 27.62342], [95.121219, 27.623151], [95.121211, 27.62297], [95.121344, 27.62285], [95.121848, 27.622739], [95.122149, 27.622866], [95.122467, 27.623283], [95.122711, 27.623489], [95.123082, 27.623654], [95.123385, 27.623614], [95.123588, 27.623637], [95.124404, 27.623913], [95.125517, 27.623837], [95.125819, 27.623751], [95.125921, 27.623762], [95.126138, 27.623888], [95.126544, 27.624544], [95.126749, 27.624708], [95.127365, 27.624952], [95.127671, 27.625236], [95.128149, 27.626023], [95.128304, 27.626536], [95.128403, 27.626378], [95.128604, 27.626314], [95.128706, 27.626326], [95.129116, 27.626566], [95.129151, 27.626549], [95.129113, 27.626412], [95.128803, 27.626126], [95.128591, 27.625613], [95.128387, 27.625551], [95.128154, 27.625571], [95.128183, 27.625473], [95.128283, 27.625423], [95.128385, 27.625456], [95.128583, 27.625384], [95.128481, 27.62518], [95.128176, 27.625116], [95.12797, 27.624971], [95.127935, 27.624762], [95.128075, 27.62458], [95.128467, 27.624453], [95.128771, 27.624477], [95.128896, 27.624567], [95.129111, 27.625105], [95.129494, 27.625153], [95.130201, 27.625081], [95.130303, 27.625106], [95.130919, 27.625536], [95.131237, 27.625885], [95.131588, 27.62606], [95.13181, 27.626057], [95.131803, 27.625966], [95.131474, 27.625611], [95.131396, 27.625431], [95.130498, 27.624725], [95.130193, 27.624654], [95.129789, 27.624731], [95.129688, 27.624709], [95.129244, 27.624472], [95.129101, 27.624293], [95.129095, 27.624203], [95.12917, 27.624125], [95.129271, 27.624112], [95.130083, 27.624224], [95.130386, 27.624145], [95.130971, 27.624084], [95.130954, 27.623814], [95.131186, 27.623589], [95.13159, 27.623546], [95.131807, 27.62344], [95.132296, 27.623355], [95.132702, 27.62342], [95.133012, 27.623726], [95.133216, 27.623802], [95.133624, 27.624404], [95.133819, 27.624582], [95.134145, 27.624671], [95.134431, 27.624843], [95.134554, 27.625022], [95.13459, 27.625202], [95.134561, 27.625262], [95.134461, 27.625295], [95.133849, 27.62509], [95.133646, 27.625074], [95.133342, 27.625095], [95.132783, 27.625229], [95.132438, 27.625489], [95.132075, 27.626143], [95.132249, 27.626196], [95.132637, 27.626224], [95.132763, 27.625861], [95.132803, 27.62559], [95.133044, 27.625405], [95.133651, 27.625315], [95.134057, 27.625381], [95.134458, 27.625565], [95.134677, 27.625742], [95.134866, 27.62601], [95.135086, 27.62621], [95.135495, 27.626403], [95.136303, 27.626619], [95.13662, 27.626907], [95.136824, 27.626998], [95.136927, 27.627095], [95.137003, 27.62706], [95.13691, 27.62679], [95.136919, 27.62665], [95.137319, 27.626395], [95.137925, 27.626286], [95.138433, 27.626387], [95.138845, 27.626701], [95.139054, 27.627062], [95.139468, 27.628014], [95.139512, 27.628284], [95.139486, 27.628398], [95.139382, 27.628467], [95.138477, 27.62863], [95.137675, 27.629061], [95.137069, 27.629224], [95.136314, 27.629326], [95.13596, 27.629467], [95.135555, 27.629492], [95.135053, 27.629714], [95.134132, 27.629226], [95.133924, 27.629092], [95.13372, 27.628881], [95.133509, 27.628477], [95.133428, 27.628017], [95.133452, 27.627565], [95.133413, 27.627386], [95.133335, 27.627206], [95.133134, 27.627029], [95.132873, 27.626998], [95.132656, 27.626856], [95.132205, 27.626682], [95.13165, 27.626652], [95.131242, 27.626489], [95.130836, 27.626449], [95.130231, 27.626634], [95.129831, 27.626893], [95.129628, 27.626872], [95.129321, 27.626707], [95.129329, 27.627121], [95.12923, 27.627255], [95.129132, 27.627271], [95.129253, 27.627359], [95.129515, 27.627355], [95.130049, 27.627167], [95.130554, 27.626888], [95.131045, 27.626774], [95.131349, 27.626775], [95.131857, 27.626865], [95.132876, 27.627159], [95.132978, 27.627226], [95.133037, 27.627391], [95.132979, 27.627934], [95.133119, 27.628653], [95.13313, 27.629014], [95.1332, 27.629103], [95.133483, 27.62928], [95.134171, 27.62954], [95.134549, 27.62983], [95.134957, 27.629995], [95.135262, 27.630051], [95.135467, 27.630176], [95.135569, 27.630184], [95.135596, 27.630149], [95.135533, 27.62997], [95.135568, 27.629879], [95.135779, 27.629786], [95.136163, 27.629465], [95.136467, 27.629479], [95.136673, 27.629648], [95.136876, 27.629656], [95.137178, 27.629571], [95.137479, 27.629434], [95.137643, 27.629306], [95.138082, 27.629118], [95.138989, 27.62889], [95.139698, 27.628883], [95.140309, 27.629072], [95.140926, 27.629507], [95.141577, 27.630418], [95.141964, 27.630798], [95.142298, 27.63149], [95.142269, 27.631851], [95.142327, 27.632031], [95.142289, 27.632302], [95.14233, 27.632392], [95.142604, 27.632431], [95.143907, 27.632367], [95.14395, 27.632277], [95.143302, 27.631875], [95.143096, 27.631677], [95.142857, 27.631301], [95.142569, 27.630647], [95.14184, 27.629609], [95.141141, 27.628349], [95.140565, 27.627727], [95.140275, 27.627291], [95.139757, 27.626718], [95.139236, 27.625994], [95.138718, 27.625379], [95.138485, 27.625051], [95.138192, 27.624403], [95.137844, 27.624069], [95.137368, 27.623711], [95.136958, 27.623472], [95.136077, 27.623103], [95.135718, 27.622748], [95.135684, 27.622658], [95.135725, 27.622578], [95.136025, 27.622472], [95.135923, 27.622323], [95.135727, 27.622206], [95.135149, 27.621674], [95.134935, 27.621316], [95.134842, 27.621047], [95.134865, 27.620685], [95.134562, 27.620056], [95.13424, 27.61916], [95.133925, 27.618577], [95.133603, 27.617636], [95.133396, 27.617429], [95.132682, 27.617174], [95.131959, 27.616424], [95.131637, 27.616313], [95.131448, 27.616189], [95.131224, 27.616139], [95.131163, 27.61605], [95.131239, 27.615883], [95.131376, 27.615776], [95.13143, 27.615324], [95.131393, 27.615144], [95.131433, 27.614421], [95.131307, 27.614165], [95.130893, 27.613721], [95.130543, 27.613442], [95.130326, 27.612814], [95.130144, 27.612546], [95.130079, 27.612366], [95.130126, 27.612005], [95.130251, 27.61193], [95.131066, 27.612185], [95.131472, 27.612212], [95.131676, 27.612275], [95.131978, 27.61222], [95.132081, 27.612261], [95.132206, 27.612424], [95.13224, 27.612694], [95.132499, 27.612956], [95.132534, 27.613051], [95.132555, 27.613231], [95.132406, 27.613379], [95.132351, 27.613505], [95.13241, 27.613553], [95.132636, 27.61332], [95.132705, 27.613129], [95.132736, 27.612777], [95.132799, 27.61272], [95.133418, 27.613578], [95.134055, 27.61411], [95.134348, 27.614266], [95.134855, 27.61427], [95.135161, 27.614374], [95.135264, 27.614494], [95.135306, 27.614632], [95.135285, 27.61556], [95.135504, 27.616408], [95.135911, 27.61742], [95.136137, 27.617684], [95.136444, 27.617834], [95.136838, 27.617948], [95.13716, 27.618232], [95.137772, 27.618398], [95.138655, 27.618371], [95.138681, 27.618269], [95.138173, 27.618213], [95.138044, 27.618019], [95.13815, 27.617927], [95.13847, 27.617864], [95.139173, 27.617516], [95.139777, 27.617327], [95.140081, 27.617314], [95.140183, 27.617367], [95.140315, 27.617533], [95.140366, 27.617803], [95.140353, 27.618254], [95.140473, 27.618704], [95.140721, 27.619008], [95.140927, 27.619175], [95.141132, 27.619266], [95.141228, 27.619234], [95.14094, 27.619058], [95.140789, 27.618879], [95.140716, 27.618339], [95.140761, 27.617707], [95.140577, 27.617349], [95.140378, 27.617171], [95.139974, 27.616997], [95.139364, 27.616952], [95.138961, 27.617048], [95.138388, 27.617382], [95.137555, 27.617688], [95.137151, 27.617721], [95.136956, 27.617675], [95.136742, 27.617542], [95.136534, 27.617291], [95.136267, 27.616242], [95.136238, 27.615972], [95.136098, 27.615692], [95.136056, 27.615433], [95.136082, 27.614845], [95.13664, 27.614792], [95.136622, 27.614702], [95.136382, 27.614671], [95.135871, 27.614411], [95.135768, 27.614264], [95.135707, 27.613994], [95.13564, 27.613905], [95.135439, 27.613728], [95.135141, 27.613339], [95.134728, 27.612967], [95.134183, 27.612664], [95.134038, 27.612486], [95.134, 27.612396], [95.134044, 27.612305], [95.134005, 27.612257], [95.133802, 27.612206], [95.133286, 27.611866], [95.132539, 27.611516], [95.131961, 27.611328], [95.131149, 27.611244], [95.130945, 27.611149], [95.130525, 27.610385], [95.130398, 27.609835], [95.130408, 27.609578], [95.130581, 27.609381], [95.130594, 27.60929], [95.130201, 27.608845], [95.128869, 27.608564], [95.128411, 27.608421], [95.12795, 27.608217], [95.127341, 27.608155], [95.127239, 27.608101], [95.127134, 27.607935], [95.126825, 27.607657], [95.126692, 27.607455], [95.125951, 27.607105], [95.124987, 27.606887], [95.124395, 27.606588], [95.123681, 27.606328], [95.122871, 27.605799], [95.122425, 27.60535], [95.122015, 27.605122], [95.121615, 27.605096], [95.121099, 27.604894], [95.120392, 27.604991], [95.119683, 27.60503], [95.118364, 27.604926], [95.118161, 27.60487], [95.117915, 27.604702], [95.11765, 27.604648], [95.116908, 27.604356], [95.116004, 27.604189], [95.115616, 27.604215], [95.115114, 27.604449], [95.114911, 27.604451], [95.114605, 27.604318], [95.114089, 27.60382], [95.113781, 27.603648], [95.112227, 27.603164], [95.111134, 27.602935], [95.11062, 27.602531], [95.110064, 27.602204], [95.109928, 27.602026], [95.109751, 27.601577], [95.109731, 27.601307], [95.109783, 27.601155], [95.109884, 27.60111], [95.110187, 27.601106], [95.111406, 27.601265], [95.111608, 27.601218], [95.111707, 27.601119], [95.111808, 27.601121], [95.112013, 27.601207], [95.112418, 27.601236], [95.113333, 27.601399], [95.113637, 27.601394], [95.11384, 27.601443], [95.11416, 27.60142], [95.114038, 27.601331], [95.113124, 27.601079], [95.112946, 27.600987], [95.112199, 27.600818], [95.111811, 27.600824], [95.111603, 27.600971], [95.110893, 27.600934], [95.110486, 27.600858], [95.110231, 27.600758], [95.109879, 27.600402], [95.109461, 27.600222], [95.109017, 27.599964], [95.108497, 27.599791], [95.108, 27.599709], [95.107828, 27.599582], [95.107273, 27.599359], [95.106498, 27.598853], [95.106191, 27.598703], [95.105988, 27.598669], [95.104471, 27.59884], [95.10376, 27.598732], [95.103556, 27.59866], [95.103319, 27.598336], [95.103199, 27.597886], [95.103287, 27.596983], [95.103462, 27.596709], [95.10342, 27.596349], [95.103036, 27.595813], [95.102353, 27.59456], [95.102362, 27.594446], [95.102739, 27.594374], [95.102256, 27.59423], [95.099705, 27.593216], [95.098845, 27.592989], [95.098276, 27.592677], [95.097562, 27.592377], [95.097258, 27.592379], [95.097133, 27.592564], [95.096995, 27.592656], [95.096254, 27.59288], [95.095951, 27.592923], [95.09514, 27.592864], [95.09442, 27.592514], [95.094187, 27.592247], [95.093669, 27.591804], [95.093494, 27.591528], [95.093476, 27.591355], [95.093541, 27.591084], [95.093452, 27.590905], [95.092375, 27.590109], [95.09192, 27.589935], [95.091233, 27.5898], [95.090931, 27.589885], [95.09083, 27.589927], [95.090532, 27.590246], [95.089733, 27.590812], [95.089227, 27.590854], [95.088921, 27.590728], [95.088616, 27.590665], [95.088411, 27.590568], [95.088103, 27.590321], [95.086263, 27.589451], [95.085147, 27.589337], [95.084739, 27.589197], [95.084329, 27.588925], [95.083814, 27.588499], [95.083097, 27.588047], [95.08214, 27.587284], [95.081906, 27.587017], [95.081871, 27.586747], [95.081957, 27.586711], [95.082162, 27.586802], [95.082568, 27.586868], [95.082877, 27.587135], [95.083181, 27.587158], [95.08357, 27.587083], [95.086201, 27.586171], [95.086701, 27.585845], [95.087781, 27.585305], [95.089843, 27.584371], [95.091122, 27.583984], [95.091728, 27.583887], [95.093045, 27.583865], [95.093552, 27.583926], [95.094265, 27.584109], [95.094789, 27.584387], [95.095692, 27.5846], [95.096102, 27.584839], [95.096822, 27.58545], [95.097026, 27.58553], [95.097127, 27.585525], [95.097174, 27.585344], [95.097015, 27.584955], [95.096502, 27.584595], [95.095854, 27.584281], [95.095756, 27.584192], [95.095793, 27.584101], [95.096022, 27.583917], [95.097195, 27.583448], [95.098464, 27.582797], [95.099899, 27.582151], [95.101199, 27.581294], [95.101983, 27.580849], [95.102575, 27.580389], [95.103001, 27.580155], [95.103302, 27.580043], [95.103618, 27.579831], [95.103399, 27.579817], [95.103326, 27.579746], [95.10339, 27.579293], [95.103184, 27.579152], [95.103148, 27.579026], [95.103136, 27.578666], [95.103194, 27.578213], [95.103107, 27.577403], [95.103186, 27.577131], [95.103395, 27.576947], [95.103748, 27.576844], [95.104357, 27.576932], [95.104458, 27.576911], [95.104658, 27.576767], [95.105165, 27.576847], [95.105886, 27.576819], [95.105881, 27.576729], [95.105664, 27.576411], [95.105154, 27.576252], [95.105024, 27.576291], [95.10499, 27.576472], [95.104856, 27.576553], [95.104655, 27.576621], [95.10435, 27.576548], [95.104149, 27.576304], [95.104149, 27.576214], [95.104643, 27.575982], [95.10535, 27.57588], [95.105653, 27.57588], [95.10606, 27.575952], [95.106367, 27.576113], [95.10657, 27.576169], [95.106671, 27.576152], [95.10687, 27.575968], [95.107072, 27.575912], [95.107478, 27.575963], [95.107887, 27.576155], [95.108086, 27.575983], [95.108287, 27.575923], [95.108686, 27.575964], [95.108796, 27.576029], [95.109099, 27.576019], [95.109236, 27.575956], [95.10917, 27.575776], [95.109194, 27.575696], [95.109295, 27.575654], [95.109902, 27.575856], [95.111004, 27.57611], [95.111138, 27.576198], [95.111177, 27.576287], [95.111074, 27.576379], [95.110729, 27.57652], [95.110528, 27.576569], [95.110123, 27.576577], [95.109744, 27.57676], [95.109318, 27.576889], [95.10861, 27.576935], [95.108309, 27.577074], [95.108162, 27.577055], [95.108165, 27.576965], [95.108104, 27.576947], [95.107803, 27.577059], [95.107194, 27.57702], [95.106541, 27.57708], [95.106541, 27.57717], [95.106734, 27.577257], [95.106862, 27.577436], [95.106902, 27.577633], [95.10781, 27.577437], [95.10869, 27.577318], [95.110433, 27.57693], [95.111541, 27.576611], [95.112752, 27.576359], [95.11417, 27.575881], [95.114866, 27.575701], [95.11628, 27.575531], [95.116686, 27.57555], [95.117194, 27.575644], [95.117704, 27.575822], [95.117909, 27.575947], [95.118622, 27.576159], [95.118941, 27.57635], [95.11938, 27.576704], [95.1195, 27.576973], [95.120008, 27.577597], [95.120809, 27.579314], [95.121562, 27.58028], [95.122057, 27.581003], [95.122227, 27.581173], [95.122265, 27.581291], [95.122368, 27.581368], [95.122167, 27.580542], [95.122174, 27.580451], [95.122248, 27.580406], [95.122758, 27.580583], [95.123109, 27.580798], [95.124, 27.581597], [95.124054, 27.581776], [95.123968, 27.582048], [95.124059, 27.582318], [95.124279, 27.582675], [95.124671, 27.58312], [95.124738, 27.583466], [95.124889, 27.583749], [95.125153, 27.584007], [95.125205, 27.583924], [95.125055, 27.583566], [95.124871, 27.582756], [95.124473, 27.58195], [95.124482, 27.58186], [95.124672, 27.581767], [95.124727, 27.581676], [95.124691, 27.581496], [95.12437, 27.58114], [95.123771, 27.580625], [95.123362, 27.580422], [95.122955, 27.580324], [95.121994, 27.579461], [95.121402, 27.578531], [95.121293, 27.578119], [95.121346, 27.577937], [95.12159, 27.577804], [95.121792, 27.577782], [95.122907, 27.577809], [95.123313, 27.577852], [95.12345, 27.577905], [95.123929, 27.578285], [95.124364, 27.578884], [95.124775, 27.579238], [95.125204, 27.579503], [95.125536, 27.579768], [95.127418, 27.580679], [95.127688, 27.580908], [95.127817, 27.581177], [95.127853, 27.581628], [95.127915, 27.581807], [95.128256, 27.582111], [95.128307, 27.582253], [95.128289, 27.582704], [95.128212, 27.582976], [95.128074, 27.583164], [95.127772, 27.583265], [95.127608, 27.583436], [95.127581, 27.583527], [95.127658, 27.583887], [95.128034, 27.584242], [95.128505, 27.584487], [95.128711, 27.584665], [95.128919, 27.584955], [95.128956, 27.58513], [95.128533, 27.585945], [95.127851, 27.586772], [95.127749, 27.587134], [95.127406, 27.58741], [95.12705, 27.587857], [95.126368, 27.589229], [95.12617, 27.58945], [95.125946, 27.589508], [95.125935, 27.589869], [95.126062, 27.590409], [95.126316, 27.590946], [95.126717, 27.591552], [95.12697, 27.591839], [95.128714, 27.593256], [95.130416, 27.59431], [95.130733, 27.594398], [95.130914, 27.594576], [95.130949, 27.594666], [95.130893, 27.595027], [95.131389, 27.596283], [95.131475, 27.596704], [95.131896, 27.597484], [95.132251, 27.597984], [95.132501, 27.598432], [95.133129, 27.599144], [95.134913, 27.600831], [95.135622, 27.601595], [95.1369, 27.602425], [95.137217, 27.602691], [95.138181, 27.603127], [95.13949, 27.603829], [95.140348, 27.604447], [95.141054, 27.604841], [95.14165, 27.60533], [95.142081, 27.605577], [95.143108, 27.606296], [95.144295, 27.607274], [95.14599, 27.608511], [95.146805, 27.608886], [95.14725, 27.609304], [95.147736, 27.609876], [95.148251, 27.610293], [95.148292, 27.6101], [95.148047, 27.609923], [95.148005, 27.609744], [95.147829, 27.60945], [95.147437, 27.609031], [95.147331, 27.608852], [95.14735, 27.608761], [95.147447, 27.608669], [95.14771, 27.608523], [95.148217, 27.608546], [95.149339, 27.608923], [95.149441, 27.60898], [95.149753, 27.609376], [95.149869, 27.609444], [95.150978, 27.609856], [95.151078, 27.609789], [95.151074, 27.609696], [95.151172, 27.609604], [95.151276, 27.609596], [95.15219, 27.609667], [95.152495, 27.609763], [95.152917, 27.610028], [95.15317, 27.610115], [95.153532, 27.61038], [95.153724, 27.610453], [95.153961, 27.610644], [95.154449, 27.611258], [95.154757, 27.611454], [95.155019, 27.61171], [95.155488, 27.612335], [95.15493, 27.612434], [95.155001, 27.612523], [95.155373, 27.612698], [95.155796, 27.612774], [95.1561, 27.612767], [95.156405, 27.612853], [95.157014, 27.612872], [95.157136, 27.612941], [95.157301, 27.613119], [95.157533, 27.613551], [95.157902, 27.614012], [95.157995, 27.614191], [95.158222, 27.614819], [95.158358, 27.615539], [95.158516, 27.616078], [95.158578, 27.616257], [95.158759, 27.616525], [95.158775, 27.616796], [95.158729, 27.616977], [95.158422, 27.617528], [95.158263, 27.618067], [95.158241, 27.618428], [95.158334, 27.618968], [95.158458, 27.61939], [95.15867, 27.619836], [95.159094, 27.620491], [95.159456, 27.621297], [95.159642, 27.621475], [95.160533, 27.621848], [95.161143, 27.621968], [95.162056, 27.622042], [95.162464, 27.622156], [95.162665, 27.622096], [95.163066, 27.621854], [95.163567, 27.621775], [95.163872, 27.621627], [95.16407, 27.621586], [95.164173, 27.621492], [95.164677, 27.62136], [95.16559, 27.621411], [95.165726, 27.62138], [95.16589, 27.621238], [95.165992, 27.621238], [95.166196, 27.621337], [95.166296, 27.621273], [95.16656, 27.621277], [95.166841, 27.621453], [95.166993, 27.621902], [95.166968, 27.622082], [95.166823, 27.622269], [95.166753, 27.622447], [95.166325, 27.622723], [95.166226, 27.622837], [95.166049, 27.62318], [95.165968, 27.623632], [95.166015, 27.623902], [95.166162, 27.624171], [95.166193, 27.624802], [95.166311, 27.625251], [95.166289, 27.625342], [95.166039, 27.625616], [95.165951, 27.625798], [95.165878, 27.626251], [95.165892, 27.62645], [95.166081, 27.626789], [95.16613, 27.627059], [95.166196, 27.627689], [95.166185, 27.628141], [95.166259, 27.628681], [95.166246, 27.629006], [95.166146, 27.629088], [95.165943, 27.629054], [95.16492, 27.628568], [95.164211, 27.628557], [95.163808, 27.628679], [95.163303, 27.62877], [95.162901, 27.628936], [95.162602, 27.629194], [95.162144, 27.629287], [95.162607, 27.629417], [95.162772, 27.629548], [95.163119, 27.629712], [95.163322, 27.629735], [95.163397, 27.629718], [95.163408, 27.629628], [95.163113, 27.629416], [95.163047, 27.629273], [95.163114, 27.629091], [95.163306, 27.62892], [95.163507, 27.628846], [95.163911, 27.628789], [95.164622, 27.628853], [95.16503, 27.629014], [95.166054, 27.629565], [95.166287, 27.629764], [95.166754, 27.630388], [95.167644, 27.630915], [95.168315, 27.631167], [95.16852, 27.631288], [95.168926, 27.631318], [95.169283, 27.631431], [95.170147, 27.631604], [95.170452, 27.631648], [95.170857, 27.631597], [95.171161, 27.631632], [95.172269, 27.631277], [95.172774, 27.631203], [95.173586, 27.631269], [95.173891, 27.631323], [95.174189, 27.631445], [95.174473, 27.631801], [95.174588, 27.632341], [95.174485, 27.632974], [95.174335, 27.633314], [95.174301, 27.633518], [95.174142, 27.633793], [95.174131, 27.634063], [95.174477, 27.633425], [95.174639, 27.633301], [95.175161, 27.634084], [95.175557, 27.634491], [95.175731, 27.63485], [95.175687, 27.635036], [95.17538, 27.635397], [95.175313, 27.635759], [95.175325, 27.636029], [95.175206, 27.636392], [95.175259, 27.636572], [95.175418, 27.636838], [95.175935, 27.637368], [95.176747, 27.637402], [95.177455, 27.637363], [95.177515, 27.637348], [95.17752, 27.637258], [95.177419, 27.637169], [95.176995, 27.637086], [95.176724, 27.63691], [95.176429, 27.636683], [95.176227, 27.636376], [95.176198, 27.636196], [95.176243, 27.636105], [95.176516, 27.635992], [95.176538, 27.635559], [95.176707, 27.63537], [95.176724, 27.635015], [95.176484, 27.634349], [95.176335, 27.634118], [95.17607, 27.633902], [95.175763, 27.633772], [95.1756, 27.633588], [95.175616, 27.633498], [95.175755, 27.633358], [95.175856, 27.633343], [95.17606, 27.633438], [95.176166, 27.633666], [95.176374, 27.633937], [95.176888, 27.634316], [95.177169, 27.634647], [95.177201, 27.634751], [95.177507, 27.634868], [95.177642, 27.63482], [95.177508, 27.634731], [95.177605, 27.634671], [95.177978, 27.634814], [95.177836, 27.635358], [95.178012, 27.635987], [95.178032, 27.636257], [95.17799, 27.636529], [95.178048, 27.636889], [95.178161, 27.637164], [95.17829, 27.637336], [95.17857, 27.637356], [95.178771, 27.637303], [95.178795, 27.637058], [95.178695, 27.636788], [95.178686, 27.636608], [95.178945, 27.636243], [95.179153, 27.636085], [95.179354, 27.636034], [95.179964, 27.636149], [95.180572, 27.636113], [95.181276, 27.635881], [95.181883, 27.635801], [95.182897, 27.635878], [95.183203, 27.635961], [95.183707, 27.636168], [95.183994, 27.636344], [95.184332, 27.636677], [95.18474, 27.63683], [95.184842, 27.636853], [95.185449, 27.636788], [95.186057, 27.636803], [95.18608, 27.636762], [95.18596, 27.636674], [95.185344, 27.636611], [95.184935, 27.636441], [95.184209, 27.63598], [95.183808, 27.635794], [95.183395, 27.635417], [95.18319, 27.635319], [95.18258, 27.635222], [95.181669, 27.635237], [95.181236, 27.635305], [95.180662, 27.63555], [95.180257, 27.6356], [95.179647, 27.635461], [95.179137, 27.635247], [95.178861, 27.635071], [95.178722, 27.634831], [95.178589, 27.634714], [95.178389, 27.634266], [95.178426, 27.633995], [95.178387, 27.633906], [95.177992, 27.633749], [95.177384, 27.633755], [95.177317, 27.633832], [95.177183, 27.63385], [95.177009, 27.633747], [95.176946, 27.633657], [95.176941, 27.633477], [95.177127, 27.633294], [95.176649, 27.633121], [95.176416, 27.632944], [95.175976, 27.632229], [95.175868, 27.63196], [95.175619, 27.631603], [95.175287, 27.631247], [95.174362, 27.63054], [95.173152, 27.629827], [95.171799, 27.629226], [95.171104, 27.628746], [95.170083, 27.628327], [95.169574, 27.628217], [95.169166, 27.628062], [95.168577, 27.627652], [95.168453, 27.627474], [95.16845, 27.627383], [95.168542, 27.627273], [95.168538, 27.627111], [95.168417, 27.626662], [95.168274, 27.626394], [95.168215, 27.626114], [95.168007, 27.625834], [95.16755, 27.625503], [95.167407, 27.625234], [95.167, 27.624789], [95.166827, 27.624341], [95.167051, 27.623555], [95.167187, 27.623252], [95.167347, 27.623192], [95.167654, 27.62331], [95.167754, 27.623265], [95.167861, 27.623151], [95.167807, 27.622972], [95.167847, 27.622865], [95.168159, 27.622786], [95.168551, 27.622603], [95.168719, 27.622416], [95.16877, 27.622145], [95.1686, 27.621696], [95.168632, 27.621527], [95.168731, 27.621435], [95.169157, 27.621326], [95.169917, 27.620953], [95.170362, 27.620676], [95.170687, 27.62058], [95.17084, 27.620468], [95.171142, 27.620396], [95.171345, 27.620411], [95.172204, 27.620737], [95.172467, 27.620797], [95.172501, 27.620733], [95.172159, 27.6206], [95.171828, 27.620382], [95.171692, 27.620204], [95.171789, 27.620112], [95.171946, 27.620054], [95.172542, 27.619453], [95.172739, 27.619167], [95.172997, 27.618469], [95.173227, 27.618225], [95.173627, 27.617999], [95.174135, 27.618029], [95.174336, 27.617974], [95.176244, 27.61713], [95.176994, 27.617052], [95.177006, 27.616962], [95.176631, 27.616878], [95.176619, 27.616788], [95.176749, 27.616605], [95.177041, 27.616448], [95.177445, 27.616365], [95.177646, 27.616266], [95.177944, 27.616014], [95.178168, 27.61568], [95.178443, 27.615586], [95.178843, 27.615342], [95.179045, 27.615295], [95.179147, 27.615331], [95.17925, 27.615446], [95.179352, 27.615458], [95.179548, 27.615208], [95.179531, 27.614937], [95.179605, 27.614755], [95.179841, 27.614603], [95.179943, 27.614599], [95.180014, 27.614659], [95.180258, 27.615173], [95.18051, 27.615553], [95.180741, 27.61573], [95.180979, 27.615763], [95.181341, 27.615721], [95.181584, 27.615609], [95.181987, 27.61551], [95.182482, 27.615252], [95.182433, 27.615162], [95.18247, 27.615071], [95.182987, 27.614861], [95.183391, 27.61482], [95.184202, 27.614844], [95.185218, 27.614998], [95.185626, 27.615119], [95.185828, 27.615076], [95.186126, 27.614777], [95.18643, 27.614648], [95.186524, 27.614413], [95.186625, 27.614396], [95.186822, 27.614461], [95.186934, 27.614651], [95.18714, 27.614846], [95.187454, 27.615347], [95.187583, 27.615442], [95.187777, 27.616319], [95.187986, 27.616619], [95.188324, 27.616874], [95.188499, 27.616941], [95.189012, 27.617288], [95.189626, 27.617586], [95.189931, 27.61762], [95.19023, 27.617837], [95.190278, 27.618738], [95.190471, 27.619319], [95.191506, 27.6204], [95.192344, 27.620962], [95.193043, 27.6213], [95.193753, 27.621326], [95.193992, 27.621297], [95.194262, 27.621202], [95.194077, 27.620844], [95.194059, 27.620664], [95.194171, 27.620211], [95.194221, 27.62012], [95.194335, 27.620047], [95.194436, 27.620041], [95.194507, 27.620115], [95.194471, 27.620296], [95.194511, 27.620747], [95.194367, 27.62111], [95.194689, 27.621105], [95.19486, 27.620949], [95.195172, 27.620917], [95.195654, 27.620729], [95.195761, 27.620637], [95.195674, 27.620548], [95.195561, 27.620527], [95.195156, 27.620558], [95.195016, 27.620739], [95.194858, 27.620845], [95.194808, 27.620832], [95.194792, 27.620562], [95.194575, 27.620204], [95.194645, 27.619211], [95.194916, 27.618699], [95.195169, 27.618481], [95.195519, 27.618419], [95.19579, 27.618471], [95.195992, 27.618738], [95.196133, 27.618771], [95.197449, 27.618686], [95.197855, 27.618744], [95.198365, 27.61891], [95.198568, 27.618934], [95.198872, 27.618925], [95.198972, 27.618881], [95.19915, 27.618688], [95.199272, 27.618679], [95.199756, 27.618949], [95.200236, 27.619393], [95.200927, 27.619923], [95.201328, 27.620161], [95.201638, 27.620473], [95.201842, 27.620552], [95.202044, 27.620493], [95.202285, 27.620533], [95.202452, 27.620624], [95.203314, 27.620878], [95.203541, 27.621055], [95.203754, 27.621413], [95.203823, 27.621682], [95.203794, 27.621875], [95.20358, 27.622137], [95.20359, 27.622588], [95.203655, 27.622768], [95.20392, 27.62312], [95.204023, 27.623189], [95.204124, 27.623203], [95.204324, 27.623072], [95.204426, 27.623076], [95.205556, 27.623848], [95.20566, 27.623994], [95.205687, 27.624269], [95.205589, 27.624451], [95.205683, 27.62454], [95.206269, 27.624711], [95.20686, 27.624792], [95.207445, 27.624963], [95.208729, 27.625454], [95.209441, 27.625834], [95.209861, 27.626352], [95.210667, 27.626138], [95.210921, 27.62581], [95.211157, 27.625298], [95.211151, 27.625019], [95.211049, 27.624985], [95.210995, 27.624907], [95.21099, 27.624726], [95.211134, 27.624544], [95.211643, 27.624289], [95.211744, 27.62427], [95.211988, 27.62435], [95.21226, 27.624728], [95.212645, 27.624971], [95.212863, 27.625057], [95.212978, 27.625162], [95.213384, 27.625182], [95.213889, 27.625126], [95.21419, 27.624981], [95.214393, 27.625015], [95.214598, 27.625141], [95.214719, 27.625299], [95.214812, 27.62567], [95.214963, 27.626017], [95.214898, 27.626379], [95.214535, 27.627034], [95.214416, 27.627379], [95.214532, 27.627828], [95.214653, 27.628007], [95.214899, 27.628183], [95.215066, 27.628209], [95.215792, 27.62853], [95.216086, 27.628592], [95.216188, 27.628583], [95.216333, 27.628251], [95.216582, 27.628069], [95.216886, 27.628063], [95.217317, 27.628235], [95.217744, 27.628679], [95.217699, 27.62877], [95.218062, 27.629486], [95.218878, 27.630105], [95.21916, 27.630268], [95.21924, 27.63037], [95.219701, 27.632077], [95.219912, 27.63238], [95.220118, 27.632588], [95.22041, 27.632788], [95.220938, 27.633011], [95.221008, 27.632959], [95.220932, 27.632779], [95.220954, 27.632598], [95.220522, 27.632527], [95.220335, 27.632428], [95.220107, 27.632039], [95.220035, 27.631801], [95.220057, 27.63162], [95.220195, 27.631353], [95.220303, 27.631346], [95.220194, 27.631326], [95.219982, 27.630851], [95.219562, 27.630111], [95.218051, 27.628404], [95.217555, 27.628051], [95.217131, 27.627877], [95.216575, 27.627721], [95.216271, 27.627721], [95.215822, 27.627808], [95.216099, 27.627893], [95.216198, 27.628163], [95.215842, 27.628349], [95.21577, 27.62835], [95.215711, 27.62817], [95.215744, 27.627899], [95.215565, 27.627879], [95.215265, 27.628036], [95.215164, 27.628044], [95.215035, 27.628001], [95.214958, 27.627921], [95.214898, 27.627732], [95.215153, 27.627367], [95.215307, 27.626733], [95.215341, 27.626642], [95.215526, 27.626459], [95.215547, 27.626188], [95.215758, 27.625823], [95.215747, 27.625733], [95.215505, 27.625196], [95.215307, 27.625098], [95.214797, 27.624666], [95.214483, 27.62449], [95.214076, 27.62437], [95.213873, 27.624353], [95.213471, 27.624496], [95.213112, 27.624783], [95.21287, 27.624821], [95.212785, 27.624788], [95.212664, 27.624652], [95.212566, 27.62434], [95.212351, 27.624204], [95.212046, 27.624162], [95.211756, 27.624173], [95.211743, 27.624203], [95.211418, 27.624178], [95.210998, 27.624365], [95.210806, 27.624549], [95.210643, 27.624939], [95.210643, 27.625544], [95.210381, 27.625729], [95.210255, 27.625765], [95.210052, 27.625789], [95.209691, 27.62574], [95.20956, 27.625471], [95.209333, 27.625305], [95.209028, 27.625249], [95.208619, 27.625056], [95.208515, 27.624925], [95.207899, 27.624523], [95.207377, 27.624333], [95.205686, 27.623277], [95.205334, 27.622917], [95.204773, 27.621848], [95.204497, 27.621555], [95.204391, 27.621362], [95.203978, 27.620958], [95.203467, 27.620515], [95.202908, 27.620163], [95.202541, 27.620007], [95.20214, 27.619904], [95.202031, 27.619832], [95.201722, 27.61946], [95.201501, 27.619102], [95.200797, 27.618572], [95.199977, 27.618224], [95.199259, 27.618003], [95.198433, 27.617887], [95.197333, 27.617944], [95.196926, 27.617874], [95.196631, 27.617645], [95.196412, 27.617107], [95.196301, 27.617003], [95.196226, 27.61702], [95.196196, 27.617111], [95.19634, 27.61774], [95.196325, 27.617831], [95.196218, 27.617933], [95.195255, 27.618118], [95.194841, 27.618305], [95.194508, 27.61855], [95.19431, 27.618759], [95.194029, 27.61922], [95.193902, 27.620215], [95.193739, 27.620579], [95.193682, 27.620941], [95.193545, 27.621052], [95.193139, 27.621005], [95.193025, 27.620951], [95.192829, 27.620738], [95.192522, 27.620565], [95.191903, 27.619988], [95.191694, 27.619696], [95.191285, 27.619493], [95.191031, 27.619268], [95.191004, 27.618817], [95.191146, 27.618454], [95.19113, 27.618364], [95.190953, 27.618061], [95.190601, 27.617741], [95.190537, 27.617537], [95.190216, 27.617115], [95.190223, 27.617046], [95.190527, 27.617052], [95.190578, 27.617019], [95.190218, 27.616795], [95.19012, 27.616954], [95.189916, 27.616875], [95.1888, 27.616794], [95.188391, 27.616589], [95.188318, 27.616513], [95.188171, 27.616155], [95.188094, 27.615253], [95.188002, 27.614984], [95.187721, 27.614718], [95.187371, 27.614272], [95.186815, 27.613792], [95.186415, 27.614029], [95.18551, 27.614361], [95.185307, 27.614349], [95.185103, 27.614273], [95.184079, 27.613746], [95.184024, 27.613783], [95.184093, 27.614143], [95.183989, 27.61433], [95.183788, 27.614388], [95.183281, 27.614338], [95.182575, 27.614524], [95.182176, 27.614715], [95.181575, 27.615163], [95.181174, 27.615382], [95.181073, 27.615409], [95.180971, 27.615371], [95.18099, 27.615095], [95.180929, 27.615005], [95.180452, 27.614767], [95.180221, 27.614475], [95.180139, 27.614264], [95.179932, 27.614042], [95.179729, 27.614044], [95.17964, 27.613943], [95.179719, 27.613535], [95.179824, 27.613308], [95.180013, 27.613024], [95.180419, 27.612577], [95.180608, 27.612414], [95.18111, 27.612143], [95.181587, 27.611656], [95.181806, 27.611494], [95.182408, 27.611225], [95.183118, 27.611228], [95.183525, 27.611324], [95.184055, 27.611527], [95.184339, 27.611541], [95.184371, 27.611703], [95.1843, 27.611974], [95.184454, 27.612225], [95.184555, 27.612211], [95.184877, 27.611965], [95.184886, 27.611875], [95.184201, 27.611254], [95.183915, 27.611078], [95.183624, 27.610992], [95.183108, 27.610726], [95.182498, 27.610624], [95.182195, 27.610668], [95.181862, 27.610749], [95.18139, 27.610936], [95.181132, 27.611122], [95.180296, 27.611987], [95.179829, 27.612406], [95.179601, 27.612679], [95.179403, 27.61295], [95.179231, 27.613317], [95.178924, 27.614314], [95.178583, 27.614681], [95.178129, 27.615077], [95.177528, 27.615444], [95.176053, 27.616075], [95.175521, 27.616415], [95.175219, 27.616529], [95.17492, 27.616743], [95.174718, 27.616789], [95.174211, 27.616774], [95.173706, 27.616831], [95.172587, 27.61659], [95.172241, 27.616405], [95.172046, 27.616228], [95.171531, 27.615514], [95.171328, 27.615156], [95.171183, 27.614707], [95.17086, 27.614261], [95.170772, 27.614082], [95.170705, 27.613632], [95.170598, 27.613346], [95.170363, 27.613096], [95.169913, 27.612742], [95.169468, 27.612561], [95.16896, 27.612483], [95.168352, 27.612459], [95.166938, 27.612677], [95.166129, 27.612765], [95.165825, 27.612743], [95.16562, 27.612624], [95.165342, 27.612362], [95.165192, 27.612184], [95.164997, 27.611826], [95.16496, 27.611556], [95.165031, 27.611374], [95.165186, 27.611182], [95.1661, 27.6113], [95.166911, 27.611305], [95.167336, 27.611248], [95.167104, 27.611161], [95.166531, 27.61108], [95.166296, 27.610955], [95.164665, 27.610423], [95.163956, 27.610433], [95.163245, 27.610377], [95.162489, 27.610511], [95.162138, 27.610718], [95.161472, 27.61161], [95.161301, 27.612244], [95.16116, 27.612522], [95.160878, 27.613622], [95.160617, 27.613699], [95.160328, 27.613884], [95.159972, 27.613936], [95.159769, 27.613917], [95.159466, 27.613717], [95.159358, 27.613591], [95.158887, 27.613365], [95.157882, 27.612478], [95.157469, 27.612033], [95.156783, 27.611773], [95.156378, 27.611456], [95.155865, 27.611148], [95.155365, 27.610622], [95.154261, 27.609737], [95.153704, 27.609381], [95.153193, 27.6092], [95.152171, 27.608686], [95.151865, 27.608597], [95.151498, 27.608336], [95.150762, 27.607986], [95.150228, 27.607798], [95.149013, 27.607821], [95.148708, 27.607756], [95.148201, 27.607744], [95.147692, 27.607593], [95.146778, 27.607482], [95.145967, 27.607455], [95.14536, 27.607516], [95.145211, 27.60735], [95.145051, 27.607251], [95.144723, 27.606816], [95.144193, 27.606373], [95.14412, 27.606219], [95.143653, 27.60566], [95.143158, 27.604946], [95.142975, 27.604407], [95.142991, 27.603685], [95.142953, 27.603525], [95.142789, 27.603598], [95.142247, 27.604057], [95.142075, 27.60415], [95.141851, 27.604184], [95.141547, 27.604153], [95.140935, 27.603942], [95.140526, 27.603729], [95.140188, 27.603457], [95.139807, 27.603235], [95.138888, 27.60286], [95.13814, 27.602496], [95.136633, 27.601504], [95.136383, 27.60126], [95.136249, 27.600991], [95.13601, 27.600691], [95.135907, 27.60063], [95.135563, 27.600551], [95.134781, 27.600021], [95.133502, 27.598597], [95.133289, 27.598239], [95.133207, 27.597699], [95.133255, 27.596886], [95.133299, 27.596725], [95.133399, 27.596651], [95.133806, 27.596731], [95.133967, 27.596965], [95.134186, 27.597052], [95.134833, 27.597471], [95.135442, 27.597563], [95.136716, 27.598006], [95.137479, 27.598118], [95.137814, 27.59826], [95.138187, 27.598525], [95.1384, 27.598575], [95.138605, 27.598703], [95.138664, 27.598608], [95.138576, 27.598519], [95.138575, 27.598429], [95.138293, 27.598292], [95.138185, 27.598164], [95.138244, 27.598073], [95.138491, 27.598062], [95.138695, 27.598117], [95.138758, 27.598155], [95.138798, 27.598335], [95.139004, 27.598406], [95.139307, 27.59838], [95.139917, 27.598452], [95.140422, 27.598423], [95.141336, 27.598531], [95.141946, 27.598634], [95.142761, 27.598895], [95.142967, 27.599028], [95.143277, 27.59936], [95.143863, 27.599791], [95.144031, 27.599969], [95.144309, 27.600416], [95.144427, 27.600504], [95.144434, 27.600594], [95.144317, 27.600777], [95.143788, 27.601326], [95.143823, 27.6014], [95.144524, 27.600956], [95.144621, 27.601043], [95.144629, 27.601151], [95.144722, 27.601221], [95.144762, 27.601131], [95.144781, 27.600769], [95.144567, 27.59996], [95.144397, 27.599636], [95.144086, 27.599281], [95.143892, 27.598978], [95.143771, 27.598715], [95.143461, 27.598387], [95.142338, 27.597935], [95.142032, 27.597856], [95.140818, 27.597945], [95.140413, 27.597935], [95.140098, 27.597864], [95.139902, 27.597685], [95.139698, 27.597608], [95.13919, 27.59755], [95.138681, 27.597426], [95.137364, 27.597385], [95.136628, 27.597285], [95.135729, 27.596645], [95.135419, 27.596357], [95.134868, 27.596049], [95.134037, 27.59543], [95.13361, 27.595166], [95.132893, 27.594545], [95.130178, 27.592873], [95.129966, 27.592695], [95.129566, 27.592229], [95.128833, 27.591006], [95.128524, 27.590735], [95.128117, 27.590664], [95.127912, 27.590526], [95.127794, 27.590292], [95.127495, 27.589898], [95.127398, 27.589666], [95.127432, 27.589215], [95.127829, 27.588487], [95.128464, 27.587647], [95.12892, 27.587207], [95.129263, 27.587058], [95.129422, 27.586928], [95.129559, 27.586633], [95.129698, 27.585841], [95.129705, 27.585029], [95.12947, 27.58404], [95.129143, 27.583323], [95.129105, 27.582962], [95.129141, 27.58224], [95.129104, 27.58206], [95.128955, 27.581791], [95.128986, 27.58161], [95.129056, 27.581574], [95.129263, 27.581782], [95.129368, 27.58202], [95.130086, 27.582485], [95.13019, 27.58261], [95.130478, 27.582761], [95.1307, 27.582818], [95.131034, 27.583113], [95.131213, 27.583147], [95.131232, 27.58311], [95.130353, 27.582311], [95.129977, 27.582067], [95.129418, 27.581604], [95.128884, 27.581341], [95.127971, 27.580543], [95.127103, 27.580093], [95.126487, 27.579646], [95.124838, 27.578155], [95.124724, 27.577976], [95.124696, 27.577796], [95.124975, 27.577521], [95.125128, 27.577456], [95.126848, 27.577388], [95.12766, 27.57747], [95.128067, 27.577582], [95.12888, 27.577708], [95.129995, 27.577754], [95.131012, 27.577955], [95.131049, 27.577879], [95.131009, 27.577699], [95.131106, 27.577616], [95.131612, 27.57757], [95.131792, 27.577416], [95.132112, 27.577246], [95.132415, 27.57719], [95.132615, 27.577103], [95.133254, 27.576672], [95.133717, 27.576442], [95.135269, 27.575829], [95.136328, 27.575318], [95.136529, 27.575262], [95.137732, 27.574604], [95.138487, 27.574245], [95.139039, 27.574133], [95.139167, 27.573964], [95.139739, 27.57366], [95.14105, 27.573358], [95.141952, 27.57288], [95.142255, 27.572827], [95.142556, 27.572705], [95.143265, 27.572718], [95.143979, 27.572995], [95.144386, 27.573049], [95.144402, 27.572981], [95.144312, 27.572892], [95.143951, 27.572807], [95.143615, 27.572632], [95.14354, 27.572543], [95.143485, 27.572453], [95.143494, 27.572363], [95.143583, 27.572271], [95.143582, 27.572181], [95.143483, 27.572002], [95.143614, 27.57182], [95.143951, 27.57153], [95.144151, 27.571428], [95.144454, 27.571379], [95.144753, 27.571113], [95.145006, 27.570986], [95.145053, 27.570935], [95.145134, 27.570533], [95.145461, 27.570167], [95.146141, 27.569582], [95.146643, 27.569369], [95.14681, 27.569244], [95.147198, 27.569147], [95.147547, 27.569002], [95.147951, 27.568951], [95.148353, 27.56879], [95.148757, 27.568698], [95.150079, 27.569003], [95.150344, 27.568918], [95.150291, 27.568829], [95.149715, 27.568477], [95.149357, 27.568346], [95.149255, 27.568213], [95.14926, 27.568123], [95.149391, 27.56794], [95.150152, 27.567538], [95.150756, 27.567355], [95.151261, 27.567288], [95.151869, 27.567306], [95.152247, 27.567445], [95.153088, 27.567527], [95.153898, 27.567514], [95.154304, 27.567551], [95.154606, 27.567453], [95.15501, 27.567411], [95.155315, 27.567462], [95.155725, 27.567756], [95.156039, 27.568234], [95.156105, 27.568107], [95.155977, 27.567658], [95.156006, 27.567477], [95.156094, 27.567385], [95.156426, 27.567351], [95.157136, 27.567404], [95.157339, 27.567438], [95.157752, 27.56763], [95.158021, 27.567806], [95.158263, 27.56805], [95.158468, 27.568166], [95.158772, 27.568208], [95.159073, 27.568066], [95.159241, 27.568148], [95.159696, 27.568832], [95.160419, 27.569547], [95.160829, 27.570109], [95.161016, 27.570467], [95.160997, 27.570648], [95.161054, 27.570737], [95.16146, 27.570991], [95.161878, 27.571627], [95.162672, 27.572427], [95.162682, 27.572517], [95.162598, 27.572608], [95.162552, 27.572789], [95.162812, 27.572803], [95.163221, 27.573047], [95.163728, 27.573064], [95.164002, 27.573128], [95.164951, 27.573459], [95.165519, 27.573736], [95.166176, 27.573962], [95.167299, 27.574429], [95.167604, 27.574495], [95.16893, 27.574955], [95.170457, 27.575357], [95.171374, 27.575646], [95.172595, 27.575944], [95.1729, 27.575991], [95.173404, 27.575894], [95.174113, 27.575892], [95.17495, 27.575754], [95.175706, 27.575562], [95.176457, 27.575279], [95.176856, 27.575183], [95.178039, 27.574693], [95.178643, 27.574492], [95.178946, 27.574474], [95.180267, 27.574699], [95.180875, 27.574695], [95.18118, 27.574777], [95.18128, 27.57469], [95.181645, 27.574566], [95.181983, 27.574394], [95.183112, 27.573551], [95.183481, 27.57335], [95.184185, 27.573128], [95.184408, 27.572989], [95.185097, 27.572797], [95.185898, 27.572658], [95.1861, 27.57266], [95.186406, 27.572743], [95.186657, 27.572953], [95.186736, 27.573133], [95.18694, 27.574177], [95.187143, 27.57466], [95.187573, 27.575442], [95.187988, 27.57593], [95.188468, 27.576264], [95.188908, 27.576366], [95.189176, 27.576613], [95.189467, 27.576789], [95.189916, 27.576963], [95.190645, 27.577143], [95.191328, 27.577482], [95.191565, 27.577552], [95.192469, 27.578096], [95.192721, 27.578362], [95.192737, 27.578543], [95.192557, 27.579177], [95.192542, 27.579989], [95.192868, 27.580616], [95.193035, 27.581155], [95.193087, 27.581876], [95.193195, 27.582235], [95.193163, 27.582597], [95.193029, 27.582869], [95.192687, 27.58309], [95.192186, 27.583317], [95.191724, 27.583702], [95.19142, 27.584068], [95.191271, 27.584431], [95.191041, 27.585337], [95.191034, 27.585608], [95.19112, 27.58573], [95.191239, 27.585334], [95.191435, 27.58497], [95.191537, 27.584427], [95.191953, 27.58406], [95.192198, 27.583926], [95.1926, 27.583793], [95.192799, 27.583593], [95.193073, 27.58341], [95.193491, 27.582753], [95.193604, 27.582319], [95.193666, 27.581506], [95.193466, 27.580607], [95.193091, 27.579439], [95.193061, 27.578447], [95.192894, 27.578192], [95.192787, 27.577896], [95.192578, 27.577601], [95.192167, 27.577285], [95.19166, 27.577025], [95.191183, 27.576943], [95.190533, 27.576588], [95.190329, 27.576544], [95.190127, 27.576573], [95.189908, 27.576512], [95.189513, 27.576217], [95.189206, 27.576092], [95.188796, 27.57584], [95.188287, 27.575687], [95.188166, 27.575547], [95.187406, 27.573663], [95.186765, 27.572771], [95.186714, 27.572682], [95.186739, 27.572591], [95.188012, 27.572067], [95.188112, 27.571977], [95.188513, 27.571778], [95.188578, 27.57166], [95.189011, 27.571346], [95.189809, 27.570648], [95.1904, 27.569887], [95.190496, 27.569644], [95.190588, 27.569552], [95.19094, 27.569366], [95.192195, 27.568489], [95.192798, 27.568267], [95.193404, 27.567974], [95.194104, 27.567738], [95.194708, 27.567596], [95.195113, 27.567567], [95.197339, 27.567481], [95.19825, 27.567478], [95.198555, 27.567526], [95.199263, 27.567471], [95.199668, 27.567502], [95.200279, 27.567641], [95.20088, 27.567856], [95.2013, 27.568076], [95.202316, 27.568235], [95.202723, 27.568358], [95.20317, 27.568541], [95.204348, 27.569244], [95.205043, 27.569775], [95.205165, 27.570044], [95.205166, 27.570405], [95.205303, 27.570773], [95.205404, 27.570759], [95.205539, 27.570128], [95.205592, 27.570044], [95.205897, 27.570076], [95.206714, 27.570416], [95.206915, 27.570348], [95.207123, 27.570653], [95.207195, 27.570914], [95.207198, 27.571275], [95.207032, 27.571909], [95.207059, 27.572721], [95.207352, 27.573709], [95.207619, 27.575188], [95.207834, 27.57581], [95.208674, 27.57728], [95.209085, 27.577579], [95.209389, 27.577606], [95.209816, 27.577821], [95.210004, 27.577964], [95.210265, 27.578265], [95.210623, 27.578509], [95.210694, 27.578709], [95.210633, 27.579047], [95.210516, 27.579163], [95.209225, 27.579518], [95.208315, 27.579564], [95.207703, 27.57938], [95.207064, 27.579489], [95.206696, 27.57967], [95.20654, 27.579858], [95.206447, 27.58013], [95.206109, 27.580703], [95.205981, 27.581311], [95.205994, 27.581762], [95.20603, 27.581801], [95.206099, 27.581489], [95.206516, 27.580782], [95.206617, 27.580784], [95.206837, 27.580936], [95.206951, 27.581115], [95.207061, 27.581564], [95.207061, 27.582196], [95.206861, 27.58247], [95.206655, 27.582645], [95.205897, 27.583117], [95.205685, 27.583301], [95.205362, 27.58385], [95.205266, 27.584104], [95.205089, 27.584934], [95.20514, 27.585746], [95.205027, 27.587913], [95.204757, 27.58864], [95.20465, 27.588762], [95.204598, 27.588913], [95.204453, 27.589637], [95.204285, 27.590091], [95.204207, 27.590543], [95.20405, 27.590997], [95.203601, 27.592003], [95.202957, 27.593], [95.202535, 27.594435], [95.202421, 27.595084], [95.202366, 27.595806], [95.202403, 27.596257], [95.202554, 27.596796], [95.203007, 27.597751], [95.203422, 27.598253], [95.203791, 27.598581], [95.204644, 27.599109], [95.205194, 27.599371], [95.206656, 27.600341], [95.20888, 27.601478], [95.209602, 27.602008], [95.210078, 27.602542], [95.210533, 27.603257], [95.210723, 27.603673], [95.210833, 27.604152], [95.211046, 27.604637], [95.211566, 27.605346], [95.21251, 27.606914], [95.213491, 27.608082], [95.214012, 27.608886], [95.214463, 27.609421], [95.214721, 27.610048], [95.214836, 27.610678], [95.215554, 27.612381], [95.215587, 27.612561], [95.216083, 27.613341], [95.216185, 27.613374], [95.216195, 27.613273], [95.21606, 27.613005], [95.215971, 27.612645], [95.215939, 27.612194], [95.215794, 27.611565], [95.215199, 27.60977], [95.215188, 27.609589], [95.215251, 27.609498], [95.215499, 27.609482], [95.21611, 27.609652], [95.217033, 27.610196], [95.218352, 27.610312], [95.218951, 27.610522], [95.219243, 27.610698], [95.219435, 27.610875], [95.219999, 27.611595], [95.220528, 27.612703], [95.22066, 27.612841], [95.220804, 27.613199], [95.220888, 27.61392], [95.220986, 27.614189], [95.220984, 27.61455], [95.22132, 27.615176], [95.22169, 27.616344], [95.22182, 27.616505], [95.222025, 27.616636], [95.222239, 27.616967], [95.222334, 27.617597], [95.222309, 27.618048], [95.222359, 27.618137], [95.222457, 27.617972], [95.222558, 27.617913], [95.222641, 27.618043], [95.222678, 27.618223], [95.222643, 27.618494], [95.222465, 27.618858], [95.222432, 27.619941], [95.222241, 27.620847], [95.222368, 27.621115], [95.222502, 27.622016], [95.222596, 27.623368], [95.22261, 27.62445], [95.222725, 27.624719], [95.222899, 27.625709], [95.223028, 27.62614], [95.223346, 27.626852], [95.223377, 27.627145], [95.223346, 27.627507], [95.2232, 27.628051], [95.223169, 27.628121], [95.222969, 27.62824], [95.22287, 27.628359], [95.222289, 27.629702], [95.222002, 27.631228], [95.222006, 27.631408], [95.222154, 27.631948], [95.22213, 27.632219], [95.222025, 27.632401], [95.222252, 27.632873], [95.222397, 27.633748], [95.22309, 27.634237], [95.22373, 27.63481], [95.224961, 27.636234], [95.225372, 27.636865], [95.225462, 27.636767], [95.225457, 27.636677], [95.225416, 27.636407], [95.22525, 27.636049], [95.225292, 27.635687], [95.225141, 27.63543], [95.224797, 27.635064], [95.22471, 27.634884], [95.224728, 27.634794], [95.225023, 27.634614], [95.225428, 27.634597], [95.225877, 27.634775], [95.226145, 27.634988], [95.226353, 27.635253], [95.226693, 27.635845], [95.227136, 27.63674], [95.227176, 27.637011], [95.227413, 27.637584], [95.227466, 27.637908], [95.227888, 27.638533], [95.228208, 27.63916], [95.228674, 27.639795], [95.229618, 27.641363], [95.230451, 27.642469], [95.231176, 27.643256], [95.231294, 27.643442], [95.231488, 27.643632], [95.231869, 27.643883], [95.232052, 27.644061], [95.232158, 27.64424], [95.232202, 27.64451], [95.232123, 27.644973], [95.232135, 27.645537], [95.232235, 27.645497], [95.232622, 27.644596], [95.232721, 27.644491], [95.232823, 27.644489], [95.233027, 27.644596], [95.233543, 27.645027], [95.233851, 27.645222], [95.234091, 27.645472], [95.234335, 27.645829], [95.234561, 27.646547], [95.23454, 27.646638], [95.23432, 27.646822], [95.233582, 27.646938], [95.23305, 27.647293], [95.232461, 27.647844], [95.232181, 27.64839], [95.232146, 27.648842], [95.232271, 27.649923], [95.232328, 27.650087], [95.232593, 27.650369], [95.232484, 27.650912], [95.23279, 27.650997], [95.232856, 27.651448], [95.232964, 27.651468], [95.233078, 27.651354], [95.233112, 27.651082], [95.233253, 27.650731], [95.233353, 27.650664], [95.233456, 27.650709], [95.233542, 27.650985], [95.233878, 27.651529], [95.23398, 27.651568], [95.23424, 27.651425], [95.234077, 27.651368], [95.233793, 27.651162], [95.233883, 27.65089], [95.233881, 27.650619], [95.233781, 27.65044], [95.233562, 27.649631], [95.2333, 27.649004], [95.233316, 27.648833], [95.233415, 27.648695], [95.233516, 27.648671], [95.233718, 27.648685], [95.234025, 27.648792], [95.234193, 27.648448], [95.234417, 27.648172], [95.235014, 27.647612], [95.235314, 27.647423], [95.235417, 27.647482], [95.235508, 27.647615], [95.235534, 27.647795], [95.235465, 27.648247], [95.23554, 27.648584], [95.235578, 27.648426], [95.235834, 27.648083], [95.236139, 27.648096], [95.236549, 27.648341], [95.236855, 27.648466], [95.237059, 27.648523], [95.237261, 27.648498], [95.237468, 27.648674], [95.237772, 27.648694], [95.237978, 27.648849], [95.238089, 27.649017], [95.238134, 27.649197], [95.238089, 27.649321], [95.237827, 27.649653], [95.237799, 27.650014], [95.237665, 27.650287], [95.237661, 27.650377], [95.237706, 27.650411], [95.237908, 27.650415], [95.237926, 27.650463], [95.23786, 27.650555], [95.237702, 27.650647], [95.237307, 27.650752], [95.236704, 27.650993], [95.236223, 27.651393], [95.235902, 27.651759], [95.235527, 27.652397], [95.235538, 27.652487], [95.235928, 27.652688], [95.236232, 27.652666], [95.236435, 27.652563], [95.236834, 27.652196], [95.236982, 27.651922], [95.237125, 27.651774], [95.237226, 27.651717], [95.237531, 27.651788], [95.23763, 27.651685], [95.237728, 27.651459], [95.237927, 27.651303], [95.238228, 27.651173], [95.238632, 27.651132], [95.238783, 27.651171], [95.238941, 27.65135], [95.23914, 27.651193], [95.239468, 27.65107], [95.239573, 27.650888], [95.239515, 27.650167], [95.239541, 27.650076], [95.239722, 27.649912], [95.240027, 27.649954], [95.24064, 27.6502], [95.24084, 27.650326], [95.241253, 27.650441], [95.241454, 27.650365], [95.241654, 27.650214], [95.241856, 27.650168], [95.242366, 27.650351], [95.24277, 27.650305], [95.242872, 27.650313], [95.242975, 27.650384], [95.243017, 27.650201], [95.243171, 27.650089], [95.243477, 27.650164], [95.243784, 27.65034], [95.2446, 27.650567], [95.246017, 27.650518], [95.246729, 27.650641], [95.247143, 27.651031], [95.247549, 27.65106], [95.247718, 27.651298], [95.247693, 27.651478], [95.247589, 27.651661], [95.247058, 27.652301], [95.246843, 27.652936], [95.246855, 27.653207], [95.247297, 27.653831], [95.24805, 27.654631], [95.248348, 27.655258], [95.248446, 27.655313], [95.248647, 27.65523], [95.24875, 27.6553], [95.248802, 27.655431], [95.248786, 27.655612], [95.2485, 27.656519], [95.248156, 27.657066], [95.24814, 27.657517], [95.248191, 27.657705], [95.248394, 27.657728], [95.248769, 27.657868], [95.249106, 27.657832], [95.250121, 27.657913], [95.250173, 27.658025], [95.250206, 27.658476], [95.250338, 27.658593], [95.250747, 27.658768], [95.252166, 27.658782], [95.25224, 27.659075], [95.252377, 27.659192], [95.252886, 27.659299], [95.253906, 27.659617], [95.255223, 27.659623], [95.255331, 27.659944], [95.255842, 27.660121], [95.256146, 27.660142], [95.256249, 27.6602], [95.256452, 27.660228], [95.257166, 27.660467], [95.259294, 27.660471], [95.259408, 27.661057], [95.259714, 27.661149], [95.260018, 27.661174], [95.26035, 27.661289]]}}, {"type": "Feature", "properties": {}, "geometry": {"type": "LineString", "coordinates": [[95.248844, 27.652452], [95.249014, 27.65263], [95.249122, 27.653079], [95.249033, 27.653442], [95.248915, 27.653476], [95.248504, 27.653174], [95.248242, 27.652913], [95.248036, 27.652556], [95.248065, 27.652465], [95.248185, 27.652439], [95.248589, 27.652391], [95.248844, 27.652452]]}}, {"type": "Feature", "properties": {}, "geometry": {"type": "LineString", "coordinates": [[95.239284, 27.646291], [95.239754, 27.646493], [95.240365, 27.646663], [95.240639, 27.64681], [95.240777, 27.646988], [95.240807, 27.647529], [95.240606, 27.648254], [95.240648, 27.648434], [95.240607, 27.64856], [95.240102, 27.648658], [95.239899, 27.648652], [95.239695, 27.648581], [95.239651, 27.64845], [95.239692, 27.64841], [95.239992, 27.64823], [95.240359, 27.648168], [95.240299, 27.648079], [95.239883, 27.647875], [95.239477, 27.647817], [95.239169, 27.647556], [95.238552, 27.647205], [95.238206, 27.64712], [95.237851, 27.646945], [95.237711, 27.646767], [95.237687, 27.646677], [95.237829, 27.646521], [95.238489, 27.646303], [95.238837, 27.646253], [95.239284, 27.646291]]}}, {"type": "Feature", "properties": {}, "geometry": {"type": "LineString", "coordinates": [[95.243023, 27.644425], [95.24326, 27.644529], [95.243565, 27.644566], [95.243974, 27.644714], [95.244212, 27.644947], [95.244186, 27.645209], [95.243986, 27.645342], [95.243685, 27.645459], [95.24338, 27.645413], [95.242673, 27.645513], [95.242367, 27.645425], [95.242088, 27.645162], [95.242097, 27.644982], [95.241924, 27.644894], [95.241847, 27.644792], [95.242015, 27.644622], [95.242449, 27.644469], [95.242751, 27.644402], [95.243023, 27.644425]]}}, {"type": "Feature", "properties": {}, "geometry": {"type": "LineString", "coordinates": [[95.232309, 27.636116], [95.232635, 27.636291], [95.232761, 27.636446], [95.233068, 27.636601], [95.233636, 27.636997], [95.234753, 27.637971], [95.235538, 27.638502], [95.235952, 27.638945], [95.236155, 27.639302], [95.236679, 27.639801], [95.237087, 27.639931], [95.237595, 27.640009], [95.238004, 27.64016], [95.238183, 27.640353], [95.23818, 27.640443], [95.237811, 27.640639], [95.237412, 27.640726], [95.237005, 27.640882], [95.236903, 27.640862], [95.236799, 27.640703], [95.236697, 27.640689], [95.236206, 27.641432], [95.235676, 27.641927], [95.235409, 27.64212], [95.235272, 27.642114], [95.235103, 27.642021], [95.234841, 27.64167], [95.234439, 27.641406], [95.234173, 27.641138], [95.233865, 27.640916], [95.233717, 27.640695], [95.233219, 27.640162], [95.232627, 27.639871], [95.232215, 27.639498], [95.232133, 27.639367], [95.232101, 27.639187], [95.231901, 27.639004], [95.231796, 27.638839], [95.231732, 27.638471], [95.231538, 27.638023], [95.231427, 27.637484], [95.231501, 27.637302], [95.231661, 27.637198], [95.231755, 27.637027], [95.231915, 27.636934], [95.232059, 27.636752], [95.232078, 27.636661], [95.231982, 27.636392], [95.232014, 27.636211], [95.232145, 27.636097], [95.232309, 27.636116]]}}, {"type": "Feature", "properties": {}, "geometry": {"type": "LineString", "coordinates": [[95.186158, 27.636811], [95.18609, 27.636852], [95.186063, 27.637033], [95.185831, 27.637488], [95.185978, 27.63794], [95.186151, 27.638205], [95.186177, 27.638927], [95.186403, 27.638932], [95.186503, 27.638832], [95.186604, 27.63882], [95.186807, 27.639007], [95.186911, 27.639009], [95.18695, 27.638914], [95.186906, 27.638756], [95.186489, 27.638131], [95.186357, 27.638021], [95.186181, 27.637663], [95.186473, 27.637336], [95.186574, 27.637333], [95.186668, 27.637385], [95.186671, 27.637655], [95.186784, 27.637698], [95.186956, 27.63747], [95.186937, 27.637381], [95.186158, 27.636811]]}}, {"type": "Feature", "properties": {}, "geometry": {"type": "LineString", "coordinates": [[95.224426, 27.633896], [95.224912, 27.634131], [95.225074, 27.634247], [95.225095, 27.634337], [95.22492, 27.634564], [95.224214, 27.634681], [95.224162, 27.634622], [95.224121, 27.634352], [95.223814, 27.633906], [95.223893, 27.633844], [95.224095, 27.633813], [95.224298, 27.633836], [95.224426, 27.633896]]}}, {"type": "Feature", "properties": {}, "geometry": {"type": "LineString", "coordinates": [[95.225055, 27.629916], [95.225221, 27.630094], [95.225446, 27.630509], [95.22562, 27.630719], [95.225845, 27.631437], [95.22618, 27.631734], [95.226382, 27.631692], [95.226581, 27.631496], [95.226683, 27.631545], [95.22694, 27.631871], [95.227014, 27.632231], [95.227059, 27.633222], [95.226984, 27.634126], [95.226941, 27.634285], [95.226842, 27.634365], [95.226638, 27.63433], [95.225919, 27.633848], [95.225206, 27.633654], [95.224377, 27.633356], [95.223677, 27.633198], [95.223069, 27.633173], [95.222892, 27.633109], [95.222837, 27.633019], [95.222857, 27.632929], [95.223016, 27.632746], [95.222985, 27.632295], [95.223186, 27.632021], [95.223338, 27.631487], [95.223537, 27.631283], [95.223802, 27.631109], [95.224053, 27.630834], [95.224328, 27.630329], [95.22463, 27.6302], [95.224927, 27.629898], [95.225055, 27.629916]]}}, {"type": "Feature", "properties": {}, "geometry": {"type": "LineString", "coordinates": [[95.167031, 27.625872], [95.167255, 27.626139], [95.167733, 27.627359], [95.168227, 27.628019], [95.168767, 27.628392], [95.170731, 27.629153], [95.172054, 27.630034], [95.172275, 27.630302], [95.172273, 27.630482], [95.17199, 27.630667], [95.171028, 27.631043], [95.170443, 27.631154], [95.168724, 27.630538], [95.167302, 27.629657], [95.166955, 27.629302], [95.166752, 27.628979], [95.166677, 27.628765], [95.166594, 27.628225], [95.166637, 27.627231], [95.166285, 27.626064], [95.166297, 27.625973], [95.166487, 27.625829], [95.166691, 27.625894], [95.166892, 27.625808], [95.167031, 27.625872]]}}, {"type": "Feature", "properties": {}, "geometry": {"type": "LineString", "coordinates": [[95.229608, 27.627857], [95.230061, 27.628252], [95.230451, 27.628746], [95.230479, 27.628865], [95.230383, 27.628928], [95.22997, 27.628743], [95.229675, 27.628668], [95.229471, 27.628491], [95.229352, 27.62826], [95.229341, 27.627952], [95.229444, 27.627772], [95.229608, 27.627857]]}}, {"type": "Feature", "properties": {}, "geometry": {"type": "LineString", "coordinates": [[95.159083, 27.625428], [95.158982, 27.6254], [95.158938, 27.625456], [95.158982, 27.625636], [95.159103, 27.625815], [95.160079, 27.626612], [95.161161, 27.628019], [95.161394, 27.628577], [95.16149, 27.628936], [95.161758, 27.629203], [95.162096, 27.629232], [95.16212, 27.629197], [95.162043, 27.629108], [95.161683, 27.628843], [95.161391, 27.627494], [95.160628, 27.626688], [95.160308, 27.626067], [95.160105, 27.625845], [95.159695, 27.6256], [95.159083, 27.625428]]}}, {"type": "Feature", "properties": {}, "geometry": {"type": "LineString", "coordinates": [[95.115, 27.626224], [95.115535, 27.626388], [95.115945, 27.626595], [95.11602, 27.62675], [95.11601, 27.62693], [95.115978, 27.627021], [95.115754, 27.627205], [95.115552, 27.627269], [95.115349, 27.627226], [95.115143, 27.627035], [95.114529, 27.626762], [95.114395, 27.626504], [95.114421, 27.62638], [95.11462, 27.626222], [95.114822, 27.626193], [95.115, 27.626224]]}}, {"type": "Feature", "properties": {}, "geometry": {"type": "LineString", "coordinates": [[95.134334, 27.621054], [95.134487, 27.621436], [95.134571, 27.622675], [95.134811, 27.623213], [95.135239, 27.623648], [95.135708, 27.623921], [95.135855, 27.62406], [95.13606, 27.624189], [95.13657, 27.624328], [95.137024, 27.624623], [95.137823, 27.625513], [95.137875, 27.625692], [95.137815, 27.625784], [95.137257, 27.625973], [95.136774, 27.62607], [95.136303, 27.62625], [95.136202, 27.62626], [95.135896, 27.626161], [95.135678, 27.625997], [95.135481, 27.62566], [95.135473, 27.625459], [95.135577, 27.625367], [95.135451, 27.625188], [95.134279, 27.624394], [95.1336, 27.623593], [95.133203, 27.623238], [95.132945, 27.623151], [95.132182, 27.622719], [95.132085, 27.622804], [95.132194, 27.622892], [95.132207, 27.622982], [95.132088, 27.623098], [95.131887, 27.623193], [95.131415, 27.623265], [95.130985, 27.623452], [95.130482, 27.6239], [95.129876, 27.623955], [95.129467, 27.623791], [95.128859, 27.623756], [95.128663, 27.623939], [95.128259, 27.624179], [95.127956, 27.624246], [95.127349, 27.624296], [95.127145, 27.624232], [95.126967, 27.624055], [95.126534, 27.623791], [95.126116, 27.623378], [95.125813, 27.623261], [95.125303, 27.622908], [95.125089, 27.6227], [95.124967, 27.622371], [95.125074, 27.62228], [95.12534, 27.622185], [95.126091, 27.622122], [95.126802, 27.622195], [95.126906, 27.622312], [95.127008, 27.622354], [95.127059, 27.622069], [95.127203, 27.621953], [95.127406, 27.622004], [95.12751, 27.622123], [95.127608, 27.62206], [95.127621, 27.62197], [95.127712, 27.621878], [95.128818, 27.621645], [95.129223, 27.621662], [95.130139, 27.621839], [95.130449, 27.622178], [95.130482, 27.622106], [95.130363, 27.621747], [95.130391, 27.621657], [95.130959, 27.621287], [95.131478, 27.621098], [95.131744, 27.621059], [95.132656, 27.621051], [95.133268, 27.621279], [95.133469, 27.621248], [95.133469, 27.621155], [95.133972, 27.620989], [95.134174, 27.620981], [95.134334, 27.621054]]}}, {"type": "Feature", "properties": {}, "geometry": {"type": "LineString", "coordinates": [[95.11204, 27.623201], [95.112235, 27.623352], [95.112255, 27.623468], [95.112212, 27.623559], [95.112139, 27.62362], [95.112038, 27.62363], [95.111622, 27.623568], [95.112014, 27.624013], [95.112011, 27.624194], [95.111899, 27.624376], [95.112157, 27.624584], [95.112357, 27.62464], [95.11234, 27.62473], [95.112066, 27.625114], [95.111665, 27.625328], [95.111361, 27.625346], [95.111196, 27.625199], [95.11111, 27.624929], [95.111183, 27.624658], [95.111432, 27.624203], [95.111358, 27.623482], [95.111543, 27.623208], [95.111725, 27.623164], [95.11204, 27.623201]]}}, {"type": "Feature", "properties": {}, "geometry": {"type": "LineString", "coordinates": [[95.124123, 27.622294], [95.124374, 27.622395], [95.124581, 27.622591], [95.125054, 27.623182], [95.125068, 27.623272], [95.125001, 27.623355], [95.124698, 27.623428], [95.123278, 27.623337], [95.123119, 27.623212], [95.123153, 27.623121], [95.123107, 27.623032], [95.122456, 27.622719], [95.122061, 27.622416], [95.122073, 27.622326], [95.122346, 27.622299], [95.123057, 27.622373], [95.123865, 27.622252], [95.124123, 27.622294]]}}, {"type": "Feature", "properties": {}, "geometry": {"type": "LineString", "coordinates": [[95.073058, 27.622886], [95.073806, 27.623146], [95.07434, 27.623228], [95.074552, 27.623315], [95.074647, 27.623404], [95.074625, 27.623495], [95.074449, 27.62363], [95.074147, 27.623716], [95.073123, 27.623698], [95.07299, 27.623609], [95.072674, 27.623073], [95.072681, 27.622982], [95.072771, 27.622891], [95.073058, 27.622886]]}}, {"type": "Feature", "properties": {}, "geometry": {"type": "LineString", "coordinates": [[95.110592, 27.620154], [95.110908, 27.620601], [95.111173, 27.620826], [95.111381, 27.62108], [95.111571, 27.621403], [95.111758, 27.622302], [95.111711, 27.622434], [95.11161, 27.622477], [95.111307, 27.622503], [95.111161, 27.622402], [95.110788, 27.621325], [95.110365, 27.620429], [95.110354, 27.620339], [95.11045, 27.620111], [95.110551, 27.620089], [95.110592, 27.620154]]}}, {"type": "Feature", "properties": {}, "geometry": {"type": "LineString", "coordinates": [[95.118867, 27.620389], [95.118985, 27.620568], [95.11912, 27.620927], [95.119284, 27.621107], [95.119357, 27.621013], [95.119378, 27.620742], [95.119479, 27.620696], [95.119783, 27.620735], [95.120168, 27.620911], [95.1205, 27.621134], [95.120801, 27.621713], [95.12096, 27.621891], [95.121228, 27.62208], [95.121458, 27.622154], [95.121548, 27.622243], [95.12093, 27.622403], [95.120625, 27.622366], [95.120353, 27.622262], [95.120068, 27.621995], [95.1196, 27.621757], [95.119392, 27.621486], [95.118778, 27.62114], [95.118522, 27.620846], [95.118439, 27.620576], [95.118519, 27.620395], [95.118661, 27.620323], [95.118867, 27.620389]]}}, {"type": "Feature", "properties": {}, "geometry": {"type": "LineString", "coordinates": [[95.072481, 27.582827], [95.072975, 27.582996], [95.073369, 27.583265], [95.075634, 27.584362], [95.076476, 27.584843], [95.077474, 27.58526], [95.078905, 27.585966], [95.079622, 27.586423], [95.080234, 27.586637], [95.080541, 27.586791], [95.081205, 27.587208], [95.081671, 27.587622], [95.082227, 27.588005], [95.083208, 27.588583], [95.084183, 27.589239], [95.085053, 27.589716], [95.085564, 27.58994], [95.087489, 27.590633], [95.087806, 27.590696], [95.088112, 27.590818], [95.088727, 27.591176], [95.089314, 27.591689], [95.08955, 27.591841], [95.09044, 27.591311], [95.090647, 27.590954], [95.091245, 27.590433], [95.091648, 27.590306], [95.092053, 27.590312], [95.092666, 27.590602], [95.092858, 27.590823], [95.092945, 27.591093], [95.09292, 27.591544], [95.092963, 27.591814], [95.093292, 27.592351], [95.094435, 27.593059], [95.095017, 27.593227], [95.095654, 27.593267], [95.096062, 27.593384], [95.096874, 27.593511], [95.096999, 27.593468], [95.096875, 27.59338], [95.096952, 27.593288], [95.097374, 27.59318], [95.097678, 27.593164], [95.098692, 27.593244], [95.0991, 27.593384], [95.099612, 27.593648], [95.099815, 27.59371], [95.100119, 27.593708], [95.100528, 27.593914], [95.101351, 27.594561], [95.101832, 27.59511], [95.102178, 27.595427], [95.102395, 27.595733], [95.102585, 27.596091], [95.102718, 27.59654], [95.102671, 27.597804], [95.102741, 27.598418], [95.102951, 27.598785], [95.1033, 27.599058], [95.103874, 27.599377], [95.104176, 27.599305], [95.104788, 27.599495], [95.105091, 27.599438], [95.105902, 27.599499], [95.106512, 27.599617], [95.107422, 27.599988], [95.107732, 27.600344], [95.108057, 27.600922], [95.108776, 27.601682], [95.109657, 27.602391], [95.110416, 27.60283], [95.110674, 27.603097], [95.111347, 27.603483], [95.112165, 27.603866], [95.112877, 27.604035], [95.113288, 27.604322], [95.113658, 27.604496], [95.114632, 27.604842], [95.11492, 27.604896], [95.11543, 27.605108], [95.116121, 27.60527], [95.116439, 27.605446], [95.117014, 27.605888], [95.117476, 27.606116], [95.117679, 27.606158], [95.11778, 27.606113], [95.117801, 27.606057], [95.117213, 27.605524], [95.117205, 27.605434], [95.117259, 27.605365], [95.117359, 27.605339], [95.117887, 27.605424], [95.119194, 27.605906], [95.119399, 27.606033], [95.120227, 27.606935], [95.120535, 27.607153], [95.121146, 27.607352], [95.122061, 27.607493], [95.122271, 27.607703], [95.122373, 27.607922], [95.122581, 27.608181], [95.123303, 27.608899], [95.123312, 27.60877], [95.122827, 27.608056], [95.122726, 27.607696], [95.122615, 27.607517], [95.122259, 27.607277], [95.121955, 27.607274], [95.121647, 27.60705], [95.120932, 27.606724], [95.120115, 27.606202], [95.120021, 27.606023], [95.12005, 27.605932], [95.120303, 27.60566], [95.121013, 27.605669], [95.121216, 27.60572], [95.121729, 27.606027], [95.12277, 27.606522], [95.123465, 27.606758], [95.124184, 27.607282], [95.124556, 27.607488], [95.124927, 27.607843], [95.125047, 27.608022], [95.125108, 27.608291], [95.124956, 27.608655], [95.124875, 27.609197], [95.124971, 27.609376], [95.125346, 27.609762], [95.125659, 27.610221], [95.12663, 27.610975], [95.127508, 27.611544], [95.127744, 27.611861], [95.128023, 27.61199], [95.128176, 27.612125], [95.128339, 27.612612], [95.128735, 27.613199], [95.128798, 27.613379], [95.128966, 27.613573], [95.129068, 27.613659], [95.129168, 27.613578], [95.129371, 27.613584], [95.129677, 27.613712], [95.129988, 27.61404], [95.130501, 27.614373], [95.130606, 27.614584], [95.130788, 27.614792], [95.130802, 27.614882], [95.130721, 27.615244], [95.130564, 27.615517], [95.130541, 27.615788], [95.130604, 27.616058], [95.130861, 27.616325], [95.131561, 27.616821], [95.131789, 27.617213], [95.131797, 27.617394], [95.131737, 27.617485], [95.131577, 27.617633], [95.131256, 27.617673], [95.13128, 27.617762], [95.1319, 27.618634], [95.132147, 27.618832], [95.132311, 27.618908], [95.132405, 27.618828], [95.132397, 27.618557], [95.132554, 27.618555], [95.132812, 27.618656], [95.13302, 27.618819], [95.133631, 27.61908], [95.133782, 27.619348], [95.133765, 27.620071], [95.133656, 27.620382], [95.133391, 27.620528], [95.133071, 27.620623], [95.132393, 27.620633], [95.131836, 27.620547], [95.131057, 27.620202], [95.130409, 27.620091], [95.130106, 27.620173], [95.129404, 27.620523], [95.129215, 27.620501], [95.128995, 27.620351], [95.12849, 27.620418], [95.12799, 27.620757], [95.127487, 27.620946], [95.12688, 27.620993], [95.126419, 27.621266], [95.126278, 27.621304], [95.125874, 27.621333], [95.125366, 27.621273], [95.124956, 27.621041], [95.124651, 27.620977], [95.12455, 27.620986], [95.123348, 27.6217], [95.122943, 27.621701], [95.122488, 27.621507], [95.122191, 27.621331], [95.122134, 27.621061], [95.12191, 27.620675], [95.121603, 27.620546], [95.120791, 27.620456], [95.120178, 27.620213], [95.119976, 27.620235], [95.119773, 27.620181], [95.119352, 27.61975], [95.119239, 27.619481], [95.119048, 27.619381], [95.118706, 27.619038], [95.118681, 27.618948], [95.118778, 27.618766], [95.119742, 27.618583], [95.119957, 27.618387], [95.120238, 27.618383], [95.120349, 27.618562], [95.120474, 27.61865], [95.120503, 27.61874], [95.120514, 27.619281], [95.120566, 27.61931], [95.120762, 27.618971], [95.120864, 27.618972], [95.121127, 27.619272], [95.121178, 27.619513], [95.121282, 27.619636], [95.121276, 27.619355], [95.121119, 27.619091], [95.121065, 27.618892], [95.120714, 27.618376], [95.120443, 27.618179], [95.120035, 27.618009], [95.119831, 27.61798], [95.119427, 27.618011], [95.118822, 27.618164], [95.118518, 27.618164], [95.118332, 27.61778], [95.118299, 27.61751], [95.118336, 27.616968], [95.118489, 27.616659], [95.118589, 27.616596], [95.118994, 27.616554], [95.119598, 27.616355], [95.119699, 27.616351], [95.119765, 27.616405], [95.119769, 27.616585], [95.119911, 27.616868], [95.120832, 27.617318], [95.12134, 27.617411], [95.121644, 27.617385], [95.121847, 27.617426], [95.122157, 27.617723], [95.122356, 27.617569], [95.122638, 27.617444], [95.122652, 27.617353], [95.122567, 27.617264], [95.122549, 27.617039], [95.12225, 27.617318], [95.122149, 27.617335], [95.12154, 27.617241], [95.121334, 27.617082], [95.121028, 27.616959], [95.120622, 27.616954], [95.120215, 27.616873], [95.120092, 27.61649], [95.120029, 27.616401], [95.119901, 27.61634], [95.11929, 27.61615], [95.118886, 27.616208], [95.118681, 27.616112], [95.118173, 27.616043], [95.11791, 27.615801], [95.117341, 27.615449], [95.117229, 27.61527], [95.117166, 27.61482], [95.116825, 27.614443], [95.116518, 27.614273], [95.116315, 27.614221], [95.115533, 27.614394], [95.115305, 27.614403], [95.115001, 27.614373], [95.114287, 27.614145], [95.114183, 27.614053], [95.114148, 27.613873], [95.114179, 27.613797], [95.11428, 27.613774], [95.114889, 27.613865], [95.115022, 27.61377], [95.11505, 27.613679], [95.11498, 27.61359], [95.114522, 27.613417], [95.114171, 27.613358], [95.113695, 27.613158], [95.113157, 27.612715], [95.11291, 27.612629], [95.112633, 27.612401], [95.112327, 27.612297], [95.111814, 27.61198], [95.111001, 27.61186], [95.1107, 27.611985], [95.110578, 27.612123], [95.110301, 27.612297], [95.109997, 27.612297], [95.109792, 27.612201], [95.109276, 27.611687], [95.108965, 27.611305], [95.108353, 27.611087], [95.108183, 27.610896], [95.108154, 27.610536], [95.108346, 27.610172], [95.108334, 27.609721], [95.108107, 27.608847], [95.107738, 27.608376], [95.107608, 27.608017], [95.10764, 27.607836], [95.107782, 27.607761], [95.1087, 27.608093], [95.109178, 27.607993], [95.10905, 27.607905], [95.10843, 27.607553], [95.108081, 27.607479], [95.107607, 27.607295], [95.107416, 27.607027], [95.10726, 27.606941], [95.106654, 27.607037], [95.106454, 27.607168], [95.106252, 27.607218], [95.105038, 27.607282], [95.103931, 27.60765], [95.103524, 27.607579], [95.102612, 27.607544], [95.102377, 27.607374], [95.102324, 27.607285], [95.102227, 27.607016], [95.102198, 27.606745], [95.102017, 27.606387], [95.101864, 27.606209], [95.100915, 27.605772], [95.100636, 27.605596], [95.100486, 27.605418], [95.100179, 27.604881], [95.100236, 27.604609], [95.099946, 27.604614], [95.100092, 27.604882], [95.100076, 27.605063], [95.099932, 27.605122], [95.09983, 27.60508], [95.099722, 27.604888], [95.099744, 27.604617], [95.099682, 27.604527], [95.099493, 27.60444], [95.099006, 27.604373], [95.098395, 27.6042], [95.09789, 27.604013], [95.097553, 27.603838], [95.097318, 27.603661], [95.096855, 27.603137], [95.096335, 27.602683], [95.096032, 27.602489], [95.095726, 27.602377], [95.09552, 27.602176], [95.095419, 27.602189], [95.09514, 27.60243], [95.094703, 27.602617], [95.093121, 27.603002], [95.092497, 27.603042], [95.091786, 27.602946], [95.091383, 27.603037], [95.090874, 27.602902], [95.090776, 27.602767], [95.090784, 27.602586], [95.090965, 27.602375], [95.091166, 27.60228], [95.091253, 27.602128], [95.091288, 27.601857], [95.091443, 27.601764], [95.091203, 27.601587], [95.091116, 27.601318], [95.091184, 27.600956], [95.091358, 27.600502], [95.09145, 27.599779], [95.091344, 27.59951], [95.091007, 27.599228], [95.090196, 27.59922], [95.089994, 27.599253], [95.089793, 27.599317], [95.089293, 27.599661], [95.088891, 27.599835], [95.088489, 27.599984], [95.088112, 27.600009], [95.087167, 27.599754], [95.086761, 27.59969], [95.085761, 27.599233], [95.085536, 27.599199], [95.085025, 27.598953], [95.084507, 27.5988], [95.083776, 27.59836], [95.082479, 27.598246], [95.08187, 27.59814], [95.081665, 27.59803], [95.080838, 27.59718], [95.080527, 27.596788], [95.080206, 27.596518], [95.079913, 27.596162], [95.079906, 27.596051], [95.080106, 27.595939], [95.080207, 27.595929], [95.080513, 27.596059], [95.080582, 27.595971], [95.080537, 27.595882], [95.080001, 27.595736], [95.079595, 27.595703], [95.079449, 27.595627], [95.079297, 27.595269], [95.079263, 27.594818], [95.079067, 27.594553], [95.078553, 27.594164], [95.078345, 27.593869], [95.078186, 27.5933], [95.078184, 27.593029], [95.078293, 27.592576], [95.0782, 27.592307], [95.078031, 27.592129], [95.077597, 27.591822], [95.07727, 27.591689], [95.075975, 27.590987], [95.075652, 27.590711], [95.07503, 27.589978], [95.074504, 27.588916], [95.073984, 27.588175], [95.07376, 27.587771], [95.073709, 27.58732], [95.07375, 27.587139], [95.073861, 27.587047], [95.073888, 27.586867], [95.073579, 27.585518], [95.073002, 27.584455], [95.072672, 27.584177], [95.072542, 27.583999], [95.072066, 27.58316], [95.071956, 27.582834], [95.07216, 27.582777], [95.072481, 27.582827]]}}, {"type": "Feature", "properties": {}, "geometry": {"type": "LineString", "coordinates": [[95.131041, 27.620383], [95.131132, 27.620652], [95.131004, 27.620835], [95.130483, 27.621204], [95.130128, 27.62128], [95.129621, 27.621296], [95.129317, 27.621253], [95.128906, 27.620996], [95.128533, 27.620873], [95.128511, 27.620783], [95.128699, 27.620745], [95.129105, 27.62078], [95.12961, 27.620707], [95.130515, 27.620363], [95.130819, 27.620335], [95.131041, 27.620383]]}}, {"type": "Feature", "properties": {}, "geometry": {"type": "LineString", "coordinates": [[95.163227, 27.610951], [95.163461, 27.611035], [95.163691, 27.611214], [95.164289, 27.611928], [95.164603, 27.612433], [95.16481, 27.612674], [95.165083, 27.612907], [95.165426, 27.613088], [95.166029, 27.613254], [95.166749, 27.61338], [95.167459, 27.613418], [95.167863, 27.61336], [95.168265, 27.61319], [95.168668, 27.613087], [95.169376, 27.613032], [95.169579, 27.613108], [95.169993, 27.614004], [95.170338, 27.615605], [95.170865, 27.61662], [95.170956, 27.616245], [95.171059, 27.616162], [95.17116, 27.616158], [95.171423, 27.616328], [95.172136, 27.617129], [95.172912, 27.617477], [95.172965, 27.617567], [95.172913, 27.617741], [95.172615, 27.618009], [95.172312, 27.618096], [95.172109, 27.618043], [95.172008, 27.618065], [95.171608, 27.618351], [95.169724, 27.620434], [95.169203, 27.620604], [95.168935, 27.620608], [95.168252, 27.620438], [95.167794, 27.620159], [95.166572, 27.619843], [95.16627, 27.619942], [95.165661, 27.619885], [95.164347, 27.620017], [95.163641, 27.620189], [95.162931, 27.620163], [95.162527, 27.620206], [95.161625, 27.620691], [95.161322, 27.62076], [95.160915, 27.620674], [95.160505, 27.620439], [95.160369, 27.62029], [95.160296, 27.620092], [95.160472, 27.619567], [95.160265, 27.619029], [95.160292, 27.618306], [95.160361, 27.617944], [95.160348, 27.617222], [95.160216, 27.616954], [95.160126, 27.616581], [95.159862, 27.615876], [95.159809, 27.615516], [95.159687, 27.615157], [95.159696, 27.614886], [95.15981, 27.614704], [95.161089, 27.614043], [95.16138, 27.613867], [95.161687, 27.613579], [95.161882, 27.613187], [95.161968, 27.612366], [95.162103, 27.611871], [95.16232, 27.611416], [95.162605, 27.611051], [95.16275, 27.610965], [95.162952, 27.610912], [95.163227, 27.610951]]}}, {"type": "Feature", "properties": {}, "geometry": {"type": "LineString", "coordinates": [[95.172439, 27.618658], [95.172467, 27.618748], [95.172333, 27.619148], [95.172137, 27.619456], [95.171938, 27.619683], [95.171738, 27.61977], [95.171628, 27.619754], [95.171548, 27.619665], [95.171537, 27.619484], [95.171823, 27.618987], [95.1722, 27.618662], [95.172439, 27.618658]]}}, {"type": "Feature", "properties": {}, "geometry": {"type": "LineString", "coordinates": [[95.069377, 27.610939], [95.070463, 27.611008], [95.071768, 27.611264], [95.072393, 27.611316], [95.072801, 27.611445], [95.073306, 27.611386], [95.073809, 27.611194], [95.074415, 27.61108], [95.076342, 27.611219], [95.076852, 27.61138], [95.076955, 27.611367], [95.077051, 27.611205], [95.077152, 27.611165], [95.077964, 27.611248], [95.078557, 27.611433], [95.079004, 27.611697], [95.079503, 27.61187], [95.080191, 27.612041], [95.080816, 27.612121], [95.081939, 27.612502], [95.082242, 27.612478], [95.082525, 27.612637], [95.08263, 27.612816], [95.082602, 27.612907], [95.082353, 27.613], [95.081341, 27.613022], [95.081242, 27.613108], [95.081295, 27.613197], [95.081255, 27.613288], [95.080935, 27.613564], [95.080904, 27.613654], [95.080974, 27.613834], [95.080697, 27.614199], [95.080636, 27.61438], [95.080457, 27.614519], [95.07975, 27.614634], [95.079148, 27.614924], [95.078845, 27.614974], [95.078744, 27.615029], [95.078134, 27.615591], [95.077753, 27.616179], [95.077694, 27.61641], [95.077457, 27.616579], [95.077154, 27.616639], [95.075939, 27.616685], [95.075131, 27.616829], [95.074975, 27.616902], [95.074732, 27.617134], [95.074655, 27.617267], [95.0746, 27.617539], [95.074754, 27.61834], [95.074922, 27.618798], [95.075283, 27.619518], [95.075558, 27.620593], [95.075817, 27.620944], [95.07582, 27.621102], [95.075718, 27.621082], [95.075545, 27.620683], [95.075196, 27.620269], [95.074899, 27.61952], [95.074462, 27.618714], [95.073962, 27.61818], [95.07343, 27.617962], [95.072921, 27.617838], [95.072774, 27.617747], [95.072508, 27.617431], [95.072151, 27.616493], [95.072143, 27.616403], [95.072222, 27.616221], [95.0728, 27.61558], [95.073051, 27.615126], [95.073568, 27.614502], [95.073669, 27.614304], [95.073856, 27.61367], [95.073966, 27.613487], [95.073911, 27.612766], [95.074142, 27.612699], [95.074346, 27.612819], [95.074433, 27.612759], [95.07441, 27.612669], [95.073835, 27.612583], [95.073123, 27.612403], [95.072413, 27.612365], [95.072107, 27.612264], [95.071601, 27.612303], [95.070789, 27.612204], [95.070178, 27.612028], [95.069165, 27.611484], [95.068665, 27.61104], [95.068686, 27.610949], [95.068739, 27.610933], [95.069377, 27.610939]]}}, {"type": "Feature", "properties": {}, "geometry": {"type": "LineString", "coordinates": [[95.132518, 27.617563], [95.132812, 27.617649], [95.133378, 27.618362], [95.133437, 27.618541], [95.133378, 27.618633], [95.133116, 27.618645], [95.132706, 27.618372], [95.132299, 27.6183], [95.131919, 27.618114], [95.131919, 27.618023], [95.132031, 27.617931], [95.132084, 27.617642], [95.132182, 27.617512], [95.132518, 27.617563]]}}, {"type": "Feature", "properties": {}, "geometry": {"type": "LineString", "coordinates": [[95.043177, 27.61611], [95.043589, 27.616285], [95.043819, 27.616475], [95.044029, 27.616871], [95.044522, 27.618166], [95.044668, 27.618435], [95.044668, 27.618525], [95.044568, 27.61859], [95.043961, 27.618645], [95.043108, 27.618548], [95.042167, 27.617659], [95.041896, 27.617302], [95.041689, 27.616764], [95.041695, 27.616667], [95.041831, 27.616581], [95.04182, 27.616401], [95.041867, 27.61631], [95.04253, 27.61612], [95.043177, 27.61611]]}}, {"type": "Feature", "properties": {}, "geometry": {"type": "LineString", "coordinates": [[95.108852, 27.615308], [95.109275, 27.615482], [95.109433, 27.61566], [95.109504, 27.615839], [95.109532, 27.6162], [95.109498, 27.616561], [95.109556, 27.617192], [95.109517, 27.617373], [95.109386, 27.617454], [95.109183, 27.617398], [95.108259, 27.616761], [95.107503, 27.616321], [95.107246, 27.616144], [95.107106, 27.615966], [95.107078, 27.615786], [95.107123, 27.615648], [95.107372, 27.615601], [95.107928, 27.61538], [95.108332, 27.615312], [95.108852, 27.615308]]}}, {"type": "Feature", "properties": {}, "geometry": {"type": "LineString", "coordinates": [[95.069606, 27.613462], [95.071017, 27.61356], [95.071212, 27.613619], [95.071307, 27.613708], [95.071305, 27.613888], [95.070958, 27.614886], [95.070383, 27.616158], [95.070258, 27.61626], [95.070055, 27.616262], [95.069648, 27.616146], [95.069351, 27.615993], [95.069152, 27.615725], [95.069226, 27.615544], [95.069381, 27.615451], [95.069423, 27.61527], [95.069375, 27.614639], [95.069211, 27.614481], [95.069109, 27.614282], [95.069185, 27.61383], [95.069131, 27.613469], [95.069191, 27.613411], [95.069292, 27.6134], [95.069606, 27.613462]]}}, {"type": "Feature", "properties": {}, "geometry": {"type": "LineString", "coordinates": [[95.041169, 27.613884], [95.041908, 27.614505], [95.042064, 27.614683], [95.042645, 27.615577], [95.042678, 27.615757], [95.042615, 27.615848], [95.041785, 27.616064], [95.041481, 27.616042], [95.041276, 27.615936], [95.041204, 27.615778], [95.041178, 27.615508], [95.041195, 27.615417], [95.041364, 27.615227], [95.041188, 27.614966], [95.041127, 27.614787], [95.041076, 27.614427], [95.041157, 27.614245], [95.04103, 27.613976], [95.041042, 27.613886], [95.041136, 27.613853], [95.041169, 27.613884]]}}, {"type": "Feature", "properties": {}, "geometry": {"type": "LineString", "coordinates": [[95.10772, 27.612979], [95.108138, 27.613063], [95.108594, 27.613094], [95.109487, 27.613493], [95.109645, 27.613671], [95.109818, 27.61403], [95.109836, 27.614481], [95.109741, 27.614821], [95.109539, 27.614858], [95.108928, 27.614684], [95.108523, 27.614675], [95.107304, 27.614539], [95.106393, 27.61459], [95.106292, 27.614578], [95.106087, 27.614439], [95.10585, 27.61418], [95.105668, 27.613822], [95.105573, 27.613282], [95.105568, 27.613102], [95.105645, 27.61301], [95.105856, 27.612979], [95.106161, 27.613031], [95.10687, 27.613042], [95.107477, 27.612965], [95.10772, 27.612979]]}}, {"type": "Feature", "properties": {}, "geometry": {"type": "LineString", "coordinates": [[95.184151, 27.612278], [95.18395, 27.612363], [95.183739, 27.612705], [95.183762, 27.613156], [95.183977, 27.613707], [95.183971, 27.612972], [95.184179, 27.612427], [95.184151, 27.612278]]}}, {"type": "Feature", "properties": {}, "geometry": {"type": "LineString", "coordinates": [[95.043111, 27.614487], [95.043587, 27.614863], [95.043597, 27.615382], [95.043496, 27.615463], [95.043293, 27.615425], [95.042986, 27.61527], [95.042672, 27.614945], [95.042585, 27.614765], [95.042569, 27.614675], [95.042768, 27.614434], [95.042971, 27.614437], [95.043111, 27.614487]]}}, {"type": "Feature", "properties": {}, "geometry": {"type": "LineString", "coordinates": [[95.08941, 27.60017], [95.089573, 27.600258], [95.08966, 27.600437], [95.089725, 27.601068], [95.089532, 27.601574], [95.089189, 27.602069], [95.089034, 27.602522], [95.089231, 27.603061], [95.089466, 27.60344], [95.089655, 27.603596], [95.090182, 27.603836], [95.09079, 27.604211], [95.091519, 27.604855], [95.092852, 27.605705], [95.093269, 27.606325], [95.093586, 27.607009], [95.093925, 27.607322], [95.094203, 27.607508], [95.094859, 27.607669], [95.095524, 27.607713], [95.09583, 27.607825], [95.095989, 27.607832], [95.096055, 27.607741], [95.096052, 27.60747], [95.095822, 27.607435], [95.095755, 27.607384], [95.095748, 27.607294], [95.096052, 27.606838], [95.096214, 27.606706], [95.096616, 27.606557], [95.097121, 27.606454], [95.097425, 27.606491], [95.097806, 27.606631], [95.097931, 27.60672], [95.098144, 27.607016], [95.098407, 27.607705], [95.098363, 27.607837], [95.098063, 27.60807], [95.097754, 27.608618], [95.097748, 27.608798], [95.097878, 27.608998], [95.098085, 27.609205], [95.098464, 27.609329], [95.098802, 27.609635], [95.099158, 27.60986], [95.099523, 27.610261], [95.100153, 27.610837], [95.100714, 27.61119], [95.101676, 27.611602], [95.101986, 27.611909], [95.102292, 27.612009], [95.102806, 27.612432], [95.10292, 27.61242], [95.102824, 27.612241], [95.102901, 27.612082], [95.103308, 27.612192], [95.103416, 27.612322], [95.103429, 27.612412], [95.103226, 27.612596], [95.103273, 27.612685], [95.103421, 27.612767], [95.103725, 27.612812], [95.10393, 27.61293], [95.104425, 27.61348], [95.104533, 27.613929], [95.104465, 27.614416], [95.104263, 27.614295], [95.103938, 27.614209], [95.103342, 27.613931], [95.10273, 27.61374], [95.102427, 27.613767], [95.101811, 27.613971], [95.101217, 27.614079], [95.100503, 27.613821], [95.100096, 27.613747], [95.099589, 27.61373], [95.099185, 27.613799], [95.098882, 27.613799], [95.098731, 27.613747], [95.098515, 27.613479], [95.098368, 27.613412], [95.098096, 27.613125], [95.097852, 27.612945], [95.097546, 27.612845], [95.097141, 27.612852], [95.096435, 27.612992], [95.096133, 27.613126], [95.095434, 27.61362], [95.095074, 27.613712], [95.09483, 27.613851], [95.094628, 27.613848], [95.094524, 27.613727], [95.094498, 27.613359], [95.094412, 27.613192], [95.094107, 27.613122], [95.093866, 27.612918], [95.0938, 27.612738], [95.093826, 27.612467], [95.093485, 27.612355], [95.093382, 27.612272], [95.092772, 27.612178], [95.092439, 27.612037], [95.092186, 27.61186], [95.091532, 27.610872], [95.090716, 27.609807], [95.089875, 27.608996], [95.089222, 27.608476], [95.088903, 27.608119], [95.088843, 27.607986], [95.088432, 27.607585], [95.088255, 27.607317], [95.088286, 27.607226], [95.08851, 27.607133], [95.089039, 27.607034], [95.089331, 27.607028], [95.089636, 27.607091], [95.089842, 27.607227], [95.090045, 27.607284], [95.090456, 27.607595], [95.090966, 27.607754], [95.091027, 27.607726], [95.090942, 27.607637], [95.09076, 27.607569], [95.090665, 27.607461], [95.090554, 27.607422], [95.089926, 27.606931], [95.08963, 27.606755], [95.089055, 27.606583], [95.088666, 27.606589], [95.087707, 27.606844], [95.086794, 27.606781], [95.086217, 27.606626], [95.085573, 27.606512], [95.085024, 27.606192], [95.08434, 27.605585], [95.083712, 27.605129], [95.083456, 27.604772], [95.083384, 27.604593], [95.083314, 27.604142], [95.083378, 27.603781], [95.083582, 27.603326], [95.083786, 27.603054], [95.084172, 27.602776], [95.084347, 27.602593], [95.084479, 27.602208], [95.08458, 27.602199], [95.084683, 27.602285], [95.084993, 27.603034], [95.085149, 27.603212], [95.085315, 27.603564], [95.085618, 27.60352], [95.085717, 27.603475], [95.085738, 27.603384], [95.085378, 27.602938], [95.085258, 27.602669], [95.085291, 27.602579], [95.084939, 27.602223], [95.08485, 27.601683], [95.084855, 27.601322], [95.084524, 27.600785], [95.084459, 27.600335], [95.084544, 27.600273], [95.084645, 27.60028], [95.085156, 27.600516], [95.085882, 27.600765], [95.086175, 27.600817], [95.08658, 27.60084], [95.087288, 27.600796], [95.087999, 27.600852], [95.088301, 27.600781], [95.089201, 27.600154], [95.089302, 27.600129], [95.08941, 27.60017]]}}, {"type": "Feature", "properties": {}, "geometry": {"type": "LineString", "coordinates": [[95.134186, 27.612935], [95.13428, 27.613024], [95.1343, 27.613294], [95.134665, 27.61365], [95.1347, 27.613739], [95.134644, 27.613832], [95.134442, 27.613855], [95.134033, 27.613701], [95.133854, 27.613572], [95.133835, 27.613031], [95.133872, 27.61294], [95.134186, 27.612935]]}}, {"type": "Feature", "properties": {}, "geometry": {"type": "LineString", "coordinates": [[95.097466, 27.613315], [95.097556, 27.613337], [95.097582, 27.613493], [95.097453, 27.613766], [95.097264, 27.613975], [95.097163, 27.614016], [95.096961, 27.614015], [95.096494, 27.61378], [95.096497, 27.61369], [95.096605, 27.613508], [95.096846, 27.613331], [95.09715, 27.613291], [95.097466, 27.613315]]}}, {"type": "Feature", "properties": {}, "geometry": {"type": "LineString", "coordinates": [[95.257656, 27.605354], [95.257587, 27.605387], [95.257609, 27.606018], [95.257469, 27.606381], [95.257447, 27.606742], [95.257466, 27.606923], [95.257551, 27.607102], [95.257544, 27.607282], [95.257702, 27.607619], [95.257871, 27.607818], [95.258116, 27.608026], [95.258633, 27.608347], [95.259345, 27.608701], [95.259549, 27.608768], [95.259954, 27.608765], [95.260362, 27.608905], [95.260672, 27.609174], [95.260986, 27.609688], [95.261211, 27.60993], [95.261502, 27.610135], [95.261607, 27.61032], [95.261814, 27.610532], [95.26202, 27.610675], [95.262234, 27.610725], [95.26226, 27.610635], [95.261808, 27.610239], [95.261185, 27.609518], [95.261067, 27.6093], [95.260712, 27.608945], [95.259934, 27.608597], [95.259544, 27.608527], [95.258846, 27.608163], [95.25852, 27.607977], [95.257901, 27.607442], [95.257651, 27.60701], [95.257645, 27.606649], [95.257782, 27.606196], [95.257832, 27.605744], [95.257786, 27.605474], [95.257656, 27.605354]]}}, {"type": "Feature", "properties": {}, "geometry": {"type": "LineString", "coordinates": [[95.107071, 27.607484], [95.10735, 27.607931], [95.107383, 27.608201], [95.107345, 27.608292], [95.107287, 27.608327], [95.106374, 27.608265], [95.106217, 27.608309], [95.106125, 27.6084], [95.106379, 27.608565], [95.106481, 27.608584], [95.106783, 27.608453], [95.10693, 27.608479], [95.107457, 27.608831], [95.107817, 27.609187], [95.107829, 27.609458], [95.107571, 27.610093], [95.107609, 27.610815], [95.107737, 27.611354], [95.108034, 27.61171], [95.108058, 27.611891], [95.107965, 27.612012], [95.107158, 27.612173], [95.106936, 27.612088], [95.10685, 27.611988], [95.106578, 27.611913], [95.104616, 27.611711], [95.104166, 27.611408], [95.103033, 27.610974], [95.101958, 27.610444], [95.101348, 27.610347], [95.100859, 27.610105], [95.100672, 27.609927], [95.100754, 27.609836], [95.101033, 27.609763], [95.101133, 27.609676], [95.101219, 27.609558], [95.101309, 27.609286], [95.10158, 27.609011], [95.101922, 27.608541], [95.102122, 27.608432], [95.102325, 27.608426], [95.102732, 27.608537], [95.103439, 27.608447], [95.104143, 27.608155], [95.104345, 27.608122], [95.104847, 27.607891], [95.104996, 27.607696], [95.105146, 27.607612], [95.105247, 27.607608], [95.105375, 27.60769], [95.105558, 27.607979], [95.105868, 27.608282], [95.105875, 27.607863], [95.105996, 27.607681], [95.106158, 27.607579], [95.10636, 27.607532], [95.106865, 27.607491], [95.106966, 27.607433], [95.107071, 27.607484]]}}, {"type": "Feature", "properties": {}, "geometry": {"type": "LineString", "coordinates": [[95.063897, 27.609125], [95.064242, 27.609301], [95.064417, 27.609569], [95.064769, 27.609933], [95.065084, 27.6105], [95.065564, 27.611086], [95.065626, 27.611266], [95.06559, 27.611356], [95.065506, 27.611396], [95.0647, 27.611616], [95.064325, 27.611826], [95.064146, 27.61201], [95.063903, 27.612377], [95.063861, 27.612285], [95.063862, 27.612014], [95.064012, 27.611109], [95.063941, 27.61093], [95.063771, 27.610715], [95.063565, 27.610542], [95.063228, 27.610399], [95.063026, 27.610221], [95.062977, 27.610132], [95.063024, 27.609951], [95.062833, 27.609412], [95.062927, 27.60932], [95.063315, 27.609134], [95.063639, 27.6091], [95.063897, 27.609125]]}}, {"type": "Feature", "properties": {}, "geometry": {"type": "LineString", "coordinates": [[95.128241, 27.608875], [95.129083, 27.609159], [95.129691, 27.609171], [95.129798, 27.609212], [95.130401, 27.610827], [95.130406, 27.611008], [95.130336, 27.611114], [95.130236, 27.611151], [95.129932, 27.611146], [95.129714, 27.611109], [95.129116, 27.610882], [95.128508, 27.610869], [95.12815, 27.610772], [95.127691, 27.610543], [95.127224, 27.609793], [95.127007, 27.609526], [95.126991, 27.609436], [95.127179, 27.609252], [95.127061, 27.609074], [95.127156, 27.609052], [95.127356, 27.608903], [95.127962, 27.608851], [95.128241, 27.608875]]}}, {"type": "Feature", "properties": {}, "geometry": {"type": "LineString", "coordinates": [[95.07234, 27.610443], [95.073293, 27.610689], [95.073507, 27.610787], [95.073508, 27.610877], [95.073177, 27.611063], [95.072593, 27.611167], [95.072186, 27.611081], [95.071879, 27.610917], [95.071267, 27.61082], [95.071219, 27.610731], [95.071337, 27.610639], [95.071769, 27.610451], [95.07234, 27.610443]]}}, {"type": "Feature", "properties": {}, "geometry": {"type": "LineString", "coordinates": [[95.126168, 27.608275], [95.126226, 27.608365], [95.126232, 27.608545], [95.125953, 27.609091], [95.125847, 27.609484], [95.125607, 27.609096], [95.12557, 27.608736], [95.125627, 27.608578], [95.125925, 27.608258], [95.126025, 27.608204], [95.126168, 27.608275]]}}, {"type": "Feature", "properties": {}, "geometry": {"type": "LineString", "coordinates": [[95.027414, 27.60831], [95.028068, 27.608369], [95.028272, 27.608451], [95.028424, 27.608566], [95.028583, 27.608872], [95.028786, 27.608849], [95.028887, 27.60888], [95.029095, 27.609131], [95.029203, 27.609006], [95.029394, 27.608897], [95.029497, 27.608996], [95.029511, 27.609182], [95.029342, 27.609455], [95.02908, 27.610632], [95.029024, 27.610793], [95.028924, 27.610854], [95.028756, 27.610817], [95.028208, 27.610497], [95.02779, 27.609813], [95.027588, 27.6093], [95.027164, 27.60879], [95.027062, 27.608495], [95.02709, 27.608314], [95.027154, 27.60825], [95.027414, 27.60831]]}}, {"type": "Feature", "properties": {}, "geometry": {"type": "LineString", "coordinates": [[95.095559, 27.603597], [95.095751, 27.603699], [95.096172, 27.603768], [95.096689, 27.604302], [95.096988, 27.604812], [95.097359, 27.605285], [95.097966, 27.605727], [95.098226, 27.605971], [95.09904, 27.606154], [95.099547, 27.606218], [95.100273, 27.606594], [95.100494, 27.606771], [95.100574, 27.606951], [95.100585, 27.607221], [95.100361, 27.608127], [95.099604, 27.609178], [95.099405, 27.609372], [95.099304, 27.609364], [95.098791, 27.609076], [95.09818, 27.608873], [95.098048, 27.608794], [95.098096, 27.608612], [95.098372, 27.608327], [95.098555, 27.607793], [95.098415, 27.606803], [95.098132, 27.606369], [95.097927, 27.606251], [95.097115, 27.606153], [95.096811, 27.606164], [95.09631, 27.606293], [95.095938, 27.606479], [95.094962, 27.607126], [95.094906, 27.607204], [95.0944, 27.607191], [95.094143, 27.607048], [95.093976, 27.606599], [95.094, 27.606418], [95.094103, 27.606326], [95.094345, 27.606233], [95.094346, 27.606142], [95.0941, 27.605875], [95.0938, 27.605429], [95.092832, 27.604661], [95.092493, 27.604456], [95.09246, 27.604366], [95.092525, 27.604275], [95.092721, 27.60416], [95.094643, 27.603611], [95.09514, 27.603527], [95.095559, 27.603597]]}}, {"type": "Feature", "properties": {}, "geometry": {"type": "LineString", "coordinates": [[95.091271, 27.607805], [95.091143, 27.607815], [95.091377, 27.608073], [95.091888, 27.608312], [95.09246, 27.608698], [95.09271, 27.608922], [95.092997, 27.609321], [95.093124, 27.609379], [95.093153, 27.609229], [95.09312, 27.609135], [95.092409, 27.608337], [95.091791, 27.607986], [95.091271, 27.607805]]}}, {"type": "Feature", "properties": {}, "geometry": {"type": "LineString", "coordinates": [[95.04595, 27.606323], [95.046291, 27.606769], [95.046622, 27.606945], [95.046958, 27.60703], [95.047245, 27.607206], [95.04745, 27.607474], [95.047614, 27.608075], [95.047821, 27.608289], [95.048128, 27.608474], [95.048643, 27.608937], [95.048708, 27.60908], [95.048546, 27.609173], [95.048344, 27.609212], [95.047533, 27.609155], [95.046824, 27.609178], [95.046385, 27.609114], [95.046111, 27.608938], [95.045949, 27.608489], [95.045691, 27.608222], [95.04567, 27.608132], [95.045738, 27.60786], [95.045684, 27.607816], [95.045404, 27.608046], [95.045184, 27.60812], [95.044952, 27.608052], [95.04457, 27.607818], [95.044288, 27.607701], [95.044247, 27.607611], [95.04435, 27.607429], [95.044469, 27.607337], [95.044697, 27.606883], [95.044854, 27.60672], [95.045177, 27.606605], [95.045454, 27.606308], [95.045757, 27.606277], [95.04595, 27.606323]]}}, {"type": "Feature", "properties": {}, "geometry": {"type": "LineString", "coordinates": [[95.062985, 27.607334], [95.063101, 27.607423], [95.063251, 27.607691], [95.063312, 27.607871], [95.063293, 27.607961], [95.062002, 27.608241], [95.061802, 27.608368], [95.061404, 27.608736], [95.061003, 27.608968], [95.060599, 27.609018], [95.060372, 27.608907], [95.060335, 27.608817], [95.060372, 27.608546], [95.060584, 27.608246], [95.062795, 27.607292], [95.062985, 27.607334]]}}, {"type": "Feature", "properties": {}, "geometry": {"type": "LineString", "coordinates": [[95.22044, 27.590104], [95.220835, 27.590459], [95.22116, 27.590905], [95.221488, 27.59117], [95.221616, 27.591346], [95.22161, 27.591024], [95.221303, 27.590722], [95.221256, 27.590542], [95.221283, 27.590452], [95.22155, 27.590267], [95.221695, 27.59023], [95.222203, 27.590297], [95.222305, 27.59036], [95.222518, 27.590612], [95.222593, 27.590792], [95.222588, 27.590972], [95.222442, 27.591155], [95.222538, 27.591424], [95.222455, 27.591516], [95.222439, 27.591946], [95.22224, 27.592122], [95.222018, 27.592154], [95.22214, 27.592198], [95.222194, 27.592332], [95.222194, 27.592693], [95.222056, 27.593061], [95.22194, 27.593238], [95.221866, 27.593678], [95.221713, 27.594054], [95.221588, 27.594598], [95.221182, 27.594936], [95.22104, 27.595419], [95.220908, 27.595601], [95.220816, 27.595964], [95.220507, 27.59662], [95.219819, 27.597669], [95.219531, 27.59844], [95.219374, 27.598694], [95.219134, 27.59883], [95.21882, 27.598793], [95.218957, 27.599061], [95.219008, 27.599512], [95.218776, 27.600328], [95.218507, 27.600783], [95.218396, 27.601236], [95.218222, 27.60151], [95.217985, 27.602126], [95.217837, 27.602328], [95.21779, 27.60253], [95.217607, 27.602783], [95.217401, 27.603343], [95.217176, 27.603782], [95.216845, 27.604239], [95.216873, 27.60487], [95.216966, 27.60541], [95.217164, 27.606039], [95.217179, 27.606309], [95.217092, 27.606401], [95.216957, 27.606431], [95.216144, 27.606302], [95.215714, 27.606152], [95.215122, 27.605848], [95.214927, 27.605623], [95.214905, 27.605533], [95.214963, 27.605352], [95.2148, 27.604928], [95.214493, 27.60481], [95.21398, 27.604453], [95.213449, 27.604203], [95.213015, 27.603759], [95.212233, 27.60322], [95.211817, 27.602665], [95.21176, 27.602515], [95.211783, 27.602064], [95.211698, 27.601795], [95.211413, 27.601528], [95.211279, 27.601121], [95.210967, 27.60073], [95.210813, 27.600365], [95.21083, 27.600184], [95.210997, 27.59982], [95.210773, 27.599373], [95.210676, 27.599013], [95.210567, 27.598203], [95.210562, 27.597661], [95.210702, 27.597605], [95.21109, 27.597653], [95.211562, 27.597826], [95.211867, 27.598002], [95.21199, 27.59818], [95.212069, 27.59845], [95.212112, 27.599171], [95.212234, 27.59962], [95.212367, 27.599805], [95.212732, 27.599973], [95.212727, 27.600154], [95.212615, 27.600336], [95.213508, 27.601169], [95.214221, 27.602025], [95.214441, 27.602211], [95.214543, 27.602234], [95.214744, 27.602165], [95.215047, 27.602282], [95.215153, 27.60237], [95.215218, 27.602641], [95.215155, 27.603093], [95.215277, 27.603491], [95.215488, 27.603892], [95.215589, 27.603866], [95.2156, 27.603808], [95.215571, 27.603357], [95.21568, 27.603356], [95.215989, 27.603654], [95.216098, 27.603995], [95.2162, 27.604042], [95.216302, 27.603526], [95.216084, 27.603323], [95.215984, 27.60308], [95.216001, 27.602989], [95.216255, 27.602895], [95.216181, 27.602625], [95.215546, 27.601746], [95.214626, 27.601334], [95.214215, 27.601036], [95.214049, 27.600854], [95.214022, 27.600765], [95.214308, 27.600654], [95.214512, 27.600706], [95.21482, 27.600895], [95.214922, 27.600923], [95.214958, 27.60084], [95.214448, 27.600216], [95.214344, 27.599947], [95.21411, 27.599771], [95.214003, 27.599592], [95.214002, 27.599502], [95.214081, 27.599432], [95.214184, 27.599524], [95.214286, 27.599545], [95.214294, 27.599497], [95.214282, 27.599325], [95.214078, 27.598778], [95.214109, 27.598507], [95.214359, 27.598132], [95.214559, 27.598017], [95.214861, 27.597926], [95.215975, 27.598026], [95.21618, 27.598006], [95.216582, 27.597848], [95.216885, 27.597807], [95.217036, 27.597919], [95.217092, 27.598047], [95.217207, 27.598007], [95.217391, 27.597787], [95.217492, 27.597769], [95.217594, 27.597812], [95.217694, 27.597744], [95.217755, 27.597366], [95.217985, 27.597121], [95.218026, 27.597001], [95.218038, 27.59664], [95.21785, 27.596372], [95.217789, 27.596192], [95.217861, 27.595921], [95.217776, 27.595561], [95.217799, 27.59538], [95.218047, 27.595163], [95.218442, 27.594644], [95.218636, 27.594244], [95.218735, 27.594133], [95.218836, 27.594122], [95.218957, 27.594369], [95.218888, 27.595182], [95.218915, 27.595272], [95.219165, 27.595341], [95.219291, 27.595266], [95.219496, 27.594721], [95.219498, 27.594541], [95.219381, 27.594272], [95.219147, 27.594095], [95.219094, 27.593916], [95.21921, 27.592921], [95.219353, 27.592377], [95.219407, 27.592279], [95.219592, 27.592193], [95.219627, 27.592102], [95.219502, 27.591991], [95.219495, 27.591614], [95.219636, 27.59138], [95.21998, 27.590546], [95.220107, 27.59038], [95.220104, 27.5902], [95.220172, 27.590036], [95.220273, 27.59002], [95.22044, 27.590104]]}}, {"type": "Feature", "properties": {}, "geometry": {"type": "LineString", "coordinates": [[95.045552, 27.599199], [95.045654, 27.599288], [95.045779, 27.599738], [95.046104, 27.600274], [95.046257, 27.60045], [95.046461, 27.600522], [95.04768, 27.600744], [95.048895, 27.600721], [95.051028, 27.600994], [95.05259, 27.601622], [95.054278, 27.602229], [95.055213, 27.602687], [95.056233, 27.602922], [95.056843, 27.603178], [95.05709, 27.60318], [95.057346, 27.603038], [95.057369, 27.602996], [95.057243, 27.602918], [95.057204, 27.602817], [95.057229, 27.602727], [95.05734, 27.602671], [95.057745, 27.602687], [95.057949, 27.602745], [95.058118, 27.602894], [95.058236, 27.603434], [95.058599, 27.60397], [95.058898, 27.604726], [95.059102, 27.604955], [95.05941, 27.605068], [95.059616, 27.605206], [95.060124, 27.605662], [95.06077, 27.606104], [95.061158, 27.60643], [95.06126, 27.606444], [95.061461, 27.606356], [95.061664, 27.606378], [95.061967, 27.606447], [95.062278, 27.606623], [95.062406, 27.606801], [95.062305, 27.607073], [95.061987, 27.607412], [95.061468, 27.607537], [95.06088, 27.607833], [95.060592, 27.607911], [95.060229, 27.608097], [95.059777, 27.608421], [95.059676, 27.608453], [95.059574, 27.608411], [95.059538, 27.608017], [95.05933, 27.607659], [95.059282, 27.607389], [95.058123, 27.606653], [95.057306, 27.606299], [95.056186, 27.605901], [95.055159, 27.605244], [95.053641, 27.604675], [95.053509, 27.604587], [95.052616, 27.604239], [95.052405, 27.604223], [95.052307, 27.604395], [95.052105, 27.604448], [95.051418, 27.604347], [95.051355, 27.604167], [95.051408, 27.604076], [95.051591, 27.604012], [95.052026, 27.603977], [95.051909, 27.603889], [95.051587, 27.603805], [95.051382, 27.603688], [95.051176, 27.603486], [95.051065, 27.603179], [95.051193, 27.602726], [95.05114, 27.602637], [95.050706, 27.602462], [95.050143, 27.602416], [95.049127, 27.602256], [95.048617, 27.602108], [95.046585, 27.601754], [95.045872, 27.601559], [95.045631, 27.601454], [95.04516, 27.60138], [95.044769, 27.601196], [95.044488, 27.60093], [95.044306, 27.600842], [95.044231, 27.600753], [95.044243, 27.600663], [95.044334, 27.600555], [95.044767, 27.600384], [95.044738, 27.600204], [95.044822, 27.599932], [95.045076, 27.599748], [95.045202, 27.599475], [95.045344, 27.599383], [95.045423, 27.599218], [95.045552, 27.599199]]}}, {"type": "Feature", "properties": {}, "geometry": {"type": "LineString", "coordinates": [[95.250622, 27.598219], [95.250577, 27.598281], [95.250597, 27.598371], [95.251247, 27.599056], [95.252239, 27.599879], [95.25247, 27.600146], [95.253207, 27.600776], [95.254966, 27.602601], [95.256362, 27.603782], [95.257343, 27.604925], [95.257554, 27.605344], [95.257627, 27.605115], [95.257544, 27.604861], [95.256923, 27.603954], [95.256711, 27.603716], [95.256232, 27.603243], [95.255783, 27.60295], [95.254999, 27.60218], [95.254751, 27.601995], [95.254025, 27.601113], [95.253404, 27.600509], [95.252664, 27.599872], [95.251572, 27.599077], [95.251241, 27.598757], [95.251136, 27.598582], [95.250622, 27.598219]]}}, {"type": "Feature", "properties": {}, "geometry": {"type": "LineString", "coordinates": [[95.042828, 27.600774], [95.043634, 27.601045], [95.043939, 27.601105], [95.044283, 27.601113], [95.044549, 27.601209], [95.044651, 27.601277], [95.04486, 27.601612], [95.04528, 27.602091], [95.045691, 27.602446], [95.045993, 27.602637], [95.046909, 27.602852], [95.047216, 27.603019], [95.047339, 27.602873], [95.047516, 27.602821], [95.048222, 27.602657], [95.049132, 27.60255], [95.049434, 27.602465], [95.050248, 27.602629], [95.050453, 27.602739], [95.050623, 27.602915], [95.050666, 27.603095], [95.05062, 27.603547], [95.050689, 27.603997], [95.050784, 27.60424], [95.051083, 27.604532], [95.051401, 27.604724], [95.052419, 27.60499], [95.053128, 27.604968], [95.053535, 27.605049], [95.053676, 27.605126], [95.05373, 27.605215], [95.053744, 27.605423], [95.053644, 27.605511], [95.053038, 27.60556], [95.052332, 27.605733], [95.051976, 27.605873], [95.051447, 27.606242], [95.05123, 27.606428], [95.050822, 27.606973], [95.050342, 27.607973], [95.050153, 27.608156], [95.049821, 27.608341], [95.049545, 27.608405], [95.049039, 27.608437], [95.048835, 27.608373], [95.048531, 27.60818], [95.048423, 27.608018], [95.048413, 27.607911], [95.04852, 27.607754], [95.048646, 27.607727], [95.048579, 27.607638], [95.047737, 27.607289], [95.047286, 27.606785], [95.046773, 27.606443], [95.046565, 27.606135], [95.046619, 27.605862], [95.046559, 27.605842], [95.046156, 27.605934], [95.045143, 27.605948], [95.044941, 27.605989], [95.044288, 27.606347], [95.044042, 27.606629], [95.043642, 27.606945], [95.043141, 27.607216], [95.042632, 27.60709], [95.042023, 27.607022], [95.041513, 27.606823], [95.040924, 27.606487], [95.040122, 27.605867], [95.039462, 27.605508], [95.039087, 27.60507], [95.03911, 27.60498], [95.03935, 27.604921], [95.039446, 27.604704], [95.039646, 27.604505], [95.039747, 27.604483], [95.039951, 27.604548], [95.040019, 27.604605], [95.040057, 27.604824], [95.040261, 27.604901], [95.040768, 27.604936], [95.041075, 27.605066], [95.041176, 27.605057], [95.041179, 27.604949], [95.041105, 27.60486], [95.040558, 27.604537], [95.040252, 27.604416], [95.039948, 27.604371], [95.039641, 27.604237], [95.039033, 27.604224], [95.038529, 27.604356], [95.037812, 27.604187], [95.03693, 27.603478], [95.036721, 27.60321], [95.036689, 27.60303], [95.036753, 27.602668], [95.036876, 27.60261], [95.037079, 27.602651], [95.037191, 27.602571], [95.037147, 27.602482], [95.036663, 27.602066], [95.036263, 27.601863], [95.036217, 27.601773], [95.036228, 27.601593], [95.036346, 27.601325], [95.036445, 27.601219], [95.036647, 27.601171], [95.036952, 27.601235], [95.037464, 27.601546], [95.037773, 27.601846], [95.03808, 27.601996], [95.038284, 27.602039], [95.03879, 27.602015], [95.039392, 27.601726], [95.039896, 27.601568], [95.040098, 27.601562], [95.040456, 27.601711], [95.040816, 27.602056], [95.041458, 27.602509], [95.041839, 27.602598], [95.042143, 27.602571], [95.042569, 27.602492], [95.0424, 27.602404], [95.041631, 27.602299], [95.041325, 27.602167], [95.04065, 27.601618], [95.040531, 27.601439], [95.040556, 27.601349], [95.040801, 27.601214], [95.041003, 27.601187], [95.041148, 27.600979], [95.041603, 27.600751], [95.042209, 27.600695], [95.042828, 27.600774]]}}, {"type": "Feature", "properties": {}, "geometry": {"type": "LineString", "coordinates": [[95.028491, 27.603511], [95.028791, 27.603639], [95.028994, 27.603668], [95.029911, 27.603974], [95.030719, 27.603844], [95.031428, 27.603818], [95.032137, 27.603999], [95.032678, 27.604352], [95.033066, 27.604765], [95.033198, 27.605066], [95.033222, 27.605337], [95.033137, 27.605609], [95.032613, 27.606338], [95.032592, 27.606535], [95.032694, 27.606554], [95.033092, 27.606143], [95.033193, 27.606125], [95.033268, 27.606239], [95.033102, 27.606712], [95.032757, 27.607239], [95.032564, 27.607332], [95.03119, 27.60737], [95.030784, 27.607334], [95.030478, 27.607226], [95.030167, 27.607187], [95.03008, 27.607007], [95.030141, 27.606826], [95.029898, 27.606468], [95.029786, 27.606019], [95.029237, 27.605835], [95.029115, 27.605758], [95.02903, 27.605627], [95.028876, 27.605581], [95.028819, 27.605492], [95.0288, 27.605221], [95.028736, 27.605042], [95.028329, 27.604596], [95.028308, 27.604236], [95.028409, 27.603963], [95.028284, 27.603785], [95.028279, 27.603695], [95.028384, 27.603555], [95.028491, 27.603511]]}}, {"type": "Feature", "properties": {}, "geometry": {"type": "LineString", "coordinates": [[95.028064, 27.605232], [95.028226, 27.60559], [95.028424, 27.605745], [95.028581, 27.606037], [95.028591, 27.606578], [95.028704, 27.607118], [95.028676, 27.607208], [95.028554, 27.607273], [95.027948, 27.607377], [95.027471, 27.607226], [95.027345, 27.607138], [95.027333, 27.606957], [95.027557, 27.606503], [95.027464, 27.605963], [95.027511, 27.60563], [95.027907, 27.605172], [95.028009, 27.605169], [95.028064, 27.605232]]}}, {"type": "Feature", "properties": {}, "geometry": {"type": "LineString", "coordinates": [[95.013339, 27.600483], [95.013438, 27.600582], [95.01354, 27.600598], [95.013843, 27.600528], [95.014249, 27.600573], [95.0148, 27.600913], [95.015168, 27.601], [95.015375, 27.601204], [95.015476, 27.601214], [95.015676, 27.601095], [95.015981, 27.601136], [95.016088, 27.601345], [95.016014, 27.601888], [95.016066, 27.602338], [95.016176, 27.602517], [95.016312, 27.602633], [95.016924, 27.602818], [95.017227, 27.602809], [95.017529, 27.6027], [95.018643, 27.602696], [95.018847, 27.602735], [95.018874, 27.602839], [95.01865, 27.603055], [95.017849, 27.603575], [95.017145, 27.603862], [95.017044, 27.603875], [95.016839, 27.603739], [95.016635, 27.60367], [95.014601, 27.603713], [95.014159, 27.603449], [95.013826, 27.603183], [95.013077, 27.60296], [95.012153, 27.602293], [95.011967, 27.602217], [95.011433, 27.601683], [95.011225, 27.601326], [95.011199, 27.600875], [95.011312, 27.600644], [95.011413, 27.600621], [95.011617, 27.600674], [95.012028, 27.600989], [95.012433, 27.601], [95.012835, 27.600828], [95.013252, 27.600755], [95.013261, 27.600664], [95.013196, 27.600575], [95.013225, 27.600484], [95.013339, 27.600483]]}}, {"type": "Feature", "properties": {}, "geometry": {"type": "LineString", "coordinates": [[95.036376, 27.602132], [95.036509, 27.602401], [95.036593, 27.603031], [95.03654, 27.603122], [95.036379, 27.603148], [95.03577, 27.603063], [95.035645, 27.602955], [95.03563, 27.602865], [95.035752, 27.602502], [95.036059, 27.60225], [95.036158, 27.602115], [95.036259, 27.602093], [95.036376, 27.602132]]}}, {"type": "Feature", "properties": {}, "geometry": {"type": "LineString", "coordinates": [[95.206456, 27.592222], [95.206659, 27.59276], [95.206875, 27.592847], [95.207104, 27.593204], [95.207124, 27.593385], [95.207086, 27.593475], [95.206873, 27.59375], [95.206963, 27.594019], [95.207089, 27.594195], [95.207293, 27.594268], [95.207397, 27.594429], [95.207603, 27.594583], [95.207739, 27.594548], [95.207723, 27.594368], [95.207439, 27.594011], [95.207379, 27.593832], [95.207395, 27.593741], [95.207483, 27.593662], [95.207684, 27.59357], [95.207886, 27.593574], [95.208294, 27.593695], [95.208515, 27.593904], [95.208594, 27.594264], [95.208615, 27.594714], [95.208825, 27.594942], [95.208843, 27.595072], [95.208731, 27.595274], [95.20853, 27.595358], [95.20843, 27.595449], [95.208405, 27.59571], [95.208447, 27.595981], [95.208652, 27.596375], [95.209067, 27.596882], [95.209637, 27.597044], [95.209709, 27.597134], [95.209997, 27.597309], [95.210195, 27.5976], [95.210293, 27.598027], [95.210169, 27.59839], [95.210231, 27.59911], [95.210434, 27.599406], [95.210478, 27.599558], [95.210442, 27.599797], [95.210342, 27.59987], [95.210138, 27.599807], [95.209703, 27.599299], [95.209415, 27.599082], [95.208908, 27.599047], [95.208553, 27.598867], [95.2087, 27.598771], [95.209116, 27.598677], [95.209162, 27.598586], [95.208897, 27.598537], [95.208579, 27.598325], [95.207978, 27.598144], [95.206861, 27.59798], [95.206175, 27.597821], [95.205811, 27.597647], [95.205569, 27.59747], [95.205035, 27.596757], [95.204933, 27.596307], [95.204952, 27.595946], [95.205092, 27.595583], [95.205203, 27.595039], [95.205339, 27.594676], [95.205474, 27.594476], [95.205654, 27.593588], [95.206047, 27.592777], [95.20613, 27.592498], [95.20634, 27.592219], [95.206456, 27.592222]]}}, {"type": "Feature", "properties": {}, "geometry": {"type": "LineString", "coordinates": [[95.0913, 27.598668], [95.091198, 27.598638], [95.091152, 27.5987], [95.091624, 27.599054], [95.091821, 27.599141], [95.091996, 27.599319], [95.092065, 27.599499], [95.092378, 27.599765], [95.092999, 27.600116], [95.093634, 27.600377], [95.094488, 27.601204], [95.095104, 27.601602], [95.095192, 27.601527], [95.09508, 27.601258], [95.094918, 27.60108], [95.094069, 27.600444], [95.093759, 27.600155], [95.093376, 27.59993], [95.092733, 27.599431], [95.0913, 27.598668]]}}, {"type": "Feature", "properties": {}, "geometry": {"type": "LineString", "coordinates": [[95.108661, 27.60033], [95.108809, 27.600509], [95.108911, 27.600868], [95.108903, 27.601139], [95.108872, 27.601203], [95.108771, 27.601226], [95.10867, 27.601193], [95.108409, 27.600966], [95.108254, 27.600788], [95.108072, 27.60043], [95.108078, 27.600339], [95.108246, 27.600257], [95.108661, 27.60033]]}}, {"type": "Feature", "properties": {}, "geometry": {"type": "LineString", "coordinates": [[95.212508, 27.598172], [95.213049, 27.598465], [95.213351, 27.598386], [95.213459, 27.598427], [95.21352, 27.598517], [95.213541, 27.598787], [95.213742, 27.599235], [95.213697, 27.599416], [95.213595, 27.599508], [95.213375, 27.599561], [95.213129, 27.599516], [95.212556, 27.599115], [95.212424, 27.598895], [95.212274, 27.598356], [95.212333, 27.598143], [95.212508, 27.598172]]}}, {"type": "Feature", "properties": {}, "geometry": {"type": "LineString", "coordinates": [[95.013716, 27.598672], [95.014218, 27.598911], [95.014724, 27.599019], [95.015247, 27.599192], [95.015597, 27.599367], [95.016249, 27.599899], [95.016883, 27.600609], [95.017253, 27.600877], [95.018077, 27.601316], [95.018525, 27.60174], [95.018967, 27.602025], [95.01904, 27.602214], [95.018939, 27.602258], [95.017827, 27.602375], [95.017523, 27.602352], [95.017014, 27.6022], [95.016853, 27.602327], [95.016611, 27.602351], [95.016544, 27.602331], [95.016486, 27.602242], [95.016633, 27.601969], [95.016614, 27.601789], [95.016478, 27.60161], [95.016202, 27.600983], [95.01602, 27.600805], [95.015668, 27.600634], [95.015363, 27.600594], [95.015061, 27.600664], [95.014619, 27.600284], [95.013835, 27.600135], [95.013228, 27.600158], [95.012219, 27.600354], [95.011914, 27.600314], [95.011701, 27.600236], [95.011669, 27.600146], [95.011758, 27.599964], [95.012221, 27.599867], [95.012267, 27.599776], [95.012201, 27.599597], [95.012238, 27.599416], [95.012797, 27.598737], [95.013099, 27.598615], [95.013504, 27.598618], [95.013716, 27.598672]]}}, {"type": "Feature", "properties": {}, "geometry": {"type": "LineString", "coordinates": [[95.031823, 27.598499], [95.032344, 27.598536], [95.032853, 27.598677], [95.033157, 27.598679], [95.033461, 27.598745], [95.034179, 27.5992], [95.035097, 27.599552], [95.035504, 27.599622], [95.036518, 27.599672], [95.036751, 27.59978], [95.036913, 27.599958], [95.03693, 27.600048], [95.036843, 27.60014], [95.036729, 27.600163], [95.036324, 27.600127], [95.035987, 27.600152], [95.035557, 27.600339], [95.03512, 27.600805], [95.034639, 27.601706], [95.034431, 27.601873], [95.034325, 27.601891], [95.034228, 27.601857], [95.034089, 27.601714], [95.034023, 27.601445], [95.033915, 27.601331], [95.033699, 27.600908], [95.033251, 27.600644], [95.032334, 27.599664], [95.031956, 27.599468], [95.030942, 27.599427], [95.030839, 27.59934], [95.030975, 27.598962], [95.031123, 27.59878], [95.031533, 27.598499], [95.031823, 27.598499]]}}, {"type": "Feature", "properties": {}, "geometry": {"type": "LineString", "coordinates": [[95.025919, 27.588838], [95.026291, 27.588919], [95.026904, 27.589205], [95.027213, 27.589444], [95.027524, 27.589822], [95.027931, 27.589964], [95.028229, 27.590158], [95.0283, 27.590248], [95.028361, 27.590517], [95.028297, 27.590789], [95.028385, 27.590968], [95.028664, 27.59125], [95.028796, 27.591233], [95.02886, 27.590917], [95.028962, 27.590914], [95.029166, 27.590992], [95.029562, 27.591222], [95.029577, 27.591319], [95.029275, 27.591451], [95.029221, 27.591498], [95.029244, 27.591588], [95.029136, 27.591679], [95.028674, 27.591806], [95.028473, 27.591904], [95.028382, 27.591871], [95.028314, 27.591782], [95.028065, 27.591728], [95.027559, 27.59176], [95.027257, 27.591858], [95.027062, 27.59198], [95.027026, 27.592252], [95.026919, 27.592434], [95.027174, 27.59243], [95.0273, 27.592338], [95.027464, 27.592114], [95.027565, 27.592077], [95.02797, 27.592092], [95.028277, 27.59225], [95.028683, 27.592291], [95.029186, 27.592119], [95.029692, 27.592065], [95.030305, 27.592355], [95.030609, 27.592362], [95.030814, 27.592476], [95.031031, 27.592735], [95.031048, 27.593186], [95.031135, 27.593437], [95.03134, 27.593362], [95.03164, 27.593347], [95.031879, 27.593534], [95.031848, 27.593631], [95.031646, 27.593683], [95.031342, 27.593657], [95.031251, 27.593724], [95.031348, 27.593813], [95.031598, 27.593899], [95.032362, 27.594029], [95.033477, 27.594068], [95.034087, 27.594187], [95.03591, 27.594188], [95.036215, 27.59424], [95.036521, 27.594359], [95.036727, 27.594545], [95.037042, 27.595131], [95.037249, 27.595383], [95.037705, 27.595615], [95.037864, 27.595785], [95.03817, 27.595912], [95.038621, 27.596233], [95.039844, 27.596847], [95.039913, 27.596936], [95.039867, 27.597117], [95.039714, 27.597219], [95.03958, 27.597212], [95.039015, 27.597768], [95.038415, 27.598194], [95.038011, 27.598283], [95.0371, 27.598311], [95.036524, 27.598249], [95.035676, 27.597994], [95.035016, 27.59791], [95.03477, 27.597824], [95.034659, 27.597739], [95.03395, 27.597741], [95.033337, 27.597456], [95.032984, 27.597399], [95.032726, 27.59729], [95.03181, 27.597063], [95.031504, 27.596934], [95.030691, 27.596824], [95.030412, 27.596714], [95.029779, 27.596782], [95.029038, 27.596735], [95.028768, 27.596888], [95.0284, 27.597285], [95.02808, 27.59747], [95.028146, 27.597831], [95.028166, 27.598281], [95.028127, 27.598463], [95.027941, 27.598736], [95.027444, 27.599285], [95.026992, 27.59947], [95.026692, 27.599691], [95.02619, 27.599911], [95.025889, 27.600103], [95.025487, 27.600251], [95.024982, 27.600328], [95.023975, 27.600674], [95.023196, 27.601061], [95.022673, 27.601467], [95.022004, 27.601891], [95.02177, 27.601943], [95.021668, 27.601902], [95.021642, 27.601806], [95.0217, 27.601715], [95.022066, 27.601524], [95.022133, 27.601438], [95.022133, 27.601348], [95.021547, 27.600833], [95.021471, 27.600545], [95.021318, 27.600277], [95.021297, 27.599645], [95.021321, 27.599558], [95.021491, 27.599372], [95.021613, 27.598936], [95.021713, 27.598849], [95.021997, 27.598732], [95.021966, 27.598643], [95.022019, 27.598552], [95.022213, 27.598492], [95.022416, 27.598532], [95.022512, 27.598635], [95.022724, 27.598737], [95.023234, 27.598919], [95.023437, 27.598946], [95.02374, 27.598901], [95.02384, 27.59884], [95.024386, 27.598698], [95.024546, 27.598605], [95.024538, 27.598248], [95.024513, 27.598335], [95.024301, 27.598518], [95.024242, 27.598631], [95.02394, 27.598749], [95.023738, 27.59878], [95.023535, 27.598781], [95.023128, 27.598685], [95.02288, 27.598539], [95.022357, 27.598366], [95.022008, 27.598358], [95.021604, 27.598439], [95.021513, 27.598288], [95.021513, 27.597837], [95.021288, 27.59775], [95.021195, 27.597661], [95.020976, 27.59734], [95.020667, 27.597021], [95.020353, 27.596468], [95.020145, 27.596205], [95.019416, 27.595521], [95.019014, 27.595253], [95.018667, 27.5949], [95.01865, 27.59481], [95.0188, 27.59464], [95.0191, 27.594448], [95.019481, 27.594076], [95.019798, 27.593845], [95.0212, 27.592977], [95.021798, 27.592779], [95.021823, 27.592689], [95.021994, 27.592596], [95.022124, 27.592594], [95.022515, 27.592769], [95.022717, 27.592811], [95.023626, 27.592691], [95.024334, 27.592661], [95.024537, 27.59268], [95.024805, 27.592826], [95.024946, 27.592845], [95.025452, 27.592839], [95.025755, 27.592771], [95.025958, 27.592818], [95.026477, 27.592621], [95.026339, 27.592442], [95.026358, 27.592352], [95.026152, 27.592333], [95.025952, 27.592467], [95.025246, 27.592683], [95.024637, 27.592608], [95.024026, 27.592407], [95.023521, 27.592475], [95.022707, 27.592305], [95.021287, 27.592426], [95.020587, 27.592667], [95.020387, 27.592793], [95.02009, 27.593169], [95.019689, 27.593442], [95.019662, 27.593622], [95.019552, 27.593805], [95.01936, 27.593898], [95.018534, 27.594541], [95.018191, 27.594615], [95.017912, 27.59455], [95.017569, 27.594375], [95.017372, 27.59413], [95.01717, 27.594141], [95.016828, 27.594025], [95.01643, 27.593579], [95.015768, 27.592957], [95.015624, 27.592689], [95.015464, 27.59251], [95.015213, 27.592362], [95.014908, 27.592326], [95.014805, 27.592249], [95.014816, 27.592159], [95.015049, 27.591975], [95.016244, 27.591236], [95.016709, 27.591073], [95.017518, 27.59103], [95.018332, 27.591246], [95.018738, 27.591263], [95.019445, 27.59115], [95.019948, 27.590963], [95.020755, 27.590799], [95.021768, 27.590777], [95.02258, 27.59088], [95.023286, 27.590711], [95.023589, 27.590685], [95.02372, 27.590585], [95.023484, 27.59049], [95.022674, 27.590472], [95.022424, 27.590243], [95.022387, 27.590153], [95.02243, 27.590063], [95.022997, 27.589693], [95.023794, 27.589411], [95.025176, 27.588828], [95.025479, 27.588794], [95.025919, 27.588838]]}}, {"type": "Feature", "properties": {}, "geometry": {"type": "LineString", "coordinates": [[95.051489, 27.599022], [95.052009, 27.599302], [95.052107, 27.599092], [95.052309, 27.59907], [95.052614, 27.599129], [95.053634, 27.599527], [95.05384, 27.599721], [95.054051, 27.600175], [95.054154, 27.600246], [95.054254, 27.600149], [95.05448, 27.600241], [95.055109, 27.600953], [95.05508, 27.60103], [95.054879, 27.601079], [95.054372, 27.60107], [95.053255, 27.600902], [95.052949, 27.600788], [95.051753, 27.600552], [95.051116, 27.600303], [95.050911, 27.600148], [95.050663, 27.599846], [95.050591, 27.599667], [95.050558, 27.599216], [95.050687, 27.599], [95.051489, 27.599022]]}}, {"type": "Feature", "properties": {}, "geometry": {"type": "LineString", "coordinates": [[95.038341, 27.599847], [95.038855, 27.600081], [95.039387, 27.600463], [95.039413, 27.600553], [95.038967, 27.600651], [95.038156, 27.600603], [95.037748, 27.600444], [95.037543, 27.600317], [95.03734, 27.600132], [95.037255, 27.599953], [95.037333, 27.599915], [95.037636, 27.599913], [95.037838, 27.599843], [95.038341, 27.599847]]}}, {"type": "Feature", "properties": {}, "geometry": {"type": "LineString", "coordinates": [[95.211475, 27.571297], [95.212101, 27.571442], [95.212407, 27.571562], [95.212712, 27.571588], [95.212826, 27.571636], [95.213122, 27.57187], [95.213447, 27.572348], [95.213475, 27.572438], [95.213313, 27.572531], [95.213292, 27.572621], [95.213443, 27.572715], [95.213643, 27.572594], [95.213745, 27.572611], [95.21418, 27.572878], [95.214335, 27.573327], [95.214575, 27.573601], [95.214869, 27.574311], [95.214998, 27.574499], [95.21532, 27.575422], [95.215739, 27.576082], [95.215947, 27.576378], [95.216669, 27.577041], [95.217062, 27.577164], [95.217115, 27.577253], [95.217073, 27.577344], [95.217185, 27.577497], [95.217287, 27.577535], [95.217387, 27.577466], [95.217467, 27.577518], [95.217646, 27.577876], [95.217673, 27.578146], [95.217806, 27.578415], [95.217998, 27.578592], [95.218263, 27.579039], [95.218763, 27.579663], [95.218852, 27.579842], [95.219067, 27.580651], [95.220061, 27.582801], [95.220112, 27.583341], [95.220076, 27.583974], [95.220101, 27.584695], [95.219971, 27.585148], [95.219898, 27.585871], [95.219415, 27.587774], [95.219158, 27.589132], [95.218461, 27.591399], [95.218283, 27.592304], [95.218262, 27.592756], [95.218105, 27.593044], [95.217994, 27.593392], [95.217951, 27.594205], [95.217755, 27.594659], [95.217337, 27.59512], [95.217144, 27.595661], [95.217075, 27.596114], [95.217125, 27.596564], [95.217098, 27.596925], [95.217013, 27.597198], [95.216743, 27.597473], [95.215974, 27.59786], [95.21567, 27.59785], [95.215161, 27.597729], [95.214294, 27.597421], [95.214221, 27.597423], [95.214115, 27.597515], [95.214238, 27.597693], [95.214238, 27.597783], [95.214151, 27.597881], [95.214048, 27.597786], [95.213437, 27.597631], [95.212524, 27.597552], [95.21212, 27.597584], [95.210893, 27.597007], [95.210685, 27.596847], [95.210061, 27.595969], [95.209959, 27.595889], [95.209655, 27.595881], [95.20957, 27.595782], [95.209556, 27.595602], [95.209708, 27.595419], [95.209459, 27.594882], [95.209617, 27.594518], [95.209614, 27.594428], [95.209343, 27.59362], [95.209348, 27.593349], [95.209424, 27.593168], [95.209367, 27.592988], [95.20908, 27.592496], [95.208627, 27.591917], [95.208252, 27.591621], [95.207947, 27.591522], [95.207239, 27.591579], [95.207137, 27.591543], [95.207113, 27.59149], [95.207132, 27.591285], [95.20722, 27.591127], [95.207073, 27.590859], [95.207091, 27.590588], [95.207415, 27.590266], [95.207553, 27.590039], [95.208006, 27.589129], [95.208177, 27.588675], [95.207772, 27.587852], [95.207297, 27.587155], [95.207183, 27.586886], [95.207013, 27.584904], [95.207195, 27.58445], [95.207396, 27.584255], [95.207596, 27.584153], [95.207698, 27.584153], [95.207779, 27.58426], [95.207987, 27.584798], [95.207843, 27.585342], [95.207927, 27.585518], [95.20803, 27.58557], [95.208436, 27.585599], [95.208538, 27.585678], [95.208431, 27.585964], [95.208506, 27.586234], [95.208483, 27.586685], [95.208561, 27.586819], [95.208663, 27.586866], [95.208854, 27.586256], [95.209193, 27.585772], [95.209864, 27.585039], [95.210355, 27.58467], [95.211743, 27.584016], [95.212044, 27.583714], [95.212543, 27.583356], [95.213038, 27.582781], [95.214327, 27.58144], [95.214713, 27.580901], [95.215015, 27.580365], [95.215202, 27.580171], [95.215265, 27.579899], [95.215188, 27.578907], [95.215075, 27.578345], [95.214839, 27.577921], [95.214344, 27.577242], [95.213821, 27.576403], [95.213406, 27.575901], [95.212786, 27.575287], [95.211813, 27.574811], [95.210839, 27.574157], [95.210206, 27.573393], [95.210046, 27.572944], [95.210154, 27.572581], [95.210339, 27.572398], [95.210193, 27.572218], [95.210198, 27.572039], [95.210317, 27.571947], [95.21037, 27.571766], [95.21062, 27.571581], [95.210782, 27.571308], [95.210882, 27.571236], [95.211475, 27.571297]]}}, {"type": "Feature", "properties": {}, "geometry": {"type": "LineString", "coordinates": [[95.047076, 27.598726], [95.047239, 27.598792], [95.047441, 27.598765], [95.047543, 27.598796], [95.048157, 27.599134], [95.048564, 27.599257], [95.049281, 27.599776], [95.049419, 27.599955], [95.049408, 27.600045], [95.049087, 27.600127], [95.04848, 27.600146], [95.047668, 27.600076], [95.04726, 27.599925], [95.046994, 27.59972], [95.046865, 27.599541], [95.04682, 27.599361], [95.046792, 27.59882], [95.046832, 27.598729], [95.046933, 27.598701], [95.047076, 27.598726]]}}, {"type": "Feature", "properties": {}, "geometry": {"type": "LineString", "coordinates": [[95.041998, 27.597898], [95.042768, 27.598025], [95.043481, 27.598253], [95.043664, 27.598415], [95.043722, 27.598595], [95.043645, 27.598957], [95.043517, 27.599139], [95.043297, 27.599238], [95.042586, 27.599164], [95.042108, 27.59916], [95.041873, 27.599254], [95.041171, 27.599328], [95.040521, 27.599634], [95.040165, 27.599701], [95.039759, 27.599662], [95.039539, 27.599559], [95.039523, 27.599378], [95.039937, 27.59865], [95.04025, 27.598285], [95.040494, 27.598101], [95.041144, 27.597895], [95.041549, 27.597858], [95.041998, 27.597898]]}}, {"type": "Feature", "properties": {}, "geometry": {"type": "LineString", "coordinates": [[95.030558, 27.598066], [95.030577, 27.598336], [95.030488, 27.598518], [95.030123, 27.598943], [95.029822, 27.599144], [95.029708, 27.599432], [95.029526, 27.599574], [95.029223, 27.599582], [95.029135, 27.59917], [95.029315, 27.599074], [95.029619, 27.5991], [95.029764, 27.59907], [95.02951, 27.598894], [95.029454, 27.598804], [95.029525, 27.598623], [95.030008, 27.598241], [95.03041, 27.598035], [95.030558, 27.598066]]}}, {"type": "Feature", "properties": {}, "geometry": {"type": "LineString", "coordinates": [[95.017933, 27.596174], [95.018222, 27.596269], [95.018394, 27.596439], [95.018366, 27.59671], [95.018205, 27.596983], [95.018131, 27.597255], [95.018145, 27.597606], [95.018839, 27.596777], [95.01894, 27.59679], [95.019147, 27.596995], [95.019359, 27.597527], [95.019365, 27.597778], [95.01928, 27.59796], [95.018693, 27.59842], [95.018571, 27.599324], [95.018482, 27.599424], [95.018074, 27.599285], [95.017398, 27.598799], [95.016845, 27.598552], [95.01664, 27.598403], [95.015415, 27.597926], [95.014541, 27.597668], [95.014263, 27.597491], [95.013867, 27.597136], [95.013716, 27.596958], [95.013651, 27.596778], [95.01371, 27.596597], [95.013818, 27.596505], [95.013971, 27.596455], [95.014275, 27.5965], [95.015187, 27.596503], [95.01534, 27.596573], [95.015394, 27.596751], [95.015479, 27.596481], [95.01559, 27.596388], [95.015792, 27.596327], [95.017207, 27.596143], [95.017933, 27.596174]]}}, {"type": "Feature", "properties": {}, "geometry": {"type": "LineString", "coordinates": [[95.131549, 27.595198], [95.131752, 27.595296], [95.132081, 27.595551], [95.132774, 27.59577], [95.133, 27.595988], [95.133003, 27.596078], [95.13268, 27.596895], [95.132603, 27.597399], [95.132504, 27.597528], [95.132403, 27.597514], [95.1323, 27.597432], [95.132091, 27.597118], [95.131861, 27.596637], [95.131445, 27.59547], [95.131447, 27.595243], [95.131549, 27.595198]]}}, {"type": "Feature", "properties": {}, "geometry": {"type": "LineString", "coordinates": [[95.012403, 27.598421], [95.012405, 27.598511], [95.012324, 27.598602], [95.012157, 27.598695], [95.011755, 27.599152], [95.01159, 27.599233], [95.011388, 27.599237], [95.011207, 27.59916], [95.011081, 27.599048], [95.010996, 27.598892], [95.011011, 27.598802], [95.011105, 27.59871], [95.011375, 27.598552], [95.011778, 27.598405], [95.012284, 27.598389], [95.012403, 27.598421]]}}, {"type": "Feature", "properties": {}, "geometry": {"type": "LineString", "coordinates": [[95.238321, 27.580612], [95.238386, 27.580702], [95.238369, 27.580792], [95.238521, 27.580914], [95.238725, 27.580975], [95.239029, 27.580979], [95.239538, 27.581134], [95.239671, 27.581222], [95.240059, 27.581852], [95.240147, 27.582117], [95.240204, 27.582658], [95.240389, 27.583127], [95.240585, 27.583373], [95.240906, 27.583641], [95.24114, 27.583996], [95.241434, 27.584712], [95.241848, 27.585169], [95.243184, 27.586094], [95.243548, 27.586394], [95.244838, 27.587004], [95.245044, 27.587182], [95.245653, 27.587894], [95.24596, 27.588159], [95.246556, 27.588511], [95.247289, 27.588747], [95.247713, 27.588943], [95.248239, 27.589296], [95.248614, 27.589741], [95.249137, 27.589991], [95.249256, 27.590091], [95.249547, 27.590214], [95.249953, 27.590266], [95.250169, 27.590347], [95.250235, 27.590436], [95.250167, 27.590618], [95.249775, 27.590895], [95.249477, 27.591261], [95.249383, 27.591533], [95.249074, 27.591878], [95.248975, 27.591951], [95.248866, 27.591812], [95.248768, 27.591763], [95.248669, 27.591873], [95.248232, 27.592725], [95.248243, 27.593537], [95.248169, 27.593718], [95.248001, 27.593857], [95.247494, 27.594], [95.247297, 27.594107], [95.247092, 27.593997], [95.246487, 27.594129], [95.245641, 27.594571], [95.245285, 27.594804], [95.245084, 27.594876], [95.24484, 27.594855], [95.24477, 27.594766], [95.244939, 27.594673], [95.244942, 27.594583], [95.244876, 27.594576], [95.244675, 27.594675], [95.244576, 27.594794], [95.243767, 27.594866], [95.243063, 27.595064], [95.242875, 27.595248], [95.242618, 27.595342], [95.242057, 27.595412], [95.241245, 27.595322], [95.240633, 27.59512], [95.240313, 27.594928], [95.239843, 27.594575], [95.239397, 27.594128], [95.239102, 27.593594], [95.23881, 27.593238], [95.238593, 27.592339], [95.238612, 27.592158], [95.238573, 27.592069], [95.238396, 27.591981], [95.238035, 27.591903], [95.237421, 27.59159], [95.236912, 27.591439], [95.235489, 27.591202], [95.232532, 27.590243], [95.23233, 27.590261], [95.232106, 27.590368], [95.231731, 27.590374], [95.231213, 27.590126], [95.231201, 27.590022], [95.230855, 27.589937], [95.229181, 27.589789], [95.228269, 27.589773], [95.226748, 27.589668], [95.226341, 27.589573], [95.226101, 27.589382], [95.225855, 27.588844], [95.225428, 27.586685], [95.225465, 27.586234], [95.225334, 27.585694], [95.225084, 27.584976], [95.224962, 27.584076], [95.225057, 27.583443], [95.22503, 27.582631], [95.225092, 27.581728], [95.225162, 27.581384], [95.225357, 27.580977], [95.225661, 27.580989], [95.226882, 27.581292], [95.227598, 27.581608], [95.228005, 27.581728], [95.22841, 27.581725], [95.228649, 27.581851], [95.229461, 27.58265], [95.230482, 27.583175], [95.230873, 27.583305], [95.231075, 27.583318], [95.231218, 27.583253], [95.231252, 27.583163], [95.23114, 27.583074], [95.230866, 27.582978], [95.23022, 27.582638], [95.229723, 27.582285], [95.229278, 27.581841], [95.228916, 27.581696], [95.228509, 27.581617], [95.228283, 27.581496], [95.227898, 27.581425], [95.227685, 27.581325], [95.227388, 27.581256], [95.227005, 27.581065], [95.226917, 27.580976], [95.227988, 27.580859], [95.228495, 27.580928], [95.229614, 27.581173], [95.23083, 27.581202], [95.231436, 27.581119], [95.232346, 27.58107], [95.232545, 27.580886], [95.232747, 27.580853], [95.23356, 27.580965], [95.234065, 27.580906], [95.236503, 27.581303], [95.236549, 27.581273], [95.236599, 27.581018], [95.236699, 27.580958], [95.237305, 27.580903], [95.237505, 27.580751], [95.237926, 27.580709], [95.238109, 27.580575], [95.238321, 27.580612]]}}, {"type": "Feature", "properties": {}, "geometry": {"type": "LineString", "coordinates": [[95.005966, 27.591745], [95.00629, 27.591845], [95.006491, 27.591754], [95.006794, 27.591741], [95.006865, 27.591823], [95.006888, 27.592003], [95.006848, 27.592364], [95.006991, 27.592814], [95.007635, 27.593404], [95.00794, 27.593473], [95.009358, 27.59346], [95.009764, 27.59354], [95.009993, 27.593673], [95.010049, 27.593852], [95.010155, 27.594934], [95.010414, 27.595291], [95.010459, 27.595561], [95.009712, 27.596232], [95.008817, 27.597131], [95.008442, 27.597395], [95.008216, 27.597475], [95.008013, 27.597495], [95.007911, 27.597436], [95.007686, 27.597045], [95.007623, 27.596775], [95.007613, 27.596505], [95.007728, 27.595781], [95.00775, 27.595239], [95.007851, 27.594787], [95.007797, 27.594336], [95.007602, 27.593797], [95.007334, 27.593554], [95.006786, 27.593178], [95.00631, 27.592977], [95.005699, 27.592797], [95.00536, 27.592747], [95.005081, 27.59257], [95.00496, 27.592392], [95.004972, 27.592211], [95.005104, 27.592119], [95.004929, 27.591851], [95.004918, 27.591761], [95.00497, 27.591702], [95.005172, 27.591672], [95.005966, 27.591745]]}}, {"type": "Feature", "properties": {}, "geometry": {"type": "LineString", "coordinates": [[94.995699, 27.583049], [94.996048, 27.583315], [94.99632, 27.583401], [94.996414, 27.583484], [94.996525, 27.583992], [94.996627, 27.584037], [94.996726, 27.583896], [94.996927, 27.583857], [94.99748, 27.584287], [94.997608, 27.584466], [94.998052, 27.584453], [94.998763, 27.584568], [94.99907, 27.584692], [94.999381, 27.584891], [94.999543, 27.58525], [94.999537, 27.585972], [94.999586, 27.586152], [94.999908, 27.586779], [94.999988, 27.587139], [95.000009, 27.587861], [95.000174, 27.588851], [95.000063, 27.589484], [95.000222, 27.589933], [95.000118, 27.590115], [95.000385, 27.590209], [95.000591, 27.590376], [95.000695, 27.590536], [95.001003, 27.590794], [95.001314, 27.591168], [95.001828, 27.591557], [95.002541, 27.591771], [95.00325, 27.591789], [95.003433, 27.591872], [95.003557, 27.592141], [95.00357, 27.592322], [95.00347, 27.592413], [95.003262, 27.592446], [95.00317, 27.592508], [95.003778, 27.592968], [95.004392, 27.593296], [95.004439, 27.593211], [95.004184, 27.592944], [95.004279, 27.59266], [95.004483, 27.592741], [95.004813, 27.593026], [95.004982, 27.593294], [95.005048, 27.593744], [95.005402, 27.594732], [95.006164, 27.596081], [95.006328, 27.596794], [95.006318, 27.597065], [95.006269, 27.597156], [95.006083, 27.597201], [95.005676, 27.597103], [95.005267, 27.596847], [95.00506, 27.596633], [95.004749, 27.596185], [95.00444, 27.595973], [95.004201, 27.595742], [95.003786, 27.595116], [95.003711, 27.594856], [95.003509, 27.594488], [95.003399, 27.594436], [95.003193, 27.594228], [95.003014, 27.593954], [95.00206, 27.593178], [95.001787, 27.593069], [95.001043, 27.592958], [95.00013, 27.59292], [94.999521, 27.592842], [94.998705, 27.592539], [94.998296, 27.592304], [94.99809, 27.592133], [94.998056, 27.59186], [94.997857, 27.591592], [94.99783, 27.591321], [94.997882, 27.59114], [94.998101, 27.591047], [94.997986, 27.590958], [94.997663, 27.590892], [94.997434, 27.590695], [94.99725, 27.590427], [94.99714, 27.590158], [94.997084, 27.589798], [94.997235, 27.589666], [94.998143, 27.589428], [94.999063, 27.589919], [94.9992, 27.589948], [94.99929, 27.589856], [94.999163, 27.589497], [94.999387, 27.589404], [94.999227, 27.589316], [94.998443, 27.589228], [94.998137, 27.589143], [94.996822, 27.58921], [94.996314, 27.589123], [94.996007, 27.588979], [94.995804, 27.588961], [94.995153, 27.588562], [94.994777, 27.588156], [94.994258, 27.587452], [94.993772, 27.587138], [94.993739, 27.586768], [94.993126, 27.586451], [94.993021, 27.585885], [94.992875, 27.585526], [94.992928, 27.585165], [94.992856, 27.584263], [94.99291, 27.584082], [94.99308, 27.58394], [94.993989, 27.583801], [94.994492, 27.583578], [94.994593, 27.58358], [94.995096, 27.58378], [94.995618, 27.584281], [94.995673, 27.584133], [94.995612, 27.583923], [94.995302, 27.583613], [94.995015, 27.58342], [94.994938, 27.583241], [94.994994, 27.58315], [94.995291, 27.583008], [94.995494, 27.582992], [94.995699, 27.583049]]}}, {"type": "Feature", "properties": {}, "geometry": {"type": "LineString", "coordinates": [[95.006214, 27.593637], [95.006935, 27.593925], [95.007161, 27.594075], [95.007249, 27.594254], [95.007268, 27.594434], [95.007115, 27.595519], [95.007121, 27.59597], [95.006989, 27.596423], [95.006881, 27.596516], [95.006778, 27.596422], [95.006643, 27.596158], [95.006411, 27.595439], [95.006348, 27.595029], [95.006073, 27.594542], [95.00611, 27.59418], [95.006024, 27.593942], [95.005981, 27.594001], [95.005985, 27.594182], [95.005829, 27.594365], [95.005728, 27.594383], [95.005626, 27.594339], [95.00549, 27.594099], [95.005518, 27.59397], [95.005618, 27.593893], [95.005719, 27.593866], [95.005923, 27.593958], [95.005994, 27.593911], [95.005917, 27.593639], [95.006018, 27.593592], [95.006214, 27.593637]]}}, {"type": "Feature", "properties": {}, "geometry": {"type": "LineString", "coordinates": [[95.207701, 27.591932], [95.20816, 27.592064], [95.208408, 27.592281], [95.208625, 27.592729], [95.208646, 27.592909], [95.208585, 27.593035], [95.208106, 27.592918], [95.207353, 27.592569], [95.207123, 27.592392], [95.207013, 27.592213], [95.207047, 27.5921], [95.207147, 27.592065], [95.207351, 27.592106], [95.20755, 27.591942], [95.207701, 27.591932]]}}, {"type": "Feature", "properties": {}, "geometry": {"type": "LineString", "coordinates": [[95.287076, 27.590375], [95.287431, 27.59048], [95.288026, 27.590811], [95.288252, 27.590988], [95.288336, 27.591167], [95.288257, 27.591236], [95.288156, 27.591227], [95.287849, 27.59108], [95.287118, 27.590555], [95.286985, 27.590377], [95.287076, 27.590375]]}}, {"type": "Feature", "properties": {}, "geometry": {"type": "LineString", "coordinates": [[95.013765, 27.593257], [95.013965, 27.593344], [95.015235, 27.593595], [95.016052, 27.593927], [95.016464, 27.594306], [95.016721, 27.594838], [95.016716, 27.594929], [95.016679, 27.594973], [95.016477, 27.595021], [95.015159, 27.594986], [95.014555, 27.595147], [95.01334, 27.595217], [95.012532, 27.59532], [95.011924, 27.595332], [95.011112, 27.595228], [95.010769, 27.595015], [95.010668, 27.594746], [95.010705, 27.594474], [95.010918, 27.594201], [95.011493, 27.593741], [95.012094, 27.593516], [95.012495, 27.593273], [95.012696, 27.593215], [95.013101, 27.59318], [95.013765, 27.593257]]}}, {"type": "Feature", "properties": {}, "geometry": {"type": "LineString", "coordinates": [[95.258413, 27.58913], [95.259046, 27.589185], [95.259455, 27.589364], [95.259562, 27.589563], [95.259465, 27.589877], [95.258965, 27.590157], [95.258361, 27.590324], [95.257551, 27.590371], [95.255526, 27.59038], [95.254977, 27.59045], [95.254315, 27.590606], [95.253504, 27.590559], [95.253186, 27.590479], [95.252808, 27.590304], [95.252806, 27.590214], [95.253393, 27.590096], [95.255169, 27.589544], [95.256414, 27.589237], [95.257526, 27.589137], [95.258413, 27.58913]]}}, {"type": "Feature", "properties": {}, "geometry": {"type": "LineString", "coordinates": [[94.980556, 27.586425], [94.980871, 27.586521], [94.981044, 27.586689], [94.981288, 27.5872], [94.981503, 27.587866], [94.981911, 27.588019], [94.982723, 27.588099], [94.983205, 27.588282], [94.983359, 27.58846], [94.983442, 27.588657], [94.98395, 27.588776], [94.984334, 27.588988], [94.984585, 27.589165], [94.985144, 27.589789], [94.985646, 27.590142], [94.986511, 27.590357], [94.986751, 27.590488], [94.987429, 27.590693], [94.987632, 27.590655], [94.987729, 27.590484], [94.98783, 27.590468], [94.988137, 27.590679], [94.988227, 27.590827], [94.98829, 27.591188], [94.988219, 27.591369], [94.98785, 27.591609], [94.986775, 27.591841], [94.986439, 27.591981], [94.986166, 27.591669], [94.985697, 27.591315], [94.985309, 27.591094], [94.984903, 27.591053], [94.984446, 27.590611], [94.984084, 27.590599], [94.983681, 27.590724], [94.983074, 27.590754], [94.982874, 27.590873], [94.982476, 27.591295], [94.982275, 27.591349], [94.982071, 27.591276], [94.981927, 27.591098], [94.981978, 27.590736], [94.981855, 27.590548], [94.981706, 27.591011], [94.981562, 27.591156], [94.981157, 27.591179], [94.980653, 27.591317], [94.980251, 27.591486], [94.979985, 27.591758], [94.979868, 27.59194], [94.979801, 27.592482], [94.979605, 27.592936], [94.979174, 27.593522], [94.97885, 27.593759], [94.97877, 27.593941], [94.978676, 27.594031], [94.97827, 27.593972], [94.978028, 27.593771], [94.977456, 27.593789], [94.977095, 27.593694], [94.976951, 27.593606], [94.976905, 27.593426], [94.976753, 27.593157], [94.976838, 27.592705], [94.976775, 27.592525], [94.976574, 27.592348], [94.976234, 27.592172], [94.975602, 27.592058], [94.9755, 27.592005], [94.975589, 27.59191], [94.975294, 27.591839], [94.975192, 27.591773], [94.974879, 27.591257], [94.974737, 27.59111], [94.974741, 27.59102], [94.97564, 27.590014], [94.976067, 27.589735], [94.97637, 27.589463], [94.977011, 27.589002], [94.977365, 27.588669], [94.977765, 27.588427], [94.978394, 27.588351], [94.978167, 27.588246], [94.978086, 27.588084], [94.978096, 27.587994], [94.978219, 27.587812], [94.978855, 27.587352], [94.979191, 27.586895], [94.979457, 27.586718], [94.97996, 27.586573], [94.98016, 27.586425], [94.980556, 27.586425]]}}, {"type": "Feature", "properties": {}, "geometry": {"type": "LineString", "coordinates": [[95.28354, 27.587997], [95.284044, 27.588293], [95.284554, 27.588475], [95.285169, 27.588836], [95.285372, 27.588874], [95.285488, 27.588958], [95.285517, 27.589048], [95.285366, 27.58914], [95.284571, 27.589292], [95.284368, 27.58928], [95.284062, 27.589183], [95.283403, 27.588812], [95.28329, 27.588633], [95.283232, 27.588363], [95.283054, 27.588095], [95.283126, 27.588013], [95.28354, 27.587997]]}}, {"type": "Feature", "properties": {}, "geometry": {"type": "LineString", "coordinates": [[94.985275, 27.584643], [94.985524, 27.585], [94.985567, 27.58527], [94.986004, 27.585625], [94.986326, 27.585707], [94.986426, 27.585661], [94.986831, 27.585629], [94.987009, 27.585701], [94.987445, 27.586004], [94.987649, 27.58605], [94.987644, 27.585765], [94.987947, 27.585753], [94.988456, 27.585872], [94.988659, 27.585879], [94.988961, 27.585823], [94.989664, 27.585479], [94.989969, 27.585547], [94.990206, 27.585836], [94.990269, 27.586466], [94.990423, 27.586735], [94.990602, 27.58691], [94.990709, 27.587226], [94.990943, 27.58754], [94.991167, 27.587717], [94.992004, 27.588156], [94.992424, 27.588601], [94.993529, 27.589398], [94.993894, 27.589721], [94.993951, 27.589843], [94.993946, 27.590023], [94.993236, 27.590846], [94.992985, 27.591301], [94.992612, 27.591665], [94.992494, 27.591849], [94.992437, 27.592031], [94.992528, 27.59248], [94.992429, 27.592728], [94.99233, 27.592843], [94.992228, 27.592852], [94.99182, 27.592674], [94.991393, 27.592587], [94.991234, 27.592499], [94.991308, 27.592317], [94.990891, 27.592053], [94.99095, 27.591871], [94.990891, 27.591708], [94.990144, 27.591161], [94.98995, 27.590983], [94.989835, 27.590804], [94.98986, 27.590725], [94.989961, 27.590708], [94.990063, 27.590721], [94.990166, 27.59081], [94.99038, 27.590797], [94.989958, 27.590546], [94.989551, 27.590454], [94.989295, 27.590271], [94.989035, 27.589899], [94.98883, 27.589762], [94.988558, 27.58965], [94.987915, 27.589591], [94.98768, 27.589482], [94.987406, 27.589428], [94.986688, 27.588948], [94.986409, 27.588688], [94.986132, 27.588331], [94.985795, 27.587704], [94.98545, 27.587348], [94.985137, 27.587191], [94.98463, 27.587144], [94.983916, 27.586895], [94.983107, 27.586921], [94.982801, 27.586819], [94.98275, 27.586664], [94.982774, 27.586574], [94.983305, 27.585844], [94.983387, 27.585632], [94.983888, 27.585332], [94.984158, 27.58502], [94.984488, 27.584878], [94.984763, 27.58465], [94.984889, 27.584636], [94.985092, 27.584698], [94.985191, 27.584582], [94.985275, 27.584643]]}}, {"type": "Feature", "properties": {}, "geometry": {"type": "LineString", "coordinates": [[95.01176, 27.588232], [95.012101, 27.588389], [95.012307, 27.588558], [95.012996, 27.589387], [95.014258, 27.590181], [95.014342, 27.590361], [95.014277, 27.590452], [95.014165, 27.590483], [95.013861, 27.59047], [95.013255, 27.590557], [95.013035, 27.59065], [95.013156, 27.590692], [95.013359, 27.590667], [95.013762, 27.590554], [95.013965, 27.5906], [95.014165, 27.590724], [95.014123, 27.590815], [95.013571, 27.591226], [95.013069, 27.591444], [95.012858, 27.591646], [95.012377, 27.592284], [95.012176, 27.592448], [95.011974, 27.592477], [95.011669, 27.592467], [95.011262, 27.592345], [95.011203, 27.592301], [95.011157, 27.592125], [95.010955, 27.592156], [95.010751, 27.592119], [95.010237, 27.59167], [95.009936, 27.591147], [95.009948, 27.590966], [95.010318, 27.590558], [95.010496, 27.590236], [95.010558, 27.589874], [95.010541, 27.589152], [95.010623, 27.58879], [95.010956, 27.588334], [95.011086, 27.588243], [95.011288, 27.588192], [95.01176, 27.588232]]}}, {"type": "Feature", "properties": {}, "geometry": {"type": "LineString", "coordinates": [[95.252946, 27.585339], [95.253298, 27.585418], [95.253757, 27.585596], [95.254583, 27.586215], [95.255039, 27.586377], [95.255546, 27.586431], [95.256658, 27.586325], [95.257981, 27.586614], [95.258791, 27.586611], [95.259397, 27.586545], [95.260512, 27.586565], [95.260796, 27.586655], [95.26086, 27.586744], [95.260844, 27.586835], [95.26061, 27.5872], [95.260397, 27.587384], [95.260226, 27.587457], [95.259821, 27.587455], [95.259589, 27.587306], [95.259412, 27.587259], [95.259346, 27.58731], [95.25945, 27.587489], [95.259219, 27.587583], [95.258712, 27.58769], [95.258311, 27.587901], [95.257812, 27.588257], [95.257689, 27.58824], [95.257582, 27.587971], [95.2575, 27.587879], [95.257182, 27.588158], [95.256802, 27.588385], [95.256399, 27.588513], [95.256094, 27.588457], [95.255081, 27.588422], [95.254571, 27.588279], [95.253962, 27.588198], [95.252848, 27.588195], [95.25204, 27.588332], [95.251838, 27.588315], [95.25143, 27.588177], [95.251228, 27.588222], [95.251126, 27.588189], [95.251038, 27.588077], [95.251037, 27.587987], [95.251193, 27.587533], [95.251202, 27.587262], [95.251598, 27.586522], [95.251818, 27.58626], [95.25183, 27.585989], [95.252069, 27.585804], [95.252592, 27.585706], [95.252564, 27.585616], [95.25234, 27.585529], [95.252298, 27.58544], [95.252385, 27.585381], [95.252586, 27.585315], [95.252946, 27.585339]]}}, {"type": "Feature", "properties": {}, "geometry": {"type": "LineString", "coordinates": [[95.012351, 27.59094], [95.011849, 27.591202], [95.011368, 27.591667], [95.011234, 27.59185], [95.011221, 27.59203], [95.011257, 27.592063], [95.011558, 27.591923], [95.011758, 27.591775], [95.01233, 27.591202], [95.012429, 27.59102], [95.012351, 27.59094]]}}, {"type": "Feature", "properties": {}, "geometry": {"type": "LineString", "coordinates": [[95.222033, 27.586289], [95.222366, 27.586464], [95.22274, 27.586826], [95.22295, 27.587158], [95.223079, 27.587896], [95.223082, 27.588167], [95.222972, 27.588249], [95.222768, 27.588183], [95.222692, 27.588263], [95.223095, 27.588618], [95.22313, 27.588707], [95.223078, 27.588798], [95.222881, 27.588783], [95.22237, 27.588524], [95.221728, 27.588369], [95.221614, 27.58828], [95.221594, 27.588191], [95.22164, 27.5881], [95.221753, 27.588078], [95.221797, 27.588007], [95.221732, 27.587918], [95.22152, 27.587831], [95.22151, 27.587741], [95.221747, 27.587794], [95.222101, 27.587731], [95.221948, 27.587694], [95.221665, 27.587468], [95.221605, 27.587288], [95.221532, 27.586567], [95.221822, 27.586462], [95.22192, 27.586331], [95.222033, 27.586289]]}}, {"type": "Feature", "properties": {}, "geometry": {"type": "LineString", "coordinates": [[95.249696, 27.579707], [95.250069, 27.579881], [95.250268, 27.580058], [95.25084, 27.580771], [95.250828, 27.580952], [95.250888, 27.581041], [95.251491, 27.581265], [95.251698, 27.581508], [95.251976, 27.581655], [95.252111, 27.581879], [95.252214, 27.581947], [95.252264, 27.58174], [95.252158, 27.581562], [95.252194, 27.581471], [95.252607, 27.581341], [95.252875, 27.581189], [95.252905, 27.581066], [95.252741, 27.580921], [95.252812, 27.580829], [95.253401, 27.580582], [95.253603, 27.580565], [95.254112, 27.580671], [95.254318, 27.580843], [95.254875, 27.581157], [95.255237, 27.581234], [95.256011, 27.581499], [95.256561, 27.581592], [95.257877, 27.581542], [95.258795, 27.581876], [95.259104, 27.582114], [95.259206, 27.582146], [95.259531, 27.582074], [95.259712, 27.582145], [95.259781, 27.58225], [95.259699, 27.582342], [95.259414, 27.582408], [95.259314, 27.58248], [95.25892, 27.583054], [95.258722, 27.583262], [95.257721, 27.583814], [95.257419, 27.583898], [95.257017, 27.584089], [95.256612, 27.584377], [95.256116, 27.584574], [95.255408, 27.584604], [95.254899, 27.584479], [95.254284, 27.584415], [95.253269, 27.584021], [95.252659, 27.583899], [95.252355, 27.583918], [95.251551, 27.584182], [95.251088, 27.584376], [95.250751, 27.584682], [95.250354, 27.585106], [95.249863, 27.585864], [95.248658, 27.587213], [95.248475, 27.587306], [95.248273, 27.587337], [95.247864, 27.587144], [95.247357, 27.587112], [95.247153, 27.58704], [95.246741, 27.5867], [95.246636, 27.586509], [95.246343, 27.586168], [95.246153, 27.58581], [95.24602, 27.585361], [95.246155, 27.585088], [95.246148, 27.584998], [95.246034, 27.584819], [95.245878, 27.5841], [95.245803, 27.584011], [95.245868, 27.583829], [95.245838, 27.58374], [95.245666, 27.583562], [95.245691, 27.583381], [95.245891, 27.583197], [95.246261, 27.583042], [95.246564, 27.583009], [95.24697, 27.583029], [95.247783, 27.583195], [95.248191, 27.583324], [95.249217, 27.58396], [95.249623, 27.584002], [95.250128, 27.583955], [95.250778, 27.58375], [95.251477, 27.583378], [95.251729, 27.583012], [95.2517, 27.582742], [95.251924, 27.582641], [95.251971, 27.582557], [95.251921, 27.582482], [95.251631, 27.582563], [95.251143, 27.582932], [95.2509, 27.583297], [95.250507, 27.583574], [95.250021, 27.583666], [95.249514, 27.583638], [95.249298, 27.583503], [95.249078, 27.583236], [95.247674, 27.58281], [95.246902, 27.58282], [95.246528, 27.582916], [95.246462, 27.582984], [95.245753, 27.582976], [95.245351, 27.583115], [95.245048, 27.583165], [95.24464, 27.58299], [95.244376, 27.582771], [95.244339, 27.582681], [95.244531, 27.582641], [95.245038, 27.582656], [95.245543, 27.582584], [95.245844, 27.582445], [95.246851, 27.582164], [95.247616, 27.581726], [95.247879, 27.581631], [95.24838, 27.581262], [95.248745, 27.580805], [95.248954, 27.580621], [95.248997, 27.580259], [95.249234, 27.579836], [95.249433, 27.579684], [95.249696, 27.579707]]}}, {"type": "Feature", "properties": {}, "geometry": {"type": "LineString", "coordinates": [[94.973644, 27.584448], [94.974378, 27.584798], [94.974992, 27.58497], [94.975349, 27.585145], [94.975787, 27.585443], [94.975928, 27.585588], [94.975983, 27.585948], [94.975844, 27.586131], [94.975232, 27.586681], [94.974702, 27.587069], [94.974205, 27.587508], [94.973821, 27.587965], [94.973687, 27.588057], [94.973375, 27.588513], [94.973254, 27.588604], [94.97302, 27.589301], [94.972666, 27.589967], [94.971631, 27.590916], [94.97153, 27.590939], [94.970978, 27.590622], [94.97071, 27.590355], [94.970379, 27.589548], [94.970314, 27.589278], [94.970451, 27.588915], [94.970454, 27.588644], [94.970974, 27.588155], [94.971039, 27.587914], [94.971567, 27.587312], [94.971924, 27.586638], [94.972297, 27.586362], [94.972556, 27.586017], [94.97261, 27.585816], [94.972361, 27.585639], [94.97214, 27.585101], [94.972227, 27.584829], [94.972633, 27.584612], [94.973138, 27.584578], [94.973541, 27.584436], [94.973644, 27.584448]]}}, {"type": "Feature", "properties": {}, "geometry": {"type": "LineString", "coordinates": [[94.969108, 27.588844], [94.969686, 27.589197], [94.970024, 27.589553], [94.970181, 27.590002], [94.970072, 27.590364], [94.969902, 27.590506], [94.969599, 27.590532], [94.969091, 27.590447], [94.968273, 27.590054], [94.968014, 27.589852], [94.968011, 27.589762], [94.968064, 27.589697], [94.968569, 27.589614], [94.9687, 27.589481], [94.96867, 27.589392], [94.968372, 27.589125], [94.968356, 27.588997], [94.968454, 27.588855], [94.968757, 27.588778], [94.969108, 27.588844]]}}, {"type": "Feature", "properties": {}, "geometry": {"type": "LineString", "coordinates": [[95.00332, 27.588625], [95.0035, 27.588803], [95.003703, 27.588831], [95.003903, 27.588701], [95.004413, 27.588923], [95.004619, 27.589104], [95.004772, 27.589326], [95.004764, 27.589507], [95.004661, 27.589689], [95.004328, 27.589827], [95.004025, 27.589866], [95.003619, 27.589825], [95.003246, 27.589709], [95.003025, 27.589532], [95.002854, 27.589263], [95.002975, 27.58872], [95.003192, 27.58859], [95.00332, 27.588625]]}}, {"type": "Feature", "properties": {}, "geometry": {"type": "LineString", "coordinates": [[95.016092, 27.58844], [95.016968, 27.588671], [95.017275, 27.58882], [95.017583, 27.58887], [95.01779, 27.588957], [95.017769, 27.589047], [95.017134, 27.589327], [95.016477, 27.589487], [95.015136, 27.589356], [95.014765, 27.589181], [95.014762, 27.589091], [95.014848, 27.589053], [95.015354, 27.589035], [95.015561, 27.588989], [95.015591, 27.588899], [95.015553, 27.588835], [95.015203, 27.588814], [95.015147, 27.588772], [95.015123, 27.588725], [95.015244, 27.588506], [95.015646, 27.588371], [95.015849, 27.588374], [95.016092, 27.58844]]}}, {"type": "Feature", "properties": {}, "geometry": {"type": "LineString", "coordinates": [[94.948894, 27.588497], [94.94905, 27.588676], [94.948969, 27.589218], [94.948518, 27.589883], [94.948318, 27.590011], [94.948216, 27.589978], [94.948179, 27.589681], [94.948367, 27.589317], [94.948682, 27.588952], [94.948627, 27.588591], [94.948697, 27.588498], [94.948894, 27.588497]]}}, {"type": "Feature", "properties": {}, "geometry": {"type": "LineString", "coordinates": [[95.260518, 27.582779], [95.261146, 27.582937], [95.261623, 27.583122], [95.262479, 27.583732], [95.263439, 27.584085], [95.263604, 27.584173], [95.26362, 27.584263], [95.263387, 27.584447], [95.263004, 27.584628], [95.262815, 27.584817], [95.262866, 27.584907], [95.262808, 27.584971], [95.262605, 27.584942], [95.261982, 27.585192], [95.261508, 27.5852], [95.260784, 27.585048], [95.259973, 27.584999], [95.259363, 27.584895], [95.258352, 27.584951], [95.258047, 27.584922], [95.258012, 27.584805], [95.258235, 27.584531], [95.258475, 27.583986], [95.259175, 27.583162], [95.259436, 27.582977], [95.260005, 27.582788], [95.260518, 27.582779]]}}, {"type": "Feature", "properties": {}, "geometry": {"type": "LineString", "coordinates": [[95.014347, 27.587292], [95.014819, 27.587434], [95.015217, 27.587641], [95.015551, 27.587997], [95.015552, 27.588087], [95.015421, 27.588269], [95.014539, 27.588744], [95.014437, 27.588735], [95.014283, 27.588647], [95.013986, 27.58829], [95.013964, 27.5882], [95.014065, 27.588109], [95.014063, 27.588018], [95.013749, 27.587572], [95.01379, 27.587481], [95.014006, 27.587288], [95.014347, 27.587292]]}}, {"type": "Feature", "properties": {}, "geometry": {"type": "LineString", "coordinates": [[95.072421, 27.584813], [95.072503, 27.584843], [95.072636, 27.58499], [95.073025, 27.585676], [95.07308, 27.585886], [95.073119, 27.586698], [95.072963, 27.587602], [95.072863, 27.58784], [95.072763, 27.587876], [95.072154, 27.587816], [95.071709, 27.587621], [95.071539, 27.587455], [95.071361, 27.587085], [95.071163, 27.586366], [95.07125, 27.585733], [95.071472, 27.585369], [95.071698, 27.585146], [95.071921, 27.585001], [95.0723, 27.584818], [95.072421, 27.584813]]}}, {"type": "Feature", "properties": {}, "geometry": {"type": "LineString", "coordinates": [[95.019839, 27.587573], [95.02009, 27.587671], [95.021107, 27.587916], [95.021252, 27.588004], [95.021237, 27.588095], [95.020811, 27.588347], [95.020408, 27.588456], [95.019902, 27.588482], [95.019293, 27.588411], [95.018383, 27.588474], [95.017791, 27.588415], [95.017798, 27.588325], [95.017972, 27.588232], [95.018186, 27.587958], [95.018407, 27.587775], [95.018672, 27.587647], [95.018873, 27.587587], [95.019378, 27.587532], [95.019839, 27.587573]]}}, {"type": "Feature", "properties": {}, "geometry": {"type": "LineString", "coordinates": [[95.269898, 27.583258], [95.270268, 27.583309], [95.270473, 27.583419], [95.271144, 27.58405], [95.271171, 27.58423], [95.271038, 27.584322], [95.270658, 27.584419], [95.270395, 27.584543], [95.269689, 27.584667], [95.269484, 27.584585], [95.269343, 27.58444], [95.269251, 27.584171], [95.269269, 27.583974], [95.268864, 27.583969], [95.268557, 27.583827], [95.268054, 27.583978], [95.267775, 27.583924], [95.268017, 27.58374], [95.268554, 27.583683], [95.269255, 27.583294], [95.269659, 27.583242], [95.269898, 27.583258]]}}, {"type": "Feature", "properties": {}, "geometry": {"type": "LineString", "coordinates": [[95.209458, 27.583782], [95.209639, 27.58423], [95.209584, 27.584412], [95.209428, 27.584585], [95.209116, 27.58478], [95.208726, 27.584931], [95.208422, 27.584943], [95.208299, 27.584883], [95.208276, 27.584703], [95.208418, 27.58443], [95.208641, 27.584156], [95.209139, 27.583787], [95.20931, 27.583745], [95.209458, 27.583782]]}}, {"type": "Feature", "properties": {}, "geometry": {"type": "LineString", "coordinates": [[94.995826, 27.584561], [94.995685, 27.584945], [94.99491, 27.585227], [94.99422, 27.585778], [94.994066, 27.586051], [94.994134, 27.586222], [94.994442, 27.586428], [94.994544, 27.586453], [94.99473, 27.586402], [94.994847, 27.58631], [94.994885, 27.58622], [94.994881, 27.586129], [94.994753, 27.586041], [94.994756, 27.585951], [94.995127, 27.585584], [94.995437, 27.585399], [94.995942, 27.585377], [94.996554, 27.5856], [94.996724, 27.585561], [94.996661, 27.585292], [94.996444, 27.585122], [94.996075, 27.584939], [94.995826, 27.584561]]}}, {"type": "Feature", "properties": {}, "geometry": {"type": "LineString", "coordinates": [[95.048636, 27.548346], [95.049493, 27.548875], [95.049758, 27.549232], [95.049802, 27.549412], [95.049766, 27.549505], [95.049566, 27.549602], [95.048526, 27.549701], [95.048156, 27.550047], [95.048159, 27.550167], [95.048362, 27.550228], [95.049071, 27.550248], [95.049576, 27.550182], [95.050086, 27.550348], [95.050599, 27.550716], [95.050904, 27.550803], [95.051314, 27.551056], [95.052242, 27.551978], [95.052683, 27.552347], [95.055519, 27.55411], [95.056339, 27.554487], [95.058071, 27.555037], [95.059577, 27.555945], [95.06012, 27.556332], [95.061647, 27.557629], [95.063288, 27.558868], [95.065284, 27.560282], [95.065973, 27.560652], [95.067094, 27.561053], [95.067605, 27.561319], [95.068113, 27.561408], [95.068521, 27.561541], [95.070053, 27.562223], [95.070134, 27.562196], [95.070023, 27.562017], [95.070021, 27.561927], [95.070148, 27.561905], [95.071164, 27.562084], [95.07208, 27.562336], [95.07218, 27.5623], [95.072194, 27.562255], [95.072091, 27.562076], [95.071886, 27.561899], [95.071461, 27.561758], [95.070954, 27.561672], [95.070573, 27.561377], [95.070134, 27.561173], [95.069625, 27.561047], [95.069421, 27.560941], [95.068812, 27.560887], [95.068608, 27.560799], [95.068403, 27.560639], [95.067908, 27.560424], [95.067582, 27.560103], [95.067089, 27.559714], [95.063929, 27.557776], [95.063687, 27.557565], [95.0632, 27.556974], [95.062656, 27.556548], [95.062216, 27.556086], [95.061935, 27.555936], [95.061632, 27.555954], [95.061592, 27.555915], [95.061629, 27.555822], [95.061727, 27.555733], [95.062308, 27.555453], [95.062631, 27.555223], [95.063034, 27.555115], [95.065027, 27.554872], [95.065212, 27.554779], [95.065551, 27.55438], [95.066157, 27.554291], [95.066554, 27.554398], [95.066874, 27.554697], [95.067078, 27.554783], [95.067381, 27.554752], [95.068224, 27.555004], [95.069011, 27.555173], [95.069618, 27.555249], [95.070497, 27.555512], [95.07127, 27.555681], [95.073073, 27.555935], [95.073481, 27.556094], [95.074617, 27.556714], [95.075361, 27.557064], [95.075832, 27.557248], [95.076354, 27.55732], [95.077345, 27.557937], [95.077853, 27.5582], [95.078388, 27.558572], [95.078793, 27.559088], [95.079102, 27.559625], [95.079279, 27.559983], [95.079331, 27.560227], [95.079559, 27.560521], [95.079972, 27.561327], [95.080302, 27.561773], [95.080483, 27.562273], [95.081822, 27.563439], [95.082138, 27.563641], [95.08264, 27.56389], [95.083557, 27.564251], [95.084881, 27.564568], [95.086303, 27.564792], [95.087216, 27.564872], [95.089374, 27.565246], [95.090063, 27.565478], [95.090982, 27.56589], [95.092104, 27.566311], [95.092551, 27.566552], [95.092921, 27.566682], [95.093101, 27.566815], [95.093321, 27.567172], [95.093374, 27.567352], [95.093548, 27.568432], [95.093893, 27.569781], [95.093806, 27.570414], [95.09392, 27.571285], [95.094134, 27.571928], [95.094237, 27.57199], [95.094437, 27.571876], [95.094476, 27.571577], [95.094119, 27.571108], [95.094109, 27.570599], [95.094402, 27.570013], [95.094624, 27.569319], [95.094715, 27.569137], [95.094888, 27.568955], [95.09509, 27.568923], [95.09539, 27.568701], [95.095491, 27.568696], [95.095592, 27.568763], [95.095876, 27.569119], [95.09596, 27.569298], [95.095976, 27.569569], [95.095915, 27.569707], [95.095649, 27.569845], [95.095584, 27.569936], [95.095528, 27.570654], [95.095139, 27.571296], [95.095139, 27.571386], [95.095483, 27.572374], [95.095732, 27.572641], [95.095973, 27.572735], [95.096006, 27.572637], [95.095944, 27.572457], [95.0959, 27.571826], [95.095837, 27.571556], [95.095895, 27.570743], [95.096093, 27.570109], [95.096231, 27.569836], [95.096312, 27.569264], [95.096411, 27.56918], [95.096761, 27.569286], [95.097085, 27.569642], [95.097341, 27.570133], [95.097653, 27.570564], [95.098494, 27.572197], [95.098637, 27.572597], [95.098994, 27.573223], [95.099325, 27.573579], [95.099333, 27.573691], [95.099194, 27.573852], [95.098907, 27.574037], [95.098807, 27.574219], [95.098538, 27.574525], [95.098038, 27.574855], [95.097044, 27.575825], [95.096847, 27.576088], [95.09651, 27.57678], [95.096418, 27.576872], [95.096356, 27.576906], [95.095646, 27.576867], [95.094742, 27.577279], [95.093882, 27.577542], [95.093637, 27.577755], [95.093335, 27.57784], [95.093041, 27.577825], [95.092971, 27.577736], [95.092988, 27.577646], [95.09332, 27.57746], [95.093302, 27.57737], [95.093224, 27.577298], [95.092513, 27.577653], [95.091571, 27.578389], [95.090829, 27.579165], [95.08984, 27.580459], [95.089618, 27.580855], [95.089353, 27.581761], [95.088806, 27.582853], [95.08861, 27.583036], [95.088173, 27.583336], [95.087558, 27.583503], [95.086967, 27.583849], [95.086261, 27.583991], [95.08586, 27.584176], [95.085454, 27.584181], [95.085154, 27.584384], [95.084446, 27.584419], [95.084042, 27.584495], [95.081813, 27.584409], [95.081186, 27.58423], [95.080777, 27.584056], [95.080485, 27.58388], [95.080301, 27.583702], [95.080335, 27.583612], [95.080581, 27.583526], [95.081999, 27.583561], [95.08392, 27.583386], [95.084355, 27.58319], [95.084655, 27.582915], [95.084954, 27.58273], [95.085038, 27.582458], [95.084924, 27.58237], [95.084712, 27.582409], [95.083852, 27.582747], [95.083088, 27.582939], [95.08128, 27.583012], [95.08057, 27.582984], [95.079409, 27.582813], [95.077239, 27.582214], [95.076299, 27.582025], [95.075789, 27.581859], [95.075405, 27.58179], [95.074465, 27.581479], [95.073171, 27.580921], [95.07283, 27.580712], [95.072726, 27.580562], [95.072267, 27.580213], [95.071399, 27.579413], [95.070567, 27.578864], [95.069528, 27.578088], [95.068882, 27.577375], [95.068739, 27.577107], [95.068708, 27.576927], [95.068808, 27.576866], [95.068999, 27.576922], [95.069525, 27.577272], [95.070034, 27.577444], [95.070546, 27.577729], [95.07126, 27.577971], [95.071771, 27.578258], [95.072377, 27.578496], [95.073139, 27.579297], [95.073721, 27.5796], [95.07393, 27.579827], [95.074543, 27.580249], [95.074647, 27.580384], [95.075158, 27.580618], [95.075206, 27.58044], [95.075153, 27.58026], [95.074798, 27.579453], [95.074579, 27.579185], [95.074333, 27.579009], [95.073497, 27.578468], [95.072239, 27.577777], [95.070124, 27.57683], [95.069102, 27.576289], [95.067053, 27.575056], [95.066129, 27.57441], [95.065535, 27.574086], [95.065107, 27.57391], [95.064514, 27.57374], [95.063382, 27.573725], [95.062773, 27.573636], [95.062434, 27.573501], [95.062055, 27.573164], [95.061543, 27.572888], [95.061384, 27.572614], [95.061225, 27.571804], [95.061045, 27.571355], [95.06046, 27.570281], [95.06042, 27.570011], [95.060476, 27.56994], [95.06068, 27.570045], [95.060783, 27.570005], [95.060571, 27.569634], [95.060028, 27.569024], [95.059841, 27.568504], [95.059759, 27.568035], [95.059353, 27.567139], [95.058894, 27.566566], [95.058381, 27.566221], [95.058072, 27.565956], [95.05705, 27.56543], [95.056335, 27.565134], [95.055617, 27.564633], [95.054491, 27.564005], [95.053577, 27.563615], [95.052961, 27.563418], [95.051539, 27.563138], [95.050119, 27.563054], [95.049712, 27.562931], [95.049103, 27.562863], [95.048398, 27.563076], [95.047892, 27.56306], [95.047488, 27.56312], [95.046934, 27.563081], [95.046966, 27.56299], [95.04708, 27.562953], [95.047299, 27.562624], [95.047339, 27.562353], [95.047293, 27.561993], [95.047353, 27.561334], [95.047564, 27.560996], [95.048137, 27.560266], [95.048344, 27.560175], [95.048639, 27.560258], [95.04906, 27.560542], [95.049576, 27.561043], [95.049718, 27.561054], [95.0497, 27.560964], [95.049191, 27.560521], [95.048953, 27.560229], [95.048745, 27.559948], [95.048557, 27.559537], [95.048567, 27.558996], [95.048743, 27.558452], [95.048837, 27.55836], [95.04884, 27.55827], [95.048658, 27.558092], [95.048627, 27.557822], [95.048664, 27.557009], [95.048769, 27.556737], [95.048741, 27.556015], [95.048871, 27.555794], [95.048927, 27.555561], [95.048774, 27.554932], [95.048624, 27.554573], [95.048404, 27.554396], [95.048211, 27.554038], [95.048098, 27.553047], [95.048236, 27.552954], [95.048237, 27.552774], [95.048201, 27.552684], [95.048, 27.552597], [95.047999, 27.552507], [95.048098, 27.552353], [95.048062, 27.552235], [95.047834, 27.552058], [95.047695, 27.551789], [95.047165, 27.551159], [95.046932, 27.550808], [95.046842, 27.550358], [95.046946, 27.550278], [95.047279, 27.550261], [95.047024, 27.550084], [95.046951, 27.549905], [95.047232, 27.549359], [95.046725, 27.549303], [95.046469, 27.54919], [95.046466, 27.5491], [95.04653, 27.549009], [95.046644, 27.548917], [95.046919, 27.548816], [95.047217, 27.548546], [95.048026, 27.548491], [95.048326, 27.548277], [95.048636, 27.548346]]}}, {"type": "Feature", "properties": {}, "geometry": {"type": "LineString", "coordinates": [[95.212241, 27.578323], [95.21237, 27.578502], [95.21239, 27.578682], [95.212269, 27.579135], [95.212044, 27.57959], [95.212043, 27.580041], [95.211276, 27.580808], [95.210518, 27.581329], [95.209675, 27.581736], [95.208064, 27.582198], [95.207884, 27.582183], [95.207753, 27.582095], [95.207407, 27.581378], [95.207354, 27.581108], [95.207155, 27.580751], [95.206757, 27.580215], [95.206755, 27.580035], [95.206903, 27.57986], [95.207206, 27.579813], [95.207513, 27.579984], [95.208019, 27.579979], [95.208528, 27.580089], [95.209438, 27.580054], [95.209743, 27.58009], [95.209941, 27.579866], [95.210042, 27.579847], [95.210145, 27.579958], [95.210246, 27.579943], [95.210644, 27.579574], [95.211, 27.579336], [95.211234, 27.578694], [95.211334, 27.578614], [95.211535, 27.578541], [95.211733, 27.578333], [95.212241, 27.578323]]}}, {"type": "Feature", "properties": {}, "geometry": {"type": "LineString", "coordinates": [[95.10024, 27.578258], [95.100437, 27.578494], [95.100671, 27.578974], [95.100861, 27.579487], [95.100878, 27.579692], [95.100703, 27.580507], [95.100082, 27.58111], [95.099882, 27.581246], [95.099577, 27.581183], [95.099476, 27.581214], [95.09909, 27.581434], [95.098473, 27.581705], [95.098073, 27.581997], [95.097669, 27.582043], [95.097469, 27.582183], [95.097067, 27.582345], [95.096884, 27.58228], [95.096862, 27.582213], [95.096727, 27.582553], [95.096587, 27.582735], [95.096338, 27.58292], [95.095866, 27.58313], [95.09506, 27.583335], [95.094655, 27.58335], [95.094399, 27.58331], [95.09433, 27.583221], [95.094394, 27.583039], [95.095696, 27.581756], [95.096941, 27.581041], [95.097142, 27.58098], [95.098332, 27.57965], [95.099928, 27.578359], [95.100128, 27.57825], [95.10024, 27.578258]]}}, {"type": "Feature", "properties": {}, "geometry": {"type": "LineString", "coordinates": [[95.232848, 27.579708], [95.232791, 27.579889], [95.233134, 27.57996], [95.233257, 27.580062], [95.233951, 27.580296], [95.234213, 27.580498], [95.234209, 27.580588], [95.23406, 27.580665], [95.233756, 27.580669], [95.233246, 27.580484], [95.233045, 27.580542], [95.232841, 27.580495], [95.232133, 27.580516], [95.231967, 27.580444], [95.231982, 27.580173], [95.232149, 27.57999], [95.232222, 27.579933], [95.232566, 27.579893], [95.232671, 27.579801], [95.232643, 27.579711], [95.232723, 27.579669], [95.232848, 27.579708]]}}, {"type": "Feature", "properties": {}, "geometry": {"type": "LineString", "coordinates": [[94.989868, 27.582591], [94.989989, 27.58286], [94.990163, 27.583038], [94.990201, 27.583218], [94.989833, 27.583634], [94.989128, 27.583803], [94.988725, 27.583969], [94.988319, 27.583899], [94.988113, 27.58379], [94.98809, 27.583519], [94.988205, 27.583216], [94.988403, 27.582939], [94.988788, 27.582878], [94.989007, 27.582755], [94.989326, 27.582689], [94.989611, 27.58254], [94.989814, 27.582531], [94.989868, 27.582591]]}}, {"type": "Feature", "properties": {}, "geometry": {"type": "LineString", "coordinates": [[94.986255, 27.582553], [94.986474, 27.582671], [94.98666, 27.582908], [94.986725, 27.583268], [94.986691, 27.583496], [94.986593, 27.583643], [94.986392, 27.583748], [94.985784, 27.583714], [94.985579, 27.583622], [94.98542, 27.583467], [94.985337, 27.583198], [94.985369, 27.582836], [94.985626, 27.582562], [94.986065, 27.582485], [94.986255, 27.582553]]}}, {"type": "Feature", "properties": {}, "geometry": {"type": "LineString", "coordinates": [[95.093615, 27.579441], [95.093777, 27.579529], [95.09369, 27.579711], [95.092982, 27.580591], [95.092734, 27.580808], [95.092717, 27.580989], [95.092392, 27.58151], [95.092192, 27.581623], [95.092066, 27.58163], [95.092129, 27.581449], [95.092286, 27.581252], [95.092416, 27.581174], [95.092432, 27.581083], [95.092382, 27.580979], [95.092281, 27.580996], [95.091881, 27.58126], [95.091384, 27.581741], [95.090984, 27.582045], [95.090583, 27.582222], [95.090482, 27.582236], [95.090409, 27.582197], [95.090293, 27.581838], [95.090422, 27.581475], [95.091093, 27.580743], [95.091659, 27.580217], [95.092259, 27.579829], [95.092733, 27.579635], [95.093366, 27.579463], [95.093615, 27.579441]]}}, {"type": "Feature", "properties": {}, "geometry": {"type": "LineString", "coordinates": [[95.231981, 27.578549], [95.232127, 27.578637], [95.232259, 27.578815], [95.232601, 27.5789], [95.232665, 27.578989], [95.232647, 27.57935], [95.232435, 27.579624], [95.232318, 27.57967], [95.231913, 27.579645], [95.231208, 27.579867], [95.229995, 27.579965], [95.229288, 27.58008], [95.228882, 27.580028], [95.22877, 27.579954], [95.228904, 27.579771], [95.228853, 27.579682], [95.228316, 27.57951], [95.228564, 27.579306], [95.228967, 27.579217], [95.229373, 27.579261], [95.229867, 27.579214], [95.230477, 27.579024], [95.231586, 27.578531], [95.231981, 27.578549]]}}, {"type": "Feature", "properties": {}, "geometry": {"type": "LineString", "coordinates": [[94.991333, 27.580946], [94.991914, 27.581056], [94.99212, 27.581249], [94.992537, 27.581928], [94.992841, 27.582098], [94.994019, 27.582442], [94.994147, 27.58253], [94.994147, 27.582711], [94.993804, 27.582986], [94.993371, 27.583227], [94.992769, 27.583512], [94.992566, 27.583539], [94.992465, 27.583519], [94.99225, 27.58337], [94.992206, 27.58319], [94.991938, 27.582833], [94.991662, 27.582205], [94.991324, 27.582018], [94.991019, 27.581964], [94.990915, 27.581846], [94.990714, 27.581937], [94.990411, 27.581963], [94.990003, 27.581791], [94.989809, 27.58187], [94.98975, 27.581961], [94.989767, 27.582142], [94.989507, 27.582383], [94.988999, 27.582299], [94.988496, 27.58247], [94.988468, 27.582251], [94.988285, 27.581712], [94.988377, 27.581521], [94.988881, 27.581385], [94.989384, 27.581165], [94.989688, 27.581175], [94.98999, 27.581096], [94.990194, 27.581181], [94.990296, 27.581187], [94.990396, 27.581136], [94.990618, 27.581227], [94.990801, 27.581146], [94.991001, 27.580959], [94.991333, 27.580946]]}}, {"type": "Feature", "properties": {}, "geometry": {"type": "LineString", "coordinates": [[94.996402, 27.581956], [94.996535, 27.582586], [94.996538, 27.583037], [94.996508, 27.583095], [94.996414, 27.583129], [94.996261, 27.583041], [94.996, 27.583003], [94.995769, 27.582868], [94.994881, 27.582726], [94.994466, 27.582616], [94.994229, 27.582439], [94.994274, 27.582348], [94.994367, 27.58231], [94.995073, 27.582131], [94.995781, 27.582051], [94.996187, 27.582122], [94.996286, 27.581984], [94.996402, 27.581956]]}}, {"type": "Feature", "properties": {}, "geometry": {"type": "LineString", "coordinates": [[94.918241, 27.580892], [94.918484, 27.581065], [94.91879, 27.581183], [94.919097, 27.581366], [94.919614, 27.581776], [94.920014, 27.582131], [94.920283, 27.582579], [94.920337, 27.582939], [94.920291, 27.583481], [94.920074, 27.583935], [94.919853, 27.584076], [94.91955, 27.584033], [94.918517, 27.583686], [94.91793, 27.583333], [94.917655, 27.582976], [94.917614, 27.582706], [94.917701, 27.582646], [94.917833, 27.582432], [94.917987, 27.581798], [94.918058, 27.580895], [94.918176, 27.580859], [94.918241, 27.580892]]}}, {"type": "Feature", "properties": {}, "geometry": {"type": "LineString", "coordinates": [[95.131717, 27.577773], [95.131297, 27.578056], [95.132295, 27.578582], [95.133424, 27.579016], [95.134036, 27.579367], [95.135182, 27.580252], [95.135639, 27.580696], [95.135928, 27.580804], [95.13637, 27.580865], [95.137481, 27.580848], [95.137969, 27.58066], [95.137848, 27.580569], [95.137344, 27.580715], [95.136838, 27.580732], [95.136745, 27.580679], [95.136748, 27.580589], [95.136934, 27.580459], [95.13804, 27.58005], [95.138746, 27.579915], [95.139151, 27.579909], [95.139656, 27.579795], [95.140363, 27.579728], [95.140867, 27.57959], [95.141877, 27.579454], [95.142387, 27.579238], [95.142503, 27.579056], [95.142543, 27.578875], [95.142634, 27.578783], [95.142572, 27.578725], [95.142421, 27.578787], [95.142271, 27.578889], [95.14208, 27.579153], [95.141973, 27.579177], [95.141762, 27.579158], [95.141655, 27.578979], [95.141564, 27.578959], [95.141362, 27.579008], [95.140853, 27.578875], [95.14065, 27.578864], [95.140045, 27.578973], [95.137215, 27.58004], [95.136829, 27.580243], [95.136546, 27.580682], [95.13623, 27.580733], [95.135822, 27.580561], [95.135616, 27.580385], [95.135509, 27.580109], [95.135402, 27.579978], [95.135416, 27.579797], [95.135305, 27.579438], [95.135219, 27.579349], [95.134543, 27.579089], [95.133893, 27.578738], [95.133451, 27.57842], [95.132941, 27.578216], [95.132736, 27.578087], [95.131717, 27.577773]]}}, {"type": "Feature", "properties": {}, "geometry": {"type": "LineString", "coordinates": [[95.063987, 27.576546], [95.064145, 27.576601], [95.06435, 27.57675], [95.064968, 27.577307], [95.066186, 27.577867], [95.066699, 27.57822], [95.067017, 27.578554], [95.067424, 27.579112], [95.067658, 27.579559], [95.067647, 27.579744], [95.066901, 27.580293], [95.066558, 27.580478], [95.066345, 27.580522], [95.066142, 27.580479], [95.065895, 27.580037], [95.06566, 27.57986], [95.065317, 27.579686], [95.064696, 27.579012], [95.064255, 27.578347], [95.064129, 27.577897], [95.063977, 27.577719], [95.063326, 27.577278], [95.063024, 27.576921], [95.063016, 27.57665], [95.06313, 27.576496], [95.063987, 27.576546]]}}, {"type": "Feature", "properties": {}, "geometry": {"type": "LineString", "coordinates": [[95.102764, 27.577678], [95.102877, 27.577857], [95.10286, 27.578112], [95.102761, 27.578216], [95.102556, 27.578099], [95.102541, 27.578223], [95.10255, 27.578494], [95.102676, 27.578943], [95.102663, 27.579034], [95.102577, 27.579179], [95.102476, 27.579222], [95.102374, 27.579187], [95.102274, 27.579236], [95.101878, 27.579696], [95.10177, 27.579366], [95.101755, 27.578957], [95.101802, 27.578776], [95.102151, 27.578081], [95.10225, 27.577963], [95.10235, 27.577886], [95.102452, 27.577927], [95.102552, 27.577893], [95.102651, 27.577743], [95.102764, 27.577678]]}}, {"type": "Feature", "properties": {}, "geometry": {"type": "LineString", "coordinates": [[94.971895, 27.574545], [94.972115, 27.574723], [94.972152, 27.574812], [94.972005, 27.575356], [94.971666, 27.575898], [94.971554, 27.576174], [94.971574, 27.577257], [94.971697, 27.577622], [94.971905, 27.577934], [94.972483, 27.578508], [94.972736, 27.579079], [94.973002, 27.579403], [94.973256, 27.579849], [94.973599, 27.581019], [94.973586, 27.581303], [94.973484, 27.581274], [94.973279, 27.581093], [94.973175, 27.580976], [94.973029, 27.580666], [94.97245, 27.580068], [94.970714, 27.579247], [94.969903, 27.579237], [94.9694, 27.57942], [94.968492, 27.579628], [94.968191, 27.579758], [94.967787, 27.579832], [94.967483, 27.579846], [94.96728, 27.579806], [94.96713, 27.579576], [94.967129, 27.579486], [94.967291, 27.579123], [94.967313, 27.578671], [94.967479, 27.578308], [94.967456, 27.577586], [94.9672, 27.576958], [94.967018, 27.57678], [94.966532, 27.576516], [94.966377, 27.576338], [94.966372, 27.576248], [94.966507, 27.576226], [94.967049, 27.576329], [94.967725, 27.576358], [94.969345, 27.576337], [94.969439, 27.576295], [94.969436, 27.576205], [94.969085, 27.575849], [94.969144, 27.575487], [94.969274, 27.575304], [94.97043, 27.574703], [94.970935, 27.574659], [94.971136, 27.57454], [94.971438, 27.574477], [94.971895, 27.574545]]}}, {"type": "Feature", "properties": {}, "geometry": {"type": "LineString", "coordinates": [[94.980159, 27.580733], [94.979753, 27.580668], [94.979726, 27.580751], [94.979855, 27.580839], [94.980671, 27.581049], [94.981347, 27.580999], [94.981428, 27.580907], [94.981173, 27.580795], [94.980464, 27.580783], [94.980159, 27.580733]]}}, {"type": "Feature", "properties": {}, "geometry": {"type": "LineString", "coordinates": [[94.990088, 27.580422], [94.990489, 27.580597], [94.990497, 27.580778], [94.990392, 27.580929], [94.989277, 27.58088], [94.988772, 27.580952], [94.988687, 27.580894], [94.988723, 27.580803], [94.988969, 27.580637], [94.989467, 27.580431], [94.989775, 27.580375], [94.990088, 27.580422]]}}, {"type": "Feature", "properties": {}, "geometry": {"type": "LineString", "coordinates": [[95.216031, 27.573209], [95.216604, 27.573771], [95.216965, 27.574368], [95.217053, 27.574727], [95.217162, 27.574906], [95.217355, 27.574993], [95.21744, 27.57508], [95.217576, 27.57508], [95.217597, 27.574989], [95.217529, 27.57481], [95.217523, 27.574161], [95.217625, 27.574225], [95.217896, 27.574624], [95.217992, 27.574893], [95.217816, 27.575347], [95.217829, 27.575437], [95.218814, 27.576955], [95.218884, 27.577225], [95.218803, 27.577368], [95.2186, 27.577346], [95.218379, 27.577233], [95.218211, 27.577055], [95.217978, 27.576657], [95.217772, 27.576454], [95.217671, 27.576612], [95.217649, 27.576793], [95.217576, 27.576815], [95.217347, 27.576618], [95.217166, 27.576542], [95.216277, 27.575913], [95.216281, 27.575822], [95.21634, 27.575771], [95.216544, 27.575859], [95.216646, 27.575863], [95.216721, 27.575815], [95.216724, 27.575545], [95.216777, 27.575454], [95.216573, 27.575186], [95.216558, 27.574916], [95.216256, 27.574559], [95.215999, 27.574112], [95.215779, 27.573845], [95.215615, 27.573487], [95.215611, 27.573306], [95.215665, 27.573215], [95.215882, 27.573157], [95.216031, 27.573209]]}}, {"type": "Feature", "properties": {}, "geometry": {"type": "LineString", "coordinates": [[94.901969, 27.57904], [94.902143, 27.579083], [94.90245, 27.579262], [94.902755, 27.579319], [94.903119, 27.579476], [94.903665, 27.579829], [94.903778, 27.579946], [94.903987, 27.580332], [94.90409, 27.580726], [94.904106, 27.580997], [94.904001, 27.581135], [94.9039, 27.581122], [94.903175, 27.580558], [94.902691, 27.580294], [94.902502, 27.580116], [94.90223, 27.579759], [94.901914, 27.579222], [94.901885, 27.579042], [94.901969, 27.57904]]}}, {"type": "Feature", "properties": {}, "geometry": {"type": "LineString", "coordinates": [[95.227009, 27.5752], [95.227613, 27.575551], [95.227655, 27.57564], [95.22763, 27.575731], [95.227528, 27.575823], [95.226978, 27.576016], [95.226776, 27.576019], [95.226597, 27.575928], [95.226261, 27.575619], [95.226058, 27.575575], [95.225755, 27.57563], [95.225647, 27.575582], [95.225753, 27.575498], [95.225955, 27.575483], [95.226236, 27.575302], [95.226456, 27.575217], [95.227009, 27.5752]]}}, {"type": "Feature", "properties": {}, "geometry": {"type": "LineString", "coordinates": [[94.899118, 27.57917], [94.89939, 27.579346], [94.899722, 27.579675], [94.900182, 27.580328], [94.900201, 27.580509], [94.899942, 27.580698], [94.89974, 27.580708], [94.899576, 27.580607], [94.89935, 27.580159], [94.899075, 27.579802], [94.898874, 27.579173], [94.898903, 27.579142], [94.899118, 27.57917]]}}, {"type": "Feature", "properties": {}, "geometry": {"type": "LineString", "coordinates": [[95.238151, 27.571952], [95.238177, 27.572042], [95.238043, 27.572586], [95.237991, 27.573128], [95.237863, 27.573469], [95.237668, 27.573811], [95.237017, 27.574587], [95.236875, 27.574645], [95.236369, 27.574669], [95.236279, 27.574509], [95.236328, 27.573967], [95.236252, 27.57389], [95.236151, 27.573908], [95.236049, 27.573861], [95.235904, 27.573432], [95.235929, 27.572968], [95.236009, 27.572799], [95.236126, 27.572692], [95.236629, 27.572532], [95.237934, 27.571935], [95.238151, 27.571952]]}}, {"type": "Feature", "properties": {}, "geometry": {"type": "LineString", "coordinates": [[94.900641, 27.57608], [94.902096, 27.576358], [94.9026, 27.576251], [94.903392, 27.576494], [94.903651, 27.577393], [94.904071, 27.578199], [94.904075, 27.578651], [94.904158, 27.579191], [94.904072, 27.579346], [94.903664, 27.579202], [94.903344, 27.579022], [94.903043, 27.578755], [94.902949, 27.578576], [94.902842, 27.578509], [94.902305, 27.578314], [94.90202, 27.578047], [94.901644, 27.577781], [94.901471, 27.577513], [94.901216, 27.577336], [94.90099, 27.577249], [94.900512, 27.576894], [94.900347, 27.576716], [94.900332, 27.576626], [94.900378, 27.576572], [94.900682, 27.576603], [94.901033, 27.576887], [94.901692, 27.577239], [94.902112, 27.577313], [94.902213, 27.577292], [94.902249, 27.577232], [94.902218, 27.577142], [94.901903, 27.57691], [94.900577, 27.576363], [94.900473, 27.576251], [94.900294, 27.576175], [94.900245, 27.576086], [94.900641, 27.57608]]}}, {"type": "Feature", "properties": {}, "geometry": {"type": "LineString", "coordinates": [[94.931436, 27.57367], [94.931623, 27.573712], [94.931773, 27.573846], [94.931791, 27.573936], [94.931725, 27.574117], [94.931436, 27.574561], [94.931096, 27.574848], [94.930846, 27.575584], [94.930648, 27.575857], [94.930094, 27.576396], [94.929661, 27.57735], [94.929462, 27.57754], [94.929261, 27.577636], [94.928958, 27.577688], [94.928552, 27.577614], [94.928348, 27.577323], [94.928412, 27.57678], [94.928332, 27.57665], [94.92813, 27.576648], [94.928027, 27.576543], [94.927993, 27.576425], [94.928034, 27.576334], [94.928123, 27.576243], [94.92886, 27.575962], [94.92908, 27.575778], [94.929236, 27.575596], [94.929812, 27.574414], [94.929946, 27.574232], [94.930509, 27.57369], [94.930811, 27.57362], [94.931436, 27.57367]]}}, {"type": "Feature", "properties": {}, "geometry": {"type": "LineString", "coordinates": [[95.123178, 27.568253], [95.12344, 27.568673], [95.123981, 27.569324], [95.124535, 27.569857], [95.125503, 27.570616], [95.125911, 27.570789], [95.126012, 27.57079], [95.126213, 27.570687], [95.126415, 27.57065], [95.127025, 27.57078], [95.127536, 27.570984], [95.127591, 27.571073], [95.127741, 27.571152], [95.128658, 27.571458], [95.128852, 27.571776], [95.128977, 27.572253], [95.129083, 27.572467], [95.129188, 27.572665], [95.129323, 27.572762], [95.129367, 27.572851], [95.129342, 27.572942], [95.128991, 27.57296], [95.128184, 27.573127], [95.127279, 27.573476], [95.126798, 27.573612], [95.125259, 27.573758], [95.124757, 27.573952], [95.124464, 27.574009], [95.124398, 27.574191], [95.124057, 27.574434], [95.123052, 27.574822], [95.12285, 27.574851], [95.122443, 27.574782], [95.121938, 27.574814], [95.121735, 27.574785], [95.121643, 27.574684], [95.121651, 27.574594], [95.121729, 27.574485], [95.122589, 27.574038], [95.123174, 27.573578], [95.123632, 27.573397], [95.124036, 27.573335], [95.124098, 27.573293], [95.124034, 27.573204], [95.123409, 27.573213], [95.122923, 27.573382], [95.121323, 27.574438], [95.12092, 27.574565], [95.120005, 27.574394], [95.119903, 27.574346], [95.119814, 27.57417], [95.119682, 27.574082], [95.119644, 27.573993], [95.119675, 27.573812], [95.11979, 27.573735], [95.120396, 27.573654], [95.120637, 27.573526], [95.119378, 27.573372], [95.119158, 27.573188], [95.118968, 27.573123], [95.11765, 27.573039], [95.116841, 27.5731], [95.116638, 27.573081], [95.116332, 27.572944], [95.115926, 27.57288], [95.115218, 27.572934], [95.115068, 27.572889], [95.115013, 27.572813], [95.1151, 27.572618], [95.115315, 27.572344], [95.115271, 27.572164], [95.115332, 27.572073], [95.116105, 27.571664], [95.117012, 27.571439], [95.117169, 27.571504], [95.117226, 27.571773], [95.117319, 27.571862], [95.117424, 27.571807], [95.118218, 27.57094], [95.119017, 27.570371], [95.119815, 27.569929], [95.120634, 27.569104], [95.120913, 27.56892], [95.121616, 27.568635], [95.121818, 27.568609], [95.122123, 27.568672], [95.122325, 27.568648], [95.122525, 27.568513], [95.122624, 27.568368], [95.122824, 27.568253], [95.123178, 27.568253]]}}, {"type": "Feature", "properties": {}, "geometry": {"type": "LineString", "coordinates": [[95.033107, 27.574294], [95.033315, 27.574329], [95.03393, 27.574704], [95.034184, 27.57491], [95.034281, 27.575089], [95.034243, 27.575245], [95.033847, 27.575706], [95.033746, 27.575727], [95.033439, 27.575551], [95.033193, 27.575376], [95.032982, 27.575108], [95.032453, 27.574845], [95.032191, 27.574578], [95.032226, 27.574487], [95.032404, 27.574359], [95.032807, 27.574262], [95.033107, 27.574294]]}}, {"type": "Feature", "properties": {}, "geometry": {"type": "LineString", "coordinates": [[95.166763, 27.560812], [95.167028, 27.560988], [95.167655, 27.561617], [95.168044, 27.561785], [95.168674, 27.561936], [95.169282, 27.561988], [95.170598, 27.561959], [95.171102, 27.561822], [95.172114, 27.561779], [95.17282, 27.561669], [95.173361, 27.561792], [95.173988, 27.562233], [95.174407, 27.562407], [95.174658, 27.562431], [95.174718, 27.562402], [95.174611, 27.562314], [95.17438, 27.562227], [95.174116, 27.562051], [95.173767, 27.561515], [95.173828, 27.561415], [95.174113, 27.561419], [95.174438, 27.561547], [95.175156, 27.562018], [95.175523, 27.562119], [95.176167, 27.56256], [95.176793, 27.562892], [95.177098, 27.562959], [95.177901, 27.563255], [95.178219, 27.563289], [95.178522, 27.563278], [95.178926, 27.563189], [95.179534, 27.56324], [95.179992, 27.563222], [95.180038, 27.563119], [95.179834, 27.563058], [95.179745, 27.562955], [95.179508, 27.562868], [95.179405, 27.56278], [95.179386, 27.5626], [95.179499, 27.562417], [95.180158, 27.561956], [95.180592, 27.561588], [95.180711, 27.561301], [95.18096, 27.561131], [95.18131, 27.561126], [95.181722, 27.561233], [95.182127, 27.561198], [95.182635, 27.56132], [95.182938, 27.56126], [95.183343, 27.561269], [95.183443, 27.56123], [95.183554, 27.56109], [95.183878, 27.560995], [95.184044, 27.560876], [95.184479, 27.560715], [95.18485, 27.560671], [95.185667, 27.560877], [95.186788, 27.561395], [95.18761, 27.561997], [95.187957, 27.562104], [95.18852, 27.562366], [95.188869, 27.562451], [95.189039, 27.562553], [95.189107, 27.562717], [95.188839, 27.563353], [95.188538, 27.563629], [95.188474, 27.563991], [95.188152, 27.564357], [95.187962, 27.564423], [95.187355, 27.564452], [95.187155, 27.564568], [95.18652, 27.565195], [95.18593, 27.566106], [95.185495, 27.566564], [95.184973, 27.566859], [95.184674, 27.567124], [95.184372, 27.56722], [95.183871, 27.567489], [95.18367, 27.567541], [95.18286, 27.567576], [95.182457, 27.567659], [95.181951, 27.567689], [95.181139, 27.567561], [95.180087, 27.567281], [95.178569, 27.567125], [95.177572, 27.567321], [95.1767, 27.567695], [95.176408, 27.56788], [95.176043, 27.568157], [95.1769, 27.568284], [95.178106, 27.567834], [95.179116, 27.567719], [95.179623, 27.567746], [95.179924, 27.567584], [95.180201, 27.56764], [95.180333, 27.567803], [95.180585, 27.567995], [95.181252, 27.568178], [95.181379, 27.568344], [95.181061, 27.568755], [95.180361, 27.569352], [95.179865, 27.569737], [95.179364, 27.570007], [95.178966, 27.570345], [95.178372, 27.571042], [95.178078, 27.571563], [95.177384, 27.572272], [95.176947, 27.572384], [95.176155, 27.572938], [95.175883, 27.573199], [95.175774, 27.573215], [95.175475, 27.573076], [95.174974, 27.573317], [95.174926, 27.573138], [95.174767, 27.573124], [95.174568, 27.573273], [95.174229, 27.573419], [95.173762, 27.573468], [95.173558, 27.573433], [95.173353, 27.5733], [95.173049, 27.573279], [95.172845, 27.573206], [95.172134, 27.573107], [95.171334, 27.572923], [95.170866, 27.57275], [95.169871, 27.572134], [95.169986, 27.572036], [95.170087, 27.572021], [95.170797, 27.572065], [95.170991, 27.571846], [95.171096, 27.571791], [95.171197, 27.571807], [95.171314, 27.571931], [95.172035, 27.572371], [95.172527, 27.572506], [95.173035, 27.572549], [95.173655, 27.572436], [95.173514, 27.572257], [95.173332, 27.57225], [95.173131, 27.572325], [95.172826, 27.572219], [95.172422, 27.572274], [95.172218, 27.572247], [95.172118, 27.572189], [95.172126, 27.572099], [95.172272, 27.571916], [95.172189, 27.571827], [95.171499, 27.571691], [95.170886, 27.571437], [95.170643, 27.5714], [95.170176, 27.571374], [95.169981, 27.571762], [95.169781, 27.571908], [95.169276, 27.571942], [95.169072, 27.571896], [95.168766, 27.571749], [95.168359, 27.571662], [95.168051, 27.57135], [95.167989, 27.571261], [95.168016, 27.57108], [95.168269, 27.570895], [95.168294, 27.570805], [95.167935, 27.570725], [95.167783, 27.570813], [95.167791, 27.570903], [95.167737, 27.570945], [95.167635, 27.570919], [95.167532, 27.570795], [95.167226, 27.57071], [95.166817, 27.570481], [95.16661, 27.570274], [95.166492, 27.56993], [95.16636, 27.569752], [95.166247, 27.569483], [95.166492, 27.569443], [95.166697, 27.569527], [95.166735, 27.569475], [95.166388, 27.569279], [95.165895, 27.568857], [95.165742, 27.568679], [95.165756, 27.568588], [95.166268, 27.568321], [95.166544, 27.568125], [95.167064, 27.567601], [95.167606, 27.566394], [95.167653, 27.565852], [95.167429, 27.564772], [95.167027, 27.564327], [95.166994, 27.564074], [95.166909, 27.564149], [95.166987, 27.564328], [95.167066, 27.564778], [95.167047, 27.56559], [95.167126, 27.56562], [95.16723, 27.565749], [95.167311, 27.566037], [95.16732, 27.566308], [95.167244, 27.566471], [95.167123, 27.566311], [95.16703, 27.565874], [95.166916, 27.565683], [95.166514, 27.565362], [95.166279, 27.565061], [95.165881, 27.564165], [95.165672, 27.563085], [95.165704, 27.562814], [95.165914, 27.562179], [95.165997, 27.561365], [95.166345, 27.560818], [95.166524, 27.560758], [95.166763, 27.560812]]}}, {"type": "Feature", "properties": {}, "geometry": {"type": "LineString", "coordinates": [[95.181916, 27.571855], [95.181894, 27.572036], [95.181738, 27.572255], [95.18124, 27.572682], [95.180332, 27.572884], [95.180294, 27.572873], [95.180387, 27.572781], [95.179916, 27.572518], [95.179929, 27.572337], [95.180046, 27.572245], [95.180057, 27.572155], [95.179966, 27.572066], [95.18001, 27.571966], [95.180302, 27.57197], [95.180621, 27.572093], [95.180925, 27.572127], [95.181328, 27.572025], [95.181729, 27.571797], [95.18183, 27.571787], [95.181916, 27.571855]]}}, {"type": "Feature", "properties": {}, "geometry": {"type": "LineString", "coordinates": [[94.965125, 27.572204], [94.965427, 27.572466], [94.966567, 27.573887], [94.966978, 27.574261], [94.96749, 27.574529], [94.968101, 27.574723], [94.968841, 27.57504], [94.968874, 27.57513], [94.96884, 27.57522], [94.968691, 27.575403], [94.968527, 27.575886], [94.968457, 27.575948], [94.967716, 27.575869], [94.967211, 27.575919], [94.966804, 27.575837], [94.966599, 27.575701], [94.966335, 27.575436], [94.966141, 27.574988], [94.965975, 27.5748], [94.965663, 27.574724], [94.965159, 27.57444], [94.964751, 27.574303], [94.964244, 27.574237], [94.963739, 27.574329], [94.963535, 27.574274], [94.963464, 27.574213], [94.963418, 27.574124], [94.963391, 27.573673], [94.963158, 27.573405], [94.962644, 27.572962], [94.962608, 27.572872], [94.962699, 27.572804], [94.963405, 27.572659], [94.963912, 27.572695], [94.964363, 27.572666], [94.964483, 27.572484], [94.964602, 27.572392], [94.964917, 27.57223], [94.965125, 27.572204]]}}, {"type": "Feature", "properties": {}, "geometry": {"type": "LineString", "coordinates": [[95.02923, 27.569477], [95.029412, 27.569565], [95.029524, 27.569744], [95.02991, 27.570893], [95.030329, 27.571655], [95.030845, 27.572179], [95.030947, 27.572211], [95.031148, 27.572162], [95.03125, 27.572179], [95.03142, 27.572333], [95.031388, 27.572514], [95.03123, 27.572787], [95.031327, 27.573327], [95.031278, 27.573509], [95.031076, 27.573727], [95.030875, 27.573835], [95.029692, 27.574073], [95.029222, 27.574261], [95.028259, 27.574764], [95.028058, 27.574819], [95.027957, 27.574836], [95.027448, 27.574716], [95.026637, 27.574654], [95.026505, 27.574571], [95.026504, 27.574481], [95.026646, 27.574208], [95.02668, 27.573937], [95.026624, 27.573577], [95.026436, 27.572948], [95.026411, 27.572677], [95.026473, 27.572315], [95.02686, 27.571407], [95.027443, 27.570677], [95.028027, 27.570127], [95.028203, 27.569763], [95.02837, 27.56958], [95.028466, 27.569508], [95.028768, 27.569409], [95.028971, 27.569404], [95.02923, 27.569477]]}}, {"type": "Feature", "properties": {}, "geometry": {"type": "LineString", "coordinates": [[95.129995, 27.57212], [95.130343, 27.572385], [95.13081, 27.573009], [95.130817, 27.573107], [95.130615, 27.57318], [95.130311, 27.573157], [95.130178, 27.573109], [95.130004, 27.572958], [95.129699, 27.572915], [95.129556, 27.572848], [95.12955, 27.572758], [95.129695, 27.572728], [95.129901, 27.572917], [95.130002, 27.5729], [95.130046, 27.572841], [95.13004, 27.572751], [95.129855, 27.572573], [95.129679, 27.572485], [95.12958, 27.572306], [95.129624, 27.572125], [95.129683, 27.572096], [95.129995, 27.57212]]}}, {"type": "Feature", "properties": {}, "geometry": {"type": "LineString", "coordinates": [[95.223693, 27.567131], [95.224171, 27.567357], [95.225086, 27.567566], [95.225796, 27.567629], [95.226101, 27.567697], [95.226909, 27.567569], [95.228022, 27.567548], [95.228728, 27.567398], [95.229235, 27.567426], [95.230001, 27.567391], [95.230127, 27.567479], [95.229646, 27.56773], [95.229225, 27.568035], [95.228644, 27.568233], [95.228339, 27.568183], [95.228137, 27.568215], [95.227629, 27.568422], [95.227243, 27.568518], [95.226849, 27.568705], [95.226413, 27.568983], [95.225729, 27.569293], [95.225493, 27.569449], [95.225116, 27.569816], [95.224531, 27.570547], [95.224245, 27.571029], [95.224051, 27.571186], [95.22385, 27.571531], [95.223749, 27.571576], [95.223345, 27.571619], [95.222999, 27.571564], [95.222731, 27.571298], [95.222678, 27.571028], [95.222724, 27.57093], [95.222825, 27.570911], [95.223028, 27.570979], [95.223535, 27.570991], [95.223821, 27.570829], [95.223732, 27.570717], [95.223024, 27.570761], [95.222619, 27.570741], [95.22234, 27.570853], [95.222105, 27.571037], [95.221916, 27.571053], [95.221811, 27.570869], [95.221708, 27.570798], [95.221103, 27.570903], [95.2209, 27.570878], [95.220711, 27.570788], [95.2202, 27.570706], [95.218658, 27.570162], [95.217859, 27.569751], [95.218044, 27.569568], [95.218238, 27.569474], [95.218299, 27.569383], [95.218188, 27.569295], [95.21823, 27.569052], [95.21845, 27.56902], [95.218841, 27.569189], [95.218942, 27.569196], [95.219243, 27.569056], [95.219598, 27.568731], [95.219712, 27.568548], [95.219787, 27.568006], [95.220271, 27.567186], [95.220509, 27.567182], [95.220609, 27.567451], [95.220934, 27.567526], [95.221139, 27.567623], [95.221341, 27.56765], [95.221791, 27.567613], [95.222148, 27.567511], [95.222754, 27.56742], [95.223256, 27.567138], [95.223693, 27.567131]]}}, {"type": "Feature", "properties": {}, "geometry": {"type": "LineString", "coordinates": [[94.896059, 27.574518], [94.896129, 27.57533], [94.896414, 27.575748], [94.896495, 27.575957], [94.896524, 27.576227], [94.896424, 27.576355], [94.896119, 27.576314], [94.895687, 27.576058], [94.895472, 27.57579], [94.895298, 27.575655], [94.895065, 27.575164], [94.895085, 27.575057], [94.895388, 27.575026], [94.895442, 27.574978], [94.895585, 27.574708], [94.895756, 27.574523], [94.895885, 27.574469], [94.895986, 27.574469], [94.896059, 27.574518]]}}, {"type": "Feature", "properties": {}, "geometry": {"type": "LineString", "coordinates": [[95.03351, 27.572664], [95.034303, 27.572969], [95.03572, 27.572931], [95.036183, 27.572986], [95.036376, 27.573073], [95.036394, 27.573163], [95.036031, 27.57371], [95.035321, 27.574352], [95.03514, 27.574432], [95.035038, 27.574429], [95.034466, 27.574094], [95.033908, 27.573518], [95.0336, 27.573287], [95.03314, 27.57312], [95.033029, 27.573032], [95.033019, 27.572851], [95.033136, 27.572669], [95.033284, 27.572627], [95.03351, 27.572664]]}}, {"type": "Feature", "properties": {}, "geometry": {"type": "LineString", "coordinates": [[95.189307, 27.567948], [95.189857, 27.568072], [95.190036, 27.568208], [95.190028, 27.568298], [95.189828, 27.568662], [95.189678, 27.569237], [95.189437, 27.56948], [95.189358, 27.569843], [95.189311, 27.569934], [95.189187, 27.570018], [95.189079, 27.570027], [95.189006, 27.569938], [95.18903, 27.569487], [95.188973, 27.569421], [95.188866, 27.569489], [95.1888, 27.569671], [95.188815, 27.569761], [95.18897, 27.570029], [95.18895, 27.57021], [95.188868, 27.570301], [95.188486, 27.570419], [95.18808, 27.570385], [95.18783, 27.570679], [95.187404, 27.570866], [95.185616, 27.571255], [95.185578, 27.571346], [95.185622, 27.571616], [95.185379, 27.572018], [95.185279, 27.572073], [95.185174, 27.571925], [95.185072, 27.571884], [95.184568, 27.571998], [95.184467, 27.571991], [95.184373, 27.571906], [95.184427, 27.571364], [95.184646, 27.570832], [95.184844, 27.570571], [95.185177, 27.570269], [95.186439, 27.569322], [95.188439, 27.568055], [95.188841, 27.567907], [95.189307, 27.567948]]}}, {"type": "Feature", "properties": {}, "geometry": {"type": "LineString", "coordinates": [[95.238393, 27.570324], [95.238418, 27.570414], [95.238374, 27.570505], [95.238212, 27.570691], [95.237613, 27.571125], [95.237412, 27.571206], [95.237311, 27.571201], [95.237308, 27.571051], [95.237806, 27.570622], [95.237923, 27.570422], [95.238103, 27.570317], [95.238393, 27.570324]]}}, {"type": "Feature", "properties": {}, "geometry": {"type": "LineString", "coordinates": [[95.279071, 27.569031], [95.279753, 27.56929], [95.280321, 27.569642], [95.280532, 27.569819], [95.280565, 27.569908], [95.280505, 27.57], [95.279826, 27.570481], [95.279624, 27.570501], [95.279269, 27.570291], [95.278756, 27.569758], [95.278391, 27.569042], [95.278479, 27.568971], [95.278681, 27.568948], [95.278884, 27.568961], [95.279071, 27.569031]]}}, {"type": "Feature", "properties": {}, "geometry": {"type": "LineString", "coordinates": [[94.986709, 27.573225], [94.986606, 27.573174], [94.986538, 27.573253], [94.986978, 27.573608], [94.98723, 27.57406], [94.987437, 27.574326], [94.987909, 27.574678], [94.988154, 27.574767], [94.988325, 27.574762], [94.988046, 27.574391], [94.987634, 27.57423], [94.987137, 27.573606], [94.986709, 27.573225]]}}, {"type": "Feature", "properties": {}, "geometry": {"type": "LineString", "coordinates": [[95.157112, 27.554645], [95.157496, 27.55475], [95.157577, 27.554818], [95.157589, 27.554909], [95.157524, 27.55527], [95.15737, 27.555634], [95.156616, 27.556638], [95.156427, 27.557005], [95.156233, 27.557547], [95.156204, 27.558088], [95.156276, 27.5589], [95.156144, 27.560075], [95.156155, 27.561248], [95.156047, 27.561881], [95.15592, 27.562154], [95.155666, 27.562519], [95.155226, 27.562932], [95.154427, 27.563506], [95.153627, 27.564013], [95.152821, 27.564218], [95.152518, 27.564273], [95.152213, 27.564208], [95.151808, 27.564188], [95.151544, 27.564117], [95.151399, 27.564024], [95.151097, 27.564087], [95.150762, 27.564219], [95.150291, 27.564288], [95.14999, 27.564418], [95.149788, 27.564455], [95.146954, 27.564552], [95.14631, 27.564829], [95.144136, 27.565412], [95.142015, 27.565727], [95.141246, 27.5659], [95.139902, 27.566397], [95.139096, 27.566641], [95.138886, 27.566749], [95.138492, 27.566816], [95.13799, 27.567001], [95.136164, 27.567964], [95.135733, 27.568241], [95.135686, 27.568332], [95.135687, 27.568513], [95.135283, 27.569241], [95.135236, 27.569422], [95.135306, 27.569692], [95.13529, 27.569872], [95.135119, 27.570391], [95.134824, 27.570864], [95.134571, 27.571508], [95.134192, 27.572236], [95.134061, 27.572418], [95.133844, 27.572574], [95.133743, 27.572581], [95.133437, 27.572478], [95.13313, 27.572293], [95.132418, 27.572123], [95.132213, 27.571982], [95.131902, 27.571624], [95.1317, 27.571659], [95.131395, 27.571606], [95.131293, 27.571542], [95.130988, 27.571486], [95.129871, 27.571039], [95.128329, 27.570127], [95.128122, 27.569931], [95.127936, 27.569624], [95.127888, 27.569354], [95.127919, 27.569173], [95.128005, 27.569082], [95.128105, 27.569061], [95.12892, 27.569274], [95.129217, 27.569244], [95.129222, 27.5692], [95.129226, 27.569244], [95.12973, 27.569296], [95.130138, 27.569423], [95.131151, 27.569438], [95.131557, 27.569513], [95.13166, 27.569477], [95.131492, 27.569389], [95.131553, 27.569291], [95.131955, 27.569154], [95.13269, 27.56901], [95.132861, 27.568861], [95.132959, 27.568707], [95.13306, 27.568659], [95.133668, 27.568677], [95.134076, 27.568843], [95.134307, 27.568805], [95.13437, 27.568713], [95.134022, 27.568628], [95.133843, 27.56836], [95.133458, 27.568308], [95.132852, 27.568375], [95.131845, 27.568703], [95.131642, 27.568649], [95.131541, 27.56867], [95.130539, 27.569244], [95.130436, 27.56916], [95.130317, 27.568956], [95.130328, 27.568866], [95.130515, 27.568682], [95.130517, 27.568502], [95.13044, 27.568413], [95.130218, 27.568342], [95.129811, 27.568234], [95.129101, 27.568179], [95.128491, 27.568067], [95.128269, 27.567995], [95.128184, 27.567894], [95.128082, 27.567854], [95.127777, 27.567798], [95.125645, 27.567499], [95.124411, 27.567242], [95.1227, 27.567077], [95.121789, 27.567065], [95.120979, 27.567114], [95.11997, 27.567262], [95.1193, 27.5675], [95.119162, 27.567683], [95.11912, 27.567954], [95.118876, 27.568311], [95.118575, 27.568487], [95.118322, 27.568869], [95.118081, 27.569088], [95.117062, 27.5697], [95.11668, 27.56999], [95.115017, 27.570905], [95.114841, 27.571268], [95.114325, 27.571727], [95.113965, 27.572184], [95.113689, 27.572409], [95.113487, 27.572475], [95.113285, 27.57251], [95.113184, 27.572482], [95.113052, 27.572378], [95.113024, 27.572289], [95.113176, 27.572076], [95.113786, 27.571645], [95.113865, 27.571554], [95.113773, 27.571523], [95.112937, 27.571929], [95.112471, 27.572295], [95.11217, 27.572435], [95.112068, 27.572408], [95.111863, 27.572254], [95.111148, 27.571949], [95.110946, 27.571976], [95.110443, 27.572146], [95.109935, 27.572069], [95.108721, 27.572119], [95.108213, 27.572059], [95.107707, 27.572077], [95.105882, 27.571962], [95.104968, 27.571813], [95.104702, 27.571693], [95.104147, 27.571611], [95.103847, 27.571447], [95.103744, 27.571329], [95.103438, 27.571253], [95.103233, 27.571115], [95.102614, 27.570485], [95.102321, 27.570105], [95.101993, 27.569818], [95.101833, 27.56948], [95.10183, 27.56939], [95.101964, 27.569208], [95.102689, 27.569141], [95.103091, 27.568996], [95.103292, 27.568886], [95.103589, 27.568557], [95.10379, 27.568431], [95.104299, 27.568567], [95.10434, 27.56854], [95.104341, 27.56845], [95.104152, 27.568092], [95.103984, 27.568028], [95.103376, 27.567988], [95.103069, 27.56781], [95.102968, 27.567811], [95.102565, 27.567926], [95.102063, 27.56818], [95.101562, 27.568311], [95.101865, 27.568418], [95.101961, 27.568486], [95.101985, 27.568576], [95.101843, 27.569119], [95.101711, 27.569212], [95.101577, 27.569225], [95.100795, 27.568774], [95.10053, 27.568417], [95.100544, 27.568237], [95.100645, 27.568151], [95.100848, 27.568178], [95.101154, 27.568314], [95.101458, 27.568294], [95.10151, 27.568222], [95.10115, 27.568083], [95.101021, 27.567959], [95.100637, 27.567743], [95.099792, 27.567526], [95.098238, 27.566467], [95.097769, 27.566113], [95.097516, 27.565846], [95.097073, 27.565582], [95.096538, 27.565168], [95.096027, 27.564958], [95.095573, 27.564702], [95.095519, 27.564612], [95.096318, 27.564244], [95.096416, 27.56407], [95.09648, 27.563786], [95.09661, 27.563645], [95.096812, 27.563644], [95.097118, 27.563729], [95.097524, 27.563772], [95.097728, 27.563867], [95.097721, 27.564218], [95.097842, 27.564487], [95.098435, 27.56502], [95.099381, 27.565612], [95.099789, 27.565736], [95.100301, 27.566028], [95.100819, 27.566427], [95.101631, 27.566866], [95.101943, 27.56716], [95.102147, 27.567252], [95.10235, 27.567283], [95.102552, 27.567253], [95.102955, 27.567145], [95.103155, 27.56701], [95.103659, 27.566919], [95.103961, 27.566795], [95.104265, 27.566805], [95.104505, 27.566913], [95.104881, 27.567178], [95.105624, 27.567528], [95.106278, 27.567969], [95.107186, 27.568316], [95.107739, 27.568412], [95.108142, 27.568346], [95.108851, 27.568317], [95.109177, 27.568106], [95.10935, 27.567935], [95.109734, 27.567736], [95.109831, 27.567645], [95.109545, 27.567575], [95.10894, 27.567677], [95.108638, 27.567788], [95.108334, 27.567794], [95.108099, 27.567761], [95.107622, 27.567608], [95.107046, 27.567055], [95.10677, 27.566879], [95.106653, 27.5667], [95.106656, 27.56661], [95.106869, 27.566336], [95.106829, 27.566246], [95.106581, 27.566104], [95.105674, 27.566342], [95.104048, 27.566066], [95.103643, 27.56606], [95.102127, 27.566204], [95.101924, 27.566178], [95.101569, 27.566055], [95.101136, 27.565791], [95.100991, 27.565613], [95.100974, 27.565523], [95.10083, 27.565435], [95.100461, 27.56526], [95.099925, 27.565087], [95.099407, 27.565005], [95.099061, 27.564745], [95.098857, 27.564645], [95.098786, 27.564563], [95.098877, 27.564291], [95.098839, 27.564201], [95.098647, 27.563934], [95.098439, 27.563485], [95.098117, 27.563019], [95.097912, 27.562876], [95.097506, 27.56282], [95.097339, 27.56269], [95.097313, 27.5626], [95.097398, 27.562493], [95.098102, 27.562238], [95.098407, 27.562274], [95.098611, 27.562368], [95.099312, 27.561987], [95.099615, 27.561901], [95.101432, 27.561601], [95.103355, 27.561588], [95.103966, 27.561755], [95.10464, 27.562128], [95.105241, 27.56257], [95.105957, 27.563281], [95.10746, 27.564443], [95.108442, 27.564958], [95.108994, 27.565195], [95.109303, 27.565505], [95.109571, 27.565934], [95.109618, 27.5661], [95.109721, 27.566168], [95.109921, 27.566038], [95.110325, 27.565962], [95.110522, 27.565704], [95.110722, 27.565579], [95.110924, 27.565534], [95.111329, 27.565543], [95.111379, 27.565636], [95.111335, 27.56583], [95.11104, 27.566286], [95.110983, 27.566454], [95.111021, 27.566634], [95.111142, 27.566812], [95.111052, 27.566951], [95.110825, 27.567088], [95.110774, 27.567179], [95.111462, 27.567197], [95.112479, 27.567398], [95.113188, 27.567425], [95.113595, 27.567521], [95.114, 27.567497], [95.114209, 27.567397], [95.113995, 27.567276], [95.113531, 27.567137], [95.113178, 27.566927], [95.111886, 27.566711], [95.111681, 27.566624], [95.11162, 27.566534], [95.111587, 27.566264], [95.111635, 27.566173], [95.112549, 27.565789], [95.114257, 27.565321], [95.114329, 27.56523], [95.114056, 27.565149], [95.114012, 27.565054], [95.114161, 27.56451], [95.114587, 27.564053], [95.114745, 27.56396], [95.115144, 27.563828], [95.115706, 27.563765], [95.115742, 27.563674], [95.115543, 27.563505], [95.115508, 27.563407], [95.115538, 27.563226], [95.116035, 27.56273], [95.116676, 27.562216], [95.117038, 27.561759], [95.117526, 27.561277], [95.117921, 27.560796], [95.11859, 27.55975], [95.119203, 27.558981], [95.119799, 27.558388], [95.119999, 27.558239], [95.12077, 27.557912], [95.121011, 27.557908], [95.121412, 27.557995], [95.121663, 27.557989], [95.122016, 27.557834], [95.122621, 27.557675], [95.122924, 27.557667], [95.123309, 27.557512], [95.123119, 27.557261], [95.122916, 27.557227], [95.122313, 27.557458], [95.12201, 27.557541], [95.121899, 27.557534], [95.122329, 27.556986], [95.12304, 27.556253], [95.123594, 27.555884], [95.124101, 27.555686], [95.124401, 27.555465], [95.124704, 27.555431], [95.124907, 27.555466], [95.125316, 27.555669], [95.126033, 27.556119], [95.126542, 27.556254], [95.126948, 27.556294], [95.127018, 27.556282], [95.127059, 27.556192], [95.126965, 27.556013], [95.126269, 27.555752], [95.126122, 27.555452], [95.12612, 27.555361], [95.12622, 27.5553], [95.126624, 27.555276], [95.127538, 27.555373], [95.127841, 27.555458], [95.127971, 27.555546], [95.12805, 27.555686], [95.128354, 27.555697], [95.129168, 27.555906], [95.129951, 27.556328], [95.130343, 27.556592], [95.130703, 27.55676], [95.131719, 27.556937], [95.132022, 27.556895], [95.133036, 27.556972], [95.134255, 27.557141], [95.135071, 27.557472], [95.135583, 27.557776], [95.136995, 27.558295], [95.137316, 27.558347], [95.13808, 27.558639], [95.138742, 27.55881], [95.139351, 27.558882], [95.140164, 27.559052], [95.14047, 27.559172], [95.141586, 27.559284], [95.142598, 27.559243], [95.143963, 27.55909], [95.145743, 27.558702], [95.148612, 27.557935], [95.14925, 27.55764], [95.150055, 27.557374], [95.150482, 27.557185], [95.15166, 27.556634], [95.152562, 27.556145], [95.154154, 27.555684], [95.155071, 27.555218], [95.155979, 27.554819], [95.156583, 27.554636], [95.157112, 27.554645]]}}, {"type": "Feature", "properties": {}, "geometry": {"type": "LineString", "coordinates": [[95.175987, 27.56821], [95.175686, 27.568331], [95.175281, 27.56862], [95.175089, 27.568867], [95.174925, 27.569257], [95.174843, 27.56989], [95.174846, 27.570702], [95.174675, 27.571066], [95.174713, 27.571336], [95.174667, 27.571698], [95.174741, 27.57178], [95.175045, 27.571778], [95.175147, 27.571825], [95.175483, 27.571504], [95.175343, 27.571502], [95.175262, 27.571057], [95.175301, 27.570605], [95.175464, 27.570151], [95.175417, 27.569791], [95.175414, 27.568979], [95.175482, 27.568797], [95.175794, 27.568522], [95.176011, 27.568248], [95.175987, 27.56821]]}}, {"type": "Feature", "properties": {}, "geometry": {"type": "LineString", "coordinates": [[95.181887, 27.570863], [95.18191, 27.570952], [95.181606, 27.571318], [95.181317, 27.571485], [95.180914, 27.571589], [95.18061, 27.57157], [95.180308, 27.571627], [95.180147, 27.571522], [95.180128, 27.571432], [95.180229, 27.571069], [95.180496, 27.570933], [95.181203, 27.570832], [95.181709, 27.570815], [95.181887, 27.570863]]}}, {"type": "Feature", "properties": {}, "geometry": {"type": "LineString", "coordinates": [[94.897666, 27.574406], [94.897887, 27.574493], [94.899018, 27.5752], [94.899157, 27.575469], [94.899099, 27.57565], [94.898844, 27.575718], [94.898589, 27.575657], [94.897614, 27.574903], [94.897207, 27.574786], [94.896915, 27.574597], [94.896838, 27.574418], [94.896896, 27.574367], [94.897098, 27.574336], [94.897666, 27.574406]]}}, {"type": "Feature", "properties": {}, "geometry": {"type": "LineString", "coordinates": [[95.269563, 27.567833], [95.269954, 27.568052], [95.270884, 27.568804], [95.271524, 27.569245], [95.271545, 27.569334], [95.271401, 27.56949], [95.269589, 27.569974], [95.269309, 27.570093], [95.269038, 27.570097], [95.269014, 27.569827], [95.269095, 27.569555], [95.268768, 27.569475], [95.26873, 27.56938], [95.268967, 27.569306], [95.269107, 27.569104], [95.268887, 27.568656], [95.268843, 27.568296], [95.268707, 27.568118], [95.268754, 27.568027], [95.268839, 27.567988], [95.269563, 27.567833]]}}, {"type": "Feature", "properties": {}, "geometry": {"type": "LineString", "coordinates": [[94.962523, 27.573324], [94.96261, 27.573494], [94.962652, 27.573864], [94.96283, 27.574403], [94.962822, 27.574493], [94.962631, 27.574667], [94.962529, 27.574642], [94.962494, 27.574498], [94.962319, 27.574234], [94.962144, 27.57351], [94.962147, 27.57342], [94.962285, 27.573328], [94.962523, 27.573324]]}}, {"type": "Feature", "properties": {}, "geometry": {"type": "LineString", "coordinates": [[94.948838, 27.571351], [94.949701, 27.571971], [94.949762, 27.57215], [94.949726, 27.572241], [94.94952, 27.572424], [94.948513, 27.57289], [94.947391, 27.573628], [94.947022, 27.573985], [94.946721, 27.574157], [94.946217, 27.574284], [94.945913, 27.574284], [94.945609, 27.57423], [94.944495, 27.574278], [94.943886, 27.574156], [94.943294, 27.573956], [94.943117, 27.573778], [94.943177, 27.573687], [94.943591, 27.573591], [94.944028, 27.573404], [94.944217, 27.573131], [94.944471, 27.572908], [94.945272, 27.572377], [94.945674, 27.57218], [94.946088, 27.572021], [94.947387, 27.571692], [94.947713, 27.571457], [94.947888, 27.571391], [94.948493, 27.571283], [94.948696, 27.571294], [94.948838, 27.571351]]}}, {"type": "Feature", "properties": {}, "geometry": {"type": "LineString", "coordinates": [[95.260102, 27.566273], [95.261396, 27.566342], [95.262737, 27.566714], [95.263651, 27.566821], [95.26416, 27.566943], [95.26468, 27.56701], [95.264881, 27.567097], [95.264917, 27.567277], [95.264519, 27.568186], [95.264325, 27.56855], [95.264195, 27.568644], [95.263888, 27.568519], [95.263787, 27.568536], [95.263387, 27.568751], [95.263049, 27.568842], [95.262885, 27.568983], [95.261979, 27.569246], [95.261276, 27.569509], [95.260973, 27.569563], [95.260568, 27.569581], [95.259959, 27.569506], [95.259554, 27.569505], [95.258538, 27.569349], [95.258134, 27.569401], [95.257898, 27.569377], [95.257772, 27.569198], [95.257883, 27.568926], [95.257903, 27.568745], [95.258119, 27.568664], [95.258282, 27.568378], [95.258142, 27.567929], [95.258166, 27.567838], [95.258303, 27.56774], [95.258505, 27.567716], [95.25942, 27.567896], [95.259436, 27.567817], [95.259317, 27.567794], [95.25911, 27.567615], [95.259001, 27.567283], [95.258654, 27.567018], [95.258654, 27.566747], [95.258707, 27.566656], [95.258885, 27.566496], [95.25913, 27.566379], [95.259589, 27.566283], [95.260102, 27.566273]]}}, {"type": "Feature", "properties": {}, "geometry": {"type": "LineString", "coordinates": [[95.039817, 27.569943], [95.037993, 27.569897], [95.037541, 27.569987], [95.037507, 27.570078], [95.037714, 27.570256], [95.038002, 27.570393], [95.038206, 27.57044], [95.038609, 27.570337], [95.039418, 27.570284], [95.040128, 27.570328], [95.040271, 27.570399], [95.040539, 27.570656], [95.040642, 27.570844], [95.040679, 27.571024], [95.040538, 27.571297], [95.040655, 27.571476], [95.040634, 27.571657], [95.040678, 27.571746], [95.041369, 27.571737], [95.042284, 27.571928], [95.04279, 27.571898], [95.043402, 27.572156], [95.043771, 27.572242], [95.044129, 27.572508], [95.044163, 27.572146], [95.044065, 27.571967], [95.043384, 27.571707], [95.042886, 27.571634], [95.042542, 27.571448], [95.042278, 27.571272], [95.042216, 27.571182], [95.042164, 27.571003], [95.042243, 27.570911], [95.042198, 27.570822], [95.04185, 27.570646], [95.04104, 27.570405], [95.040528, 27.570098], [95.039817, 27.569943]]}}, {"type": "Feature", "properties": {}, "geometry": {"type": "LineString", "coordinates": [[94.958234, 27.57158], [94.958361, 27.571668], [94.958644, 27.572025], [94.958663, 27.572205], [94.958593, 27.572297], [94.957835, 27.572624], [94.957635, 27.572793], [94.957338, 27.573198], [94.957139, 27.573381], [94.957038, 27.57341], [94.956595, 27.573318], [94.956605, 27.573137], [94.956755, 27.572954], [94.956805, 27.572773], [94.957151, 27.572227], [94.957417, 27.571903], [94.957817, 27.571656], [94.958234, 27.57158]]}}, {"type": "Feature", "properties": {}, "geometry": {"type": "LineString", "coordinates": [[94.900206, 27.571393], [94.900598, 27.571712], [94.901012, 27.572252], [94.901365, 27.573092], [94.901793, 27.573718], [94.90184, 27.573898], [94.901763, 27.573989], [94.901045, 27.57413], [94.90064, 27.574148], [94.899929, 27.57403], [94.899251, 27.573753], [94.899227, 27.573663], [94.899415, 27.573603], [94.899575, 27.573207], [94.899575, 27.573117], [94.899311, 27.572759], [94.899304, 27.572669], [94.899419, 27.572487], [94.899379, 27.572307], [94.899223, 27.572129], [94.899265, 27.571857], [94.899853, 27.571579], [94.899883, 27.571357], [94.899983, 27.571319], [94.900206, 27.571393]]}}, {"type": "Feature", "properties": {}, "geometry": {"type": "LineString", "coordinates": [[95.271265, 27.567264], [95.271765, 27.567488], [95.272179, 27.567903], [95.27246, 27.568327], [95.27247, 27.568507], [95.272395, 27.568588], [95.272193, 27.568578], [95.271703, 27.568429], [95.271478, 27.568314], [95.271224, 27.567986], [95.270946, 27.56772], [95.27085, 27.567541], [95.270868, 27.567451], [95.271051, 27.567248], [95.271265, 27.567264]]}}, {"type": "Feature", "properties": {}, "geometry": {"type": "LineString", "coordinates": [[94.894697, 27.569664], [94.895096, 27.569809], [94.895794, 27.57019], [94.89717, 27.571254], [94.897397, 27.571612], [94.89746, 27.571792], [94.897485, 27.572152], [94.897439, 27.573056], [94.897494, 27.573326], [94.897743, 27.573864], [94.897699, 27.573956], [94.896686, 27.573935], [94.896179, 27.573863], [94.895975, 27.573793], [94.895668, 27.573599], [94.895458, 27.573353], [94.895391, 27.573174], [94.895412, 27.572903], [94.895725, 27.572538], [94.895845, 27.572127], [94.895945, 27.572053], [94.896013, 27.572173], [94.895987, 27.572534], [94.89602, 27.572624], [94.89616, 27.572755], [94.896183, 27.572712], [94.896071, 27.572262], [94.896079, 27.571901], [94.895919, 27.571362], [94.895742, 27.571093], [94.895552, 27.570915], [94.894969, 27.570562], [94.894136, 27.570213], [94.893582, 27.57012], [94.893507, 27.570041], [94.893564, 27.56986], [94.893979, 27.56964], [94.894282, 27.569605], [94.894697, 27.569664]]}}, {"type": "Feature", "properties": {}, "geometry": {"type": "LineString", "coordinates": [[95.138211, 27.568745], [95.138152, 27.569106], [95.137935, 27.569436], [95.137441, 27.570027], [95.137241, 27.570172], [95.136944, 27.570517], [95.136843, 27.57056], [95.136791, 27.5703], [95.136899, 27.569757], [95.136949, 27.569576], [95.137096, 27.569393], [95.137218, 27.569031], [95.137519, 27.568822], [95.138022, 27.568687], [95.138123, 27.568676], [95.138211, 27.568745]]}}, {"type": "Feature", "properties": {}, "geometry": {"type": "LineString", "coordinates": [[94.894503, 27.5712], [94.895326, 27.571406], [94.895394, 27.571459], [94.895414, 27.571549], [94.895377, 27.57173], [94.895081, 27.572185], [94.894907, 27.572549], [94.894795, 27.573272], [94.894651, 27.573382], [94.894449, 27.573389], [94.893737, 27.57324], [94.892622, 27.573168], [94.892418, 27.573106], [94.892111, 27.572881], [94.891195, 27.572659], [94.8907, 27.572335], [94.890728, 27.572064], [94.890834, 27.571882], [94.891178, 27.571677], [94.891782, 27.571448], [94.892388, 27.571316], [94.893197, 27.571283], [94.893803, 27.571167], [94.894208, 27.571151], [94.894503, 27.5712]]}}, {"type": "Feature", "properties": {}, "geometry": {"type": "LineString", "coordinates": [[95.124581, 27.568503], [95.124954, 27.568768], [95.12505, 27.568856], [95.125065, 27.568944], [95.125167, 27.568966], [95.125268, 27.568958], [95.125467, 27.568793], [95.125603, 27.568758], [95.126274, 27.568636], [95.126578, 27.568613], [95.126759, 27.56865], [95.126992, 27.569061], [95.127186, 27.569816], [95.127179, 27.569997], [95.127011, 27.570077], [95.126707, 27.57007], [95.125691, 27.569891], [95.125487, 27.569815], [95.125334, 27.569664], [95.125065, 27.568948], [95.125018, 27.569037], [95.124864, 27.569021], [95.12466, 27.56893], [95.124528, 27.568774], [95.12444, 27.568595], [95.124485, 27.568504], [95.124581, 27.568503]]}}, {"type": "Feature", "properties": {}, "geometry": {"type": "LineString", "coordinates": [[95.173161, 27.552771], [95.17427, 27.553295], [95.176168, 27.554709], [95.177155, 27.555554], [95.177675, 27.556272], [95.177953, 27.556576], [95.178464, 27.556929], [95.178907, 27.557119], [95.180231, 27.557531], [95.180808, 27.557885], [95.181463, 27.558378], [95.181773, 27.558674], [95.181875, 27.558706], [95.181996, 27.558678], [95.181892, 27.558229], [95.181759, 27.558141], [95.181658, 27.557977], [95.181403, 27.557785], [95.18145, 27.557698], [95.181956, 27.557686], [95.182487, 27.557858], [95.182848, 27.558123], [95.183082, 27.558391], [95.183176, 27.55857], [95.183479, 27.558835], [95.184113, 27.559257], [95.184338, 27.559454], [95.184734, 27.559942], [95.184737, 27.560101], [95.184324, 27.560356], [95.18394, 27.560758], [95.18374, 27.560867], [95.183234, 27.560877], [95.183131, 27.56079], [95.182222, 27.560917], [95.181989, 27.560754], [95.181608, 27.56067], [95.181506, 27.560534], [95.181202, 27.560523], [95.181, 27.560569], [95.180465, 27.560778], [95.180158, 27.560963], [95.179899, 27.561222], [95.179699, 27.561347], [95.179093, 27.561404], [95.178992, 27.561448], [95.178794, 27.561638], [95.178592, 27.56171], [95.177898, 27.562436], [95.177697, 27.562497], [95.177595, 27.562482], [95.177389, 27.562315], [95.177289, 27.562373], [95.177087, 27.562377], [95.17678, 27.562199], [95.176519, 27.561923], [95.176367, 27.561826], [95.17612, 27.561478], [95.176115, 27.561207], [95.176048, 27.561052], [95.175946, 27.560986], [95.175452, 27.560857], [95.173812, 27.560633], [95.173509, 27.560636], [95.173203, 27.56056], [95.172991, 27.560444], [95.172989, 27.560354], [95.173075, 27.560262], [95.173022, 27.560173], [95.171356, 27.559657], [95.170957, 27.559614], [95.170553, 27.559644], [95.17028, 27.559764], [95.170208, 27.559856], [95.170255, 27.55996], [95.170662, 27.560068], [95.170966, 27.560062], [95.171268, 27.56], [95.171573, 27.560062], [95.172167, 27.560366], [95.172285, 27.560545], [95.172265, 27.560636], [95.171985, 27.560821], [95.171391, 27.561057], [95.170887, 27.561215], [95.170584, 27.561255], [95.170483, 27.561243], [95.170295, 27.561118], [95.169365, 27.56106], [95.168856, 27.560895], [95.168455, 27.560605], [95.168379, 27.560426], [95.168222, 27.560248], [95.16783, 27.560196], [95.167524, 27.560101], [95.167018, 27.560134], [95.166009, 27.560298], [95.165489, 27.560471], [95.164304, 27.561152], [95.163901, 27.561223], [95.163799, 27.561206], [95.163707, 27.56113], [95.163526, 27.560862], [95.163178, 27.560499], [95.162601, 27.560155], [95.161952, 27.559928], [95.161546, 27.559902], [95.161344, 27.559943], [95.161085, 27.560088], [95.161076, 27.560179], [95.161149, 27.5603], [95.161352, 27.560348], [95.161858, 27.560338], [95.162267, 27.560521], [95.163251, 27.561318], [95.163583, 27.561493], [95.164211, 27.561564], [95.164717, 27.561518], [95.164842, 27.561654], [95.164954, 27.562645], [95.164951, 27.563547], [95.165072, 27.564172], [95.165276, 27.564715], [95.16627, 27.566685], [95.166339, 27.566771], [95.166441, 27.566808], [95.166643, 27.566797], [95.166745, 27.566834], [95.166847, 27.566898], [95.166881, 27.567037], [95.166852, 27.567218], [95.166655, 27.567399], [95.166354, 27.567544], [95.166052, 27.567772], [95.165651, 27.567852], [95.165347, 27.567821], [95.165046, 27.567995], [95.16454, 27.568016], [95.164361, 27.567978], [95.164132, 27.567857], [95.163474, 27.567451], [95.163299, 27.567183], [95.162695, 27.566866], [95.162547, 27.566743], [95.162383, 27.566443], [95.162177, 27.566289], [95.161464, 27.566046], [95.160679, 27.565689], [95.160086, 27.565247], [95.159108, 27.564674], [95.15902, 27.564542], [95.15902, 27.564362], [95.158955, 27.564182], [95.159006, 27.564001], [95.159081, 27.563909], [95.159124, 27.563638], [95.159258, 27.563546], [95.159305, 27.563455], [95.159236, 27.563366], [95.159081, 27.563296], [95.15878, 27.563414], [95.158672, 27.563374], [95.158635, 27.563285], [95.158651, 27.563104], [95.15877, 27.56292], [95.158893, 27.56283], [95.158984, 27.562648], [95.158663, 27.562616], [95.15856, 27.562551], [95.158504, 27.562384], [95.158421, 27.561664], [95.158502, 27.561121], [95.158632, 27.560938], [95.158859, 27.560754], [95.158867, 27.560664], [95.158624, 27.560629], [95.158586, 27.560578], [95.158404, 27.559769], [95.158421, 27.559678], [95.1585, 27.559497], [95.158803, 27.559131], [95.159296, 27.558775], [95.159798, 27.558532], [95.159899, 27.558525], [95.159975, 27.558571], [95.160111, 27.559111], [95.160216, 27.559207], [95.160317, 27.559203], [95.160373, 27.559107], [95.160349, 27.558926], [95.160154, 27.558659], [95.160186, 27.558478], [95.160498, 27.558113], [95.1607, 27.558057], [95.160889, 27.557355], [95.161083, 27.556937], [95.161421, 27.556564], [95.161858, 27.555474], [95.162261, 27.555056], [95.16326, 27.554359], [95.164044, 27.553996], [95.164667, 27.553804], [95.165133, 27.553708], [95.165472, 27.553583], [95.166077, 27.55347], [95.166987, 27.553392], [95.167384, 27.553222], [95.167692, 27.553201], [95.168297, 27.553076], [95.168904, 27.553028], [95.169613, 27.553056], [95.170933, 27.553223], [95.171262, 27.552981], [95.171535, 27.552942], [95.171842, 27.553115], [95.17244, 27.553323], [95.172659, 27.553485], [95.173105, 27.554035], [95.173357, 27.554392], [95.173388, 27.554501], [95.17343, 27.554301], [95.173278, 27.553942], [95.172856, 27.553184], [95.17256, 27.55287], [95.172576, 27.55278], [95.172745, 27.55272], [95.173161, 27.552771]]}}, {"type": "Feature", "properties": {}, "geometry": {"type": "LineString", "coordinates": [[94.907706, 27.56768], [94.908114, 27.567855], [94.908436, 27.568168], [94.908753, 27.568943], [94.908854, 27.568904], [94.908952, 27.568735], [94.909054, 27.568758], [94.909261, 27.569002], [94.909435, 27.569732], [94.909687, 27.57018], [94.90969, 27.570402], [94.909589, 27.570449], [94.909488, 27.570432], [94.908978, 27.570232], [94.908593, 27.569925], [94.908288, 27.569568], [94.908153, 27.569357], [94.908033, 27.56903], [94.907703, 27.568583], [94.907497, 27.568135], [94.907435, 27.567774], [94.907474, 27.567684], [94.907706, 27.56768]]}}, {"type": "Feature", "properties": {}, "geometry": {"type": "LineString", "coordinates": [[94.89283, 27.568787], [94.893264, 27.568961], [94.893563, 27.569228], [94.893511, 27.569409], [94.893076, 27.570128], [94.892876, 27.570281], [94.892571, 27.570225], [94.892169, 27.57036], [94.891563, 27.570458], [94.891668, 27.570246], [94.89206, 27.569925], [94.892158, 27.569788], [94.892288, 27.568974], [94.89253, 27.568791], [94.89283, 27.568787]]}}, {"type": "Feature", "properties": {}, "geometry": {"type": "LineString", "coordinates": [[95.115171, 27.565211], [95.114386, 27.565229], [95.114665, 27.565245], [95.114715, 27.565314], [95.115578, 27.565336], [95.115883, 27.565408], [95.116034, 27.565384], [95.115787, 27.565298], [95.115171, 27.565211]]}}, {"type": "Feature", "properties": {}, "geometry": {"type": "LineString", "coordinates": [[95.16677, 27.56297], [95.166668, 27.562934], [95.166509, 27.563072], [95.166467, 27.563163], [95.166868, 27.563878], [95.166895, 27.564144], [95.166987, 27.564057], [95.166924, 27.563878], [95.166829, 27.563067], [95.16677, 27.56297]]}}, {"type": "Feature", "properties": {}, "geometry": {"type": "LineString", "coordinates": [[95.190263, 27.562068], [95.190672, 27.562242], [95.190893, 27.562419], [95.190991, 27.562598], [95.190889, 27.56278], [95.190542, 27.563056], [95.190267, 27.563205], [95.189984, 27.563245], [95.18991, 27.563156], [95.189978, 27.562884], [95.189551, 27.562861], [95.189531, 27.56244], [95.189641, 27.562297], [95.189843, 27.562238], [95.190042, 27.562099], [95.190263, 27.562068]]}}, {"type": "Feature", "properties": {}, "geometry": {"type": "LineString", "coordinates": [[94.888424, 27.564598], [94.888019, 27.56458], [94.887109, 27.564699], [94.886473, 27.564902], [94.88618, 27.565086], [94.885997, 27.565269], [94.885912, 27.565451], [94.885881, 27.565813], [94.885914, 27.565851], [94.886013, 27.565764], [94.886317, 27.565717], [94.887223, 27.565253], [94.887825, 27.565074], [94.888432, 27.565071], [94.889348, 27.565336], [94.889551, 27.565336], [94.889752, 27.565274], [94.889791, 27.565128], [94.889949, 27.564961], [94.890541, 27.564937], [94.890352, 27.564843], [94.889442, 27.564889], [94.889338, 27.564771], [94.888424, 27.564598]]}}, {"type": "Feature", "properties": {}, "geometry": {"type": "LineString", "coordinates": [[95.197644, 27.558973], [95.198689, 27.559013], [95.200201, 27.559203], [95.200285, 27.559292], [95.200324, 27.559472], [95.200265, 27.560105], [95.200137, 27.560553], [95.200037, 27.560588], [95.199896, 27.560562], [95.199126, 27.560123], [95.197847, 27.559511], [95.197359, 27.559158], [95.197332, 27.559068], [95.197372, 27.558999], [95.197473, 27.55896], [95.197644, 27.558973]]}}, {"type": "Feature", "properties": {}, "geometry": {"type": "LineString", "coordinates": [[95.112448, 27.5584], [95.112713, 27.558498], [95.113628, 27.558702], [95.113722, 27.558741], [95.113774, 27.558831], [95.113716, 27.559012], [95.113245, 27.559819], [95.112648, 27.560399], [95.112253, 27.560659], [95.112147, 27.560676], [95.111959, 27.560663], [95.111842, 27.560592], [95.111641, 27.560677], [95.11154, 27.560675], [95.111435, 27.560478], [95.110415, 27.560122], [95.109858, 27.559793], [95.109789, 27.559704], [95.109186, 27.559382], [95.108678, 27.559306], [95.108167, 27.559043], [95.107356, 27.558998], [95.1073, 27.558929], [95.10741, 27.558837], [95.107861, 27.55865], [95.110078, 27.558377], [95.110686, 27.558385], [95.111498, 27.558493], [95.112205, 27.558389], [95.112448, 27.5584]]}}, {"type": "Feature", "properties": {}, "geometry": {"type": "LineString", "coordinates": [[95.085514, 27.56007], [95.085946, 27.560244], [95.085997, 27.560334], [95.085517, 27.560717], [95.085315, 27.560755], [95.085065, 27.560709], [95.084894, 27.560441], [95.084778, 27.560352], [95.084703, 27.560173], [95.084795, 27.560081], [95.084998, 27.560047], [95.085514, 27.56007]]}}, {"type": "Feature", "properties": {}, "geometry": {"type": "LineString", "coordinates": [[94.897339, 27.560241], [94.897981, 27.560896], [94.898602, 27.561686], [94.898811, 27.562045], [94.898864, 27.562296], [94.898816, 27.562341], [94.898619, 27.5623], [94.897931, 27.561948], [94.897282, 27.56147], [94.897054, 27.560967], [94.896999, 27.560517], [94.897058, 27.560234], [94.897159, 27.560179], [94.897339, 27.560241]]}}, {"type": "Feature", "properties": {}, "geometry": {"type": "LineString", "coordinates": [[95.141693, 27.556959], [95.141955, 27.557046], [95.142059, 27.557134], [95.141951, 27.557198], [95.141648, 27.557251], [95.141128, 27.55751], [95.140845, 27.557589], [95.140738, 27.557606], [95.140503, 27.557429], [95.140546, 27.557158], [95.140607, 27.557066], [95.140832, 27.556939], [95.141135, 27.556902], [95.141693, 27.556959]]}}, {"type": "Feature", "properties": {}, "geometry": {"type": "LineString", "coordinates": [[95.07321, 27.541303], [95.07367, 27.541477], [95.074135, 27.541741], [95.07453, 27.541835], [95.07524, 27.541891], [95.075851, 27.542129], [95.076054, 27.542125], [95.076961, 27.541934], [95.077769, 27.541818], [95.077973, 27.541914], [95.078271, 27.54222], [95.078892, 27.542317], [95.079921, 27.542647], [95.080422, 27.542882], [95.080727, 27.542975], [95.081239, 27.543291], [95.081544, 27.54337], [95.081749, 27.543474], [95.082057, 27.543718], [95.082159, 27.543735], [95.08236, 27.543644], [95.082522, 27.543871], [95.082879, 27.544859], [95.083615, 27.545798], [95.084196, 27.547005], [95.084766, 27.547744], [95.085074, 27.548014], [95.085592, 27.548602], [95.086013, 27.548963], [95.087851, 27.550199], [95.088494, 27.55055], [95.089688, 27.551062], [95.09091, 27.551403], [95.091824, 27.551571], [95.092635, 27.55162], [95.093294, 27.551561], [95.093443, 27.551502], [95.093508, 27.551377], [95.093237, 27.551306], [95.092528, 27.551295], [95.092392, 27.551213], [95.092322, 27.551111], [95.092019, 27.551175], [95.091512, 27.551125], [95.091249, 27.55105], [95.091034, 27.550873], [95.091101, 27.550789], [95.091201, 27.550766], [95.091808, 27.550741], [95.092002, 27.550768], [95.092318, 27.550909], [95.092918, 27.550511], [95.09312, 27.550467], [95.093524, 27.550434], [95.094638, 27.550461], [95.09585, 27.550268], [95.096254, 27.550256], [95.096757, 27.550078], [95.097058, 27.549907], [95.097166, 27.549607], [95.097252, 27.549496], [95.097353, 27.54947], [95.097501, 27.549512], [95.097585, 27.549601], [95.097876, 27.550364], [95.098186, 27.550692], [95.098493, 27.550862], [95.099003, 27.55105], [95.09967, 27.551645], [95.100543, 27.552162], [95.100747, 27.552225], [95.101556, 27.552207], [95.101762, 27.552374], [95.101863, 27.552366], [95.102365, 27.552118], [95.102611, 27.552142], [95.102722, 27.55223], [95.102746, 27.55232], [95.10261, 27.552683], [95.10234, 27.552958], [95.102228, 27.553411], [95.102262, 27.554132], [95.102307, 27.554399], [95.10252, 27.554937], [95.102757, 27.555208], [95.103406, 27.555649], [95.103467, 27.555739], [95.103481, 27.555919], [95.103425, 27.5561], [95.103074, 27.556828], [95.102467, 27.55749], [95.101965, 27.557721], [95.101763, 27.557716], [95.101457, 27.557636], [95.101054, 27.557731], [95.100142, 27.557666], [95.099231, 27.557727], [95.098828, 27.557825], [95.098323, 27.557864], [95.097416, 27.558115], [95.097214, 27.558111], [95.096507, 27.55824], [95.095495, 27.558279], [95.094174, 27.558033], [95.092632, 27.557888], [95.091637, 27.557708], [95.09103, 27.557741], [95.090421, 27.55766], [95.090184, 27.557564], [95.090215, 27.55746], [95.090894, 27.557372], [95.091059, 27.55728], [95.091453, 27.557183], [95.091625, 27.557074], [95.091726, 27.557092], [95.09183, 27.557208], [95.092033, 27.557262], [95.092336, 27.557213], [95.092491, 27.557078], [95.092332, 27.556973], [95.091318, 27.556905], [95.09051, 27.55702], [95.089802, 27.557056], [95.088989, 27.556927], [95.08848, 27.556763], [95.088074, 27.556721], [95.08736, 27.556432], [95.086346, 27.556341], [95.085939, 27.556268], [95.085732, 27.556187], [95.084606, 27.555401], [95.084096, 27.555154], [95.08348, 27.554754], [95.083142, 27.554421], [95.083132, 27.55433], [95.083254, 27.554238], [95.083256, 27.554148], [95.082925, 27.554063], [95.082657, 27.553886], [95.082344, 27.553552], [95.08188, 27.553176], [95.081691, 27.552908], [95.081288, 27.552553], [95.080699, 27.552227], [95.08019, 27.552059], [95.079779, 27.551772], [95.079325, 27.551139], [95.078952, 27.550848], [95.078439, 27.55034], [95.077399, 27.549034], [95.076677, 27.548367], [95.076317, 27.547754], [95.076053, 27.547466], [95.075713, 27.546951], [95.0753, 27.546235], [95.074948, 27.545338], [95.074736, 27.545161], [95.074538, 27.544893], [95.074391, 27.544534], [95.074125, 27.544087], [95.074124, 27.543997], [95.074223, 27.543905], [95.073943, 27.543187], [95.073943, 27.54292], [95.074044, 27.542908], [95.07445, 27.543003], [95.074683, 27.542815], [95.074711, 27.542634], [95.074138, 27.542537], [95.073209, 27.542206], [95.073018, 27.542177], [95.072816, 27.542227], [95.072714, 27.542162], [95.07257, 27.541944], [95.072522, 27.541584], [95.072442, 27.541405], [95.072476, 27.541314], [95.072798, 27.541263], [95.07321, 27.541303]]}}, {"type": "Feature", "properties": {}, "geometry": {"type": "LineString", "coordinates": [[95.037374, 27.550407], [95.038342, 27.550443], [95.03956, 27.550567], [95.039964, 27.550521], [95.040265, 27.550389], [95.040468, 27.550401], [95.041081, 27.550687], [95.041781, 27.550883], [95.042199, 27.550918], [95.042402, 27.550985], [95.043016, 27.551292], [95.043673, 27.551758], [95.04414, 27.552383], [95.044883, 27.553545], [95.045798, 27.554705], [95.045918, 27.554922], [95.045942, 27.555244], [95.0459, 27.555425], [95.045777, 27.555698], [95.045432, 27.556154], [95.045409, 27.556245], [95.04544, 27.556426], [95.045751, 27.556835], [95.045898, 27.55732], [95.045767, 27.558225], [95.045583, 27.558694], [95.045484, 27.558795], [95.045383, 27.558817], [95.04527, 27.558774], [95.044868, 27.558389], [95.044658, 27.55788], [95.044689, 27.557429], [95.044648, 27.557407], [95.044549, 27.557519], [95.044447, 27.557521], [95.044269, 27.557435], [95.044079, 27.557257], [95.044049, 27.557167], [95.044136, 27.557089], [95.04454, 27.557049], [95.044656, 27.556978], [95.044437, 27.556169], [95.044154, 27.555812], [95.043083, 27.554907], [95.042718, 27.55475], [95.042369, 27.554659], [95.041964, 27.554627], [95.04156, 27.554712], [95.041158, 27.554879], [95.040351, 27.555056], [95.040151, 27.555147], [95.039745, 27.555135], [95.039443, 27.555218], [95.038835, 27.555186], [95.038128, 27.555269], [95.037923, 27.555172], [95.037642, 27.554915], [95.037544, 27.554646], [95.037098, 27.554356], [95.036891, 27.554114], [95.036686, 27.553967], [95.036482, 27.553669], [95.036346, 27.552497], [95.036359, 27.552317], [95.03645, 27.552146], [95.036551, 27.552111], [95.036755, 27.552207], [95.036796, 27.55213], [95.036747, 27.55195], [95.036586, 27.551772], [95.036541, 27.551571], [95.036393, 27.551323], [95.036329, 27.551053], [95.036092, 27.550606], [95.036102, 27.550515], [95.036317, 27.550443], [95.037374, 27.550407]]}}, {"type": "Feature", "properties": {}, "geometry": {"type": "LineString", "coordinates": [[95.082097, 27.556331], [95.082604, 27.556955], [95.083228, 27.557495], [95.083455, 27.557755], [95.083526, 27.558025], [95.083443, 27.558111], [95.08314, 27.55817], [95.082767, 27.558036], [95.082527, 27.557881], [95.082335, 27.557681], [95.082227, 27.557051], [95.082027, 27.556784], [95.081919, 27.556515], [95.081989, 27.556333], [95.082097, 27.556331]]}}, {"type": "Feature", "properties": {}, "geometry": {"type": "LineString", "coordinates": [[95.13754, 27.555399], [95.137867, 27.555462], [95.138886, 27.555792], [95.139796, 27.556357], [95.140113, 27.556623], [95.139898, 27.556807], [95.13945, 27.557084], [95.139319, 27.557225], [95.139118, 27.557324], [95.139017, 27.557336], [95.138666, 27.557186], [95.138004, 27.556294], [95.137574, 27.555989], [95.137157, 27.555585], [95.137126, 27.555496], [95.137215, 27.555404], [95.137359, 27.555372], [95.13754, 27.555399]]}}, {"type": "Feature", "properties": {}, "geometry": {"type": "LineString", "coordinates": [[95.180392, 27.555274], [95.180594, 27.555368], [95.180812, 27.555538], [95.181073, 27.555895], [95.181073, 27.555986], [95.181012, 27.55603], [95.18081, 27.556079], [95.180404, 27.556007], [95.180154, 27.55591], [95.18006, 27.555821], [95.180011, 27.555641], [95.179857, 27.555553], [95.179831, 27.555283], [95.180084, 27.555214], [95.180392, 27.555274]]}}, {"type": "Feature", "properties": {}, "geometry": {"type": "LineString", "coordinates": [[95.135237, 27.554803], [95.135593, 27.554978], [95.135694, 27.555066], [95.135839, 27.555316], [95.136247, 27.555442], [95.136863, 27.555893], [95.137132, 27.556217], [95.137168, 27.556397], [95.137096, 27.556489], [95.136774, 27.556545], [95.136369, 27.556533], [95.135555, 27.55634], [95.135368, 27.556154], [95.135244, 27.555931], [95.13433, 27.555815], [95.133741, 27.555638], [95.133141, 27.555286], [95.133081, 27.555197], [95.134514, 27.554857], [95.135237, 27.554803]]}}, {"type": "Feature", "properties": {}, "geometry": {"type": "LineString", "coordinates": [[95.112443, 27.554971], [95.112751, 27.555173], [95.112752, 27.555251], [95.112553, 27.555443], [95.112152, 27.555629], [95.111749, 27.555724], [95.111647, 27.555719], [95.111445, 27.555618], [95.111495, 27.555346], [95.111637, 27.555172], [95.111885, 27.555069], [95.112037, 27.554916], [95.112138, 27.554897], [95.112443, 27.554971]]}}, {"type": "Feature", "properties": {}, "geometry": {"type": "LineString", "coordinates": [[95.086564, 27.542908], [95.087207, 27.54302], [95.087511, 27.542991], [95.088078, 27.543156], [95.088527, 27.543214], [95.08924, 27.543404], [95.089648, 27.543578], [95.089762, 27.543672], [95.090566, 27.543963], [95.091375, 27.543904], [95.09249, 27.543965], [95.09432, 27.544391], [95.095138, 27.544674], [95.095541, 27.544688], [95.095573, 27.544758], [95.09579, 27.544845], [95.096254, 27.544917], [95.097069, 27.545163], [95.097185, 27.545095], [95.097141, 27.544915], [95.096843, 27.544829], [95.09678, 27.54474], [95.096825, 27.544288], [95.096795, 27.544018], [95.096363, 27.543392], [95.096292, 27.543213], [95.096313, 27.543122], [95.096421, 27.543029], [95.096822, 27.542852], [95.097126, 27.542836], [95.097749, 27.54301], [95.098142, 27.543035], [95.098648, 27.543011], [95.099455, 27.542875], [95.100062, 27.542826], [95.101176, 27.54284], [95.103001, 27.542992], [95.103715, 27.543285], [95.105029, 27.543179], [95.105745, 27.543542], [95.106615, 27.543779], [95.107066, 27.543826], [95.107441, 27.544037], [95.107674, 27.544394], [95.107799, 27.545086], [95.108009, 27.545458], [95.108111, 27.545481], [95.108186, 27.544928], [95.108168, 27.544477], [95.107817, 27.544122], [95.107674, 27.54383], [95.107468, 27.543652], [95.107162, 27.543545], [95.107103, 27.543501], [95.107097, 27.54341], [95.107159, 27.543376], [95.107869, 27.543452], [95.108625, 27.543658], [95.109194, 27.543904], [95.109701, 27.544003], [95.110612, 27.54435], [95.110952, 27.544525], [95.111198, 27.544702], [95.11135, 27.54488], [95.111367, 27.54497], [95.111247, 27.545152], [95.111253, 27.545243], [95.111412, 27.54533], [95.112362, 27.545424], [95.112971, 27.545543], [95.11399, 27.545861], [95.114403, 27.546255], [95.114709, 27.546398], [95.114921, 27.54691], [95.115336, 27.547415], [95.115678, 27.547612], [95.116661, 27.547893], [95.117074, 27.548295], [95.117144, 27.548221], [95.117122, 27.548041], [95.11695, 27.547773], [95.116953, 27.547683], [95.117061, 27.54762], [95.117262, 27.547558], [95.117566, 27.54754], [95.118277, 27.547649], [95.118628, 27.547838], [95.118699, 27.547927], [95.118674, 27.548017], [95.118489, 27.548154], [95.117783, 27.548331], [95.11765, 27.548394], [95.117662, 27.548484], [95.118091, 27.548542], [95.118595, 27.548433], [95.119102, 27.548433], [95.120525, 27.548733], [95.121176, 27.548972], [95.121805, 27.549143], [95.122967, 27.549368], [95.123309, 27.549481], [95.124492, 27.549677], [95.124998, 27.54968], [95.125711, 27.549912], [95.126015, 27.549939], [95.126242, 27.550068], [95.126536, 27.550334], [95.126619, 27.550423], [95.126619, 27.550513], [95.126436, 27.55073], [95.12577, 27.551067], [95.125231, 27.551273], [95.123117, 27.551898], [95.121207, 27.552612], [95.120655, 27.55268], [95.119798, 27.553073], [95.119495, 27.553112], [95.119086, 27.553335], [95.118792, 27.553418], [95.118389, 27.553481], [95.11768, 27.553499], [95.116065, 27.553738], [95.114646, 27.553654], [95.113336, 27.553985], [95.111914, 27.553796], [95.111612, 27.553842], [95.11141, 27.553915], [95.111059, 27.55418], [95.110518, 27.554459], [95.110313, 27.554757], [95.110143, 27.554825], [95.109919, 27.555319], [95.109819, 27.555403], [95.109718, 27.555415], [95.109667, 27.555374], [95.109751, 27.555102], [95.109743, 27.554922], [95.109807, 27.554799], [95.109925, 27.554738], [95.109536, 27.554473], [95.107776, 27.554465], [95.106766, 27.554624], [95.105546, 27.554356], [95.104837, 27.55433], [95.104532, 27.554272], [95.104229, 27.554332], [95.104026, 27.554274], [95.10338, 27.553755], [95.103359, 27.553665], [95.103464, 27.553483], [95.103491, 27.553302], [95.103784, 27.552846], [95.103822, 27.552665], [95.103757, 27.552305], [95.103577, 27.551973], [95.103254, 27.551681], [95.102921, 27.551505], [95.102047, 27.551401], [95.101437, 27.551277], [95.101005, 27.551083], [95.100698, 27.550727], [95.100716, 27.550456], [95.100978, 27.54982], [95.100941, 27.549731], [95.100542, 27.549195], [95.09977, 27.548803], [95.099627, 27.548667], [95.098556, 27.54884], [95.098053, 27.549015], [95.09664, 27.549245], [95.095528, 27.549336], [95.094313, 27.549331], [95.093505, 27.549448], [95.092898, 27.549442], [95.09239, 27.549351], [95.092086, 27.549377], [95.09128, 27.549551], [95.090403, 27.549799], [95.09007, 27.54984], [95.089867, 27.549792], [95.08976, 27.549505], [95.089322, 27.549094], [95.089279, 27.549004], [95.089393, 27.548912], [95.089238, 27.54868], [95.089072, 27.548556], [95.088829, 27.548463], [95.088703, 27.548291], [95.088162, 27.547938], [95.087599, 27.547672], [95.087397, 27.547674], [95.087361, 27.547769], [95.087401, 27.547903], [95.087513, 27.548038], [95.088223, 27.548522], [95.088732, 27.548706], [95.088901, 27.548829], [95.08895, 27.548919], [95.08893, 27.549009], [95.088639, 27.549096], [95.088436, 27.549096], [95.087214, 27.548732], [95.08701, 27.548616], [95.086598, 27.548247], [95.086184, 27.547806], [95.085355, 27.546788], [95.085144, 27.546328], [95.085076, 27.545999], [95.085119, 27.545818], [95.085335, 27.545733], [95.085334, 27.545634], [95.085227, 27.545371], [95.084701, 27.544651], [95.084432, 27.544023], [95.08443, 27.543843], [95.084488, 27.543752], [95.085098, 27.543562], [95.085393, 27.543419], [95.085495, 27.543285], [95.085488, 27.543195], [95.08563, 27.543103], [95.086294, 27.54288], [95.086564, 27.542908]]}}, {"type": "Feature", "properties": {}, "geometry": {"type": "LineString", "coordinates": [[95.179756, 27.552397], [95.179875, 27.552485], [95.179992, 27.552664], [95.180567, 27.554015], [95.180571, 27.554207], [95.179962, 27.554134], [95.179152, 27.554129], [95.178543, 27.55407], [95.178082, 27.553957], [95.177629, 27.553908], [95.177448, 27.553786], [95.177452, 27.553696], [95.177579, 27.553604], [95.177804, 27.553239], [95.178018, 27.553116], [95.178117, 27.553004], [95.178149, 27.552602], [95.178209, 27.552528], [95.178715, 27.552518], [95.178914, 27.552371], [95.179116, 27.552331], [95.179246, 27.552405], [95.17922, 27.552495], [95.179426, 27.552645], [95.179527, 27.552615], [95.179623, 27.552361], [95.179756, 27.552397]]}}, {"type": "Feature", "properties": {}, "geometry": {"type": "LineString", "coordinates": [[95.060926, 27.55421], [95.061297, 27.554301], [95.06146, 27.554473], [95.061463, 27.554563], [95.061311, 27.55503], [95.061124, 27.55529], [95.060913, 27.555412], [95.060711, 27.555454], [95.060591, 27.555389], [95.060527, 27.555119], [95.060267, 27.555123], [95.060082, 27.554855], [95.05956, 27.554501], [95.059561, 27.554411], [95.059598, 27.55432], [95.059777, 27.554226], [95.060586, 27.554181], [95.060926, 27.55421]]}}, {"type": "Feature", "properties": {}, "geometry": {"type": "LineString", "coordinates": [[95.064944, 27.5537], [95.065236, 27.553775], [95.065342, 27.553874], [95.065324, 27.553965], [95.065039, 27.554075], [95.064837, 27.55407], [95.064634, 27.55403], [95.064326, 27.553802], [95.064224, 27.553773], [95.064022, 27.553837], [95.063924, 27.553805], [95.063975, 27.553714], [95.064424, 27.55364], [95.064944, 27.5537]]}}, {"type": "Feature", "properties": {}, "geometry": {"type": "LineString", "coordinates": [[95.070337, 27.551814], [95.070631, 27.551991], [95.0714, 27.552701], [95.071522, 27.55288], [95.0715, 27.55297], [95.070188, 27.55324], [95.069579, 27.553163], [95.069373, 27.552986], [95.068594, 27.552653], [95.068346, 27.552476], [95.068184, 27.552298], [95.068183, 27.552207], [95.068244, 27.552156], [95.068445, 27.552109], [95.068646, 27.552001], [95.068949, 27.551976], [95.069249, 27.551765], [95.069553, 27.551786], [95.070058, 27.551748], [95.070337, 27.551814]]}}, {"type": "Feature", "properties": {}, "geometry": {"type": "LineString", "coordinates": [[95.033348, 27.550827], [95.033902, 27.55125], [95.034049, 27.551448], [95.034424, 27.552086], [95.034766, 27.55252], [95.034845, 27.55279], [95.034742, 27.552881], [95.034237, 27.552916], [95.033422, 27.552692], [95.032612, 27.552281], [95.032143, 27.551837], [95.032095, 27.551657], [95.032149, 27.551386], [95.032284, 27.55134], [95.032689, 27.551377], [95.032785, 27.551052], [95.032949, 27.550832], [95.033185, 27.550772], [95.033348, 27.550827]]}}, {"type": "Feature", "properties": {}, "geometry": {"type": "LineString", "coordinates": [[95.055076, 27.549243], [95.055737, 27.549345], [95.056144, 27.549463], [95.05686, 27.549808], [95.057811, 27.550196], [95.058392, 27.550533], [95.058599, 27.550757], [95.058807, 27.551104], [95.058932, 27.551533], [95.05892, 27.551728], [95.05872, 27.551817], [95.057908, 27.551758], [95.057095, 27.551602], [95.056709, 27.551475], [95.056282, 27.551421], [95.055874, 27.551276], [95.055074, 27.551229], [95.054334, 27.550969], [95.053968, 27.550884], [95.053663, 27.550708], [95.053609, 27.550619], [95.053632, 27.550492], [95.053732, 27.550434], [95.054136, 27.550375], [95.054198, 27.549978], [95.054151, 27.549889], [95.053819, 27.549634], [95.053663, 27.549445], [95.053641, 27.549265], [95.053811, 27.549223], [95.054418, 27.549209], [95.055076, 27.549243]]}}, {"type": "Feature", "properties": {}, "geometry": {"type": "LineString", "coordinates": [[95.099674, 27.549569], [95.099934, 27.549746], [95.099998, 27.550106], [95.099882, 27.550378], [95.099701, 27.550478], [95.0996, 27.550484], [95.098976, 27.550121], [95.098901, 27.550032], [95.09889, 27.549762], [95.098928, 27.549671], [95.099279, 27.549571], [95.099481, 27.54954], [95.099674, 27.549569]]}}, {"type": "Feature", "properties": {}, "geometry": {"type": "LineString", "coordinates": [[95.0613, 27.546354], [95.061553, 27.546711], [95.06159, 27.546891], [95.06154, 27.546982], [95.061298, 27.547076], [95.061186, 27.547167], [95.061266, 27.547228], [95.061717, 27.54743], [95.062337, 27.547602], [95.062973, 27.548043], [95.06393, 27.548571], [95.064938, 27.548917], [95.065859, 27.549164], [95.066155, 27.54935], [95.066277, 27.549528], [95.066278, 27.549709], [95.065924, 27.550165], [95.065475, 27.550314], [95.065277, 27.550542], [95.065075, 27.550574], [95.064872, 27.550549], [95.064772, 27.550588], [95.06463, 27.550816], [95.064474, 27.550917], [95.064373, 27.550914], [95.064066, 27.550754], [95.063259, 27.550896], [95.06255, 27.550915], [95.061331, 27.550672], [95.060726, 27.550333], [95.060423, 27.549976], [95.060421, 27.549886], [95.060504, 27.549764], [95.060706, 27.549735], [95.061214, 27.549868], [95.061421, 27.550074], [95.061638, 27.549958], [95.061617, 27.549778], [95.061259, 27.549423], [95.060894, 27.548965], [95.060473, 27.548081], [95.060494, 27.5479], [95.060789, 27.547173], [95.060637, 27.546905], [95.060648, 27.54665], [95.060747, 27.546498], [95.060946, 27.546362], [95.0613, 27.546354]]}}, {"type": "Feature", "properties": {}, "geometry": {"type": "LineString", "coordinates": [[94.891635, 27.549489], [94.891945, 27.549936], [94.892534, 27.550329], [94.89274, 27.550546], [94.892918, 27.551006], [94.892948, 27.551998], [94.892826, 27.552632], [94.892717, 27.552814], [94.892427, 27.552998], [94.892277, 27.55304], [94.892175, 27.553035], [94.892163, 27.552912], [94.892369, 27.552517], [94.89241, 27.552276], [94.89215, 27.551558], [94.891866, 27.551291], [94.891564, 27.551115], [94.89123, 27.551041], [94.89079, 27.550854], [94.890424, 27.550498], [94.890305, 27.550229], [94.890267, 27.549959], [94.890396, 27.549652], [94.890496, 27.549609], [94.890855, 27.54959], [94.891102, 27.549488], [94.891304, 27.549458], [94.891506, 27.549448], [94.891635, 27.549489]]}}, {"type": "Feature", "properties": {}, "geometry": {"type": "LineString", "coordinates": [[95.049859, 27.538762], [95.050076, 27.538914], [95.050687, 27.539092], [95.051211, 27.539373], [95.051851, 27.539635], [95.052664, 27.540074], [95.053546, 27.540408], [95.053957, 27.540741], [95.054473, 27.541273], [95.054846, 27.541486], [95.055494, 27.541737], [95.055937, 27.542011], [95.056402, 27.542185], [95.057228, 27.542411], [95.058044, 27.54275], [95.05874, 27.543323], [95.059177, 27.543799], [95.059303, 27.543856], [95.059509, 27.544214], [95.059594, 27.544574], [95.059571, 27.546199], [95.059634, 27.546649], [95.059392, 27.548097], [95.059361, 27.548189], [95.059258, 27.548126], [95.059104, 27.548462], [95.05901, 27.548553], [95.058862, 27.54862], [95.05866, 27.548607], [95.058455, 27.548502], [95.058352, 27.548381], [95.058073, 27.548206], [95.057696, 27.548031], [95.057127, 27.547874], [95.056111, 27.547681], [95.054487, 27.547463], [95.053373, 27.547445], [95.051751, 27.547325], [95.050799, 27.546599], [95.050414, 27.546193], [95.050312, 27.546191], [95.050215, 27.546417], [95.050115, 27.546445], [95.049911, 27.546366], [95.049775, 27.546253], [95.04961, 27.545895], [95.0496, 27.545444], [95.049681, 27.544886], [95.04988, 27.544717], [95.050085, 27.544866], [95.05049, 27.544848], [95.050694, 27.544956], [95.050794, 27.544855], [95.0508, 27.544704], [95.050683, 27.54433], [95.05078, 27.544136], [95.050883, 27.544198], [95.05094, 27.54407], [95.051037, 27.542715], [95.051315, 27.541538], [95.051144, 27.540999], [95.050723, 27.540193], [95.050499, 27.539885], [95.05, 27.539391], [95.049805, 27.539124], [95.049559, 27.539037], [95.049369, 27.538859], [95.049364, 27.538764], [95.049465, 27.5387], [95.049667, 27.53869], [95.049859, 27.538762]]}}, {"type": "Feature", "properties": {}, "geometry": {"type": "LineString", "coordinates": [[94.891932, 27.546417], [94.893077, 27.54655], [94.893483, 27.546646], [94.893687, 27.546702], [94.8943, 27.547058], [94.894713, 27.547517], [94.895232, 27.548249], [94.895438, 27.548464], [94.895952, 27.548866], [94.896117, 27.549067], [94.896145, 27.549157], [94.895945, 27.54943], [94.895977, 27.54952], [94.896304, 27.549696], [94.897282, 27.549709], [94.897993, 27.549799], [94.898178, 27.549941], [94.898223, 27.550031], [94.898243, 27.550211], [94.898163, 27.550393], [94.897804, 27.550579], [94.897501, 27.550658], [94.895983, 27.550688], [94.895476, 27.550641], [94.895247, 27.550433], [94.895092, 27.549803], [94.894647, 27.549549], [94.894544, 27.549443], [94.893522, 27.5489], [94.890567, 27.547801], [94.889881, 27.547257], [94.889447, 27.546721], [94.889477, 27.546631], [94.889634, 27.546575], [94.890543, 27.546418], [94.891454, 27.546382], [94.891932, 27.546417]]}}, {"type": "Feature", "properties": {}, "geometry": {"type": "LineString", "coordinates": [[95.045373, 27.537384], [95.045603, 27.537561], [95.045906, 27.537891], [95.046007, 27.537881], [95.046075, 27.537825], [95.046083, 27.537734], [95.045901, 27.537597], [95.0459, 27.537536], [95.046001, 27.537534], [95.046408, 27.537638], [95.04702, 27.537902], [95.047228, 27.538193], [95.047336, 27.538552], [95.04754, 27.538637], [95.047683, 27.538794], [95.047751, 27.539121], [95.047652, 27.539216], [95.04755, 27.539209], [95.04753, 27.539247], [95.047652, 27.539426], [95.047965, 27.539735], [95.048476, 27.539996], [95.048679, 27.540223], [95.048768, 27.540673], [95.048605, 27.541668], [95.048616, 27.54207], [95.048718, 27.542116], [95.048914, 27.54177], [95.04901, 27.54146], [95.049108, 27.541316], [95.049282, 27.541207], [95.049407, 27.541052], [95.049711, 27.541085], [95.049787, 27.541199], [95.049728, 27.541561], [95.049528, 27.541745], [95.049497, 27.541835], [95.049529, 27.542557], [95.049496, 27.542648], [95.049093, 27.543195], [95.048505, 27.543835], [95.048251, 27.544212], [95.048032, 27.544745], [95.047863, 27.545469], [95.047774, 27.546102], [95.047686, 27.546284], [95.047474, 27.546468], [95.046273, 27.546754], [95.045738, 27.546945], [95.045155, 27.547224], [95.044332, 27.547417], [95.043049, 27.547639], [95.042543, 27.547644], [95.042035, 27.547562], [95.041117, 27.547154], [95.040271, 27.546935], [95.040201, 27.546894], [95.040093, 27.54655], [95.03979, 27.546606], [95.038986, 27.546894], [95.03828, 27.54706], [95.038078, 27.54707], [95.037732, 27.546972], [95.036521, 27.546178], [95.035931, 27.545972], [95.035624, 27.545792], [95.035217, 27.545681], [95.034807, 27.545392], [95.034295, 27.54512], [95.033322, 27.544419], [95.032862, 27.544228], [95.032015, 27.543717], [95.031227, 27.543431], [95.03106, 27.543279], [95.031082, 27.543189], [95.03162, 27.542761], [95.031845, 27.542636], [95.033588, 27.541979], [95.034029, 27.541669], [95.034534, 27.541424], [95.035346, 27.54087], [95.035629, 27.540572], [95.03625, 27.540045], [95.037026, 27.539477], [95.037429, 27.539345], [95.037732, 27.539335], [95.038135, 27.539233], [95.038737, 27.538943], [95.040252, 27.538698], [95.041662, 27.5383], [95.041964, 27.538249], [95.042667, 27.537929], [95.043171, 27.537804], [95.043472, 27.537656], [95.043876, 27.537608], [95.044688, 27.537742], [95.044827, 27.537663], [95.044827, 27.537482], [95.044884, 27.53735], [95.045187, 27.537321], [95.045373, 27.537384]]}}, {"type": "Feature", "properties": {}, "geometry": {"type": "LineString", "coordinates": [[95.033703, 27.545948], [95.033909, 27.546102], [95.034212, 27.546082], [95.034418, 27.546254], [95.034519, 27.546272], [95.03472, 27.546158], [95.034903, 27.546201], [95.035013, 27.54629], [95.03511, 27.546469], [95.035143, 27.546739], [95.035137, 27.546841], [95.035025, 27.547012], [95.035255, 27.547189], [95.035322, 27.547278], [95.035314, 27.547368], [95.035048, 27.54751], [95.034745, 27.547536], [95.034441, 27.547541], [95.033427, 27.547421], [95.032714, 27.547212], [95.032064, 27.546875], [95.031827, 27.546697], [95.031888, 27.546606], [95.032196, 27.546591], [95.032862, 27.546321], [95.033399, 27.545929], [95.0335, 27.545904], [95.033703, 27.545948]]}}, {"type": "Feature", "properties": {}, "geometry": {"type": "LineString", "coordinates": [[94.913344, 27.547488], [94.913242, 27.547485], [94.912941, 27.54762], [94.912436, 27.547704], [94.912235, 27.547797], [94.911936, 27.54805], [94.911835, 27.548081], [94.911732, 27.547985], [94.911633, 27.548096], [94.911603, 27.548223], [94.911467, 27.548315], [94.911537, 27.548397], [94.911637, 27.548353], [94.91184, 27.548371], [94.912243, 27.548258], [94.913154, 27.548226], [94.914167, 27.548252], [94.914878, 27.548383], [94.915282, 27.548362], [94.91639, 27.548027], [94.916691, 27.547829], [94.916824, 27.54779], [94.916894, 27.547699], [94.916397, 27.547706], [94.915679, 27.547851], [94.915273, 27.547792], [94.915172, 27.547853], [94.914666, 27.547849], [94.914246, 27.547736], [94.913651, 27.547678], [94.913344, 27.547488]]}}, {"type": "Feature", "properties": {}, "geometry": {"type": "LineString", "coordinates": [[95.031844, 27.544983], [95.032843, 27.545509], [95.03286, 27.545599], [95.032789, 27.545762], [95.032591, 27.546032], [95.032491, 27.546089], [95.031885, 27.546158], [95.031724, 27.546067], [95.0316, 27.544986], [95.031659, 27.544919], [95.031844, 27.544983]]}}, {"type": "Feature", "properties": {}, "geometry": {"type": "LineString", "coordinates": [[94.918875, 27.545313], [94.918773, 27.545294], [94.918673, 27.545377], [94.918377, 27.545795], [94.917268, 27.546064], [94.915828, 27.546631], [94.915668, 27.546813], [94.915526, 27.547086], [94.915274, 27.54736], [94.915269, 27.547597], [94.917353, 27.5467], [94.91758, 27.546572], [94.91769, 27.546425], [94.917979, 27.546234], [94.918181, 27.546208], [94.918387, 27.546377], [94.918894, 27.546456], [94.919387, 27.546311], [94.919749, 27.546125], [94.919596, 27.546048], [94.919393, 27.54603], [94.91909, 27.546053], [94.918687, 27.546152], [94.918553, 27.546142], [94.918508, 27.546052], [94.918642, 27.54587], [94.918796, 27.545778], [94.918915, 27.545595], [94.918875, 27.545313]]}}, {"type": "Feature", "properties": {}, "geometry": {"type": "LineString", "coordinates": [[95.064429, 27.537192], [95.064725, 27.537283], [95.065032, 27.537441], [95.06517, 27.537633], [95.065463, 27.537809], [95.065534, 27.537988], [95.06546, 27.53835], [95.065759, 27.538411], [95.06617, 27.538701], [95.066346, 27.538969], [95.066325, 27.53924], [95.066366, 27.539329], [95.06721, 27.540222], [95.067313, 27.540286], [95.067515, 27.54028], [95.067618, 27.540369], [95.068242, 27.54124], [95.069107, 27.542086], [95.069378, 27.542475], [95.069586, 27.542891], [95.070212, 27.543714], [95.070344, 27.544143], [95.070286, 27.544325], [95.070224, 27.544381], [95.069921, 27.544438], [95.069515, 27.544386], [95.068716, 27.544168], [95.068088, 27.543832], [95.067573, 27.543405], [95.06737, 27.543331], [95.066993, 27.543291], [95.066658, 27.54316], [95.065022, 27.5423], [95.064886, 27.542059], [95.064874, 27.541698], [95.06491, 27.541517], [95.065201, 27.541061], [95.065401, 27.540915], [95.065703, 27.54082], [95.065805, 27.540853], [95.065993, 27.54132], [95.066118, 27.541376], [95.066213, 27.541317], [95.066242, 27.540956], [95.066373, 27.540412], [95.066361, 27.540232], [95.066298, 27.540152], [95.065793, 27.540258], [95.06519, 27.540462], [95.064741, 27.540707], [95.064499, 27.540891], [95.064336, 27.541074], [95.064288, 27.541255], [95.064175, 27.54216], [95.064009, 27.542316], [95.063808, 27.542355], [95.063604, 27.542312], [95.063065, 27.542086], [95.062967, 27.541997], [95.062821, 27.541729], [95.062775, 27.541549], [95.062931, 27.541185], [95.062945, 27.540824], [95.063051, 27.540552], [95.062986, 27.540372], [95.06255, 27.54008], [95.061861, 27.539487], [95.061114, 27.539051], [95.060881, 27.538869], [95.060179, 27.537977], [95.060186, 27.537887], [95.060379, 27.537671], [95.06068, 27.537522], [95.061389, 27.537503], [95.062103, 27.537808], [95.062412, 27.538104], [95.062819, 27.538193], [95.062922, 27.538314], [95.063024, 27.53836], [95.063728, 27.538099], [95.063979, 27.538192], [95.064137, 27.53833], [95.064543, 27.538364], [95.064645, 27.538421], [95.064855, 27.538789], [95.064958, 27.538884], [95.065258, 27.538703], [95.065335, 27.538352], [95.065046, 27.538208], [95.064743, 27.538226], [95.064687, 27.538181], [95.064587, 27.537912], [95.064228, 27.537737], [95.063922, 27.537661], [95.063747, 27.537563], [95.063628, 27.537385], [95.063735, 27.537293], [95.064318, 27.537179], [95.064429, 27.537192]]}}, {"type": "Feature", "properties": {}, "geometry": {"type": "LineString", "coordinates": [[95.073029, 27.542569], [95.073407, 27.542744], [95.073591, 27.542922], [95.073748, 27.543314], [95.073854, 27.543459], [95.073855, 27.543638], [95.073753, 27.54361], [95.073547, 27.543432], [95.073202, 27.543018], [95.073076, 27.542839], [95.073013, 27.54266], [95.073029, 27.542569]]}}, {"type": "Feature", "properties": {}, "geometry": {"type": "LineString", "coordinates": [[94.872726, 27.538915], [94.873002, 27.538999], [94.874423, 27.539236], [94.875457, 27.539691], [94.87635, 27.539949], [94.876767, 27.540122], [94.877176, 27.540358], [94.877381, 27.540539], [94.877454, 27.540747], [94.87703, 27.541113], [94.8767, 27.541659], [94.876138, 27.542208], [94.875793, 27.542413], [94.874783, 27.542561], [94.874176, 27.542578], [94.873873, 27.542642], [94.873367, 27.542645], [94.872862, 27.542714], [94.872414, 27.54289], [94.871725, 27.543261], [94.870661, 27.544087], [94.869857, 27.544638], [94.869649, 27.544913], [94.869443, 27.545548], [94.869269, 27.545794], [94.868968, 27.54595], [94.868563, 27.545963], [94.868461, 27.545925], [94.868051, 27.545567], [94.86803, 27.545296], [94.868144, 27.545114], [94.868456, 27.54502], [94.868607, 27.544927], [94.868766, 27.544654], [94.868772, 27.544564], [94.868713, 27.544475], [94.868362, 27.544209], [94.867615, 27.543773], [94.867512, 27.54367], [94.866115, 27.542885], [94.865875, 27.542692], [94.86521, 27.542536], [94.865118, 27.542447], [94.865089, 27.542267], [94.865358, 27.54202], [94.865659, 27.541899], [94.866267, 27.541881], [94.866774, 27.541953], [94.867887, 27.541919], [94.869104, 27.542015], [94.869609, 27.541965], [94.870111, 27.541718], [94.870908, 27.540913], [94.87121, 27.54085], [94.871919, 27.540854], [94.872025, 27.54082], [94.872218, 27.540587], [94.872319, 27.540538], [94.872522, 27.540556], [94.872642, 27.540631], [94.873241, 27.541205], [94.873316, 27.541164], [94.873317, 27.540712], [94.873193, 27.540533], [94.872975, 27.540356], [94.872414, 27.540187], [94.871909, 27.540225], [94.871612, 27.540104], [94.871596, 27.540013], [94.871704, 27.539741], [94.872108, 27.539104], [94.872393, 27.538933], [94.872726, 27.538915]]}}, {"type": "Feature", "properties": {}, "geometry": {"type": "LineString", "coordinates": [[95.073396, 27.538954], [95.07407, 27.539215], [95.074599, 27.539297], [95.076017, 27.540178], [95.076583, 27.540802], [95.076605, 27.540982], [95.076498, 27.541164], [95.076384, 27.541256], [95.076039, 27.541361], [95.075432, 27.541346], [95.074924, 27.541244], [95.074191, 27.540928], [95.073802, 27.540828], [95.072473, 27.540682], [95.071867, 27.540193], [95.071691, 27.539972], [95.071681, 27.539882], [95.071816, 27.5397], [95.0721, 27.539515], [95.072155, 27.539334], [95.072302, 27.539151], [95.072653, 27.538912], [95.072956, 27.538886], [95.073396, 27.538954]]}}, {"type": "Feature", "properties": {}, "geometry": {"type": "LineString", "coordinates": [[95.054918, 27.538687], [95.055751, 27.539036], [95.056568, 27.539572], [95.057043, 27.5401], [95.057113, 27.540279], [95.05709, 27.540416], [95.056888, 27.540491], [95.056039, 27.540475], [95.055875, 27.540439], [95.05567, 27.540312], [95.055364, 27.540201], [95.055279, 27.540126], [95.055111, 27.539767], [95.055121, 27.539677], [95.055015, 27.539408], [95.055028, 27.539137], [95.054768, 27.53896], [95.054615, 27.538782], [95.054627, 27.538667], [95.054918, 27.538687]]}}, {"type": "Feature", "properties": {}, "geometry": {"type": "LineString", "coordinates": [[95.024969, 27.538766], [95.026208, 27.539289], [95.026186, 27.53938], [95.025591, 27.539776], [95.024745, 27.540123], [95.023607, 27.5405], [95.023276, 27.540504], [95.022767, 27.540351], [95.022562, 27.540222], [95.021798, 27.539985], [95.021494, 27.539809], [95.02144, 27.53972], [95.02164, 27.539596], [95.021841, 27.539556], [95.023155, 27.539442], [95.023758, 27.539176], [95.024459, 27.538736], [95.024661, 27.538715], [95.024969, 27.538766]]}}, {"type": "Feature", "properties": {}, "geometry": {"type": "LineString", "coordinates": [[95.048907, 27.537332], [95.049295, 27.537507], [95.04965, 27.5378], [95.049861, 27.53804], [95.050016, 27.538398], [95.050003, 27.538489], [95.049868, 27.538607], [95.049464, 27.538656], [95.048944, 27.538504], [95.048641, 27.537967], [95.04866, 27.537696], [95.048516, 27.537428], [95.048561, 27.537337], [95.048629, 27.537313], [95.048907, 27.537332]]}}, {"type": "Feature", "properties": {}, "geometry": {"type": "LineString", "coordinates": [[95.021001, 27.536567], [95.021283, 27.536704], [95.022098, 27.536968], [95.022306, 27.53727], [95.022342, 27.53745], [95.02231, 27.537495], [95.021908, 27.537663], [95.0212, 27.537694], [95.020096, 27.538213], [95.019625, 27.538392], [95.01929, 27.538438], [95.019087, 27.538434], [95.018798, 27.538314], [95.017893, 27.538147], [95.01736, 27.538095], [95.016604, 27.537895], [95.016365, 27.537718], [95.016391, 27.537537], [95.016541, 27.537264], [95.016936, 27.537052], [95.017892, 27.536703], [95.01865, 27.53666], [95.020273, 27.536818], [95.020673, 27.536587], [95.021001, 27.536567]]}}, {"type": "Feature", "properties": {}, "geometry": {"type": "LineString", "coordinates": [[94.870455, 27.537321], [94.870739, 27.537498], [94.87091, 27.537676], [94.870828, 27.537948], [94.870459, 27.538327], [94.86925, 27.538962], [94.868998, 27.539146], [94.868882, 27.539328], [94.869059, 27.539374], [94.86916, 27.539335], [94.86956, 27.539058], [94.869661, 27.539047], [94.869801, 27.539135], [94.869646, 27.539859], [94.86952, 27.540132], [94.869176, 27.540276], [94.86857, 27.54036], [94.867759, 27.540294], [94.867623, 27.540157], [94.867607, 27.540067], [94.867694, 27.539795], [94.86782, 27.539613], [94.867949, 27.539558], [94.868385, 27.539605], [94.868577, 27.539513], [94.868556, 27.539332], [94.868248, 27.539313], [94.868024, 27.539249], [94.868067, 27.539068], [94.867954, 27.538889], [94.86798, 27.538799], [94.868337, 27.538565], [94.86864, 27.538514], [94.869143, 27.538328], [94.869442, 27.538033], [94.869661, 27.537693], [94.870037, 27.537319], [94.870238, 27.537262], [94.870455, 27.537321]]}}, {"type": "Feature", "properties": {}, "geometry": {"type": "LineString", "coordinates": [[95.022454, 27.532666], [95.024112, 27.532912], [95.026747, 27.533144], [95.027396, 27.533288], [95.028509, 27.533262], [95.029353, 27.533558], [95.030139, 27.533727], [95.030793, 27.533807], [95.031662, 27.534073], [95.032778, 27.534187], [95.033388, 27.534582], [95.033703, 27.534943], [95.034009, 27.535057], [95.034623, 27.535451], [95.034672, 27.535375], [95.034663, 27.535195], [95.034719, 27.535139], [95.034922, 27.535181], [95.035436, 27.53559], [95.035492, 27.535724], [95.035339, 27.535806], [95.03497, 27.535732], [95.034724, 27.535431], [95.034648, 27.535466], [95.034692, 27.535646], [95.03463, 27.535737], [95.034185, 27.536014], [95.034027, 27.536048], [95.033419, 27.536033], [95.033265, 27.535937], [95.033003, 27.535434], [95.0329, 27.535331], [95.032596, 27.535297], [95.032497, 27.535419], [95.032432, 27.535769], [95.032427, 27.536581], [95.032219, 27.536849], [95.031717, 27.537078], [95.031217, 27.537386], [95.030426, 27.537693], [95.029905, 27.537627], [95.029604, 27.537754], [95.0292, 27.537818], [95.028794, 27.537777], [95.028644, 27.537719], [95.028487, 27.537584], [95.02808, 27.537463], [95.027674, 27.537423], [95.027438, 27.537286], [95.027616, 27.537103], [95.027868, 27.536952], [95.028243, 27.536913], [95.028169, 27.536792], [95.028067, 27.536777], [95.027867, 27.536873], [95.027519, 27.536924], [95.027162, 27.537105], [95.026556, 27.537166], [95.026148, 27.537007], [95.025742, 27.536953], [95.025584, 27.536862], [95.025433, 27.53667], [95.025331, 27.536626], [95.024524, 27.536768], [95.023814, 27.536736], [95.023712, 27.536689], [95.023506, 27.536473], [95.023, 27.536484], [95.022594, 27.536407], [95.022081, 27.536059], [95.021635, 27.535926], [95.021166, 27.535855], [95.020758, 27.535702], [95.020449, 27.535395], [95.020347, 27.535353], [95.019943, 27.535392], [95.01924, 27.535701], [95.018735, 27.535787], [95.018232, 27.535959], [95.01732, 27.535913], [95.017116, 27.535811], [95.017038, 27.535722], [95.017186, 27.534818], [95.017273, 27.534546], [95.017594, 27.53418], [95.018092, 27.533813], [95.018494, 27.533685], [95.018895, 27.533435], [95.020007, 27.532882], [95.020579, 27.532693], [95.021208, 27.532632], [95.022454, 27.532666]]}}, {"type": "Feature", "properties": {}, "geometry": {"type": "LineString", "coordinates": [[95.014992, 27.534398], [95.015074, 27.534578], [95.015234, 27.535478], [95.015326, 27.536379], [95.015273, 27.536831], [95.015013, 27.537076], [95.01481, 27.537079], [95.014604, 27.536876], [95.014097, 27.536818], [95.013892, 27.536681], [95.013787, 27.536489], [95.01338, 27.536392], [95.012773, 27.53639], [95.012243, 27.536333], [95.011249, 27.53607], [95.011106, 27.535989], [95.011119, 27.535898], [95.011242, 27.535725], [95.011471, 27.535532], [95.012047, 27.535163], [95.012601, 27.534884], [95.013144, 27.534524], [95.014052, 27.534353], [95.01476, 27.534319], [95.014963, 27.534358], [95.014992, 27.534398]]}}, {"type": "Feature", "properties": {}, "geometry": {"type": "LineString", "coordinates": [[94.856013, 27.532912], [94.8567, 27.532935], [94.85731, 27.53306], [94.857512, 27.533055], [94.857819, 27.533276], [94.858026, 27.533493], [94.858543, 27.53419], [94.85906, 27.534676], [94.859128, 27.534766], [94.859112, 27.534856], [94.858329, 27.535318], [94.857961, 27.535652], [94.857762, 27.535877], [94.857565, 27.536214], [94.857323, 27.536866], [94.857212, 27.537048], [94.856331, 27.537962], [94.855879, 27.538309], [94.855576, 27.538372], [94.855373, 27.538344], [94.855173, 27.538492], [94.85487, 27.538521], [94.854766, 27.538354], [94.85426, 27.538364], [94.853753, 27.538295], [94.85345, 27.538358], [94.853297, 27.538002], [94.853285, 27.537732], [94.85346, 27.537188], [94.853638, 27.536915], [94.853623, 27.536616], [94.853519, 27.536426], [94.853104, 27.535829], [94.853002, 27.535809], [94.852935, 27.535931], [94.852961, 27.536021], [94.85311, 27.536195], [94.853267, 27.536288], [94.853378, 27.536467], [94.85332, 27.536829], [94.853224, 27.536943], [94.852281, 27.53603], [94.852294, 27.535859], [94.852394, 27.535772], [94.852697, 27.535717], [94.852886, 27.535571], [94.852882, 27.5353], [94.852788, 27.535138], [94.852687, 27.535117], [94.852437, 27.535397], [94.85227, 27.53567], [94.852091, 27.535804], [94.851888, 27.535777], [94.851797, 27.535676], [94.851825, 27.535405], [94.85233, 27.534857], [94.852371, 27.534585], [94.852473, 27.534434], [94.852873, 27.534111], [94.853574, 27.533656], [94.854096, 27.533208], [94.854474, 27.533008], [94.855079, 27.532862], [94.856013, 27.532912]]}}, {"type": "Feature", "properties": {}, "geometry": {"type": "LineString", "coordinates": [[94.883079, 27.536232], [94.882877, 27.536234], [94.88282, 27.536342], [94.882882, 27.53654], [94.883176, 27.536698], [94.883215, 27.536788], [94.883114, 27.53688], [94.882686, 27.536908], [94.882634, 27.536976], [94.88296, 27.537062], [94.883803, 27.537149], [94.884515, 27.537343], [94.88468, 27.53731], [94.884716, 27.537255], [94.885123, 27.537213], [94.885207, 27.537122], [94.885139, 27.537033], [94.885163, 27.536942], [94.885115, 27.53689], [94.884968, 27.537035], [94.884715, 27.537181], [94.8839, 27.536904], [94.883827, 27.53687], [94.883786, 27.53678], [94.883812, 27.536599], [94.883651, 27.536421], [94.883079, 27.536232]]}}, {"type": "Feature", "properties": {}, "geometry": {"type": "LineString", "coordinates": [[95.011973, 27.533449], [95.012316, 27.53355], [95.012974, 27.534067], [95.013028, 27.534246], [95.012938, 27.534358], [95.012534, 27.534398], [95.012131, 27.534509], [95.011228, 27.534947], [95.011071, 27.534906], [95.010919, 27.534667], [95.010714, 27.534523], [95.010614, 27.534562], [95.010518, 27.534851], [95.010116, 27.535006], [95.009869, 27.535195], [95.009618, 27.535497], [95.009111, 27.535413], [95.008809, 27.535531], [95.008302, 27.53549], [95.008149, 27.5354], [95.007993, 27.535169], [95.007891, 27.535137], [95.007591, 27.535346], [95.007389, 27.535368], [95.007278, 27.535322], [95.007236, 27.535233], [95.007383, 27.535031], [95.007583, 27.534943], [95.007988, 27.534921], [95.00879, 27.534474], [95.009797, 27.5342], [95.010807, 27.534079], [95.011091, 27.533823], [95.011104, 27.53367], [95.011002, 27.533554], [95.010998, 27.533464], [95.011099, 27.533403], [95.011605, 27.533379], [95.011973, 27.533449]]}}, {"type": "Feature", "properties": {}, "geometry": {"type": "LineString", "coordinates": [[95.00822, 27.526013], [95.00884, 27.526106], [95.009245, 27.526112], [95.009488, 27.526175], [95.009846, 27.526351], [95.010677, 27.526912], [95.011392, 27.52727], [95.012409, 27.527537], [95.012916, 27.527573], [95.013336, 27.527473], [95.013453, 27.527381], [95.013522, 27.52711], [95.013615, 27.527032], [95.013817, 27.527105], [95.013923, 27.527259], [95.014227, 27.527308], [95.014246, 27.52737], [95.01403, 27.527613], [95.013729, 27.527743], [95.013304, 27.528196], [95.012739, 27.528973], [95.012151, 27.530014], [95.011901, 27.530563], [95.011458, 27.53091], [95.011156, 27.530982], [95.010317, 27.531488], [95.009852, 27.531663], [95.008578, 27.531784], [95.007125, 27.532021], [95.006619, 27.532001], [95.006217, 27.532151], [95.004907, 27.532511], [95.003399, 27.533114], [95.000983, 27.533817], [95.000826, 27.533791], [95.000675, 27.533615], [95.000573, 27.533578], [95.000168, 27.533537], [94.999966, 27.53359], [94.999894, 27.533714], [94.999666, 27.53379], [94.998755, 27.5338], [94.99845, 27.533754], [94.998191, 27.533648], [94.997835, 27.533303], [94.997461, 27.533117], [94.997242, 27.53285], [94.996813, 27.532763], [94.996339, 27.532411], [94.995998, 27.531694], [94.996177, 27.531211], [94.996275, 27.531031], [94.996375, 27.530965], [94.996782, 27.53108], [94.997089, 27.531228], [94.997495, 27.531314], [94.997898, 27.531174], [94.998302, 27.531168], [94.998945, 27.53084], [94.999207, 27.530821], [94.999818, 27.530988], [95.000424, 27.530949], [95.000755, 27.530994], [95.000933, 27.531099], [95.00114, 27.531349], [95.001241, 27.531334], [95.001438, 27.531009], [95.001741, 27.530955], [95.001798, 27.530889], [95.001789, 27.530709], [95.001831, 27.530618], [95.002037, 27.530556], [95.002341, 27.530553], [95.00295, 27.530657], [95.003664, 27.530951], [95.003866, 27.530941], [95.004097, 27.530856], [95.004568, 27.530535], [95.005, 27.52994], [95.005352, 27.52916], [95.005481, 27.52867], [95.005557, 27.528308], [95.005619, 27.527495], [95.005814, 27.527131], [95.006373, 27.526401], [95.006805, 27.526034], [95.007015, 27.525969], [95.007521, 27.525951], [95.00822, 27.526013]]}}, {"type": "Feature", "properties": {}, "geometry": {"type": "LineString", "coordinates": [[94.982632, 27.526471], [94.982831, 27.526491], [94.98363, 27.526727], [94.983922, 27.526904], [94.984466, 27.527357], [94.984893, 27.527882], [94.985394, 27.528307], [94.985804, 27.528594], [94.98652, 27.528997], [94.986828, 27.529256], [94.987375, 27.529562], [94.987589, 27.52992], [94.987734, 27.530369], [94.987844, 27.530999], [94.987777, 27.531316], [94.987676, 27.53137], [94.987473, 27.531344], [94.986758, 27.530966], [94.986252, 27.530961], [94.985844, 27.530804], [94.985437, 27.530707], [94.985207, 27.530495], [94.985027, 27.530441], [94.984822, 27.530269], [94.984416, 27.53019], [94.98426, 27.530057], [94.984153, 27.529788], [94.983895, 27.529368], [94.98353, 27.528985], [94.983349, 27.528626], [94.983288, 27.528086], [94.983201, 27.527907], [94.982941, 27.52773], [94.982816, 27.527551], [94.982506, 27.527375], [94.982457, 27.526924], [94.982347, 27.526655], [94.982382, 27.526565], [94.982632, 27.526471]]}}, {"type": "Feature", "properties": {}, "geometry": {"type": "LineString", "coordinates": [[95.018346, 27.529206], [95.019024, 27.529443], [95.019026, 27.529552], [95.018594, 27.530014], [95.018333, 27.530422], [95.017936, 27.530746], [95.017631, 27.530773], [95.017563, 27.530751], [95.017526, 27.530542], [95.017323, 27.530548], [95.016916, 27.530413], [95.016613, 27.530437], [95.016447, 27.530316], [95.016605, 27.530002], [95.017401, 27.529266], [95.017704, 27.529216], [95.018346, 27.529206]]}}, {"type": "Feature", "properties": {}, "geometry": {"type": "LineString", "coordinates": [[94.982095, 27.523049], [94.982451, 27.523315], [94.982797, 27.523671], [94.982933, 27.523939], [94.982888, 27.524026], [94.982686, 27.524051], [94.982279, 27.523961], [94.982022, 27.523772], [94.9819, 27.523052], [94.981958, 27.522981], [94.982095, 27.523049]]}}, {"type": "Feature", "properties": {}, "geometry": {"type": "LineString", "coordinates": [[94.958429, 27.512284], [94.958893, 27.512453], [94.959304, 27.512788], [94.959506, 27.512771], [94.95971, 27.512816], [94.96104, 27.513613], [94.961958, 27.514038], [94.962572, 27.514415], [94.962743, 27.514569], [94.962912, 27.515018], [94.963445, 27.516003], [94.963413, 27.516143], [94.962709, 27.516423], [94.962107, 27.516741], [94.961707, 27.516986], [94.961407, 27.517233], [94.960633, 27.517668], [94.960357, 27.517942], [94.960207, 27.518014], [94.959498, 27.517984], [94.959091, 27.517891], [94.958923, 27.517782], [94.958805, 27.517242], [94.958426, 27.516616], [94.958214, 27.515987], [94.958254, 27.515535], [94.958143, 27.515176], [94.958241, 27.514723], [94.958229, 27.514453], [94.958437, 27.513818], [94.958459, 27.513547], [94.958403, 27.513277], [94.958056, 27.51274], [94.957991, 27.51238], [94.95808, 27.512225], [94.958429, 27.512284]]}}, {"type": "Feature", "properties": {}, "geometry": {"type": "LineString", "coordinates": [[94.92579, 27.505159], [94.925972, 27.505207], [94.927188, 27.505279], [94.927798, 27.505446], [94.928811, 27.505486], [94.930841, 27.505842], [94.931448, 27.505808], [94.932056, 27.505845], [94.932505, 27.505968], [94.932872, 27.506246], [94.933183, 27.506623], [94.933388, 27.506776], [94.933425, 27.506677], [94.933384, 27.506579], [94.933234, 27.506319], [94.933009, 27.506141], [94.933037, 27.506051], [94.933781, 27.506111], [94.934088, 27.506274], [94.934463, 27.506572], [94.934701, 27.506637], [94.935212, 27.506889], [94.935921, 27.506957], [94.936227, 27.507059], [94.93653, 27.507014], [94.936675, 27.506812], [94.937029, 27.506612], [94.93723, 27.506549], [94.937332, 27.506585], [94.937538, 27.506782], [94.937793, 27.506887], [94.938007, 27.507245], [94.93826, 27.507554], [94.938774, 27.50802], [94.939726, 27.509568], [94.940646, 27.510849], [94.941586, 27.512516], [94.942207, 27.513308], [94.943368, 27.514481], [94.944175, 27.515552], [94.944409, 27.51591], [94.944859, 27.516806], [94.944887, 27.517077], [94.944818, 27.517168], [94.944705, 27.517199], [94.944299, 27.517165], [94.942682, 27.517318], [94.941576, 27.517718], [94.940889, 27.517854], [94.940465, 27.517848], [94.93988, 27.517688], [94.939344, 27.517422], [94.938939, 27.517409], [94.938674, 27.517344], [94.937641, 27.516997], [94.936698, 27.51661], [94.935273, 27.516187], [94.934954, 27.516132], [94.93395, 27.515758], [94.933144, 27.515255], [94.932755, 27.514899], [94.932638, 27.51463], [94.932709, 27.51426], [94.93281, 27.51427], [94.933299, 27.514711], [94.933529, 27.514824], [94.935049, 27.515409], [94.935613, 27.515581], [94.936379, 27.515759], [94.937492, 27.515747], [94.938, 27.515823], [94.938285, 27.515815], [94.938099, 27.515716], [94.937187, 27.515633], [94.93664, 27.515477], [94.93617, 27.5154], [94.935101, 27.515047], [94.933865, 27.514523], [94.932905, 27.513887], [94.932492, 27.513457], [94.932086, 27.512743], [94.931788, 27.512386], [94.931521, 27.511758], [94.931103, 27.511041], [94.930759, 27.510595], [94.930512, 27.510185], [94.929852, 27.509525], [94.92966, 27.509256], [94.929178, 27.508902], [94.928867, 27.508739], [94.927754, 27.508766], [94.925863, 27.509129], [94.925436, 27.509293], [94.925102, 27.5095], [94.924682, 27.509867], [94.924444, 27.510141], [94.924138, 27.510318], [94.923125, 27.510289], [94.922318, 27.510435], [94.921814, 27.510585], [94.919893, 27.510673], [94.919691, 27.51072], [94.919391, 27.51093], [94.919086, 27.510841], [94.919041, 27.510667], [94.919081, 27.510565], [94.919475, 27.51039], [94.919526, 27.510299], [94.919475, 27.51021], [94.918551, 27.509591], [94.91815, 27.509415], [94.917542, 27.509244], [94.916222, 27.509134], [94.915212, 27.509265], [94.914708, 27.509404], [94.914405, 27.509437], [94.913897, 27.509303], [94.912782, 27.509188], [94.912175, 27.509047], [94.911782, 27.508872], [94.911901, 27.50878], [94.912323, 27.508684], [94.913173, 27.5084], [94.91408, 27.508197], [94.914381, 27.508041], [94.914683, 27.507964], [94.915173, 27.507742], [94.915986, 27.507215], [94.916692, 27.507037], [94.918429, 27.506343], [94.919815, 27.506218], [94.920622, 27.50606], [94.921431, 27.506028], [94.922442, 27.505915], [94.923253, 27.50601], [94.925279, 27.506123], [94.925402, 27.506066], [94.925355, 27.505887], [94.924967, 27.505638], [94.924538, 27.505537], [94.924373, 27.505449], [94.924456, 27.505358], [94.925184, 27.505167], [94.925464, 27.505133], [94.92579, 27.505159]]}}, {"type": "Feature", "properties": {}, "geometry": {"type": "LineString", "coordinates": [[94.942777, 27.506366], [94.944014, 27.506702], [94.944525, 27.506883], [94.94483, 27.507052], [94.945336, 27.50703], [94.945928, 27.507225], [94.946456, 27.507448], [94.946641, 27.507576], [94.946868, 27.507837], [94.947069, 27.507732], [94.947271, 27.507744], [94.94829, 27.508088], [94.949091, 27.508624], [94.949226, 27.509547], [94.949327, 27.509534], [94.949336, 27.509433], [94.949318, 27.508982], [94.949228, 27.508713], [94.949243, 27.508622], [94.94941, 27.508514], [94.950634, 27.509025], [94.951046, 27.509413], [94.951453, 27.50953], [94.951659, 27.50974], [94.952144, 27.510026], [94.95248, 27.510389], [94.952582, 27.510412], [94.952984, 27.510259], [94.953085, 27.510266], [94.953261, 27.510371], [94.953394, 27.510579], [94.953458, 27.510819], [94.95347, 27.511361], [94.953414, 27.511723], [94.953532, 27.511811], [94.953572, 27.511901], [94.953535, 27.512082], [94.953458, 27.512173], [94.953328, 27.512523], [94.953137, 27.513181], [94.953239, 27.513218], [94.95344, 27.513133], [94.953613, 27.512893], [94.953839, 27.5128], [94.953941, 27.512874], [94.953951, 27.512978], [94.953874, 27.51316], [94.953646, 27.513351], [94.953546, 27.513407], [94.953444, 27.51337], [94.953049, 27.513929], [94.952948, 27.513964], [94.952846, 27.513916], [94.952644, 27.513956], [94.952545, 27.514045], [94.952503, 27.514353], [94.952615, 27.514802], [94.952711, 27.515794], [94.95268, 27.515957], [94.952579, 27.515991], [94.952289, 27.51589], [94.951864, 27.515605], [94.951664, 27.515783], [94.951563, 27.515799], [94.951054, 27.515598], [94.950511, 27.515554], [94.949123, 27.515155], [94.948434, 27.514861], [94.947693, 27.514461], [94.947284, 27.514192], [94.946807, 27.513801], [94.946634, 27.513623], [94.9465, 27.513083], [94.946187, 27.512546], [94.946179, 27.512456], [94.94624, 27.512426], [94.946545, 27.512454], [94.946952, 27.512583], [94.948399, 27.513237], [94.949194, 27.513443], [94.949703, 27.51365], [94.95073, 27.514476], [94.950862, 27.514466], [94.950955, 27.514013], [94.950818, 27.513735], [94.950365, 27.5133], [94.948767, 27.51223], [94.948359, 27.512028], [94.947647, 27.511834], [94.945201, 27.510902], [94.944792, 27.510654], [94.944141, 27.509506], [94.943949, 27.508787], [94.943891, 27.507885], [94.943318, 27.507391], [94.942801, 27.506757], [94.942502, 27.50646], [94.942501, 27.50637], [94.942777, 27.506366]]}}, {"type": "Feature", "properties": {}, "geometry": {"type": "LineString", "coordinates": [[94.97233, 27.513441], [94.972669, 27.513797], [94.973255, 27.51415], [94.973385, 27.514329], [94.973262, 27.515052], [94.973115, 27.5153], [94.972915, 27.515457], [94.972611, 27.51543], [94.972305, 27.515294], [94.972202, 27.515191], [94.972065, 27.514889], [94.972035, 27.514618], [94.972124, 27.513534], [94.97217, 27.513394], [94.972271, 27.513378], [94.97233, 27.513441]]}}, {"type": "Feature", "properties": {}, "geometry": {"type": "LineString", "coordinates": [[94.89315, 27.515401], [94.892648, 27.515636], [94.892165, 27.516179], [94.892203, 27.516269], [94.892562, 27.516532], [94.89273, 27.516082], [94.893197, 27.515443], [94.89315, 27.515401]]}}, {"type": "Feature", "properties": {}, "geometry": {"type": "LineString", "coordinates": [[94.966977, 27.512524], [94.967298, 27.512635], [94.967805, 27.512673], [94.968414, 27.512805], [94.969128, 27.513084], [94.970039, 27.513099], [94.970445, 27.513149], [94.971051, 27.513085], [94.971153, 27.51312], [94.971303, 27.513365], [94.971331, 27.513997], [94.971273, 27.514539], [94.971121, 27.514902], [94.970885, 27.515126], [94.970582, 27.515161], [94.969158, 27.51476], [94.968178, 27.514402], [94.967844, 27.514227], [94.967315, 27.513873], [94.966695, 27.51334], [94.966618, 27.51298], [94.966262, 27.512624], [94.96629, 27.512534], [94.966385, 27.512506], [94.966977, 27.512524]]}}, {"type": "Feature", "properties": {}, "geometry": {"type": "LineString", "coordinates": [[94.928183, 27.509548], [94.928886, 27.509787], [94.929182, 27.509985], [94.930531, 27.51125], [94.93065, 27.511499], [94.930538, 27.511694], [94.930025, 27.511251], [94.929923, 27.511212], [94.929823, 27.511276], [94.92984, 27.51151], [94.930246, 27.512344], [94.930556, 27.512681], [94.930726, 27.512761], [94.931166, 27.512839], [94.931779, 27.513195], [94.932038, 27.513826], [94.932095, 27.513855], [94.932195, 27.513794], [94.932306, 27.513822], [94.932313, 27.514183], [94.932205, 27.514372], [94.932004, 27.514482], [94.931802, 27.514514], [94.931122, 27.51429], [94.930277, 27.514084], [94.929374, 27.513502], [94.927786, 27.512351], [94.92659, 27.511637], [94.926081, 27.511469], [94.925068, 27.511408], [94.924357, 27.511283], [94.923746, 27.511091], [94.923568, 27.510965], [94.92358, 27.510875], [94.92374, 27.510745], [94.924243, 27.510552], [94.924646, 27.510454], [94.924847, 27.510346], [94.925049, 27.510319], [94.925252, 27.510366], [94.925683, 27.510304], [94.925645, 27.510215], [94.925303, 27.510129], [94.925808, 27.509851], [94.926052, 27.509824], [94.926253, 27.509744], [94.926659, 27.509771], [94.92696, 27.509654], [94.927565, 27.509508], [94.92797, 27.509498], [94.928183, 27.509548]]}}, {"type": "Feature", "properties": {}, "geometry": {"type": "LineString", "coordinates": [[94.922465, 27.511342], [94.923652, 27.511477], [94.924971, 27.511848], [94.925098, 27.511937], [94.92513, 27.512027], [94.925082, 27.512258], [94.924288, 27.513158], [94.923685, 27.513379], [94.923381, 27.513388], [94.922363, 27.513037], [94.921543, 27.512473], [94.921446, 27.512348], [94.921398, 27.511988], [94.921325, 27.511899], [94.921025, 27.511747], [94.920619, 27.511709], [94.920497, 27.51164], [94.920514, 27.511549], [94.920615, 27.511497], [94.921219, 27.511283], [94.921929, 27.511348], [94.922465, 27.511342]]}}, {"type": "Feature", "properties": {}, "geometry": {"type": "LineString", "coordinates": [[94.954922, 27.51107], [94.955028, 27.511249], [94.955149, 27.511788], [94.955143, 27.512151], [94.955041, 27.512113], [94.954934, 27.511771], [94.954525, 27.511564], [94.954401, 27.511348], [94.954392, 27.511167], [94.954428, 27.511077], [94.954516, 27.511024], [94.954717, 27.510988], [94.954922, 27.51107]]}}, {"type": "Feature", "properties": {}, "geometry": {"type": "LineString", "coordinates": [[94.910651, 27.509519], [94.910815, 27.509607], [94.910635, 27.50979], [94.910261, 27.509976], [94.91014, 27.510158], [94.910137, 27.510338], [94.910293, 27.510607], [94.910248, 27.510698], [94.909975, 27.510806], [94.909672, 27.510852], [94.909473, 27.511041], [94.908971, 27.51129], [94.908567, 27.511304], [94.908101, 27.511088], [94.908066, 27.510998], [94.908148, 27.510817], [94.908254, 27.510754], [94.908762, 27.510856], [94.909127, 27.510713], [94.909062, 27.510665], [94.908757, 27.51061], [94.908679, 27.510539], [94.908752, 27.510309], [94.908928, 27.510084], [94.908923, 27.509994], [94.908744, 27.509825], [94.908728, 27.509726], [94.9089, 27.509543], [94.909143, 27.509514], [94.909449, 27.509633], [94.909953, 27.509505], [94.910651, 27.509519]]}}, {"type": "Feature", "properties": {}, "geometry": {"type": "LineString", "coordinates": [[94.903574, 27.501584], [94.903683, 27.501672], [94.903955, 27.502481], [94.905052, 27.504181], [94.90573, 27.505525], [94.905701, 27.505706], [94.90559, 27.505798], [94.905331, 27.505892], [94.904831, 27.505983], [94.90453, 27.506104], [94.904428, 27.506085], [94.904288, 27.505906], [94.903965, 27.505279], [94.903731, 27.504109], [94.903533, 27.502667], [94.903513, 27.502036], [94.903436, 27.501676], [94.903541, 27.501564], [94.903574, 27.501584]]}}, {"type": "Feature", "properties": {}, "geometry": {"type": "LineString", "coordinates": [[94.902205, 27.487884], [94.902585, 27.488511], [94.902895, 27.489138], [94.903715, 27.4903], [94.903964, 27.490903], [94.904687, 27.491754], [94.905207, 27.492544], [94.90634, 27.493704], [94.906623, 27.494051], [94.906755, 27.494276], [94.907078, 27.495407], [94.907463, 27.496296], [94.908544, 27.498232], [94.909375, 27.499495], [94.910407, 27.500638], [94.911468, 27.501566], [94.912155, 27.502235], [94.913183, 27.503347], [94.913617, 27.503883], [94.913776, 27.504241], [94.913695, 27.504513], [94.913213, 27.50489], [94.912898, 27.505066], [94.912008, 27.505436], [94.911348, 27.505629], [94.910798, 27.505695], [94.90928, 27.505718], [94.908873, 27.505607], [94.908262, 27.505356], [94.907343, 27.504898], [94.906428, 27.504678], [94.905932, 27.504078], [94.905791, 27.503719], [94.905694, 27.503195], [94.90538, 27.502597], [94.904128, 27.501396], [94.903525, 27.500677], [94.903372, 27.500323], [94.90336, 27.500143], [94.903597, 27.498967], [94.903696, 27.498811], [94.903797, 27.498824], [94.904002, 27.498949], [94.904927, 27.499796], [94.905233, 27.499951], [94.905302, 27.500026], [94.905348, 27.500206], [94.905646, 27.500409], [94.905948, 27.500829], [94.906059, 27.500872], [94.90615, 27.500826], [94.905998, 27.500558], [94.905706, 27.500291], [94.904711, 27.499021], [94.903665, 27.497014], [94.903475, 27.49635], [94.903564, 27.496079], [94.903444, 27.495969], [94.903127, 27.495185], [94.902918, 27.494791], [94.902437, 27.494108], [94.90212, 27.493752], [94.901783, 27.493507], [94.901576, 27.493252], [94.901477, 27.492948], [94.901098, 27.492231], [94.900982, 27.491872], [94.900984, 27.491691], [94.901126, 27.491238], [94.901086, 27.491058], [94.901032, 27.491026], [94.900931, 27.491075], [94.900671, 27.491606], [94.900537, 27.491685], [94.900332, 27.491564], [94.89965, 27.490897], [94.899268, 27.490632], [94.898994, 27.49023], [94.898612, 27.489829], [94.898611, 27.489648], [94.89873, 27.489466], [94.898732, 27.489376], [94.898462, 27.488734], [94.898416, 27.488478], [94.89841, 27.488117], [94.898449, 27.487992], [94.898549, 27.487921], [94.898854, 27.487977], [94.899258, 27.487943], [94.899563, 27.488011], [94.899783, 27.488188], [94.900053, 27.488997], [94.900401, 27.48965], [94.900503, 27.489728], [94.900906, 27.489601], [94.900965, 27.489616], [94.901165, 27.490064], [94.901421, 27.490128], [94.901562, 27.489879], [94.901573, 27.489517], [94.90165, 27.489336], [94.9014, 27.488926], [94.900676, 27.487981], [94.900776, 27.487949], [94.900878, 27.487982], [94.901384, 27.488256], [94.901592, 27.48831], [94.901895, 27.488258], [94.901919, 27.487978], [94.901989, 27.487865], [94.902089, 27.487807], [94.902205, 27.487884]]}}, {"type": "Feature", "properties": {}, "geometry": {"type": "LineString", "coordinates": [[94.878502, 27.483603], [94.879453, 27.483733], [94.880535, 27.484027], [94.881688, 27.484263], [94.882503, 27.484601], [94.883416, 27.484717], [94.884801, 27.484782], [94.885747, 27.484928], [94.88656, 27.485106], [94.887664, 27.485465], [94.888291, 27.48572], [94.889001, 27.485848], [94.890324, 27.486244], [94.89073, 27.486307], [94.890934, 27.486401], [94.891015, 27.486322], [94.890939, 27.486233], [94.8909, 27.486053], [94.891032, 27.485871], [94.891122, 27.485576], [94.891525, 27.485496], [94.892438, 27.485589], [94.89274, 27.485545], [94.893033, 27.485573], [94.893091, 27.485662], [94.893048, 27.485776], [94.892847, 27.485883], [94.892645, 27.485904], [94.892544, 27.485872], [94.89244, 27.485737], [94.892292, 27.485763], [94.892285, 27.486214], [94.892146, 27.486307], [94.891999, 27.486489], [94.892088, 27.486939], [94.892261, 27.48711], [94.892366, 27.487301], [94.893389, 27.487991], [94.8939, 27.488233], [94.894, 27.488204], [94.894009, 27.488086], [94.893292, 27.487464], [94.893256, 27.487375], [94.89329, 27.487194], [94.893578, 27.486829], [94.893508, 27.486649], [94.893503, 27.486288], [94.893648, 27.486196], [94.893682, 27.486105], [94.893632, 27.486016], [94.893686, 27.485925], [94.894263, 27.48583], [94.894422, 27.485734], [94.894462, 27.485627], [94.894972, 27.48585], [94.895126, 27.486086], [94.895395, 27.486984], [94.895552, 27.487343], [94.895642, 27.487703], [94.895623, 27.488155], [94.895918, 27.488782], [94.895976, 27.489233], [94.896144, 27.489682], [94.896164, 27.489862], [94.896081, 27.490044], [94.896101, 27.490134], [94.896263, 27.490311], [94.896466, 27.490344], [94.89651, 27.490399], [94.897511, 27.492273], [94.898271, 27.493263], [94.898445, 27.493608], [94.898518, 27.493981], [94.898574, 27.494793], [94.898676, 27.495323], [94.898779, 27.495378], [94.899281, 27.495149], [94.899684, 27.495077], [94.899786, 27.495122], [94.900119, 27.495674], [94.900414, 27.496328], [94.900742, 27.496839], [94.90094, 27.497498], [94.901022, 27.49837], [94.90119, 27.499179], [94.901055, 27.500084], [94.900964, 27.501168], [94.900928, 27.503154], [94.900839, 27.503402], [94.900739, 27.503418], [94.899871, 27.503169], [94.899417, 27.503081], [94.898202, 27.503041], [94.896985, 27.502889], [94.896232, 27.503038], [94.895977, 27.503138], [94.895735, 27.503135], [94.895569, 27.502979], [94.895066, 27.502783], [94.894882, 27.502605], [94.894774, 27.502426], [94.894767, 27.502065], [94.893996, 27.501353], [94.893508, 27.500806], [94.893097, 27.500481], [94.892589, 27.500378], [94.891772, 27.50012], [94.891367, 27.49994], [94.890238, 27.499239], [94.89007, 27.49906], [94.890034, 27.49892], [94.889912, 27.498792], [94.889606, 27.498706], [94.889283, 27.498529], [94.887987, 27.497546], [94.887309, 27.497202], [94.88656, 27.49698], [94.886352, 27.496625], [94.885463, 27.496145], [94.884923, 27.49596], [94.884059, 27.495893], [94.884014, 27.495803], [94.884089, 27.495622], [94.88402, 27.495532], [94.883846, 27.495444], [94.88345, 27.49536], [94.883393, 27.495245], [94.883545, 27.495087], [94.883183, 27.494827], [94.883076, 27.494643], [94.882909, 27.494555], [94.882517, 27.49447], [94.88215, 27.494294], [94.881952, 27.494116], [94.881745, 27.493758], [94.881644, 27.493308], [94.88154, 27.493129], [94.880963, 27.492415], [94.880466, 27.49197], [94.879779, 27.491007], [94.879676, 27.49093], [94.879475, 27.491007], [94.879374, 27.490998], [94.878957, 27.490727], [94.878449, 27.49017], [94.877993, 27.489477], [94.877828, 27.488937], [94.877678, 27.488037], [94.8778, 27.487728], [94.878002, 27.487666], [94.878409, 27.487835], [94.878815, 27.48792], [94.879121, 27.48806], [94.879772, 27.48846], [94.880102, 27.488726], [94.880349, 27.488843], [94.880657, 27.489087], [94.88095, 27.489166], [94.881067, 27.48938], [94.881169, 27.489437], [94.881196, 27.489343], [94.880958, 27.488922], [94.880249, 27.488183], [94.880132, 27.488], [94.88003, 27.487923], [94.879827, 27.487886], [94.87921, 27.487317], [94.879123, 27.487025], [94.879268, 27.486932], [94.879221, 27.486843], [94.878695, 27.486801], [94.878184, 27.486493], [94.877978, 27.486292], [94.877044, 27.484897], [94.876512, 27.484262], [94.876423, 27.484087], [94.876166, 27.483906], [94.876157, 27.483816], [94.876315, 27.483668], [94.876617, 27.483569], [94.877932, 27.483553], [94.878502, 27.483603]]}}, {"type": "Feature", "properties": {}, "geometry": {"type": "LineString", "coordinates": [[94.919066, 27.4937], [94.919805, 27.493969], [94.920163, 27.494045], [94.920318, 27.494356], [94.920758, 27.494579], [94.920953, 27.494756], [94.921133, 27.495025], [94.921448, 27.495315], [94.922036, 27.495734], [94.922506, 27.495908], [94.92318, 27.496024], [94.923589, 27.496214], [94.923644, 27.496163], [94.92379, 27.496151], [94.923994, 27.496238], [94.924202, 27.496556], [94.924284, 27.497147], [94.924035, 27.498234], [94.923931, 27.498429], [94.923729, 27.498451], [94.922913, 27.498075], [94.921584, 27.497185], [94.920125, 27.495761], [94.919929, 27.495493], [94.91983, 27.495429], [94.919628, 27.495406], [94.919423, 27.495266], [94.919008, 27.494716], [94.918766, 27.494155], [94.918731, 27.493885], [94.918786, 27.493703], [94.919066, 27.4937]]}}, {"type": "Feature", "properties": {}, "geometry": {"type": "LineString", "coordinates": [[94.910748, 27.497063], [94.911058, 27.497303], [94.911526, 27.497774], [94.911682, 27.497953], [94.911678, 27.498053], [94.910972, 27.498216], [94.910701, 27.498147], [94.910647, 27.498057], [94.910552, 27.497156], [94.910589, 27.497065], [94.910748, 27.497063]]}}, {"type": "Feature", "properties": {}, "geometry": {"type": "LineString", "coordinates": [[94.912178, 27.491267], [94.912472, 27.491295], [94.91298, 27.49143], [94.913381, 27.491612], [94.913834, 27.491967], [94.914171, 27.492323], [94.914628, 27.493059], [94.914883, 27.493577], [94.915005, 27.493936], [94.915108, 27.494657], [94.915074, 27.494838], [94.914971, 27.494929], [94.914272, 27.494939], [94.913546, 27.494877], [94.912733, 27.494674], [94.911729, 27.494252], [94.910892, 27.493541], [94.910583, 27.493094], [94.910377, 27.492917], [94.909447, 27.492298], [94.909142, 27.492031], [94.909143, 27.491936], [94.909545, 27.491744], [94.910152, 27.491711], [94.910453, 27.491603], [94.91066, 27.491469], [94.910855, 27.491422], [94.911662, 27.491296], [94.912178, 27.491267]]}}, {"type": "Feature", "properties": {}, "geometry": {"type": "LineString", "coordinates": [[94.86903, 27.464598], [94.87008, 27.465035], [94.870468, 27.46512], [94.871048, 27.46545], [94.871357, 27.465771], [94.871865, 27.465919], [94.871963, 27.465724], [94.872063, 27.465654], [94.872471, 27.465829], [94.873005, 27.466169], [94.873163, 27.466618], [94.873397, 27.466885], [94.873619, 27.467243], [94.873723, 27.467603], [94.873873, 27.468594], [94.873936, 27.46869], [94.874255, 27.468859], [94.874322, 27.46922], [94.874564, 27.46993], [94.874513, 27.470751], [94.874378, 27.470906], [94.874197, 27.470936], [94.87426, 27.471567], [94.874601, 27.472127], [94.87523, 27.473378], [94.875453, 27.473897], [94.875762, 27.474961], [94.876184, 27.47596], [94.876287, 27.476085], [94.876941, 27.477397], [94.877535, 27.478059], [94.877978, 27.478737], [94.878266, 27.479545], [94.878436, 27.479814], [94.878814, 27.480711], [94.878847, 27.480981], [94.8787, 27.481094], [94.878094, 27.481172], [94.87617, 27.481099], [94.874451, 27.481179], [94.874149, 27.481255], [94.873138, 27.481359], [94.872838, 27.481528], [94.872538, 27.481769], [94.872337, 27.481829], [94.871629, 27.48188], [94.871022, 27.481863], [94.870819, 27.481813], [94.870619, 27.481946], [94.870416, 27.48196], [94.870335, 27.481908], [94.870345, 27.481818], [94.870712, 27.481272], [94.870738, 27.481], [94.870657, 27.480821], [94.870373, 27.480554], [94.870328, 27.480374], [94.870389, 27.480324], [94.871198, 27.480321], [94.871473, 27.480269], [94.87155, 27.480177], [94.871371, 27.480089], [94.871194, 27.480062], [94.870991, 27.480054], [94.870588, 27.48012], [94.870182, 27.48005], [94.869786, 27.47984], [94.869664, 27.479661], [94.869667, 27.479563], [94.869915, 27.479477], [94.869911, 27.479387], [94.869782, 27.479208], [94.869764, 27.479028], [94.86961, 27.478669], [94.869625, 27.478308], [94.869529, 27.478129], [94.869324, 27.47719], [94.86916, 27.47678], [94.869267, 27.476598], [94.86926, 27.476508], [94.869209, 27.476377], [94.869048, 27.47624], [94.869021, 27.47615], [94.869109, 27.475968], [94.869463, 27.475873], [94.869559, 27.475782], [94.868895, 27.475756], [94.868489, 27.475667], [94.867569, 27.47515], [94.86706, 27.474945], [94.866609, 27.474648], [94.86604, 27.474457], [94.86528, 27.474124], [94.864674, 27.473771], [94.864142, 27.473147], [94.863729, 27.47225], [94.86358, 27.47171], [94.863376, 27.471262], [94.863238, 27.470632], [94.862981, 27.469823], [94.862917, 27.469192], [94.863011, 27.468881], [94.863009, 27.468723], [94.862906, 27.468648], [94.862874, 27.468922], [94.862914, 27.469373], [94.862818, 27.469413], [94.8623, 27.468694], [94.86222, 27.468389], [94.862214, 27.468118], [94.862289, 27.468013], [94.862592, 27.467998], [94.863203, 27.468269], [94.863408, 27.468417], [94.86361, 27.468352], [94.863707, 27.468189], [94.863704, 27.467932], [94.863804, 27.467881], [94.864108, 27.467905], [94.864719, 27.468116], [94.864812, 27.468084], [94.864613, 27.467846], [94.864203, 27.467567], [94.863255, 27.467383], [94.863206, 27.467293], [94.863237, 27.467202], [94.863687, 27.466933], [94.864393, 27.466825], [94.865133, 27.466455], [94.865499, 27.466367], [94.865903, 27.466342], [94.866227, 27.466169], [94.86627, 27.466079], [94.86614, 27.465629], [94.866197, 27.465538], [94.866622, 27.465262], [94.866786, 27.464709], [94.866988, 27.464695], [94.867434, 27.464799], [94.867653, 27.464977], [94.86791, 27.465333], [94.867944, 27.465244], [94.867688, 27.464796], [94.867662, 27.464706], [94.867696, 27.464663], [94.867897, 27.464607], [94.868504, 27.464602], [94.868606, 27.464653], [94.868807, 27.464576], [94.86903, 27.464598]]}}, {"type": "Feature", "properties": {}, "geometry": {"type": "LineString", "coordinates": [[94.786014, 27.479677], [94.786489, 27.479773], [94.786773, 27.479938], [94.786871, 27.480297], [94.78675, 27.48048], [94.786603, 27.480554], [94.786401, 27.480571], [94.7861, 27.480748], [94.785595, 27.480806], [94.785119, 27.481042], [94.784839, 27.481226], [94.784647, 27.481499], [94.784195, 27.481855], [94.783695, 27.48219], [94.783594, 27.482228], [94.783492, 27.482178], [94.783578, 27.481603], [94.783781, 27.481266], [94.783988, 27.481057], [94.784293, 27.480872], [94.784974, 27.479913], [94.785173, 27.479739], [94.785374, 27.479644], [94.786014, 27.479677]]}}, {"type": "Feature", "properties": {}, "geometry": {"type": "LineString", "coordinates": [[94.777914, 27.478968], [94.77851, 27.479322], [94.778657, 27.4795], [94.7788, 27.479859], [94.778814, 27.48004], [94.778793, 27.48013], [94.778604, 27.480269], [94.778301, 27.480326], [94.777998, 27.480313], [94.77749, 27.480204], [94.777083, 27.480059], [94.775868, 27.480031], [94.775439, 27.479902], [94.775067, 27.479636], [94.775453, 27.479431], [94.77606, 27.47941], [94.776365, 27.479504], [94.776509, 27.479437], [94.776566, 27.479346], [94.776517, 27.479257], [94.776612, 27.479165], [94.77757, 27.478911], [94.777914, 27.478968]]}}, {"type": "Feature", "properties": {}, "geometry": {"type": "LineString", "coordinates": [[94.790905, 27.458043], [94.791, 27.458349], [94.791258, 27.4584], [94.791509, 27.458558], [94.791611, 27.458574], [94.791663, 27.458485], [94.791811, 27.458421], [94.792013, 27.458414], [94.793132, 27.458817], [94.793639, 27.458831], [94.793728, 27.45927], [94.793954, 27.459565], [94.794212, 27.459715], [94.794667, 27.459864], [94.794976, 27.460168], [94.795688, 27.460418], [94.795888, 27.460278], [94.796091, 27.460313], [94.796089, 27.460193], [94.795989, 27.460053], [94.795782, 27.459956], [94.795276, 27.459968], [94.795174, 27.459924], [94.794918, 27.459616], [94.794559, 27.459464], [94.79439, 27.459262], [94.794519, 27.45917], [94.794249, 27.459037], [94.793968, 27.458816], [94.793809, 27.458547], [94.7936, 27.458369], [94.793627, 27.458279], [94.794034, 27.458255], [94.794845, 27.458341], [94.795147, 27.458275], [94.796259, 27.458226], [94.79707, 27.458296], [94.797679, 27.458421], [94.798083, 27.458361], [94.798285, 27.458385], [94.798489, 27.458451], [94.798694, 27.458615], [94.798897, 27.458664], [94.799007, 27.458841], [94.79904, 27.459202], [94.799261, 27.459831], [94.799282, 27.460101], [94.799221, 27.460373], [94.799038, 27.460736], [94.798269, 27.461649], [94.798042, 27.462193], [94.797643, 27.462463], [94.797245, 27.462861], [94.797099, 27.463379], [94.79712, 27.463559], [94.797258, 27.463681], [94.797553, 27.463463], [94.797754, 27.463041], [94.798401, 27.462549], [94.798574, 27.462276], [94.798846, 27.462002], [94.798948, 27.46178], [94.79905, 27.461829], [94.799108, 27.461999], [94.799056, 27.462721], [94.799083, 27.462992], [94.799278, 27.463422], [94.79953, 27.463798], [94.799692, 27.463977], [94.799896, 27.464081], [94.800098, 27.464096], [94.800906, 27.464003], [94.801079, 27.464139], [94.801118, 27.464229], [94.801062, 27.46432], [94.800813, 27.464484], [94.798798, 27.465055], [94.798292, 27.465034], [94.797787, 27.465084], [94.79748, 27.464866], [94.797379, 27.464871], [94.797171, 27.465092], [94.796271, 27.465199], [94.796298, 27.464923], [94.796265, 27.464833], [94.796164, 27.464807], [94.795363, 27.465366], [94.794972, 27.465572], [94.793972, 27.466578], [94.793499, 27.466945], [94.792664, 27.467388], [94.791764, 27.468071], [94.791163, 27.468426], [94.789657, 27.469118], [94.788877, 27.469802], [94.788404, 27.47035], [94.788157, 27.470804], [94.787882, 27.471169], [94.787726, 27.471712], [94.787489, 27.471986], [94.787433, 27.472258], [94.787184, 27.472663], [94.786287, 27.473487], [94.785991, 27.473987], [94.785631, 27.474447], [94.784646, 27.475543], [94.784271, 27.475908], [94.783794, 27.476276], [94.781858, 27.477293], [94.781599, 27.477744], [94.781406, 27.478562], [94.781187, 27.478836], [94.780839, 27.479111], [94.78076, 27.479383], [94.780715, 27.479413], [94.780622, 27.479385], [94.780511, 27.479284], [94.780209, 27.479415], [94.779905, 27.479386], [94.779701, 27.479258], [94.779596, 27.479057], [94.779136, 27.478592], [94.778954, 27.478233], [94.778725, 27.477965], [94.778621, 27.477696], [94.777027, 27.476561], [94.776753, 27.476275], [94.776272, 27.47592], [94.775593, 27.475503], [94.775427, 27.475299], [94.775432, 27.475209], [94.775587, 27.475132], [94.775991, 27.475082], [94.776194, 27.475115], [94.7765, 27.475284], [94.777411, 27.475285], [94.777511, 27.475248], [94.777648, 27.475091], [94.777709, 27.474909], [94.777638, 27.47482], [94.7773, 27.474682], [94.776692, 27.474615], [94.776284, 27.474461], [94.775927, 27.474571], [94.775681, 27.474709], [94.775378, 27.474737], [94.775137, 27.474671], [94.774843, 27.474495], [94.774563, 27.474389], [94.774358, 27.47423], [94.773983, 27.473603], [94.773722, 27.472884], [94.773303, 27.471355], [94.773256, 27.470995], [94.773294, 27.470952], [94.773395, 27.470953], [94.773599, 27.471051], [94.774107, 27.471175], [94.774207, 27.471085], [94.774612, 27.471124], [94.774903, 27.470884], [94.775618, 27.470736], [94.775661, 27.470693], [94.775653, 27.470513], [94.775382, 27.470336], [94.775909, 27.46997], [94.776512, 27.469716], [94.776712, 27.46957], [94.776813, 27.469563], [94.777018, 27.469699], [94.777166, 27.469862], [94.777325, 27.469938], [94.77773, 27.469946], [94.777623, 27.469569], [94.777465, 27.469317], [94.777445, 27.469136], [94.777613, 27.468994], [94.777598, 27.468773], [94.777677, 27.468592], [94.778304, 27.467869], [94.778904, 27.467449], [94.779406, 27.467211], [94.779624, 27.466942], [94.779726, 27.46667], [94.779873, 27.466488], [94.7801, 27.4663], [94.780801, 27.465861], [94.7817, 27.465135], [94.782134, 27.464925], [94.783369, 27.464458], [94.784416, 27.464151], [94.785315, 27.463403], [94.785609, 27.463256], [94.786016, 27.462953], [94.786513, 27.462431], [94.78751, 27.461787], [94.787914, 27.461478], [94.788215, 27.461311], [94.788508, 27.461233], [94.788613, 27.461141], [94.788633, 27.461051], [94.788103, 27.460877], [94.788114, 27.460787], [94.788697, 27.459813], [94.789116, 27.45933], [94.789069, 27.45915], [94.789089, 27.459034], [94.789299, 27.458786], [94.789689, 27.458585], [94.790055, 27.458235], [94.790357, 27.45805], [94.79069, 27.457965], [94.790792, 27.457969], [94.790905, 27.458043]]}}, {"type": "Feature", "properties": {}, "geometry": {"type": "LineString", "coordinates": [[94.775131, 27.477108], [94.775284, 27.477287], [94.775471, 27.477646], [94.775973, 27.47791], [94.775939, 27.478001], [94.775534, 27.478144], [94.775234, 27.478382], [94.775033, 27.478457], [94.774861, 27.478466], [94.774615, 27.478198], [94.774615, 27.477611], [94.77481, 27.477153], [94.77491, 27.477072], [94.775011, 27.477061], [94.775131, 27.477108]]}}, {"type": "Feature", "properties": {}, "geometry": {"type": "LineString", "coordinates": [[94.879464, 27.470414], [94.879633, 27.47051], [94.879733, 27.470681], [94.879696, 27.471313], [94.879555, 27.471892], [94.879356, 27.472091], [94.878841, 27.471525], [94.87833, 27.471249], [94.878189, 27.471063], [94.878198, 27.470972], [94.878323, 27.470813], [94.878624, 27.470662], [94.878822, 27.470394], [94.879023, 27.470335], [94.879464, 27.470414]]}}, {"type": "Feature", "properties": {}, "geometry": {"type": "LineString", "coordinates": [[94.858002, 27.470341], [94.858496, 27.470695], [94.858565, 27.470875], [94.858541, 27.471056], [94.858427, 27.471238], [94.858402, 27.471555], [94.858302, 27.471643], [94.858163, 27.471512], [94.858167, 27.471241], [94.85811, 27.471152], [94.857684, 27.470982], [94.857652, 27.470887], [94.857926, 27.470613], [94.857894, 27.470433], [94.857932, 27.470342], [94.858002, 27.470341]]}}, {"type": "Feature", "properties": {}, "geometry": {"type": "LineString", "coordinates": [[94.869034, 27.466028], [94.868831, 27.465957], [94.86863, 27.466083], [94.86853, 27.466105], [94.868428, 27.466063], [94.868394, 27.46614], [94.86871, 27.46758], [94.86903, 27.468659], [94.869392, 27.469214], [94.870216, 27.470094], [94.871248, 27.470795], [94.871648, 27.471], [94.871851, 27.471035], [94.871951, 27.471002], [94.872041, 27.470784], [94.872027, 27.470333], [94.872283, 27.47024], [94.872323, 27.470149], [94.871835, 27.470087], [94.871633, 27.470127], [94.871332, 27.470274], [94.87123, 27.470247], [94.871232, 27.469983], [94.871445, 27.469709], [94.871319, 27.469621], [94.870914, 27.46949], [94.870606, 27.4692], [94.870329, 27.46819], [94.870175, 27.467831], [94.869556, 27.466945], [94.869195, 27.46622], [94.869034, 27.466028]]}}, {"type": "Feature", "properties": {}, "geometry": {"type": "LineString", "coordinates": [[94.873051, 27.470221], [94.872617, 27.470235], [94.87306, 27.470728], [94.873467, 27.470883], [94.873858, 27.47076], [94.87356, 27.470401], [94.873051, 27.470221]]}}, {"type": "Feature", "properties": {}, "geometry": {"type": "LineString", "coordinates": [[94.851088, 27.458068], [94.851297, 27.458134], [94.851759, 27.45842], [94.853543, 27.459359], [94.854293, 27.459831], [94.854769, 27.46006], [94.85506, 27.460272], [94.855693, 27.460885], [94.856335, 27.461248], [94.856757, 27.461422], [94.858342, 27.46194], [94.858646, 27.461986], [94.858747, 27.461966], [94.858894, 27.461845], [94.859049, 27.461855], [94.859966, 27.462262], [94.861294, 27.462625], [94.861646, 27.462801], [94.861798, 27.462924], [94.86196, 27.462977], [94.861933, 27.463068], [94.861801, 27.463089], [94.861598, 27.463034], [94.861193, 27.463021], [94.860584, 27.462887], [94.859977, 27.462892], [94.859173, 27.463268], [94.858673, 27.463591], [94.858271, 27.463766], [94.857868, 27.463862], [94.857361, 27.463803], [94.856682, 27.463589], [94.856089, 27.463146], [94.855889, 27.463059], [94.855635, 27.462791], [94.855317, 27.462579], [94.855043, 27.462258], [94.854084, 27.461457], [94.853789, 27.461011], [94.853607, 27.460833], [94.852849, 27.460211], [94.85263, 27.459943], [94.852027, 27.459426], [94.851404, 27.458786], [94.850973, 27.45825], [94.8509, 27.458071], [94.850992, 27.458041], [94.851088, 27.458068]]}}, {"type": "Feature", "properties": {}, "geometry": {"type": "LineString", "coordinates": [[94.802377, 27.461866], [94.802592, 27.461871], [94.802796, 27.46202], [94.803048, 27.462309], [94.803323, 27.463027], [94.803319, 27.463118], [94.803221, 27.463227], [94.803018, 27.46321], [94.802712, 27.463057], [94.802166, 27.462681], [94.802008, 27.462503], [94.801985, 27.462232], [94.801885, 27.461946], [94.802087, 27.461957], [94.802187, 27.461855], [94.802377, 27.461866]]}}, {"type": "Feature", "properties": {}, "geometry": {"type": "LineString", "coordinates": [[94.802977, 27.459241], [94.803564, 27.459456], [94.804157, 27.459767], [94.804568, 27.459852], [94.805092, 27.460109], [94.805905, 27.460334], [94.806109, 27.460431], [94.806381, 27.460641], [94.806924, 27.460729], [94.807433, 27.460929], [94.808045, 27.461251], [94.808077, 27.461341], [94.808042, 27.461522], [94.807105, 27.462437], [94.806452, 27.462809], [94.805747, 27.463038], [94.805341, 27.462968], [94.80504, 27.463103], [94.804535, 27.463159], [94.803984, 27.462477], [94.80376, 27.461487], [94.803796, 27.461255], [94.803895, 27.46117], [94.8042, 27.461224], [94.804578, 27.461116], [94.804298, 27.461016], [94.804074, 27.460851], [94.803994, 27.460582], [94.804108, 27.4604], [94.803882, 27.460329], [94.803355, 27.460048], [94.802761, 27.459861], [94.802659, 27.459811], [94.802471, 27.459609], [94.802426, 27.459429], [94.802449, 27.45931], [94.80265, 27.459217], [94.802977, 27.459241]]}}, {"type": "Feature", "properties": {}, "geometry": {"type": "LineString", "coordinates": [[94.789103, 27.44868], [94.789332, 27.448767], [94.789872, 27.449392], [94.79003, 27.449661], [94.789988, 27.449842], [94.79008, 27.450021], [94.790465, 27.450269], [94.79149, 27.451077], [94.79219, 27.451889], [94.792294, 27.45261], [94.792211, 27.452791], [94.792112, 27.452883], [94.791523, 27.453124], [94.789407, 27.453697], [94.788074, 27.454289], [94.787334, 27.454659], [94.785497, 27.455868], [94.784895, 27.456225], [94.784393, 27.456465], [94.784252, 27.456594], [94.783993, 27.456709], [94.783443, 27.457056], [94.782893, 27.457553], [94.781899, 27.458616], [94.781443, 27.458977], [94.781173, 27.459341], [94.780802, 27.459602], [94.780304, 27.460093], [94.780002, 27.46024], [94.779869, 27.460441], [94.779505, 27.460784], [94.779333, 27.460899], [94.779003, 27.460993], [94.77887, 27.461085], [94.778837, 27.461176], [94.778899, 27.461356], [94.778861, 27.461447], [94.778515, 27.461812], [94.77831, 27.461963], [94.777806, 27.4621], [94.777104, 27.462473], [94.776499, 27.462598], [94.775994, 27.462637], [94.775285, 27.462581], [94.774573, 27.462381], [94.774272, 27.462507], [94.774114, 27.4625], [94.773972, 27.462412], [94.773916, 27.462322], [94.773903, 27.462232], [94.773954, 27.462141], [94.77389, 27.462052], [94.773353, 27.462003], [94.772641, 27.461809], [94.771425, 27.461654], [94.770469, 27.461283], [94.770396, 27.461193], [94.770454, 27.461012], [94.770098, 27.460927], [94.769894, 27.460818], [94.769175, 27.460144], [94.768727, 27.459951], [94.768139, 27.459507], [94.768071, 27.459328], [94.768203, 27.459236], [94.768957, 27.459192], [94.769459, 27.458953], [94.770877, 27.459012], [94.770943, 27.459111], [94.7708, 27.459383], [94.770779, 27.459564], [94.770846, 27.459924], [94.770893, 27.46001], [94.770994, 27.459993], [94.771695, 27.459558], [94.772099, 27.459491], [94.77272, 27.459539], [94.77291, 27.459447], [94.77286, 27.459357], [94.772498, 27.459183], [94.77219, 27.458883], [94.771934, 27.458737], [94.771886, 27.458647], [94.772032, 27.458465], [94.772283, 27.458361], [94.772483, 27.458217], [94.773851, 27.457991], [94.774599, 27.457664], [94.775002, 27.457582], [94.775408, 27.457646], [94.776122, 27.458048], [94.776295, 27.457869], [94.776826, 27.457757], [94.7769, 27.457681], [94.776795, 27.457321], [94.776918, 27.457186], [94.777119, 27.457078], [94.777321, 27.457067], [94.777524, 27.457131], [94.777833, 27.457467], [94.777917, 27.457307], [94.778032, 27.457266], [94.779445, 27.457056], [94.779747, 27.45696], [94.780051, 27.456939], [94.780405, 27.456824], [94.780494, 27.456732], [94.78035, 27.456688], [94.779339, 27.45673], [94.778124, 27.456699], [94.777561, 27.45677], [94.777217, 27.456905], [94.776411, 27.457112], [94.775906, 27.457188], [94.775602, 27.457135], [94.775498, 27.457067], [94.775483, 27.456977], [94.775637, 27.456704], [94.775894, 27.456389], [94.776394, 27.456021], [94.776948, 27.455695], [94.777152, 27.455512], [94.777206, 27.455421], [94.777089, 27.455252], [94.777078, 27.455152], [94.77724, 27.454969], [94.777388, 27.454932], [94.777562, 27.454965], [94.77771, 27.455053], [94.777797, 27.455197], [94.777887, 27.455141], [94.777822, 27.455052], [94.778095, 27.454861], [94.778398, 27.454817], [94.779606, 27.454466], [94.780342, 27.454117], [94.780909, 27.453682], [94.78147, 27.453471], [94.78138, 27.453382], [94.781507, 27.45311], [94.781707, 27.452972], [94.781808, 27.452966], [94.781891, 27.453014], [94.781931, 27.453104], [94.781842, 27.453286], [94.781915, 27.453347], [94.782443, 27.453097], [94.782921, 27.452972], [94.783021, 27.452904], [94.783119, 27.4527], [94.78352, 27.452484], [94.783896, 27.452357], [94.783213, 27.452288], [94.782912, 27.452418], [94.782508, 27.452488], [94.782491, 27.452375], [94.782569, 27.452283], [94.78264, 27.452012], [94.782772, 27.45183], [94.782901, 27.451772], [94.783608, 27.451676], [94.784115, 27.451733], [94.784418, 27.45169], [94.784766, 27.451714], [94.7849, 27.451802], [94.784932, 27.452184], [94.785032, 27.45217], [94.785231, 27.451955], [94.785433, 27.451911], [94.785838, 27.451931], [94.785939, 27.451904], [94.786017, 27.451788], [94.786138, 27.451718], [94.786546, 27.451897], [94.787864, 27.452112], [94.788672, 27.452009], [94.788983, 27.45193], [94.789426, 27.451744], [94.789561, 27.451652], [94.789551, 27.451562], [94.789169, 27.451475], [94.788663, 27.451434], [94.788463, 27.451569], [94.788362, 27.451587], [94.787754, 27.451573], [94.787653, 27.45153], [94.787551, 27.45148], [94.787307, 27.45123], [94.787143, 27.451142], [94.786978, 27.450963], [94.786897, 27.450694], [94.786829, 27.450618], [94.786527, 27.450711], [94.786329, 27.451014], [94.786128, 27.451072], [94.785956, 27.450977], [94.786091, 27.450704], [94.786102, 27.450614], [94.786017, 27.450503], [94.785915, 27.450526], [94.785618, 27.450864], [94.785417, 27.45091], [94.785316, 27.450909], [94.785009, 27.450743], [94.784806, 27.450692], [94.784503, 27.450724], [94.784096, 27.45056], [94.78368, 27.450554], [94.783685, 27.450193], [94.783886, 27.450086], [94.784088, 27.45008], [94.784393, 27.450159], [94.785708, 27.45016], [94.786213, 27.450106], [94.786749, 27.449883], [94.787053, 27.449699], [94.787715, 27.449118], [94.788416, 27.448686], [94.78882, 27.448622], [94.789103, 27.44868]]}}, {"type": "Feature", "properties": {}, "geometry": {"type": "LineString", "coordinates": [[94.844483, 27.458427], [94.845233, 27.45855], [94.845713, 27.458771], [94.845847, 27.458926], [94.845882, 27.45904], [94.846013, 27.45967], [94.845963, 27.459808], [94.845862, 27.459852], [94.845558, 27.4598], [94.84515, 27.459635], [94.844702, 27.459417], [94.84424, 27.459062], [94.844074, 27.458883], [94.843894, 27.458525], [94.843972, 27.458433], [94.844118, 27.458394], [94.844483, 27.458427]]}}, {"type": "Feature", "properties": {}, "geometry": {"type": "LineString", "coordinates": [[94.814702, 27.451959], [94.815487, 27.452315], [94.815995, 27.452419], [94.817735, 27.453653], [94.818011, 27.453811], [94.818447, 27.453934], [94.818663, 27.454073], [94.818452, 27.454193], [94.817645, 27.45436], [94.817341, 27.454348], [94.817141, 27.454463], [94.816248, 27.45554], [94.814691, 27.457103], [94.814132, 27.457472], [94.812849, 27.458039], [94.812245, 27.458245], [94.810834, 27.458545], [94.809925, 27.458648], [94.809317, 27.458612], [94.808511, 27.458447], [94.808202, 27.458271], [94.807993, 27.458075], [94.807689, 27.458008], [94.807505, 27.457919], [94.80741, 27.45774], [94.80739, 27.457559], [94.807477, 27.457459], [94.807597, 27.457466], [94.807784, 27.457654], [94.808377, 27.457637], [94.808629, 27.457724], [94.809101, 27.457781], [94.809436, 27.457894], [94.809811, 27.457861], [94.810116, 27.457987], [94.811066, 27.457873], [94.811444, 27.457687], [94.811504, 27.457596], [94.811425, 27.457552], [94.810922, 27.457734], [94.810525, 27.457699], [94.810497, 27.457609], [94.810689, 27.457426], [94.811193, 27.457149], [94.811515, 27.456885], [94.812119, 27.456689], [94.812218, 27.456598], [94.812415, 27.456231], [94.812619, 27.455686], [94.812895, 27.4546], [94.812791, 27.454499], [94.812284, 27.45443], [94.811991, 27.45407], [94.81188, 27.453801], [94.811534, 27.453715], [94.811169, 27.452998], [94.81115, 27.452908], [94.811193, 27.452817], [94.811305, 27.452725], [94.811781, 27.452538], [94.81263, 27.452347], [94.813563, 27.452193], [94.814373, 27.452224], [94.814564, 27.452141], [94.814476, 27.452052], [94.81452, 27.451961], [94.814702, 27.451959]]}}, {"type": "Feature", "properties": {}, "geometry": {"type": "LineString", "coordinates": [[94.843719, 27.457354], [94.844035, 27.45753], [94.844152, 27.457709], [94.844104, 27.4578], [94.843505, 27.458053], [94.843303, 27.458039], [94.843099, 27.457958], [94.842866, 27.457636], [94.842831, 27.457456], [94.842872, 27.457365], [94.84319, 27.457329], [94.843719, 27.457354]]}}, {"type": "Feature", "properties": {}, "geometry": {"type": "LineString", "coordinates": [[94.769565, 27.455789], [94.770432, 27.456478], [94.770595, 27.456859], [94.770567, 27.456949], [94.77044, 27.457015], [94.769734, 27.457169], [94.76933, 27.457182], [94.76872, 27.457014], [94.768336, 27.456797], [94.768238, 27.456618], [94.768258, 27.456347], [94.768603, 27.455988], [94.768804, 27.455919], [94.76911, 27.456073], [94.769202, 27.455974], [94.769212, 27.455793], [94.769306, 27.455709], [94.769407, 27.455702], [94.769565, 27.455789]]}}, {"type": "Feature", "properties": {}, "geometry": {"type": "LineString", "coordinates": [[94.805762, 27.44675], [94.806494, 27.446777], [94.807132, 27.447003], [94.807412, 27.44718], [94.808012, 27.447804], [94.808622, 27.448337], [94.808848, 27.448461], [94.80956, 27.448669], [94.810066, 27.448725], [94.810673, 27.448714], [94.81239, 27.448498], [94.813506, 27.448726], [94.813607, 27.448695], [94.813806, 27.448529], [94.814088, 27.448898], [94.814422, 27.449084], [94.814991, 27.449247], [94.815441, 27.449489], [94.816152, 27.449654], [94.816865, 27.449942], [94.81737, 27.449924], [94.817746, 27.450114], [94.818394, 27.450692], [94.818589, 27.451186], [94.818403, 27.451251], [94.817695, 27.451216], [94.81719, 27.451286], [94.816885, 27.451211], [94.816782, 27.451058], [94.816578, 27.451003], [94.815567, 27.450995], [94.81516, 27.450898], [94.814048, 27.450922], [94.813241, 27.451074], [94.812939, 27.451186], [94.812413, 27.451267], [94.811839, 27.451454], [94.811027, 27.451804], [94.810749, 27.45201], [94.810429, 27.452339], [94.810198, 27.452739], [94.810123, 27.453101], [94.810126, 27.453372], [94.8104, 27.454542], [94.810535, 27.455713], [94.810469, 27.455895], [94.810289, 27.456139], [94.810192, 27.456442], [94.810093, 27.456543], [94.809892, 27.456626], [94.808879, 27.456583], [94.80797, 27.45667], [94.807868, 27.456622], [94.807456, 27.456155], [94.807143, 27.455667], [94.806584, 27.455043], [94.806112, 27.454359], [94.805774, 27.45397], [94.80523, 27.453075], [94.805179, 27.452895], [94.805277, 27.452788], [94.805885, 27.452857], [94.806062, 27.452703], [94.80591, 27.452615], [94.805576, 27.452564], [94.805068, 27.452393], [94.80458, 27.452181], [94.804146, 27.451825], [94.804121, 27.451645], [94.80403, 27.451556], [94.803839, 27.451459], [94.803534, 27.451397], [94.802999, 27.451118], [94.802816, 27.450797], [94.802231, 27.450045], [94.801988, 27.449657], [94.801886, 27.44961], [94.801752, 27.449871], [94.801689, 27.449906], [94.801621, 27.449872], [94.801451, 27.449423], [94.801168, 27.448992], [94.801066, 27.448918], [94.800964, 27.448892], [94.800864, 27.448934], [94.800666, 27.449235], [94.800648, 27.449343], [94.800879, 27.450062], [94.801155, 27.45033], [94.801244, 27.450509], [94.80134, 27.450869], [94.801203, 27.45117], [94.800599, 27.451355], [94.800182, 27.451425], [94.799995, 27.451534], [94.798384, 27.451979], [94.797675, 27.451962], [94.797272, 27.452064], [94.79687, 27.452233], [94.794851, 27.45247], [94.794243, 27.452402], [94.79414, 27.452318], [94.794134, 27.452225], [94.794237, 27.452055], [94.795144, 27.451817], [94.795545, 27.45161], [94.795945, 27.451326], [94.796406, 27.450662], [94.796723, 27.449665], [94.796842, 27.449483], [94.797026, 27.449326], [94.797127, 27.449314], [94.797432, 27.449443], [94.797635, 27.449474], [94.797836, 27.449415], [94.798444, 27.449424], [94.798911, 27.449366], [94.798913, 27.449275], [94.798726, 27.449188], [94.79885, 27.448915], [94.798793, 27.448826], [94.79881, 27.448735], [94.798979, 27.448553], [94.799154, 27.44846], [94.80065, 27.448216], [94.800852, 27.448221], [94.801271, 27.447801], [94.80165, 27.447546], [94.802454, 27.44721], [94.80346, 27.446876], [94.805762, 27.44675]]}}, {"type": "Feature", "properties": {}, "geometry": {"type": "LineString", "coordinates": [[94.772787, 27.454304], [94.773738, 27.454457], [94.773794, 27.454562], [94.773761, 27.454652], [94.772353, 27.456417], [94.772153, 27.456571], [94.771786, 27.456753], [94.771449, 27.456814], [94.771347, 27.456759], [94.771257, 27.45658], [94.771262, 27.456399], [94.771167, 27.45622], [94.770615, 27.455685], [94.77061, 27.455595], [94.770719, 27.45546], [94.770919, 27.455346], [94.771018, 27.455209], [94.771245, 27.455045], [94.771257, 27.454955], [94.771115, 27.454906], [94.771014, 27.454925], [94.770814, 27.455103], [94.770411, 27.455166], [94.770186, 27.455059], [94.770149, 27.454879], [94.770299, 27.454696], [94.770402, 27.454652], [94.770806, 27.454601], [94.771612, 27.454379], [94.772521, 27.454287], [94.772787, 27.454304]]}}, {"type": "Feature", "properties": {}, "geometry": {"type": "LineString", "coordinates": [[94.761629, 27.405346], [94.762033, 27.405483], [94.762442, 27.405766], [94.76269, 27.406326], [94.763032, 27.406592], [94.76327, 27.40695], [94.763382, 27.407219], [94.763786, 27.407623], [94.764401, 27.408101], [94.764719, 27.408286], [94.765827, 27.408777], [94.767042, 27.408835], [94.768759, 27.408674], [94.769062, 27.408702], [94.769367, 27.408806], [94.76957, 27.408812], [94.770678, 27.408515], [94.770779, 27.408525], [94.770983, 27.408633], [94.771344, 27.408924], [94.771698, 27.409069], [94.771899, 27.409038], [94.772102, 27.409069], [94.772303, 27.408978], [94.772505, 27.408949], [94.772771, 27.408996], [94.773013, 27.409103], [94.773219, 27.40937], [94.773455, 27.40989], [94.773654, 27.410519], [94.773544, 27.410686], [94.772988, 27.410708], [94.773064, 27.410797], [94.773256, 27.410885], [94.77365, 27.410995], [94.774263, 27.4114], [94.774563, 27.411681], [94.775087, 27.412396], [94.77518, 27.412756], [94.775007, 27.41339], [94.775034, 27.414111], [94.775223, 27.414489], [94.775635, 27.414956], [94.77602, 27.415272], [94.776459, 27.41592], [94.776871, 27.416334], [94.778008, 27.417323], [94.778713, 27.417687], [94.779017, 27.417751], [94.779623, 27.417721], [94.780842, 27.418015], [94.781549, 27.417958], [94.781853, 27.418007], [94.782057, 27.418133], [94.782327, 27.418441], [94.782525, 27.418799], [94.782592, 27.420333], [94.78281, 27.420932], [94.783018, 27.421291], [94.78328, 27.421588], [94.783736, 27.421857], [94.784251, 27.422388], [94.784454, 27.422524], [94.784759, 27.42261], [94.784962, 27.422739], [94.785169, 27.42297], [94.785166, 27.422782], [94.784974, 27.422378], [94.784651, 27.422177], [94.784238, 27.421675], [94.784049, 27.421578], [94.783906, 27.421399], [94.783919, 27.421309], [94.784013, 27.421217], [94.783991, 27.421127], [94.783467, 27.420863], [94.783199, 27.420506], [94.78311, 27.419965], [94.783298, 27.419421], [94.783255, 27.419332], [94.782944, 27.419065], [94.782784, 27.418796], [94.782709, 27.418436], [94.782764, 27.418064], [94.782866, 27.418076], [94.783172, 27.418281], [94.783584, 27.418691], [94.78386, 27.418782], [94.784712, 27.419223], [94.784908, 27.419276], [94.78552, 27.419604], [94.786031, 27.41995], [94.786644, 27.420191], [94.78742, 27.420722], [94.78787, 27.421101], [94.788584, 27.421489], [94.788686, 27.421524], [94.78909, 27.421495], [94.789293, 27.421523], [94.789905, 27.421829], [94.791125, 27.422233], [94.791537, 27.422475], [94.791635, 27.422498], [94.791836, 27.422427], [94.791937, 27.422437], [94.792616, 27.422731], [94.793259, 27.42287], [94.793664, 27.422905], [94.794623, 27.423789], [94.794895, 27.423964], [94.794988, 27.423874], [94.794893, 27.423695], [94.794053, 27.422893], [94.793922, 27.422715], [94.793923, 27.422624], [94.794318, 27.422078], [94.794783, 27.421621], [94.794962, 27.421077], [94.794973, 27.420716], [94.794945, 27.420626], [94.794841, 27.420601], [94.794234, 27.420606], [94.794155, 27.420546], [94.794161, 27.420455], [94.79428, 27.420273], [94.794529, 27.420058], [94.79523, 27.419622], [94.79653, 27.418714], [94.796932, 27.418577], [94.797337, 27.418574], [94.797845, 27.418741], [94.798662, 27.419257], [94.798885, 27.419672], [94.799027, 27.420302], [94.799211, 27.420661], [94.799604, 27.421199], [94.799934, 27.421464], [94.800428, 27.422097], [94.800838, 27.422436], [94.801144, 27.422602], [94.802159, 27.423511], [94.802513, 27.423687], [94.803086, 27.423866], [94.804201, 27.423993], [94.804811, 27.424159], [94.805317, 27.424185], [94.805721, 27.424154], [94.806127, 27.424269], [94.806613, 27.424627], [94.80701, 27.425073], [94.807358, 27.425296], [94.807911, 27.425512], [94.809096, 27.42649], [94.809505, 27.426698], [94.809818, 27.426932], [94.810535, 27.427827], [94.811057, 27.42888], [94.811367, 27.429078], [94.811535, 27.429256], [94.811616, 27.429706], [94.811578, 27.430338], [94.811695, 27.430774], [94.812111, 27.431425], [94.81252, 27.43168], [94.813128, 27.431775], [94.813532, 27.431775], [94.81404, 27.431866], [94.814346, 27.431837], [94.814404, 27.431746], [94.81434, 27.43167], [94.814138, 27.431682], [94.813932, 27.431571], [94.813425, 27.431414], [94.812921, 27.431474], [94.81265, 27.431317], [94.812269, 27.43069], [94.81207, 27.429881], [94.811973, 27.429223], [94.811776, 27.428711], [94.810964, 27.427368], [94.810824, 27.42698], [94.810723, 27.426989], [94.810591, 27.426922], [94.810556, 27.426832], [94.810619, 27.426798], [94.81072, 27.426784], [94.810924, 27.426905], [94.811226, 27.426809], [94.81163, 27.426748], [94.812943, 27.426689], [94.813952, 27.426533], [94.814358, 27.426575], [94.814765, 27.426738], [94.815448, 27.42731], [94.81606, 27.427663], [94.816298, 27.427705], [94.817478, 27.428095], [94.817892, 27.428271], [94.818538, 27.428639], [94.819353, 27.42898], [94.820267, 27.429198], [94.820774, 27.42924], [94.820975, 27.429204], [94.821158, 27.42904], [94.821145, 27.42895], [94.821072, 27.428905], [94.820675, 27.428866], [94.820361, 27.428745], [94.820156, 27.428593], [94.820033, 27.428423], [94.819746, 27.428279], [94.819442, 27.428247], [94.819184, 27.428434], [94.819041, 27.428462], [94.818123, 27.427976], [94.817615, 27.427865], [94.816839, 27.427562], [94.816295, 27.427537], [94.815887, 27.427314], [94.815682, 27.427133], [94.815485, 27.426768], [94.815457, 27.426588], [94.815499, 27.426497], [94.81557, 27.426473], [94.815872, 27.426426], [94.81658, 27.426418], [94.817088, 27.426566], [94.817493, 27.426541], [94.817797, 27.426598], [94.818309, 27.426985], [94.81841, 27.426994], [94.818592, 27.426817], [94.818559, 27.426728], [94.818404, 27.426601], [94.818119, 27.426553], [94.817984, 27.426374], [94.818095, 27.426259], [94.818599, 27.426187], [94.819005, 27.426245], [94.819412, 27.426386], [94.820355, 27.426794], [94.820941, 27.427136], [94.821348, 27.427253], [94.821651, 27.427258], [94.821915, 27.427316], [94.822467, 27.427637], [94.823185, 27.428229], [94.823863, 27.428644], [94.824203, 27.428682], [94.824303, 27.428574], [94.824404, 27.428568], [94.824712, 27.428864], [94.824875, 27.429172], [94.82503, 27.429711], [94.825349, 27.430159], [94.825446, 27.430458], [94.826483, 27.431975], [94.82679, 27.432193], [94.828366, 27.433549], [94.828604, 27.433816], [94.828668, 27.434267], [94.828672, 27.43526], [94.828775, 27.436046], [94.828875, 27.435935], [94.828952, 27.435527], [94.829182, 27.434892], [94.829352, 27.434184], [94.829656, 27.43426], [94.830474, 27.434789], [94.830677, 27.434831], [94.830883, 27.43502], [94.831111, 27.435498], [94.831105, 27.436212], [94.831213, 27.436621], [94.831377, 27.436939], [94.831623, 27.437206], [94.832426, 27.437647], [94.832579, 27.437826], [94.832714, 27.438365], [94.832964, 27.438524], [94.833021, 27.438632], [94.833028, 27.438812], [94.832669, 27.439065], [94.832472, 27.439368], [94.83232, 27.439815], [94.832359, 27.440085], [94.832488, 27.44033], [94.832798, 27.44072], [94.833309, 27.441064], [94.833614, 27.441162], [94.83382, 27.441375], [94.833814, 27.44151], [94.833684, 27.441692], [94.833324, 27.441973], [94.832968, 27.443055], [94.83296, 27.443326], [94.833152, 27.44379], [94.833359, 27.44406], [94.83418, 27.444802], [94.834385, 27.444961], [94.834603, 27.445019], [94.834676, 27.445109], [94.834799, 27.445541], [94.835008, 27.445949], [94.835384, 27.446543], [94.83563, 27.446801], [94.836549, 27.447366], [94.837062, 27.447745], [94.837367, 27.447854], [94.837771, 27.447851], [94.837975, 27.447912], [94.83818, 27.44806], [94.838248, 27.448311], [94.838005, 27.448494], [94.837282, 27.448838], [94.836985, 27.449245], [94.836402, 27.449779], [94.835643, 27.45015], [94.835281, 27.450219], [94.834577, 27.450455], [94.834173, 27.450458], [94.833972, 27.450539], [94.831651, 27.450914], [94.830946, 27.451079], [94.830641, 27.450989], [94.830238, 27.451138], [94.829933, 27.451024], [94.828816, 27.450806], [94.828321, 27.450517], [94.828078, 27.45043], [94.827428, 27.449987], [94.826166, 27.449462], [94.825249, 27.449206], [94.824611, 27.448941], [94.824333, 27.448873], [94.823161, 27.448328], [94.8228, 27.448062], [94.82284, 27.447972], [94.822793, 27.447882], [94.822604, 27.447704], [94.821878, 27.447187], [94.820705, 27.446104], [94.819824, 27.445484], [94.819622, 27.445306], [94.819441, 27.445038], [94.819109, 27.444915], [94.818805, 27.444907], [94.817888, 27.444474], [94.816769, 27.444085], [94.815845, 27.44364], [94.81514, 27.443458], [94.813721, 27.443294], [94.813618, 27.443218], [94.813621, 27.443128], [94.8138, 27.442945], [94.813714, 27.442911], [94.813311, 27.442978], [94.812701, 27.442821], [94.812167, 27.442966], [94.81185, 27.443151], [94.811826, 27.443242], [94.812094, 27.443509], [94.812063, 27.443599], [94.811781, 27.443784], [94.811353, 27.44397], [94.810801, 27.444124], [94.809388, 27.44438], [94.80797, 27.444266], [94.807364, 27.444317], [94.80706, 27.444292], [94.804945, 27.444877], [94.804625, 27.444869], [94.804138, 27.444991], [94.804036, 27.444949], [94.803997, 27.444877], [94.803981, 27.444697], [94.804263, 27.444152], [94.804365, 27.443609], [94.804517, 27.443422], [94.80461, 27.442892], [94.804709, 27.442811], [94.805115, 27.442847], [94.805195, 27.442786], [94.80512, 27.442516], [94.804978, 27.442247], [94.804866, 27.441798], [94.804893, 27.441673], [94.805094, 27.441595], [94.805144, 27.441523], [94.805132, 27.441433], [94.80499, 27.441373], [94.804885, 27.441256], [94.804848, 27.441166], [94.80487, 27.440985], [94.804776, 27.440896], [94.804065, 27.440523], [94.803035, 27.440106], [94.80292, 27.440018], [94.802877, 27.439928], [94.802941, 27.439803], [94.803443, 27.439604], [94.803907, 27.439554], [94.804075, 27.439461], [94.804048, 27.439435], [94.803542, 27.439455], [94.802836, 27.439598], [94.802331, 27.439609], [94.802128, 27.439577], [94.801724, 27.439401], [94.801413, 27.439133], [94.801311, 27.439103], [94.80128, 27.439136], [94.801314, 27.439313], [94.801512, 27.439585], [94.801552, 27.439674], [94.80152, 27.439765], [94.801223, 27.439949], [94.800821, 27.44007], [94.800518, 27.440105], [94.800317, 27.440218], [94.799919, 27.440574], [94.798836, 27.441966], [94.79862, 27.442149], [94.798227, 27.442322], [94.798025, 27.442325], [94.797923, 27.442277], [94.797614, 27.441929], [94.797071, 27.441989], [94.796399, 27.441862], [94.795285, 27.44178], [94.794676, 27.44169], [94.794371, 27.441565], [94.793761, 27.441412], [94.793458, 27.441443], [94.793073, 27.441589], [94.792536, 27.442047], [94.791653, 27.442415], [94.79135, 27.442401], [94.790738, 27.442139], [94.790434, 27.442063], [94.789928, 27.442078], [94.789624, 27.442175], [94.789364, 27.442359], [94.788928, 27.442811], [94.788628, 27.443017], [94.788188, 27.443457], [94.788069, 27.443639], [94.787961, 27.444452], [94.787568, 27.44536], [94.787297, 27.445725], [94.786857, 27.446122], [94.786561, 27.446551], [94.786361, 27.446701], [94.78616, 27.446779], [94.784445, 27.447091], [94.783841, 27.447302], [94.783031, 27.447675], [94.782537, 27.447996], [94.781834, 27.448309], [94.78175, 27.448503], [94.781537, 27.448716], [94.780599, 27.44933], [94.780507, 27.449692], [94.779902, 27.450512], [94.779046, 27.45109], [94.778544, 27.451301], [94.777931, 27.45135], [94.776529, 27.45183], [94.775621, 27.45201], [94.775418, 27.451995], [94.7743, 27.451629], [94.773689, 27.451494], [94.773185, 27.451483], [94.772478, 27.451609], [94.772275, 27.451539], [94.772174, 27.451558], [94.771873, 27.451711], [94.771368, 27.451788], [94.771197, 27.451977], [94.77104, 27.45207], [94.769761, 27.452514], [94.769026, 27.452998], [94.767818, 27.453645], [94.767243, 27.454284], [94.76686, 27.454569], [94.766357, 27.454751], [94.766154, 27.454683], [94.766054, 27.454753], [94.76591, 27.454752], [94.766053, 27.454744], [94.766128, 27.454659], [94.766066, 27.45457], [94.765645, 27.454532], [94.765541, 27.454486], [94.765542, 27.454396], [94.765839, 27.453968], [94.765842, 27.45367], [94.765902, 27.453579], [94.766233, 27.453347], [94.766274, 27.453123], [94.766228, 27.45302], [94.765709, 27.452679], [94.76548, 27.452591], [94.763613, 27.452164], [94.762354, 27.451638], [94.762033, 27.451462], [94.761646, 27.451169], [94.761029, 27.450545], [94.760925, 27.450302], [94.760873, 27.449942], [94.760607, 27.449314], [94.760641, 27.449042], [94.76049, 27.448322], [94.759938, 27.446434], [94.759923, 27.445712], [94.759827, 27.445081], [94.760087, 27.445168], [94.760198, 27.445257], [94.760239, 27.44541], [94.760575, 27.445072], [94.760785, 27.444979], [94.761041, 27.444922], [94.761648, 27.444901], [94.761956, 27.445188], [94.762361, 27.445237], [94.762624, 27.445497], [94.762737, 27.445676], [94.762876, 27.445777], [94.762977, 27.445784], [94.763283, 27.445922], [94.763426, 27.445848], [94.763409, 27.445758], [94.763239, 27.44558], [94.763576, 27.445293], [94.763677, 27.445269], [94.764081, 27.445267], [94.764364, 27.445385], [94.764694, 27.445599], [94.764845, 27.44583], [94.764732, 27.446012], [94.764728, 27.446103], [94.764867, 27.446462], [94.765013, 27.446597], [94.765217, 27.446701], [94.765521, 27.446726], [94.765657, 27.446813], [94.765989, 27.44735], [94.766038, 27.44753], [94.765955, 27.448073], [94.765976, 27.448253], [94.766158, 27.448599], [94.766267, 27.448971], [94.76662, 27.449599], [94.766735, 27.450048], [94.766797, 27.450596], [94.7669, 27.450742], [94.767001, 27.45071], [94.767155, 27.450494], [94.767031, 27.450315], [94.767015, 27.449864], [94.766905, 27.449595], [94.766938, 27.449324], [94.766794, 27.448965], [94.767018, 27.44833], [94.766953, 27.447741], [94.766536, 27.446965], [94.766107, 27.446446], [94.765611, 27.446019], [94.765507, 27.445827], [94.765095, 27.445362], [94.764862, 27.445198], [94.76438, 27.444968], [94.764233, 27.444845], [94.763592, 27.444583], [94.763462, 27.444481], [94.762298, 27.444057], [94.762157, 27.443879], [94.762165, 27.443788], [94.762236, 27.443713], [94.762535, 27.443603], [94.762435, 27.443523], [94.762334, 27.443505], [94.762125, 27.443129], [94.762021, 27.443249], [94.761929, 27.443516], [94.761853, 27.443973], [94.761735, 27.444046], [94.761533, 27.444043], [94.760416, 27.443781], [94.759707, 27.44374], [94.759579, 27.443641], [94.759446, 27.443281], [94.759418, 27.44283], [94.759265, 27.442471], [94.759169, 27.441731], [94.758878, 27.441212], [94.758676, 27.440493], [94.758565, 27.439772], [94.758524, 27.43887], [94.758674, 27.438598], [94.758962, 27.438413], [94.759212, 27.438068], [94.759454, 27.437866], [94.759712, 27.437772], [94.759525, 27.437684], [94.758597, 27.437543], [94.758415, 27.437428], [94.758364, 27.437338], [94.758122, 27.435987], [94.758153, 27.435897], [94.758501, 27.435802], [94.758552, 27.435711], [94.758157, 27.435329], [94.757991, 27.435086], [94.757929, 27.434907], [94.757931, 27.434816], [94.758113, 27.434543], [94.758105, 27.434363], [94.758075, 27.434273], [94.757671, 27.433827], [94.757462, 27.433198], [94.757328, 27.432567], [94.757015, 27.431669], [94.756989, 27.431218], [94.756827, 27.430317], [94.756823, 27.429776], [94.756748, 27.429398], [94.756489, 27.428607], [94.756501, 27.428065], [94.7566, 27.427522], [94.756593, 27.427161], [94.75661, 27.427068], [94.756848, 27.426707], [94.756869, 27.426346], [94.756926, 27.426164], [94.757365, 27.425437], [94.757713, 27.425162], [94.757852, 27.424348], [94.758076, 27.423826], [94.758324, 27.422898], [94.758524, 27.422444], [94.758756, 27.422047], [94.75927, 27.421351], [94.759879, 27.41999], [94.760232, 27.419472], [94.760504, 27.41926], [94.760465, 27.41899], [94.760495, 27.418718], [94.760625, 27.418536], [94.760681, 27.418265], [94.761046, 27.417358], [94.761167, 27.416453], [94.761129, 27.416183], [94.760831, 27.415375], [94.760462, 27.414827], [94.760208, 27.414029], [94.760168, 27.413668], [94.760209, 27.412585], [94.760113, 27.411966], [94.759838, 27.410965], [94.759378, 27.410223], [94.759296, 27.409979], [94.759324, 27.409708], [94.759494, 27.409435], [94.759264, 27.409403], [94.759161, 27.409296], [94.759016, 27.408809], [94.758893, 27.407818], [94.758896, 27.406464], [94.759013, 27.406342], [94.759317, 27.406391], [94.759923, 27.406338], [94.760411, 27.406445], [94.760692, 27.406622], [94.761053, 27.406888], [94.761246, 27.407156], [94.761298, 27.407426], [94.761217, 27.407788], [94.761465, 27.407892], [94.761981, 27.408574], [94.762054, 27.4085], [94.762058, 27.408409], [94.761826, 27.407781], [94.761775, 27.40751], [94.761972, 27.407057], [94.761856, 27.407028], [94.761343, 27.406609], [94.761098, 27.406346], [94.760941, 27.406077], [94.76128, 27.405441], [94.761424, 27.405351], [94.761629, 27.405346]]}}, {"type": "Feature", "properties": {}, "geometry": {"type": "LineString", "coordinates": [[94.763217, 27.453162], [94.763499, 27.453187], [94.763782, 27.453335], [94.764109, 27.453327], [94.764415, 27.453535], [94.76448, 27.453687], [94.764464, 27.453868], [94.764422, 27.45398], [94.764224, 27.454199], [94.764023, 27.4543], [94.763719, 27.454297], [94.763159, 27.454155], [94.762939, 27.453977], [94.762693, 27.45362], [94.762631, 27.453259], [94.762689, 27.453151], [94.763217, 27.453162]]}}, {"type": "Feature", "properties": {}, "geometry": {"type": "LineString", "coordinates": [[94.846528, 27.450548], [94.846923, 27.450656], [94.847127, 27.450775], [94.847533, 27.451166], [94.84754, 27.451276], [94.84734, 27.451389], [94.847138, 27.45143], [94.846834, 27.451394], [94.846471, 27.45127], [94.846222, 27.45108], [94.846118, 27.450643], [94.846213, 27.450563], [94.846528, 27.450548]]}}, {"type": "Feature", "properties": {}, "geometry": {"type": "LineString", "coordinates": [[94.825073, 27.45056], [94.825477, 27.45073], [94.825599, 27.450914], [94.825641, 27.451184], [94.825524, 27.451366], [94.825184, 27.451393], [94.824574, 27.451229], [94.824208, 27.451022], [94.824078, 27.450843], [94.824061, 27.45075], [94.824363, 27.4507], [94.824563, 27.450546], [94.825073, 27.45056]]}}, {"type": "Feature", "properties": {}, "geometry": {"type": "LineString", "coordinates": [[94.794983, 27.448063], [94.795027, 27.448243], [94.795008, 27.448604], [94.794897, 27.449098], [94.794632, 27.449601], [94.794301, 27.449774], [94.7942, 27.449762], [94.794044, 27.449428], [94.794045, 27.449248], [94.794128, 27.449066], [94.794086, 27.448959], [94.793681, 27.448929], [94.793277, 27.448985], [94.79277, 27.448937], [94.792603, 27.448815], [94.792537, 27.448636], [94.792415, 27.448547], [94.792377, 27.448457], [94.792559, 27.448381], [94.792965, 27.448476], [94.793167, 27.448471], [94.794276, 27.448184], [94.794778, 27.448001], [94.79488, 27.447996], [94.794983, 27.448063]]}}, {"type": "Feature", "properties": {}, "geometry": {"type": "LineString", "coordinates": [[94.800228, 27.446822], [94.800351, 27.44691], [94.80035, 27.447], [94.800128, 27.447242], [94.799727, 27.447445], [94.799153, 27.447648], [94.798623, 27.447986], [94.798324, 27.448273], [94.798223, 27.448319], [94.798022, 27.448365], [94.797718, 27.448339], [94.797616, 27.448282], [94.797494, 27.44812], [94.797151, 27.447944], [94.797176, 27.447673], [94.79736, 27.44731], [94.797497, 27.447223], [94.797801, 27.447247], [94.798008, 27.44751], [94.798164, 27.4473], [94.798609, 27.44715], [94.79901, 27.446904], [94.799715, 27.446744], [94.800019, 27.446741], [94.800228, 27.446822]]}}, {"type": "Feature", "properties": {}, "geometry": {"type": "LineString", "coordinates": [[94.817399, 27.446599], [94.817653, 27.446866], [94.818034, 27.447493], [94.818069, 27.447673], [94.817949, 27.447765], [94.817133, 27.447785], [94.816828, 27.447737], [94.816578, 27.447602], [94.816116, 27.447485], [94.815104, 27.447456], [94.8148, 27.447407], [94.814189, 27.447207], [94.814117, 27.447093], [94.814151, 27.447002], [94.814264, 27.44691], [94.814588, 27.446835], [94.814992, 27.446808], [94.816005, 27.44687], [94.816307, 27.4468], [94.816608, 27.446663], [94.817214, 27.446567], [94.817399, 27.446599]]}}, {"type": "Feature", "properties": {}, "geometry": {"type": "LineString", "coordinates": [[94.836271, 27.441387], [94.836859, 27.441634], [94.837373, 27.442151], [94.838277, 27.442624], [94.838804, 27.44304], [94.839519, 27.443455], [94.840406, 27.44404], [94.840606, 27.444218], [94.840731, 27.444577], [94.840784, 27.445389], [94.84077, 27.44566], [94.840623, 27.446203], [94.840621, 27.446925], [94.840591, 27.44705], [94.840491, 27.447151], [94.840289, 27.447168], [94.839478, 27.447043], [94.838951, 27.446767], [94.838256, 27.446551], [94.837848, 27.446366], [94.83723, 27.445977], [94.836414, 27.445323], [94.836219, 27.445088], [94.836213, 27.444998], [94.836384, 27.444815], [94.836607, 27.444723], [94.836706, 27.444621], [94.836948, 27.444086], [94.837141, 27.443903], [94.837297, 27.443639], [94.837492, 27.443222], [94.837526, 27.442995], [94.837484, 27.442724], [94.837278, 27.442519], [94.837176, 27.442455], [94.83677, 27.44239], [94.836363, 27.442233], [94.836087, 27.442021], [94.836024, 27.441842], [94.836034, 27.441571], [94.836147, 27.441394], [94.836271, 27.441387]]}}, {"type": "Feature", "properties": {}, "geometry": {"type": "LineString", "coordinates": [[94.790849, 27.443332], [94.790984, 27.443421], [94.791526, 27.444226], [94.79189, 27.444539], [94.7925, 27.444936], [94.793111, 27.445002], [94.793417, 27.44512], [94.794128, 27.445294], [94.794838, 27.445398], [94.795041, 27.445471], [94.795159, 27.445714], [94.795157, 27.445984], [94.795064, 27.446437], [94.794859, 27.446713], [94.794057, 27.44715], [94.793855, 27.447176], [94.793551, 27.447143], [94.793148, 27.447297], [94.792744, 27.447321], [94.792585, 27.447281], [94.792233, 27.447009], [94.79203, 27.446947], [94.791322, 27.446968], [94.791119, 27.446933], [94.790712, 27.446789], [94.790165, 27.44641], [94.790003, 27.446231], [94.789944, 27.446052], [94.790233, 27.445236], [94.790078, 27.445103], [94.790018, 27.444968], [94.790053, 27.444696], [94.790179, 27.444334], [94.790107, 27.444154], [94.790103, 27.443974], [94.790175, 27.443792], [94.790455, 27.443393], [94.790656, 27.443279], [94.790849, 27.443332]]}}, {"type": "Feature", "properties": {}, "geometry": {"type": "LineString", "coordinates": [[94.799601, 27.445927], [94.800109, 27.44608], [94.800292, 27.446189], [94.800346, 27.446279], [94.800316, 27.446338], [94.800015, 27.446507], [94.799307, 27.446533], [94.798702, 27.446674], [94.798397, 27.446557], [94.797992, 27.446559], [94.797757, 27.446492], [94.797735, 27.446402], [94.79779, 27.446312], [94.797908, 27.44622], [94.798188, 27.446118], [94.798591, 27.446067], [94.798994, 27.445944], [94.799601, 27.445927]]}}, {"type": "Feature", "properties": {}, "geometry": {"type": "LineString", "coordinates": [[94.767433, 27.439734], [94.766926, 27.439692], [94.76632, 27.439709], [94.764913, 27.440326], [94.763508, 27.441043], [94.763104, 27.44106], [94.762799, 27.440975], [94.762655, 27.440984], [94.762731, 27.441164], [94.763121, 27.44143], [94.763209, 27.441609], [94.763181, 27.4417], [94.762642, 27.442248], [94.76272, 27.442333], [94.763121, 27.442105], [94.763624, 27.441924], [94.764834, 27.441684], [94.765337, 27.441536], [94.765842, 27.441501], [94.766349, 27.441563], [94.76643, 27.441478], [94.766244, 27.441332], [94.765436, 27.441366], [94.765179, 27.441313], [94.765146, 27.441223], [94.765292, 27.441041], [94.766131, 27.440547], [94.766636, 27.440484], [94.767142, 27.440549], [94.767545, 27.440405], [94.767646, 27.440406], [94.76777, 27.440468], [94.767967, 27.440917], [94.768164, 27.441156], [94.768779, 27.441694], [94.769085, 27.441867], [94.769607, 27.44234], [94.770254, 27.442603], [94.771434, 27.443249], [94.772318, 27.443299], [94.772955, 27.443453], [94.773452, 27.443735], [94.773668, 27.443731], [94.773874, 27.444001], [94.774535, 27.444534], [94.774765, 27.444892], [94.774802, 27.445087], [94.774826, 27.444891], [94.775117, 27.444526], [94.775094, 27.444369], [94.774992, 27.444348], [94.775033, 27.444257], [94.775008, 27.444077], [94.774887, 27.444089], [94.774788, 27.444193], [94.774687, 27.444227], [94.774615, 27.444172], [94.774596, 27.444082], [94.774273, 27.443669], [94.77417, 27.443455], [94.773844, 27.443189], [94.773653, 27.442839], [94.773247, 27.442715], [94.77264, 27.442719], [94.772293, 27.442667], [94.771215, 27.442207], [94.771114, 27.442197], [94.770913, 27.442312], [94.770609, 27.442231], [94.77, 27.442155], [94.769757, 27.441977], [94.769741, 27.441887], [94.76989, 27.441588], [94.769528, 27.441258], [94.769479, 27.441156], [94.769377, 27.44109], [94.769288, 27.441171], [94.769209, 27.441443], [94.769079, 27.441468], [94.768668, 27.441093], [94.768392, 27.440731], [94.768356, 27.440545], [94.76862, 27.440367], [94.768646, 27.440186], [94.768579, 27.440097], [94.768206, 27.439921], [94.767738, 27.439839], [94.767433, 27.439734]]}}, {"type": "Feature", "properties": {}, "geometry": {"type": "LineString", "coordinates": [[94.833523, 27.439257], [94.833807, 27.439434], [94.834012, 27.439883], [94.834287, 27.44033], [94.834835, 27.440955], [94.834943, 27.441224], [94.834862, 27.442037], [94.834558, 27.442673], [94.834508, 27.443125], [94.834359, 27.443366], [94.834277, 27.44367], [94.834066, 27.44401], [94.833965, 27.444012], [94.833466, 27.44368], [94.833328, 27.443502], [94.83329, 27.443322], [94.833434, 27.442959], [94.833639, 27.442687], [94.833662, 27.442324], [94.83395, 27.441598], [94.83395, 27.441327], [94.833769, 27.441059], [94.833436, 27.440702], [94.832893, 27.440439], [94.832851, 27.440349], [94.832865, 27.440078], [94.832684, 27.439988], [94.832608, 27.439811], [94.832619, 27.43963], [94.832775, 27.439374], [94.832977, 27.439305], [94.833179, 27.439319], [94.833338, 27.43926], [94.833523, 27.439257]]}}, {"type": "Feature", "properties": {}, "geometry": {"type": "LineString", "coordinates": [[94.836377, 27.44292], [94.83668, 27.443024], [94.836982, 27.442951], [94.837115, 27.443001], [94.837127, 27.443091], [94.836253, 27.443824], [94.835988, 27.443992], [94.835886, 27.443977], [94.835776, 27.44374], [94.835797, 27.443108], [94.83587, 27.443003], [94.836171, 27.442868], [94.836377, 27.44292]]}}, {"type": "Feature", "properties": {}, "geometry": {"type": "LineString", "coordinates": [[94.802044, 27.440751], [94.802655, 27.440915], [94.803059, 27.441099], [94.803882, 27.441687], [94.804184, 27.44162], [94.804242, 27.441715], [94.804242, 27.442076], [94.804127, 27.442619], [94.803939, 27.442983], [94.803507, 27.443542], [94.803106, 27.443711], [94.801182, 27.443592], [94.799547, 27.44322], [94.799252, 27.443133], [94.79915, 27.443058], [94.799246, 27.442953], [94.799852, 27.442677], [94.800121, 27.442491], [94.800318, 27.442308], [94.800484, 27.442035], [94.800948, 27.441663], [94.801148, 27.441557], [94.801721, 27.441387], [94.801633, 27.441298], [94.801364, 27.441211], [94.801283, 27.441122], [94.801265, 27.440942], [94.801339, 27.440861], [94.801641, 27.440739], [94.802044, 27.440751]]}}, {"type": "Feature", "properties": {}, "geometry": {"type": "LineString", "coordinates": [[94.794038, 27.442208], [94.794181, 27.442334], [94.794494, 27.442901], [94.79493, 27.44337], [94.795012, 27.443549], [94.794932, 27.443641], [94.794102, 27.443705], [94.793191, 27.443695], [94.792984, 27.443666], [94.792661, 27.443489], [94.792632, 27.4434], [94.792679, 27.443297], [94.792981, 27.443222], [94.793278, 27.44303], [94.79375, 27.442934], [94.793828, 27.442843], [94.793682, 27.442734], [94.793567, 27.442575], [94.793545, 27.442395], [94.793625, 27.442304], [94.793875, 27.442166], [94.794038, 27.442208]]}}, {"type": "Feature", "properties": {}, "geometry": {"type": "LineString", "coordinates": [[94.796321, 27.44254], [94.796498, 27.442628], [94.796681, 27.442896], [94.796688, 27.442986], [94.796632, 27.443168], [94.79654, 27.443259], [94.79622, 27.44329], [94.796088, 27.443265], [94.795798, 27.443088], [94.795649, 27.442909], [94.795547, 27.44264], [94.795601, 27.442585], [94.795904, 27.44253], [94.796321, 27.44254]]}}, {"type": "Feature", "properties": {}, "geometry": {"type": "LineString", "coordinates": [[94.799711, 27.418759], [94.800175, 27.418952], [94.80068, 27.419017], [94.801192, 27.419324], [94.801904, 27.419583], [94.802325, 27.419899], [94.803948, 27.420872], [94.804153, 27.421057], [94.804415, 27.421406], [94.804673, 27.421912], [94.804881, 27.422212], [94.805086, 27.422424], [94.805438, 27.422656], [94.805525, 27.422836], [94.805517, 27.423016], [94.8054, 27.423069], [94.803277, 27.423131], [94.802871, 27.423061], [94.802259, 27.422734], [94.802136, 27.422609], [94.802063, 27.422339], [94.801859, 27.422251], [94.801638, 27.422074], [94.801231, 27.421706], [94.801123, 27.421539], [94.801124, 27.42134], [94.80131, 27.421175], [94.801323, 27.420995], [94.801283, 27.420905], [94.800698, 27.420023], [94.800185, 27.419599], [94.799733, 27.41903], [94.799608, 27.418851], [94.799627, 27.41876], [94.799711, 27.418759]]}}, {"type": "Feature", "properties": {}, "geometry": {"type": "LineString", "coordinates": [[94.764049, 27.352155], [94.764424, 27.352249], [94.7648, 27.352416], [94.76518, 27.352682], [94.765647, 27.352884], [94.765954, 27.353071], [94.766156, 27.353071], [94.766228, 27.35312], [94.766752, 27.354016], [94.767183, 27.355003], [94.767404, 27.355291], [94.767685, 27.355538], [94.768229, 27.355802], [94.768485, 27.35598], [94.769159, 27.356513], [94.769862, 27.357307], [94.77019, 27.357583], [94.770685, 27.358191], [94.770786, 27.358209], [94.770802, 27.358026], [94.770564, 27.357668], [94.770537, 27.357578], [94.770573, 27.357536], [94.770778, 27.357693], [94.770985, 27.358002], [94.771091, 27.358283], [94.771048, 27.358474], [94.771104, 27.358744], [94.771404, 27.358901], [94.771835, 27.359547], [94.771887, 27.360178], [94.772063, 27.360808], [94.772153, 27.361496], [94.772258, 27.361759], [94.77237, 27.361887], [94.77239, 27.362338], [94.77252, 27.362968], [94.772566, 27.364141], [94.772927, 27.3654], [94.772938, 27.365671], [94.772878, 27.365942], [94.772932, 27.365995], [94.77309, 27.36603], [94.773256, 27.366389], [94.773261, 27.36684], [94.773156, 27.367364], [94.773036, 27.367655], [94.772934, 27.368288], [94.772964, 27.368468], [94.773074, 27.368467], [94.773147, 27.368376], [94.773267, 27.367968], [94.773467, 27.367868], [94.773568, 27.367867], [94.773651, 27.368008], [94.773616, 27.36846], [94.773405, 27.369004], [94.773026, 27.369551], [94.772489, 27.369942], [94.772096, 27.370619], [94.771857, 27.37119], [94.771651, 27.371463], [94.771609, 27.371735], [94.771626, 27.372637], [94.771567, 27.372999], [94.771477, 27.373361], [94.77114, 27.374094], [94.771102, 27.374268], [94.771091, 27.374991], [94.771184, 27.376847], [94.771222, 27.376975], [94.771599, 27.377502], [94.7717, 27.377476], [94.771782, 27.377238], [94.77171, 27.376607], [94.771537, 27.376429], [94.771566, 27.376158], [94.771443, 27.375889], [94.771538, 27.375526], [94.771551, 27.374895], [94.771667, 27.374442], [94.77175, 27.374314], [94.77195, 27.374182], [94.772003, 27.374076], [94.772155, 27.373352], [94.77223, 27.372695], [94.772331, 27.372675], [94.772403, 27.372718], [94.772643, 27.373208], [94.772927, 27.374065], [94.772815, 27.374969], [94.772699, 27.375512], [94.772387, 27.376328], [94.772207, 27.376601], [94.772345, 27.377321], [94.772481, 27.377681], [94.77246, 27.377861], [94.772316, 27.378113], [94.772028, 27.378318], [94.771917, 27.378462], [94.771722, 27.378954], [94.771296, 27.37932], [94.771005, 27.379504], [94.770018, 27.379832], [94.769803, 27.379971], [94.769519, 27.380248], [94.769145, 27.380972], [94.768789, 27.381428], [94.768436, 27.382026], [94.768228, 27.382699], [94.768134, 27.383332], [94.768157, 27.384053], [94.768114, 27.384957], [94.768181, 27.385115], [94.768384, 27.385145], [94.768695, 27.385617], [94.768842, 27.38576], [94.768943, 27.385939], [94.769064, 27.386389], [94.769244, 27.386567], [94.769206, 27.386748], [94.768976, 27.387112], [94.768854, 27.388467], [94.768892, 27.389279], [94.768764, 27.389942], [94.768762, 27.390905], [94.768873, 27.391536], [94.768918, 27.392257], [94.768826, 27.39298], [94.768889, 27.39325], [94.769022, 27.393475], [94.769433, 27.393864], [94.769637, 27.393976], [94.770247, 27.394166], [94.77055, 27.394179], [94.771058, 27.394349], [94.771971, 27.394523], [94.772145, 27.394382], [94.772372, 27.394293], [94.773586, 27.394342], [94.773993, 27.394492], [94.774301, 27.394771], [94.774503, 27.394743], [94.774605, 27.394795], [94.7745, 27.394894], [94.774507, 27.395016], [94.77481, 27.394959], [94.775521, 27.395061], [94.776152, 27.395234], [94.776434, 27.395362], [94.777447, 27.395505], [94.778564, 27.395777], [94.779069, 27.395728], [94.779821, 27.39609], [94.780397, 27.396566], [94.780601, 27.396684], [94.781213, 27.396997], [94.7817, 27.397149], [94.782028, 27.397366], [94.782737, 27.397457], [94.783536, 27.397667], [94.784165, 27.39822], [94.784576, 27.398664], [94.784758, 27.399095], [94.784897, 27.399725], [94.785106, 27.400137], [94.785622, 27.400799], [94.78627, 27.401332], [94.786556, 27.401509], [94.788073, 27.402283], [94.788643, 27.402656], [94.788996, 27.4031], [94.790159, 27.404261], [94.790752, 27.404975], [94.791029, 27.405513], [94.791174, 27.405692], [94.791631, 27.406588], [94.791685, 27.406791], [94.791931, 27.407216], [94.7921, 27.407445], [94.792305, 27.407609], [94.792406, 27.407636], [94.792442, 27.40712], [94.792396, 27.40694], [94.792187, 27.406573], [94.791855, 27.406495], [94.791778, 27.406286], [94.791614, 27.406047], [94.791569, 27.405687], [94.791354, 27.405054], [94.791147, 27.404759], [94.790592, 27.404165], [94.790147, 27.403268], [94.790211, 27.403172], [94.790412, 27.403138], [94.790716, 27.403166], [94.791307, 27.403343], [94.791686, 27.403519], [94.794148, 27.404932], [94.794505, 27.405378], [94.794733, 27.405556], [94.795413, 27.405934], [94.795688, 27.406175], [94.796047, 27.406712], [94.796269, 27.407251], [94.79635, 27.407634], [94.796482, 27.40797], [94.796497, 27.408782], [94.796394, 27.409686], [94.796473, 27.410407], [94.796595, 27.411128], [94.796797, 27.411847], [94.796824, 27.411886], [94.797024, 27.411733], [94.797129, 27.411933], [94.797054, 27.412927], [94.79698, 27.413289], [94.796659, 27.414286], [94.796455, 27.415371], [94.796336, 27.416366], [94.796376, 27.416726], [94.796505, 27.417159], [94.7969, 27.417712], [94.79692, 27.417802], [94.796821, 27.417934], [94.796138, 27.418264], [94.795054, 27.419], [94.794319, 27.419581], [94.793921, 27.420004], [94.793747, 27.420461], [94.793715, 27.420732], [94.793748, 27.421183], [94.793908, 27.421903], [94.793901, 27.422083], [94.793855, 27.422203], [94.793655, 27.422331], [94.79329, 27.422362], [94.793151, 27.422273], [94.793045, 27.422111], [94.79284, 27.42195], [94.792153, 27.421835], [94.791107, 27.421142], [94.7907, 27.420953], [94.790295, 27.420912], [94.789077, 27.420611], [94.788059, 27.420255], [94.786426, 27.419357], [94.786221, 27.419199], [94.786094, 27.419024], [94.785909, 27.418636], [94.78571, 27.418828], [94.785508, 27.418869], [94.78439, 27.418516], [94.783778, 27.418179], [94.78283, 27.417442], [94.782751, 27.417231], [94.783054, 27.417239], [94.783553, 27.416768], [94.783954, 27.416576], [94.784458, 27.416456], [94.784661, 27.41649], [94.784867, 27.416762], [94.784911, 27.417054], [94.784877, 27.417337], [94.784978, 27.41734], [94.785178, 27.417218], [94.785583, 27.417247], [94.785806, 27.417133], [94.785272, 27.41677], [94.785169, 27.416662], [94.785082, 27.41642], [94.784835, 27.416243], [94.784351, 27.416102], [94.784149, 27.416103], [94.782842, 27.416575], [94.782235, 27.416576], [94.781829, 27.416488], [94.781426, 27.416584], [94.78082, 27.416639], [94.780418, 27.416799], [94.780115, 27.416819], [94.779505, 27.416615], [94.778922, 27.416318], [94.778487, 27.416206], [94.778229, 27.416056], [94.77807, 27.415788], [94.777638, 27.415522], [94.777359, 27.415257], [94.776852, 27.415154], [94.776209, 27.414819], [94.775986, 27.414641], [94.775864, 27.414462], [94.775771, 27.414192], [94.776003, 27.412475], [94.775893, 27.412129], [94.775686, 27.411828], [94.775424, 27.411579], [94.774991, 27.411043], [94.774744, 27.410505], [94.774305, 27.409788], [94.774, 27.409161], [94.773612, 27.408648], [94.772696, 27.407914], [94.772405, 27.407737], [94.771573, 27.407601], [94.771068, 27.407605], [94.769957, 27.407703], [94.769146, 27.407578], [94.76864, 27.407569], [94.768337, 27.407608], [94.76723, 27.407963], [94.766523, 27.408028], [94.766219, 27.407993], [94.764794, 27.407376], [94.764255, 27.407028], [94.76406, 27.40685], [94.763769, 27.406504], [94.763757, 27.406402], [94.764037, 27.406309], [94.764066, 27.406128], [94.763998, 27.406038], [94.76376, 27.405943], [94.763575, 27.405773], [94.763555, 27.405683], [94.763686, 27.405501], [94.763656, 27.405411], [94.76345, 27.405545], [94.763249, 27.405597], [94.762135, 27.404979], [94.76139, 27.404808], [94.760708, 27.404805], [94.760306, 27.404948], [94.760037, 27.405186], [94.759817, 27.40564], [94.759666, 27.405822], [94.759511, 27.405874], [94.759206, 27.405828], [94.759105, 27.405757], [94.759009, 27.40556], [94.758972, 27.404838], [94.758809, 27.404299], [94.758419, 27.403852], [94.758346, 27.403673], [94.758346, 27.403583], [94.758447, 27.403401], [94.758287, 27.403042], [94.758279, 27.402681], [94.758177, 27.402231], [94.758272, 27.402049], [94.758235, 27.401959], [94.757615, 27.401085], [94.756681, 27.399578], [94.756429, 27.399274], [94.755758, 27.39874], [94.755346, 27.398297], [94.755058, 27.397848], [94.754679, 27.397401], [94.754118, 27.396596], [94.753611, 27.396151], [94.753037, 27.395436], [94.752545, 27.39472], [94.752335, 27.394272], [94.752248, 27.394189], [94.752021, 27.394546], [94.751851, 27.394654], [94.751649, 27.394681], [94.751345, 27.394627], [94.750731, 27.39416], [94.750286, 27.393936], [94.749241, 27.393679], [94.748843, 27.393503], [94.748185, 27.393058], [94.748041, 27.392881], [94.748058, 27.392791], [94.747725, 27.392524], [94.746347, 27.391917], [94.745735, 27.391592], [94.745083, 27.391023], [94.744174, 27.390042], [94.74411, 27.389862], [94.743927, 27.389684], [94.743743, 27.389235], [94.743365, 27.388712], [94.743174, 27.388159], [94.743078, 27.387618], [94.743131, 27.387166], [94.743233, 27.386894], [94.743292, 27.386803], [94.74349, 27.386711], [94.743549, 27.386529], [94.743603, 27.385897], [94.743452, 27.385447], [94.743484, 27.385267], [94.743611, 27.385087], [94.744014, 27.38498], [94.744598, 27.383552], [94.744698, 27.38346], [94.744901, 27.38353], [94.744969, 27.383443], [94.744897, 27.383243], [94.744711, 27.383085], [94.744622, 27.382906], [94.744613, 27.382725], [94.744709, 27.382453], [94.745076, 27.381812], [94.745343, 27.381182], [94.745567, 27.380839], [94.745964, 27.38041], [94.746165, 27.380335], [94.746469, 27.380374], [94.746623, 27.380173], [94.746814, 27.379809], [94.747006, 27.379266], [94.747054, 27.378985], [94.747153, 27.378847], [94.747214, 27.37836], [94.747787, 27.378263], [94.74791, 27.378171], [94.747541, 27.377793], [94.747389, 27.377546], [94.747369, 27.377366], [94.747526, 27.376732], [94.747722, 27.376476], [94.748421, 27.37591], [94.749006, 27.375269], [94.749472, 27.374361], [94.749579, 27.373276], [94.749551, 27.372374], [94.749592, 27.371742], [94.749755, 27.370718], [94.749821, 27.369573], [94.749915, 27.36912], [94.749891, 27.367586], [94.749661, 27.366326], [94.749583, 27.366218], [94.749283, 27.366447], [94.74898, 27.366434], [94.748891, 27.366335], [94.748923, 27.366154], [94.749244, 27.365699], [94.749363, 27.365094], [94.749663, 27.36488], [94.749995, 27.364516], [94.7503, 27.364422], [94.750346, 27.364331], [94.750361, 27.36379], [94.750548, 27.3633], [94.750848, 27.363062], [94.751039, 27.362969], [94.751245, 27.362636], [94.751738, 27.362148], [94.751899, 27.362055], [94.752042, 27.361849], [94.752142, 27.361822], [94.752346, 27.36194], [94.752447, 27.361908], [94.75304, 27.361066], [94.753334, 27.360441], [94.754125, 27.359367], [94.754482, 27.358954], [94.75472, 27.3585], [94.755015, 27.358089], [94.755236, 27.357501], [94.755353, 27.356958], [94.755442, 27.355783], [94.755215, 27.355244], [94.755047, 27.354976], [94.754959, 27.354563], [94.754805, 27.354257], [94.754788, 27.353986], [94.755048, 27.353772], [94.755523, 27.353616], [94.755854, 27.353574], [94.756259, 27.35362], [94.756359, 27.353575], [94.756458, 27.353421], [94.757694, 27.353137], [94.759141, 27.352668], [94.760084, 27.352608], [94.760185, 27.352632], [94.760288, 27.35277], [94.760492, 27.352893], [94.760695, 27.352942], [94.760817, 27.352918], [94.760832, 27.352827], [94.760649, 27.352559], [94.760706, 27.352468], [94.761493, 27.352237], [94.7624, 27.3521], [94.763312, 27.352187], [94.763715, 27.352113], [94.764049, 27.352155]]}}, {"type": "Feature", "properties": {}, "geometry": {"type": "LineString", "coordinates": [[94.758471, 27.41387], [94.758699, 27.414048], [94.758826, 27.414227], [94.759366, 27.415483], [94.759417, 27.415754], [94.759638, 27.416022], [94.759708, 27.416201], [94.759578, 27.416441], [94.759419, 27.416566], [94.759385, 27.416657], [94.75918, 27.416863], [94.758978, 27.416921], [94.758473, 27.416934], [94.757968, 27.417016], [94.757766, 27.417001], [94.757528, 27.41686], [94.757476, 27.416681], [94.757568, 27.415867], [94.757675, 27.415505], [94.75829, 27.414053], [94.758411, 27.413871], [94.758471, 27.41387]]}}, {"type": "Feature", "properties": {}, "geometry": {"type": "LineString", "coordinates": [[94.748704, 27.403975], [94.749068, 27.404133], [94.749574, 27.404216], [94.749776, 27.40418], [94.749878, 27.404208], [94.750057, 27.404319], [94.750489, 27.404471], [94.750443, 27.404675], [94.750228, 27.404948], [94.749998, 27.405394], [94.74997, 27.405764], [94.750008, 27.406052], [94.750219, 27.406592], [94.750679, 27.407289], [94.750893, 27.407738], [94.751162, 27.408005], [94.751488, 27.408452], [94.751488, 27.408633], [94.751377, 27.408995], [94.751373, 27.409246], [94.751116, 27.40945], [94.751085, 27.409721], [94.751006, 27.409903], [94.75071, 27.410177], [94.750085, 27.410958], [94.749984, 27.410953], [94.749881, 27.410846], [94.749271, 27.409924], [94.749091, 27.409475], [94.749152, 27.409114], [94.749124, 27.408843], [94.748721, 27.408036], [94.748518, 27.407776], [94.747803, 27.407311], [94.747569, 27.406967], [94.747271, 27.4067], [94.747164, 27.406521], [94.74714, 27.406431], [94.747181, 27.406374], [94.74732, 27.406339], [94.747281, 27.406304], [94.747079, 27.406315], [94.746754, 27.405894], [94.746789, 27.405713], [94.7469, 27.405531], [94.747174, 27.405257], [94.747361, 27.404967], [94.747561, 27.404783], [94.748104, 27.404524], [94.748262, 27.404383], [94.748559, 27.403973], [94.74866, 27.403946], [94.748704, 27.403975]]}}, {"type": "Feature", "properties": {}, "geometry": {"type": "LineString", "coordinates": [[94.751231, 27.405297], [94.751311, 27.405309], [94.751618, 27.405523], [94.752021, 27.405441], [94.752161, 27.405465], [94.752249, 27.405555], [94.752147, 27.405917], [94.751933, 27.406285], [94.751735, 27.406534], [94.751634, 27.406567], [94.75143, 27.406462], [94.750964, 27.405842], [94.750951, 27.405661], [94.751231, 27.405297]]}}, {"type": "Feature", "properties": {}, "geometry": {"type": "LineString", "coordinates": [[94.74126, 27.395313], [94.741361, 27.395582], [94.7414, 27.395853], [94.741465, 27.395942], [94.741953, 27.396207], [94.742069, 27.396339], [94.742083, 27.396476], [94.741736, 27.397473], [94.741433, 27.399372], [94.741453, 27.400455], [94.741607, 27.401446], [94.741631, 27.402168], [94.741657, 27.402313], [94.74176, 27.40245], [94.741786, 27.402617], [94.741576, 27.403612], [94.741589, 27.404425], [94.741405, 27.405635], [94.741116, 27.406533], [94.741017, 27.406645], [94.740916, 27.406646], [94.740306, 27.406469], [94.739694, 27.406165], [94.73929, 27.406145], [94.739097, 27.40608], [94.738779, 27.405831], [94.737864, 27.405511], [94.737549, 27.405287], [94.737056, 27.405023], [94.73684, 27.404737], [94.736778, 27.404394], [94.736641, 27.404125], [94.736576, 27.403314], [94.736781, 27.401867], [94.736989, 27.401272], [94.737441, 27.400595], [94.737684, 27.400412], [94.738379, 27.399672], [94.73858, 27.399564], [94.739165, 27.398769], [94.740297, 27.397581], [94.740662, 27.396915], [94.740947, 27.395738], [94.741126, 27.395314], [94.741142, 27.395287], [94.74126, 27.395313]]}}, {"type": "Feature", "properties": {}, "geometry": {"type": "LineString", "coordinates": [[94.757209, 27.404138], [94.757528, 27.404766], [94.757783, 27.405034], [94.75787, 27.405213], [94.757796, 27.405485], [94.757678, 27.405667], [94.757527, 27.405849], [94.757388, 27.405912], [94.757195, 27.405853], [94.757026, 27.405675], [94.756874, 27.40539], [94.756772, 27.404956], [94.756777, 27.404505], [94.756855, 27.404164], [94.757056, 27.404072], [94.757209, 27.404138]]}}, {"type": "Feature", "properties": {}, "geometry": {"type": "LineString", "coordinates": [[94.749708, 27.397554], [94.751809, 27.398701], [94.752627, 27.398966], [94.753138, 27.399325], [94.753851, 27.399663], [94.754062, 27.400026], [94.754161, 27.400075], [94.754363, 27.400069], [94.754566, 27.400118], [94.754588, 27.40029], [94.754321, 27.401196], [94.754086, 27.401761], [94.753987, 27.401899], [94.753887, 27.401939], [94.753732, 27.401926], [94.75299, 27.401574], [94.751313, 27.400332], [94.750513, 27.399617], [94.74987, 27.398906], [94.749212, 27.397831], [94.749115, 27.397561], [94.749165, 27.397488], [94.749266, 27.397478], [94.749708, 27.397554]]}}, {"type": "Feature", "properties": {}, "geometry": {"type": "LineString", "coordinates": [[94.716811, 27.391233], [94.716205, 27.391289], [94.715873, 27.391476], [94.715696, 27.391658], [94.715507, 27.391974], [94.715006, 27.392264], [94.714707, 27.392526], [94.714036, 27.392581], [94.714284, 27.392668], [94.714607, 27.392595], [94.714911, 27.392611], [94.715215, 27.392689], [94.715428, 27.392835], [94.715657, 27.392922], [94.715907, 27.3931], [94.716135, 27.393351], [94.716645, 27.394445], [94.716862, 27.394566], [94.716962, 27.39452], [94.717051, 27.394349], [94.716928, 27.393809], [94.716529, 27.393363], [94.716125, 27.392736], [94.715922, 27.392635], [94.715552, 27.392563], [94.715549, 27.392472], [94.715627, 27.392381], [94.715877, 27.392288], [94.716116, 27.392109], [94.716241, 27.391922], [94.716253, 27.391651], [94.716309, 27.391508], [94.716853, 27.391373], [94.7169, 27.391282], [94.716811, 27.391233]]}}, {"type": "Feature", "properties": {}, "geometry": {"type": "LineString", "coordinates": [[94.769626, 27.382861], [94.769968, 27.383026], [94.770164, 27.383847], [94.770289, 27.384142], [94.770495, 27.384344], [94.77057, 27.384294], [94.770456, 27.384115], [94.770346, 27.383755], [94.77038, 27.383513], [94.770583, 27.383572], [94.770995, 27.384045], [94.7712, 27.384169], [94.771322, 27.384194], [94.77136, 27.384374], [94.77125, 27.385097], [94.770923, 27.385845], [94.770797, 27.386457], [94.770815, 27.387088], [94.77092, 27.387629], [94.771578, 27.388911], [94.771927, 27.389331], [94.772066, 27.38969], [94.77242, 27.390979], [94.77263, 27.391458], [94.773044, 27.392052], [94.77411, 27.393094], [94.774193, 27.393273], [94.774134, 27.393364], [94.773672, 27.393358], [94.773265, 27.393244], [94.772451, 27.392878], [94.771634, 27.392394], [94.770951, 27.39178], [94.770765, 27.391512], [94.770496, 27.390785], [94.770366, 27.390614], [94.769878, 27.390169], [94.769684, 27.389901], [94.769658, 27.389721], [94.769769, 27.389557], [94.770071, 27.389475], [94.770123, 27.389173], [94.770268, 27.3889], [94.770262, 27.38854], [94.770111, 27.388], [94.770089, 27.387549], [94.770118, 27.387368], [94.770248, 27.387096], [94.770302, 27.386734], [94.770227, 27.386284], [94.769737, 27.385477], [94.769505, 27.384758], [94.769494, 27.383946], [94.769304, 27.383046], [94.769359, 27.382875], [94.769626, 27.382861]]}}, {"type": "Feature", "properties": {}, "geometry": {"type": "LineString", "coordinates": [[94.769993, 27.391251], [94.770101, 27.391377], [94.77052, 27.392305], [94.770755, 27.392956], [94.770763, 27.393136], [94.770636, 27.393192], [94.770332, 27.39321], [94.770039, 27.393055], [94.769621, 27.392338], [94.769635, 27.391706], [94.769797, 27.391303], [94.769896, 27.391221], [94.769993, 27.391251]]}}, {"type": "Feature", "properties": {}, "geometry": {"type": "LineString", "coordinates": [[94.709398, 27.389202], [94.709077, 27.389212], [94.708936, 27.389304], [94.709252, 27.389481], [94.709808, 27.38957], [94.710318, 27.389849], [94.711028, 27.390014], [94.711436, 27.390229], [94.711948, 27.390688], [94.712357, 27.390974], [94.712666, 27.391313], [94.712976, 27.39176], [94.713283, 27.391982], [94.71358, 27.392316], [94.713851, 27.392493], [94.713951, 27.392492], [94.713954, 27.392312], [94.713776, 27.392043], [94.713849, 27.391952], [94.713834, 27.391862], [94.713583, 27.391776], [94.713365, 27.391597], [94.713375, 27.391506], [94.71349, 27.391415], [94.713493, 27.391234], [94.713166, 27.390964], [94.712762, 27.390521], [94.712733, 27.390431], [94.71289, 27.390339], [94.712872, 27.390249], [94.712646, 27.390047], [94.711992, 27.389718], [94.711731, 27.389714], [94.71153, 27.389791], [94.711328, 27.389769], [94.710212, 27.389379], [94.709398, 27.389202]]}}, {"type": "Feature", "properties": {}, "geometry": {"type": "LineString", "coordinates": [[94.674543, 27.344217], [94.674448, 27.344232], [94.674651, 27.344662], [94.675007, 27.344857], [94.674995, 27.345038], [94.674961, 27.345101], [94.67486, 27.345143], [94.674557, 27.345161], [94.674253, 27.345085], [94.674049, 27.344971], [94.673987, 27.34505], [94.674052, 27.345175], [94.67446, 27.345428], [94.674562, 27.345454], [94.674763, 27.345381], [94.674933, 27.3454], [94.674996, 27.345579], [94.675093, 27.345669], [94.675578, 27.345781], [94.675884, 27.346012], [94.676393, 27.346249], [94.67677, 27.346732], [94.677492, 27.347174], [94.677837, 27.347441], [94.678131, 27.347549], [94.678434, 27.347518], [94.678536, 27.347584], [94.679067, 27.348238], [94.679058, 27.348419], [94.678954, 27.348523], [94.678854, 27.348581], [94.678532, 27.348606], [94.678114, 27.348791], [94.677951, 27.349027], [94.677685, 27.349609], [94.677359, 27.349949], [94.677365, 27.350064], [94.677783, 27.35128], [94.678198, 27.351977], [94.678404, 27.352221], [94.678849, 27.352573], [94.679821, 27.353645], [94.68004, 27.354003], [94.680089, 27.354273], [94.680238, 27.354452], [94.681178, 27.354802], [94.682593, 27.355215], [94.683712, 27.355678], [94.684626, 27.355919], [94.685237, 27.356208], [94.685641, 27.356216], [94.686045, 27.356159], [94.687056, 27.356203], [94.687864, 27.356167], [94.688157, 27.355981], [94.688415, 27.355707], [94.688973, 27.35552], [94.68937, 27.355454], [94.690077, 27.355442], [94.690629, 27.3555], [94.6917, 27.35578], [94.69231, 27.356017], [94.69278, 27.356377], [94.69288, 27.356556], [94.692882, 27.356646], [94.692468, 27.357373], [94.692211, 27.357647], [94.691938, 27.358138], [94.691337, 27.358547], [94.691029, 27.358925], [94.690359, 27.360648], [94.690062, 27.361132], [94.689769, 27.361757], [94.689226, 27.362286], [94.688713, 27.362654], [94.687766, 27.363116], [94.687268, 27.36349], [94.686966, 27.363565], [94.686754, 27.36367], [94.686465, 27.363923], [94.686218, 27.364218], [94.686047, 27.364581], [94.685869, 27.365306], [94.685849, 27.366569], [94.685904, 27.36691], [94.686005, 27.366878], [94.686061, 27.366567], [94.686198, 27.3663], [94.686298, 27.366243], [94.6864, 27.366291], [94.686529, 27.366561], [94.686718, 27.367244], [94.687028, 27.367703], [94.687168, 27.367998], [94.687312, 27.368808], [94.687558, 27.369271], [94.688209, 27.36988], [94.688636, 27.370146], [94.689554, 27.370857], [94.689918, 27.371394], [94.690628, 27.372739], [94.691039, 27.373366], [94.691268, 27.37394], [94.691883, 27.374483], [94.692776, 27.37506], [94.693514, 27.375366], [94.693717, 27.375418], [94.693919, 27.37538], [94.694223, 27.375427], [94.69534, 27.375778], [94.695646, 27.375933], [94.695848, 27.37596], [94.695891, 27.375925], [94.695177, 27.375392], [94.695111, 27.375303], [94.695132, 27.375212], [94.695432, 27.375197], [94.696057, 27.375291], [94.697464, 27.375809], [94.69889, 27.37654], [94.69928, 27.376876], [94.70002, 27.377657], [94.700556, 27.378125], [94.700739, 27.37841], [94.700832, 27.378843], [94.700738, 27.379296], [94.700554, 27.379553], [94.699972, 27.379937], [94.699455, 27.380381], [94.699408, 27.380485], [94.699451, 27.381116], [94.699646, 27.381836], [94.699845, 27.382195], [94.700094, 27.382495], [94.700637, 27.382997], [94.701432, 27.38389], [94.701947, 27.384672], [94.702319, 27.385143], [94.702569, 27.385673], [94.702838, 27.386039], [94.702944, 27.386309], [94.703339, 27.386755], [94.703398, 27.38699], [94.703711, 27.387641], [94.703745, 27.387563], [94.703725, 27.387292], [94.70354, 27.386933], [94.703535, 27.386843], [94.703597, 27.38679], [94.704509, 27.386895], [94.704915, 27.386983], [94.70602, 27.387445], [94.70675, 27.387976], [94.706952, 27.387994], [94.707255, 27.387927], [94.707376, 27.38797], [94.707669, 27.388688], [94.707809, 27.388867], [94.708182, 27.389133], [94.708489, 27.389272], [94.708699, 27.389307], [94.708732, 27.389217], [94.708606, 27.388947], [94.708576, 27.388767], [94.708375, 27.388465], [94.707963, 27.387981], [94.707146, 27.387419], [94.706181, 27.386901], [94.705029, 27.386554], [94.704299, 27.386375], [94.70349, 27.386364], [94.702977, 27.385906], [94.702762, 27.385408], [94.702831, 27.385137], [94.702962, 27.384919], [94.70296, 27.384413], [94.702135, 27.383727], [94.701693, 27.383255], [94.701657, 27.382353], [94.701266, 27.381636], [94.701062, 27.381097], [94.700986, 27.380556], [94.701026, 27.380104], [94.701165, 27.379858], [94.701265, 27.379783], [94.70144, 27.379738], [94.701457, 27.379648], [94.701325, 27.379198], [94.701258, 27.378296], [94.701167, 27.377937], [94.700927, 27.377485], [94.700103, 27.376476], [94.699486, 27.375833], [94.698716, 27.375259], [94.697775, 27.374729], [94.696835, 27.374351], [94.695819, 27.374029], [94.695211, 27.373925], [94.695009, 27.373953], [94.694738, 27.374224], [94.694794, 27.374494], [94.694716, 27.374623], [94.694615, 27.374644], [94.694411, 27.374544], [94.693733, 27.374417], [94.693089, 27.37403], [94.692887, 27.374026], [94.692687, 27.374174], [94.692383, 27.374155], [94.692076, 27.37391], [94.691932, 27.373626], [94.691815, 27.372996], [94.691651, 27.372537], [94.691413, 27.371647], [94.691309, 27.371016], [94.69122, 27.370807], [94.691118, 27.37072], [94.690813, 27.370592], [94.690509, 27.370559], [94.690207, 27.370653], [94.689813, 27.370583], [94.688984, 27.370009], [94.688728, 27.369784], [94.687861, 27.369273], [94.687748, 27.369164], [94.687522, 27.368445], [94.687404, 27.367634], [94.687296, 27.367454], [94.686917, 27.367188], [94.686847, 27.367009], [94.686814, 27.366738], [94.68693, 27.366466], [94.686907, 27.366399], [94.686806, 27.36641], [94.686705, 27.366366], [94.686639, 27.366109], [94.686699, 27.365957], [94.686802, 27.365926], [94.686767, 27.365836], [94.686493, 27.365721], [94.686311, 27.365571], [94.686816, 27.365023], [94.687066, 27.364569], [94.687223, 27.364387], [94.687484, 27.364203], [94.688184, 27.363948], [94.688986, 27.363489], [94.689264, 27.363098], [94.689483, 27.362903], [94.689584, 27.36294], [94.689691, 27.363318], [94.689898, 27.363623], [94.689977, 27.363451], [94.689845, 27.362911], [94.690006, 27.362277], [94.690079, 27.362243], [94.690283, 27.362315], [94.690434, 27.362272], [94.690583, 27.36215], [94.69098, 27.361658], [94.69137, 27.360728], [94.691466, 27.360364], [94.691765, 27.360073], [94.692199, 27.359543], [94.692678, 27.358815], [94.692816, 27.358362], [94.693007, 27.358089], [94.693074, 27.357907], [94.693107, 27.357456], [94.693239, 27.357309], [94.693346, 27.357453], [94.693382, 27.358084], [94.693312, 27.358446], [94.693101, 27.358629], [94.693079, 27.35872], [94.693161, 27.358827], [94.693262, 27.35883], [94.693462, 27.358697], [94.693564, 27.358726], [94.693815, 27.359252], [94.69399, 27.360134], [94.694217, 27.359969], [94.694334, 27.359697], [94.694322, 27.359336], [94.69427, 27.359247], [94.694076, 27.359155], [94.69393, 27.35898], [94.693812, 27.35862], [94.69381, 27.35835], [94.693973, 27.358167], [94.693979, 27.357987], [94.693745, 27.357309], [94.693431, 27.356623], [94.693383, 27.356189], [94.693115, 27.35577], [94.692832, 27.355473], [94.691855, 27.354944], [94.690873, 27.354586], [94.689961, 27.354431], [94.689455, 27.35444], [94.688548, 27.354579], [94.687295, 27.354909], [94.685727, 27.355241], [94.685323, 27.35524], [94.684917, 27.355139], [94.684018, 27.354587], [94.68318, 27.35391], [94.682671, 27.353657], [94.681651, 27.353049], [94.681139, 27.352596], [94.680836, 27.352645], [94.680431, 27.35259], [94.679727, 27.352292], [94.678388, 27.351156], [94.677997, 27.350056], [94.678005, 27.349786], [94.678128, 27.349242], [94.678455, 27.348889], [94.678855, 27.348665], [94.679058, 27.348714], [94.679429, 27.349046], [94.680183, 27.349541], [94.680284, 27.34954], [94.680484, 27.349415], [94.68057, 27.349574], [94.680893, 27.349706], [94.681094, 27.349669], [94.681064, 27.349568], [94.680272, 27.348789], [94.679966, 27.348603], [94.67972, 27.348321], [94.679466, 27.347873], [94.678932, 27.347428], [94.678732, 27.347172], [94.678224, 27.346263], [94.677801, 27.345785], [94.677393, 27.345535], [94.676579, 27.345189], [94.676174, 27.345096], [94.675766, 27.344856], [94.675318, 27.344854], [94.675436, 27.345033], [94.675365, 27.345099], [94.675263, 27.345039], [94.675227, 27.344945], [94.675308, 27.344763], [94.675156, 27.344654], [94.674882, 27.344588], [94.674685, 27.34432], [94.674543, 27.344217]]}}, {"type": "Feature", "properties": {}, "geometry": {"type": "LineString", "coordinates": [[94.776491, 27.234066], [94.77639, 27.23407], [94.776366, 27.234213], [94.776429, 27.234303], [94.776468, 27.234573], [94.776583, 27.234842], [94.776708, 27.235035], [94.77681, 27.235103], [94.777114, 27.235165], [94.777179, 27.235286], [94.777413, 27.236456], [94.777473, 27.236546], [94.777367, 27.236908], [94.777555, 27.237498], [94.777761, 27.237732], [94.778167, 27.237861], [94.778219, 27.237981], [94.778207, 27.238703], [94.777779, 27.238876], [94.777567, 27.239072], [94.777544, 27.239163], [94.777837, 27.240693], [94.777934, 27.242226], [94.778075, 27.242766], [94.778071, 27.242947], [94.777934, 27.24349], [94.777887, 27.244303], [94.777892, 27.244754], [94.777988, 27.245475], [94.778196, 27.246285], [94.7784, 27.246824], [94.778827, 27.247628], [94.779422, 27.248525], [94.780116, 27.249239], [94.780872, 27.249771], [94.781517, 27.250123], [94.781942, 27.250299], [94.782406, 27.250414], [94.783013, 27.25047], [94.783214, 27.250442], [94.784221, 27.250089], [94.786525, 27.249044], [94.787127, 27.248842], [94.787932, 27.248654], [94.789142, 27.248542], [94.789546, 27.248526], [94.790456, 27.2486], [94.790861, 27.248673], [94.792637, 27.249169], [94.794445, 27.249868], [94.795025, 27.250145], [94.795736, 27.250379], [94.796552, 27.250917], [94.796821, 27.251282], [94.796933, 27.251641], [94.796949, 27.252183], [94.797213, 27.253262], [94.797273, 27.253713], [94.797256, 27.255518], [94.797068, 27.257687], [94.796967, 27.25823], [94.797054, 27.259492], [94.797216, 27.26082], [94.797424, 27.261383], [94.797546, 27.261562], [94.797849, 27.262485], [94.798468, 27.263253], [94.798673, 27.263473], [94.79899, 27.263709], [94.799332, 27.264156], [94.799392, 27.264191], [94.799405, 27.264155], [94.799386, 27.263866], [94.799588, 27.263867], [94.800368, 27.264414], [94.801577, 27.265662], [94.801884, 27.26638], [94.802065, 27.267139], [94.802169, 27.268001], [94.802151, 27.269084], [94.801896, 27.269629], [94.801856, 27.26981], [94.801898, 27.270983], [94.801538, 27.27205], [94.801244, 27.272569], [94.801015, 27.27316], [94.8009, 27.273342], [94.800768, 27.274066], [94.800474, 27.274937], [94.800352, 27.276147], [94.800175, 27.27642], [94.799961, 27.277055], [94.799579, 27.278323], [94.799499, 27.278775], [94.799448, 27.279949], [94.799379, 27.280131], [94.799397, 27.280582], [94.799321, 27.281305], [94.799295, 27.282118], [94.799366, 27.283651], [94.799271, 27.283923], [94.799267, 27.284826], [94.799409, 27.285456], [94.799805, 27.286173], [94.80026, 27.286747], [94.800807, 27.287333], [94.801188, 27.287881], [94.801711, 27.289005], [94.801918, 27.289338], [94.802331, 27.289844], [94.802906, 27.290284], [94.803657, 27.290641], [94.804774, 27.291004], [94.805886, 27.291073], [94.806372, 27.290781], [94.806724, 27.290325], [94.807232, 27.289867], [94.807477, 27.289052], [94.807872, 27.288596], [94.808418, 27.287506], [94.80851, 27.287053], [94.809031, 27.286234], [94.809138, 27.285997], [94.809618, 27.285414], [94.810431, 27.284777], [94.810615, 27.284499], [94.810729, 27.28444], [94.811131, 27.284315], [94.811736, 27.284226], [94.812241, 27.28423], [94.812748, 27.284357], [94.813051, 27.284341], [94.814558, 27.283879], [94.814861, 27.283836], [94.816168, 27.283489], [94.816673, 27.283442], [94.817175, 27.283288], [94.817478, 27.283273], [94.81788, 27.283118], [94.818272, 27.283045], [94.819187, 27.282757], [94.819704, 27.282666], [94.820251, 27.282478], [94.821308, 27.281923], [94.822156, 27.28137], [94.823092, 27.280663], [94.823611, 27.280178], [94.824089, 27.279858], [94.824859, 27.279169], [94.825141, 27.278714], [94.826074, 27.277672], [94.826281, 27.277345], [94.826558, 27.276529], [94.826853, 27.275889], [94.827095, 27.275078], [94.827921, 27.273443], [94.828317, 27.272818], [94.828818, 27.272348], [94.829559, 27.271887], [94.829913, 27.271575], [94.831017, 27.271139], [94.831299, 27.271233], [94.831381, 27.271322], [94.831535, 27.271899], [94.831883, 27.272579], [94.832294, 27.273025], [94.832879, 27.273826], [94.833574, 27.275445], [94.833785, 27.275803], [94.834226, 27.276339], [94.83467, 27.276694], [94.834948, 27.276773], [94.836159, 27.276698], [94.836359, 27.276598], [94.836794, 27.276215], [94.837861, 27.275802], [94.83907, 27.275625], [94.839777, 27.275587], [94.840384, 27.275666], [94.84077, 27.275801], [94.841404, 27.276233], [94.841816, 27.276722], [94.84203, 27.277229], [94.842074, 27.277499], [94.842082, 27.278943], [94.841951, 27.280208], [94.841717, 27.281024], [94.841578, 27.281748], [94.841367, 27.283285], [94.84078, 27.28582], [94.840652, 27.286182], [94.840464, 27.287539], [94.840567, 27.289072], [94.840694, 27.289792], [94.840923, 27.290601], [94.841144, 27.291121], [94.841564, 27.292075], [94.842166, 27.293202], [94.842982, 27.294275], [94.843383, 27.29454], [94.843837, 27.295113], [94.844143, 27.295344], [94.844434, 27.2957], [94.84457, 27.295788], [94.845186, 27.296412], [94.845338, 27.2965], [94.84548, 27.296737], [94.845891, 27.297156], [94.846574, 27.297657], [94.847828, 27.298362], [94.848034, 27.298436], [94.848136, 27.298539], [94.848474, 27.298715], [94.849395, 27.299064], [94.849763, 27.29915], [94.850374, 27.299417], [94.850778, 27.299467], [94.851185, 27.299597], [94.852602, 27.299774], [94.855735, 27.299863], [94.85624, 27.299825], [94.856948, 27.29989], [94.857554, 27.299847], [94.858124, 27.29967], [94.858475, 27.299485], [94.858957, 27.299171], [94.859459, 27.29875], [94.860768, 27.297288], [94.861343, 27.296559], [94.861962, 27.295377], [94.862615, 27.29441], [94.863213, 27.293871], [94.863816, 27.293688], [94.864222, 27.293829], [94.864931, 27.2939], [94.865536, 27.293881], [94.86604, 27.2938], [94.866344, 27.293854], [94.866793, 27.294049], [94.867467, 27.294577], [94.867963, 27.294846], [94.869196, 27.295235], [94.87062, 27.29579], [94.871293, 27.296155], [94.872357, 27.296954], [94.872458, 27.296958], [94.872557, 27.296866], [94.872658, 27.296838], [94.87296, 27.296804], [94.873468, 27.296944], [94.873878, 27.297288], [94.874113, 27.297561], [94.874331, 27.297919], [94.874711, 27.298814], [94.874873, 27.299627], [94.875038, 27.299986], [94.875758, 27.300988], [94.876014, 27.301507], [94.876077, 27.301897], [94.876628, 27.303123], [94.876919, 27.303926], [94.877543, 27.305187], [94.878288, 27.30617], [94.87878, 27.306975], [94.878946, 27.307153], [94.879093, 27.307693], [94.879206, 27.30777], [94.879292, 27.30769], [94.879311, 27.3076], [94.879405, 27.307547], [94.879909, 27.307772], [94.880432, 27.308487], [94.880615, 27.309117], [94.880413, 27.309661], [94.880651, 27.310109], [94.880859, 27.310738], [94.881415, 27.311272], [94.881902, 27.311862], [94.882167, 27.312074], [94.882148, 27.312255], [94.882349, 27.312523], [94.88264, 27.31279], [94.882837, 27.313148], [94.8829, 27.313508], [94.882825, 27.314231], [94.882961, 27.314712], [94.883373, 27.315186], [94.883885, 27.315571], [94.884744, 27.316101], [94.885441, 27.316452], [94.885893, 27.316627], [94.887547, 27.317002], [94.887852, 27.317108], [94.888357, 27.317135], [94.889069, 27.317387], [94.889371, 27.317323], [94.889677, 27.317503], [94.889981, 27.317576], [94.890488, 27.317657], [94.890993, 27.317651], [94.891297, 27.317707], [94.891498, 27.317618], [94.8917, 27.317622], [94.892021, 27.317807], [94.893226, 27.318216], [94.895057, 27.318922], [94.895771, 27.319345], [94.897903, 27.319939], [94.899809, 27.32077], [94.901333, 27.321291], [94.90215, 27.321461], [94.90278, 27.321483], [94.903528, 27.321442], [94.904353, 27.32125], [94.905596, 27.320714], [94.906679, 27.320135], [94.907097, 27.319837], [94.907702, 27.31949], [94.908356, 27.31921], [94.908796, 27.318742], [94.909484, 27.317618], [94.909647, 27.317477], [94.909622, 27.317117], [94.909753, 27.316664], [94.909855, 27.31594], [94.909743, 27.31504], [94.909016, 27.314147], [94.908398, 27.313209], [94.907979, 27.312334], [94.907746, 27.311637], [94.907703, 27.310825], [94.907738, 27.310283], [94.908132, 27.309487], [94.908528, 27.309036], [94.909058, 27.308641], [94.909728, 27.308263], [94.909965, 27.308177], [94.910128, 27.308041], [94.910529, 27.307883], [94.911536, 27.307649], [94.912093, 27.307606], [94.912544, 27.30752], [94.913658, 27.30769], [94.913909, 27.307852], [94.914273, 27.308202], [94.914796, 27.309194], [94.915544, 27.309996], [94.915953, 27.310532], [94.916347, 27.311158], [94.916869, 27.312279], [94.917464, 27.313309], [94.917682, 27.313577], [94.918533, 27.315047], [94.919361, 27.31617], [94.919773, 27.31662], [94.920388, 27.317142], [94.920795, 27.317293], [94.921101, 27.317488], [94.921615, 27.317987], [94.922473, 27.318655], [94.922741, 27.318812], [94.923147, 27.318912], [94.923864, 27.319499], [94.924271, 27.319628], [94.92528, 27.319563], [94.9272, 27.319582], [94.928814, 27.319428], [94.929117, 27.319433], [94.929826, 27.319494], [94.931241, 27.319708], [94.933273, 27.320181], [94.933883, 27.320372], [94.934495, 27.320712], [94.934905, 27.321034], [94.936447, 27.32255], [94.936867, 27.322879], [94.937371, 27.323376], [94.937682, 27.323832], [94.938007, 27.324127], [94.93809, 27.324306], [94.938053, 27.324397], [94.9375, 27.325003], [94.937392, 27.325308], [94.937499, 27.3263], [94.937478, 27.326751], [94.937586, 27.327562], [94.9376, 27.328284], [94.937507, 27.329278], [94.937417, 27.32964], [94.937416, 27.330091], [94.937618, 27.331352], [94.938139, 27.332428], [94.938451, 27.333204], [94.938929, 27.333771], [94.939336, 27.334126], [94.939785, 27.334377], [94.940399, 27.334822], [94.940988, 27.335096], [94.941431, 27.33536], [94.942948, 27.336076], [94.943557, 27.336225], [94.943959, 27.336115], [94.945473, 27.336033], [94.946385, 27.336178], [94.94679, 27.336194], [94.946891, 27.336178], [94.946973, 27.336096], [94.947087, 27.335858], [94.947175, 27.336093], [94.947295, 27.336162], [94.947497, 27.336171], [94.948202, 27.336057], [94.949081, 27.336066], [94.949418, 27.335881], [94.949739, 27.335786], [94.949851, 27.335694], [94.949742, 27.335606], [94.949444, 27.33552], [94.949429, 27.33543], [94.949554, 27.335157], [94.949996, 27.334597], [94.950196, 27.334453], [94.950498, 27.334439], [94.951067, 27.334775], [94.951522, 27.335208], [94.951934, 27.33565], [94.95222, 27.336113], [94.953382, 27.337508], [94.953559, 27.337809], [94.953611, 27.337988], [94.953622, 27.33862], [94.953525, 27.338982], [94.953572, 27.339162], [94.953767, 27.339521], [94.954065, 27.339787], [94.95444, 27.340217], [94.954706, 27.340681], [94.954964, 27.341309], [94.955102, 27.341397], [94.955147, 27.341487], [94.955497, 27.342294], [94.955595, 27.342698], [94.955806, 27.343167], [94.95622, 27.343749], [94.957147, 27.344706], [94.957664, 27.345375], [94.957869, 27.345579], [94.958176, 27.345789], [94.958898, 27.346582], [94.959, 27.346631], [94.959053, 27.346576], [94.959071, 27.346396], [94.959196, 27.346314], [94.960207, 27.346321], [94.96071, 27.346212], [94.961517, 27.346124], [94.962023, 27.346116], [94.962834, 27.346292], [94.963039, 27.346434], [94.963348, 27.346793], [94.963847, 27.347231], [94.964287, 27.347856], [94.964477, 27.348305], [94.964486, 27.348485], [94.96429, 27.348621], [94.964189, 27.348634], [94.964087, 27.348583], [94.964034, 27.348672], [94.964292, 27.348736], [94.9646, 27.34898], [94.964804, 27.349072], [94.96683, 27.349327], [94.967236, 27.349453], [94.968351, 27.349645], [94.969165, 27.349943], [94.96957, 27.350002], [94.969983, 27.350123], [94.970787, 27.350191], [94.97119, 27.35016], [94.971393, 27.350195], [94.971699, 27.350329], [94.971997, 27.350365], [94.97251, 27.350512], [94.972579, 27.350447], [94.972623, 27.350176], [94.972997, 27.34999], [94.973509, 27.349807], [94.974319, 27.349902], [94.975431, 27.349893], [94.976038, 27.349934], [94.976342, 27.350019], [94.97655, 27.350299], [94.97665, 27.350274], [94.976752, 27.350305], [94.977316, 27.350651], [94.977434, 27.35092], [94.977406, 27.351101], [94.977178, 27.351541], [94.977078, 27.351622], [94.976977, 27.351614], [94.976743, 27.351471], [94.97659, 27.351293], [94.976538, 27.351023], [94.97655, 27.350305], [94.976448, 27.350276], [94.976302, 27.350936], [94.976146, 27.351299], [94.976159, 27.351389], [94.976371, 27.351621], [94.977093, 27.352188], [94.977123, 27.352368], [94.976971, 27.352461], [94.976929, 27.352642], [94.976944, 27.352912], [94.977028, 27.353092], [94.977329, 27.353358], [94.977529, 27.353626], [94.977621, 27.353701], [94.977823, 27.353733], [94.97803, 27.353956], [94.978599, 27.354423], [94.980088, 27.356058], [94.981079, 27.357005], [94.981434, 27.357271], [94.981941, 27.357947], [94.982482, 27.35852], [94.982768, 27.358936], [94.983681, 27.359856], [94.984513, 27.360453], [94.985873, 27.361811], [94.986875, 27.36251], [94.98718, 27.362646], [94.987488, 27.362867], [94.987895, 27.363059], [94.988199, 27.36309], [94.988428, 27.363308], [94.988612, 27.363597], [94.989025, 27.364383], [94.989139, 27.364788], [94.98947, 27.36546], [94.989693, 27.366269], [94.989767, 27.366448], [94.989878, 27.366539], [94.989987, 27.366985], [94.990125, 27.367165], [94.990296, 27.367294], [94.990484, 27.367611], [94.990944, 27.369049], [94.991215, 27.370308], [94.991198, 27.371662], [94.991095, 27.372025], [94.991153, 27.372204], [94.991704, 27.373099], [94.991817, 27.373216], [94.992241, 27.374319], [94.992579, 27.375433], [94.993193, 27.376659], [94.993504, 27.377111], [94.99361, 27.377385], [94.993725, 27.377492], [94.993821, 27.377824], [94.994016, 27.37812], [94.994807, 27.379011], [94.995256, 27.379366], [94.995979, 27.379782], [94.996389, 27.38011], [94.996996, 27.380965], [94.998742, 27.381655], [94.999525, 27.381832], [94.999959, 27.381851], [95.001094, 27.381809], [95.00228, 27.381618], [95.002935, 27.381422], [95.004366, 27.38086], [95.00608, 27.379932], [95.006547, 27.379565], [95.00667, 27.379202], [95.006669, 27.378841], [95.006817, 27.377846], [95.006725, 27.377577], [95.006666, 27.376765], [95.006477, 27.376136], [95.006425, 27.375596], [95.006455, 27.375324], [95.00661, 27.375088], [95.006745, 27.374508], [95.006453, 27.373971], [95.006316, 27.373431], [95.00617, 27.373079], [95.005559, 27.372269], [95.004725, 27.371449], [95.003598, 27.370638], [95.003119, 27.369957], [95.002756, 27.369602], [95.001658, 27.368805], [95.001438, 27.368568], [95.001134, 27.368521], [95.000648, 27.368188], [94.999733, 27.367659], [94.998326, 27.367048], [94.997867, 27.36674], [94.99746, 27.366574], [94.997051, 27.366331], [94.996905, 27.366166], [94.996824, 27.365986], [94.996711, 27.365266], [94.996726, 27.365099], [94.996826, 27.365039], [94.996928, 27.365085], [94.997134, 27.365301], [94.99716, 27.36526], [94.99713, 27.365104], [94.996943, 27.364811], [94.996526, 27.364276], [94.995785, 27.363474], [94.995299, 27.362759], [94.995058, 27.362293], [94.99454, 27.361587], [94.994437, 27.361481], [94.994133, 27.361424], [94.993518, 27.360954], [94.992658, 27.360089], [94.992271, 27.359553], [94.991831, 27.358657], [94.991644, 27.357907], [94.991484, 27.356316], [94.991541, 27.355503], [94.991944, 27.353692], [94.992353, 27.352423], [94.992745, 27.351658], [94.993287, 27.350875], [94.993528, 27.35042], [94.994127, 27.349825], [94.995229, 27.349254], [94.996137, 27.349141], [94.997249, 27.349156], [94.997654, 27.349231], [94.997906, 27.349184], [94.997953, 27.348998], [94.998968, 27.349205], [94.99927, 27.349169], [94.999671, 27.348998], [94.999874, 27.349016], [95.000176, 27.349242], [95.000525, 27.349598], [95.001068, 27.350403], [95.001233, 27.350581], [95.002541, 27.351374], [95.003224, 27.351906], [95.004438, 27.352972], [95.004597, 27.353151], [95.00488, 27.353777], [95.005376, 27.354312], [95.005736, 27.354642], [95.007171, 27.355745], [95.008812, 27.356789], [95.010514, 27.357667], [95.011965, 27.358165], [95.013082, 27.358453], [95.01369, 27.358532], [95.0145, 27.358572], [95.015307, 27.358526], [95.015912, 27.358429], [95.016419, 27.358493], [95.017934, 27.35846], [95.019026, 27.358266], [95.019344, 27.358152], [95.019751, 27.358075], [95.020348, 27.357781], [95.021108, 27.357514], [95.021805, 27.357143], [95.022558, 27.356591], [95.022755, 27.356317], [95.023445, 27.35577], [95.023789, 27.3554], [95.02424, 27.355032], [95.024714, 27.354213], [95.024827, 27.35358], [95.024717, 27.353492], [95.024516, 27.353551], [95.024414, 27.353526], [95.024312, 27.353432], [95.023584, 27.352328], [95.023151, 27.351889], [95.022847, 27.351262], [95.022625, 27.350994], [95.02254, 27.350477], [95.022357, 27.350006], [95.02212, 27.349626], [95.021348, 27.348757], [95.020089, 27.347602], [95.019945, 27.347423], [95.019934, 27.347153], [95.019854, 27.346973], [95.019542, 27.346808], [95.019309, 27.34653], [95.01937, 27.345897], [95.019735, 27.34499], [95.020098, 27.344443], [95.020404, 27.344156], [95.020744, 27.343712], [95.021099, 27.34349], [95.02191, 27.343153], [95.022606, 27.343003], [95.022807, 27.34292], [95.023718, 27.343022], [95.024021, 27.343017], [95.02463, 27.343147], [95.026053, 27.343606], [95.026762, 27.343895], [95.027477, 27.344098], [95.027681, 27.344191], [95.027892, 27.34442], [95.0285, 27.344764], [95.029574, 27.345118], [95.030327, 27.345187], [95.030985, 27.345458], [95.03175, 27.345632], [95.032761, 27.345659], [95.033218, 27.345787], [95.034079, 27.345873], [95.035189, 27.345813], [95.035489, 27.345754], [95.036193, 27.345435], [95.036596, 27.345344], [95.036894, 27.345069], [95.037218, 27.345006], [95.037699, 27.344819], [95.039246, 27.343894], [95.040452, 27.342883], [95.040692, 27.342769], [95.040991, 27.342514], [95.04118, 27.342241], [95.041283, 27.341917], [95.041443, 27.341696], [95.041469, 27.341515], [95.041589, 27.341333], [95.041676, 27.339887], [95.041632, 27.339708], [95.041666, 27.339436], [95.041553, 27.339077], [95.041596, 27.338806], [95.041498, 27.338446], [95.041541, 27.338175], [95.041385, 27.337996], [95.041123, 27.337459], [95.040687, 27.336988], [95.040174, 27.336535], [95.039354, 27.336311], [95.039017, 27.336136], [95.038449, 27.335693], [95.03786, 27.33534], [95.035689, 27.334379], [95.034055, 27.333507], [95.032947, 27.332795], [95.032549, 27.33244], [95.032209, 27.332039], [95.031584, 27.330999], [95.031421, 27.330471], [95.031377, 27.32993], [95.031196, 27.329481], [95.03132, 27.328938], [95.031496, 27.328574], [95.031712, 27.32821], [95.03213, 27.327681], [95.033905, 27.325832], [95.034563, 27.325281], [95.035171, 27.324911], [95.035713, 27.324719], [95.036117, 27.324683], [95.037437, 27.325029], [95.03795, 27.325454], [95.03846, 27.325751], [95.038754, 27.326032], [95.039083, 27.326208], [95.039583, 27.326348], [95.040089, 27.326422], [95.040699, 27.326594], [95.041106, 27.326758], [95.041514, 27.326936], [95.042907, 27.327776], [95.044215, 27.328298], [95.045271, 27.328644], [95.046197, 27.328868], [95.047011, 27.329168], [95.047721, 27.329287], [95.049236, 27.329282], [95.050243, 27.329099], [95.052254, 27.328554], [95.052857, 27.32836], [95.053788, 27.327978], [95.055058, 27.327179], [95.055421, 27.32678], [95.055927, 27.326502], [95.056653, 27.325987], [95.057549, 27.325252], [95.058122, 27.325026], [95.058549, 27.324705], [95.059448, 27.324142], [95.06024, 27.32324], [95.060633, 27.322621], [95.061029, 27.321734], [95.061261, 27.320918], [95.061169, 27.319476], [95.061049, 27.319207], [95.060859, 27.318456], [95.060741, 27.317406], [95.06035, 27.315246], [95.059971, 27.314174], [95.059738, 27.313089], [95.059685, 27.312188], [95.059721, 27.311736], [95.060002, 27.310739], [95.0601, 27.310106], [95.060418, 27.308838], [95.060633, 27.308112], [95.060807, 27.307749], [95.061057, 27.307319], [95.061555, 27.306935], [95.061651, 27.306679], [95.061818, 27.306471], [95.062377, 27.305921], [95.062844, 27.305596], [95.063045, 27.30558], [95.064578, 27.306159], [95.064876, 27.306232], [95.065184, 27.306518], [95.065391, 27.306788], [95.065811, 27.307627], [95.065921, 27.307944], [95.066054, 27.308123], [95.06688, 27.308923], [95.067292, 27.309639], [95.067893, 27.310906], [95.069053, 27.313674], [95.069472, 27.314389], [95.069887, 27.314963], [95.0703, 27.315412], [95.070607, 27.31564], [95.071126, 27.316382], [95.071595, 27.316885], [95.072155, 27.317346], [95.07287, 27.317774], [95.073697, 27.318478], [95.074549, 27.319007], [95.07558, 27.319533], [95.076038, 27.319718], [95.076444, 27.319784], [95.077145, 27.31969], [95.077853, 27.319533], [95.078355, 27.319354], [95.078655, 27.31918], [95.078867, 27.319123], [95.08011, 27.318563], [95.081258, 27.317862], [95.08206, 27.317526], [95.082662, 27.317343], [95.08387, 27.317065], [95.084474, 27.316983], [95.084778, 27.317025], [95.084982, 27.317102], [95.085493, 27.317411], [95.085798, 27.317506], [95.086002, 27.317643], [95.087648, 27.31922], [95.088269, 27.319994], [95.089309, 27.321404], [95.089523, 27.321762], [95.09023, 27.3222], [95.09046, 27.322289], [95.091764, 27.323157], [95.092555, 27.323792], [95.093492, 27.32441], [95.094478, 27.325207], [95.095041, 27.325469], [95.096457, 27.326261], [95.097263, 27.32661], [95.097794, 27.32679], [95.098502, 27.326859], [95.100841, 27.327647], [95.101061, 27.327635], [95.101038, 27.327455], [95.100829, 27.327188], [95.100816, 27.327098], [95.100829, 27.327001], [95.101029, 27.326869], [95.101331, 27.326843], [95.102242, 27.326917], [95.102747, 27.326892], [95.103552, 27.326746], [95.103954, 27.326585], [95.104156, 27.326592], [95.104563, 27.326753], [95.104968, 27.326796], [95.105374, 27.326897], [95.105643, 27.327115], [95.105839, 27.327383], [95.106047, 27.32756], [95.106494, 27.327734], [95.106704, 27.327749], [95.107711, 27.327579], [95.108821, 27.327515], [95.11053, 27.32703], [95.111236, 27.326957], [95.11194, 27.326807], [95.113354, 27.326769], [95.113455, 27.326734], [95.113653, 27.326562], [95.113855, 27.326537], [95.114137, 27.326626], [95.11457, 27.326913], [95.115584, 27.327124], [95.116907, 27.327633], [95.117488, 27.327929], [95.117961, 27.328102], [95.119349, 27.328497], [95.120877, 27.329147], [95.121784, 27.329398], [95.122479, 27.329658], [95.123111, 27.329741], [95.124528, 27.329834], [95.124935, 27.329995], [95.12595, 27.330223], [95.127062, 27.330581], [95.127208, 27.330669], [95.128391, 27.331068], [95.129002, 27.331333], [95.129306, 27.331382], [95.129569, 27.331535], [95.129918, 27.331657], [95.13083, 27.33179], [95.131043, 27.331784], [95.130926, 27.331543], [95.130624, 27.331576], [95.130017, 27.331557], [95.129813, 27.331442], [95.129101, 27.331224], [95.12904, 27.331183], [95.129032, 27.331092], [95.129198, 27.330976], [95.1295, 27.33092], [95.130309, 27.330955], [95.130715, 27.331047], [95.13095, 27.331244], [95.131025, 27.3314], [95.131296, 27.331509], [95.131371, 27.331598], [95.131375, 27.331688], [95.131176, 27.331782], [95.131437, 27.331813], [95.133557, 27.331722], [95.134368, 27.331836], [95.135477, 27.331751], [95.135883, 27.331802], [95.136991, 27.331615], [95.137895, 27.331339], [95.138398, 27.331257], [95.139312, 27.330935], [95.140106, 27.330722], [95.141768, 27.330446], [95.142923, 27.330113], [95.144435, 27.329906], [95.144635, 27.329781], [95.144961, 27.329856], [95.146456, 27.329876], [95.147868, 27.329765], [95.149279, 27.329548], [95.149988, 27.329672], [95.15019, 27.329639], [95.150493, 27.32967], [95.151204, 27.329846], [95.151967, 27.33047], [95.152692, 27.33091], [95.152786, 27.331631], [95.152981, 27.33253], [95.15298, 27.333613], [95.152879, 27.334246], [95.153052, 27.335056], [95.153074, 27.335687], [95.153048, 27.335868], [95.152929, 27.336141], [95.152878, 27.337134], [95.15272, 27.337407], [95.152745, 27.337949], [95.15254, 27.339125], [95.152464, 27.340299], [95.152564, 27.34111], [95.152447, 27.341924], [95.152664, 27.343816], [95.153085, 27.345434], [95.153522, 27.34651], [95.153755, 27.346794], [95.154371, 27.347273], [95.154834, 27.347572], [95.155651, 27.347921], [95.156612, 27.34823], [95.157322, 27.348327], [95.15783, 27.348455], [95.158741, 27.348538], [95.16056, 27.348549], [95.161365, 27.348388], [95.161968, 27.348195], [95.163226, 27.347623], [95.163719, 27.347345], [95.163828, 27.347253], [95.163895, 27.347071], [95.163962, 27.346529], [95.164043, 27.346257], [95.164775, 27.344892], [95.164863, 27.34462], [95.165414, 27.343709], [95.166466, 27.342339], [95.166483, 27.342158], [95.166302, 27.3418], [95.166385, 27.341528], [95.166597, 27.341344], [95.167496, 27.340879], [95.167972, 27.340511], [95.168677, 27.339821], [95.169763, 27.338495], [95.171153, 27.337233], [95.171333, 27.337119], [95.171654, 27.337022], [95.17216, 27.337055], [95.172661, 27.337008], [95.173113, 27.336821], [95.173134, 27.33673], [95.173063, 27.336706], [95.172355, 27.336691], [95.172208, 27.336654], [95.172122, 27.336566], [95.172292, 27.336382], [95.172749, 27.336175], [95.173252, 27.336066], [95.173659, 27.33618], [95.173762, 27.336266], [95.174162, 27.336047], [95.174765, 27.335921], [95.174964, 27.335759], [95.175366, 27.335634], [95.176075, 27.335704], [95.176276, 27.335666], [95.176493, 27.335776], [95.176779, 27.336042], [95.176958, 27.336129], [95.177296, 27.336159], [95.177902, 27.336133], [95.17851, 27.336202], [95.179424, 27.336445], [95.180515, 27.336886], [95.181053, 27.33706], [95.181357, 27.337109], [95.181663, 27.337261], [95.182473, 27.337328], [95.183271, 27.337565], [95.184603, 27.337735], [95.185315, 27.33796], [95.185803, 27.338337], [95.186241, 27.338806], [95.187069, 27.33981], [95.187278, 27.340177], [95.187763, 27.341736], [95.188015, 27.343176], [95.18815, 27.343424], [95.188225, 27.343985], [95.188419, 27.344704], [95.188385, 27.345072], [95.187569, 27.346071], [95.187097, 27.34698], [95.186728, 27.348181], [95.186618, 27.349605], [95.186494, 27.350148], [95.186269, 27.35053], [95.186069, 27.350644], [95.185767, 27.3507], [95.185674, 27.350793], [95.185663, 27.350883], [95.185777, 27.351193], [95.186385, 27.352226], [95.186646, 27.352583], [95.186822, 27.352967], [95.187353, 27.353835], [95.187668, 27.354642], [95.188718, 27.356848], [95.189342, 27.357752], [95.190167, 27.358608], [95.191195, 27.359467], [95.191729, 27.359813], [95.192421, 27.360153], [95.193133, 27.360391], [95.193847, 27.36072], [95.194705, 27.361029], [95.194966, 27.361084], [95.195272, 27.361221], [95.196694, 27.361576], [95.197102, 27.36174], [95.197405, 27.361764], [95.19746, 27.361708], [95.197199, 27.361542], [95.197095, 27.36141], [95.196716, 27.361359], [95.196406, 27.361183], [95.196408, 27.361093], [95.196681, 27.360919], [95.197625, 27.360622], [95.198989, 27.360073], [95.19952, 27.3596], [95.200159, 27.359229], [95.200528, 27.359133], [95.200975, 27.358945], [95.202384, 27.357986], [95.202539, 27.357838], [95.202629, 27.357565], [95.202973, 27.357104], [95.203456, 27.356289], [95.203594, 27.356197], [95.203657, 27.355914], [95.203992, 27.355559], [95.204438, 27.354534], [95.205362, 27.354003], [95.20623, 27.353132], [95.207116, 27.352531], [95.207453, 27.352075], [95.20772, 27.351852], [95.207922, 27.351823], [95.208327, 27.351877], [95.210465, 27.352671], [95.212293, 27.3529], [95.213203, 27.353124], [95.21371, 27.353187], [95.213842, 27.353147], [95.21388, 27.353056], [95.213713, 27.352697], [95.2139, 27.35257], [95.214604, 27.352424], [95.215009, 27.352443], [95.215213, 27.352537], [95.215625, 27.352913], [95.215726, 27.352929], [95.216427, 27.352625], [95.217833, 27.352181], [95.218033, 27.352064], [95.218535, 27.351894], [95.220048, 27.35176], [95.220552, 27.351655], [95.221207, 27.351586], [95.22176, 27.351456], [95.222165, 27.351498], [95.223453, 27.35137], [95.224748, 27.350627], [95.224973, 27.350411], [95.225262, 27.350258], [95.225671, 27.349904], [95.22666, 27.348859], [95.226747, 27.3487], [95.226898, 27.347976], [95.227041, 27.347674], [95.22723, 27.347033], [95.227348, 27.346434], [95.227468, 27.345259], [95.227771, 27.343359], [95.227805, 27.342727], [95.22804, 27.342039], [95.228289, 27.341727], [95.22843, 27.341312], [95.228578, 27.34109], [95.228927, 27.340921], [95.229532, 27.340843], [95.229738, 27.340891], [95.229661, 27.340983], [95.22942, 27.341077], [95.229171, 27.341352], [95.228793, 27.341628], [95.228746, 27.341719], [95.228944, 27.341747], [95.229145, 27.341703], [95.229534, 27.341526], [95.229806, 27.341251], [95.23029, 27.340973], [95.230324, 27.340882], [95.230037, 27.340858], [95.229885, 27.340799], [95.230146, 27.340524], [95.230597, 27.340336], [95.231043, 27.340239], [95.231235, 27.340123], [95.232486, 27.339674], [95.233591, 27.339115], [95.234175, 27.338745], [95.234617, 27.338377], [95.235008, 27.337559], [95.235369, 27.337192], [95.235587, 27.336466], [95.235747, 27.336283], [95.236105, 27.336058], [95.236598, 27.335454], [95.236897, 27.335244], [95.237099, 27.334998], [95.237696, 27.334718], [95.238194, 27.334411], [95.238496, 27.33434], [95.238997, 27.334138], [95.239098, 27.334115], [95.239242, 27.334152], [95.239407, 27.334442], [95.239575, 27.334598], [95.240161, 27.3354], [95.240151, 27.335581], [95.239904, 27.335856], [95.239907, 27.335946], [95.240046, 27.336214], [95.240452, 27.336133], [95.241568, 27.335649], [95.242146, 27.335549], [95.243181, 27.335171], [95.245665, 27.334103], [95.246268, 27.333907], [95.24657, 27.333857], [95.24677, 27.333756], [95.247473, 27.33357], [95.247977, 27.333491], [95.248479, 27.333329], [95.248892, 27.333275], [95.249283, 27.333134], [95.249641, 27.333082], [95.249987, 27.332937], [95.250289, 27.332881], [95.251224, 27.332154], [95.251649, 27.331696], [95.25204, 27.331419], [95.252275, 27.331145], [95.252475, 27.331041], [95.252573, 27.33093], [95.252865, 27.330365], [95.253067, 27.330338], [95.253675, 27.330464], [95.253978, 27.330448], [95.25528, 27.329851], [95.256186, 27.329702], [95.256658, 27.32954], [95.257988, 27.328877], [95.259402, 27.328832], [95.259837, 27.328766], [95.26091, 27.328486], [95.261213, 27.328473], [95.261316, 27.328538], [95.261416, 27.328529], [95.262717, 27.327872], [95.263018, 27.327772], [95.263722, 27.327644], [95.264224, 27.327451], [95.264404, 27.327339], [95.264624, 27.327282], [95.265697, 27.326686], [95.266121, 27.326373], [95.266266, 27.326316], [95.267623, 27.325211], [95.268661, 27.324202], [95.269339, 27.323739], [95.270096, 27.323092], [95.270699, 27.322945], [95.270999, 27.322791], [95.271414, 27.322442], [95.272004, 27.321711], [95.272094, 27.321439], [95.272183, 27.321347], [95.272413, 27.320892], [95.273193, 27.320248], [95.273851, 27.319244], [95.274151, 27.318878], [95.274172, 27.318788], [95.274049, 27.318748], [95.274028, 27.3187], [95.274036, 27.318519], [95.274291, 27.318154], [95.274637, 27.317859], [95.274737, 27.317834], [95.274941, 27.317897], [95.275, 27.317872], [95.275018, 27.317781], [95.274683, 27.317516], [95.274646, 27.317427], [95.274829, 27.317366], [95.275032, 27.31742], [95.275132, 27.317358], [95.275367, 27.316964], [95.27553, 27.316419], [95.275583, 27.315426], [95.275808, 27.314339], [95.276081, 27.313613], [95.276196, 27.313431], [95.276226, 27.313159], [95.276353, 27.312836], [95.276625, 27.312251], [95.276855, 27.311886], [95.276985, 27.311342], [95.277224, 27.310977], [95.277312, 27.310705], [95.27741, 27.310613], [95.277875, 27.309794], [95.278058, 27.309701], [95.278062, 27.30943], [95.278227, 27.309156], [95.278482, 27.308239], [95.278677, 27.307896], [95.278975, 27.307653], [95.278973, 27.307585], [95.278678, 27.307254], [95.278763, 27.307171], [95.278964, 27.30715], [95.279022, 27.307068], [95.27937, 27.30643], [95.279432, 27.306159], [95.279645, 27.305874], [95.280375, 27.305241], [95.281138, 27.304768], [95.28213, 27.303872], [95.283132, 27.302669], [95.283415, 27.302508], [95.283617, 27.302472], [95.28463, 27.302656], [95.284925, 27.30255], [95.284744, 27.302462], [95.284424, 27.302427], [95.284119, 27.302338], [95.283873, 27.302206], [95.283877, 27.302116], [95.284009, 27.301904], [95.284407, 27.301607], [95.284708, 27.301489], [95.284909, 27.30147], [95.285526, 27.301637], [95.286431, 27.301788], [95.287892, 27.301869], [95.288657, 27.301966], [95.288959, 27.301924], [95.289578, 27.301661], [95.290263, 27.301487], [95.290364, 27.301483], [95.290513, 27.301556], [95.290633, 27.301734], [95.290679, 27.302076], [95.290768, 27.302274], [95.291099, 27.302805], [95.29142, 27.303165], [95.29182, 27.303498], [95.292729, 27.304588], [95.293632, 27.305204], [95.293982, 27.305504], [95.294299, 27.305645], [95.294634, 27.305729], [95.295121, 27.305992], [95.295917, 27.306241], [95.296226, 27.30652], [95.296601, 27.3066], [95.296813, 27.306777], [95.296943, 27.307001], [95.297116, 27.307584], [95.297055, 27.308577], [95.297123, 27.309388], [95.297411, 27.310114], [95.297596, 27.310734], [95.297731, 27.310948], [95.29852, 27.311621], [95.298846, 27.311977], [95.298903, 27.312157], [95.29891, 27.312698], [95.298978, 27.312877], [95.299393, 27.313322], [95.299727, 27.313587], [95.300459, 27.314477], [95.300483, 27.314657], [95.300373, 27.31484], [95.300508, 27.315198], [95.300859, 27.315734], [95.301573, 27.316534], [95.302304, 27.317118], [95.30261, 27.317284], [95.303013, 27.317593], [95.303298, 27.317769], [95.303886, 27.31803], [95.304152, 27.318206], [95.304655, 27.318649], [95.304863, 27.318731], [95.305273, 27.319021], [95.30609, 27.319435], [95.306909, 27.319944], [95.307319, 27.320256], [95.307725, 27.320494], [95.30848, 27.321113], [95.308777, 27.321288], [95.309161, 27.321401], [95.309329, 27.32164], [95.309678, 27.321938], [95.310743, 27.322609], [95.311318, 27.323061], [95.311849, 27.323313], [95.312138, 27.323667], [95.312306, 27.323757], [95.312446, 27.323905], [95.313177, 27.325042], [95.314063, 27.325893], [95.314521, 27.326247], [95.315333, 27.326666], [95.31605, 27.327133], [95.31656, 27.327362], [95.316983, 27.32783], [95.317346, 27.328005], [95.317889, 27.328142], [95.31799, 27.328115], [95.317994, 27.327994], [95.318054, 27.327903], [95.318283, 27.327718], [95.319085, 27.327332], [95.321099, 27.327014], [95.322008, 27.326998], [95.322511, 27.32688], [95.323015, 27.326824], [95.32422, 27.326463], [95.32452, 27.32631], [95.325438, 27.326065], [95.32637, 27.325328], [95.326594, 27.325053], [95.32708, 27.324775], [95.327726, 27.324222], [95.328375, 27.32358], [95.329388, 27.322751], [95.330245, 27.321744], [95.331076, 27.320956], [95.331634, 27.320548], [95.332061, 27.320089], [95.33239, 27.319813], [95.332795, 27.319265], [95.333022, 27.31881], [95.333297, 27.318444], [95.33336, 27.318263], [95.333595, 27.317898], [95.333934, 27.317509], [95.334325, 27.316901], [95.334713, 27.316122], [95.335515, 27.314166], [95.335809, 27.312627], [95.335773, 27.312357], [95.335431, 27.311812], [95.334065, 27.3104], [95.333637, 27.309866], [95.333064, 27.308793], [95.332983, 27.308343], [95.332721, 27.308077], [95.332468, 27.30763], [95.332206, 27.307348], [95.331924, 27.306827], [95.332016, 27.305923], [95.331989, 27.305292], [95.331595, 27.304035], [95.33128, 27.303228], [95.331059, 27.30251], [95.330978, 27.30206], [95.330414, 27.300896], [95.330425, 27.300445], [95.330725, 27.299328], [95.330831, 27.298723], [95.33099, 27.297277], [95.331181, 27.296978], [95.331281, 27.296944], [95.332897, 27.29695], [95.333462, 27.297145], [95.334252, 27.297674], [95.334945, 27.298245], [95.335255, 27.298609], [95.335447, 27.298737], [95.335667, 27.298966], [95.336127, 27.299267], [95.336488, 27.299604], [95.336898, 27.299874], [95.337203, 27.29996], [95.337407, 27.30007], [95.337812, 27.300132], [95.338219, 27.300259], [95.338731, 27.300568], [95.339036, 27.300656], [95.339853, 27.301104], [95.340362, 27.301275], [95.340868, 27.301331], [95.34168, 27.301515], [95.341884, 27.301609], [95.342289, 27.301679], [95.34248, 27.301777], [95.343002, 27.301937], [95.343509, 27.302013], [95.343695, 27.302118], [95.344222, 27.30229], [95.344627, 27.30235], [95.344976, 27.302457], [95.34564, 27.302486], [95.34675, 27.302461], [95.347055, 27.302519], [95.347252, 27.302312], [95.348553, 27.301694], [95.350548, 27.300523], [95.350766, 27.300014], [95.350847, 27.298117], [95.35095, 27.297755], [95.351288, 27.297282], [95.351687, 27.296479], [95.351864, 27.295873], [95.351951, 27.295219], [95.352102, 27.294848], [95.352739, 27.294229], [95.353638, 27.293766], [95.353936, 27.293515], [95.354185, 27.293369], [95.354788, 27.293088], [95.355554, 27.292624], [95.356128, 27.292344], [95.35683, 27.29188], [95.356927, 27.291608], [95.357088, 27.290793], [95.357264, 27.290249], [95.357684, 27.28934], [95.35798, 27.288912], [95.358398, 27.288154], [95.358614, 27.287519], [95.358754, 27.287331], [95.35891, 27.286973], [95.359048, 27.286896], [95.359351, 27.286884], [95.359551, 27.286824], [95.360851, 27.286185], [95.361453, 27.286023], [95.362462, 27.285943], [95.362965, 27.285851], [95.364078, 27.285953], [95.36428, 27.285935], [95.364379, 27.28587], [95.364443, 27.285706], [95.364415, 27.285616], [95.364242, 27.285529], [95.364191, 27.28544], [95.364362, 27.285046], [95.36446, 27.284913], [95.36456, 27.284893], [95.364765, 27.285], [95.365093, 27.285424], [95.365578, 27.286319], [95.365709, 27.286768], [95.366094, 27.287212], [95.36623, 27.287442], [95.366333, 27.28784], [95.366471, 27.288108], [95.366768, 27.288985], [95.367617, 27.290929], [95.36814, 27.291752], [95.368457, 27.2924], [95.368982, 27.293299], [95.369302, 27.294196], [95.369453, 27.294465], [95.369926, 27.294988], [95.370475, 27.29544], [95.37061, 27.295618], [95.370707, 27.295887], [95.370887, 27.296064], [95.37149, 27.296415], [95.37198, 27.296591], [95.372894, 27.296813], [95.373199, 27.296938], [95.373909, 27.297082], [95.374618, 27.297131], [95.375425, 27.297109], [95.375931, 27.29714], [95.376743, 27.297311], [95.376947, 27.297439], [95.377554, 27.297469], [95.377759, 27.297592], [95.378164, 27.297644], [95.378876, 27.297903], [95.379281, 27.297957], [95.379484, 27.297963], [95.379848, 27.297897], [95.380506, 27.297706], [95.380844, 27.297519], [95.380987, 27.297393], [95.381235, 27.296701], [95.381465, 27.296246], [95.381567, 27.296171], [95.381768, 27.296134], [95.382312, 27.296412], [95.382683, 27.296422], [95.383584, 27.29604], [95.384981, 27.295283], [95.385677, 27.294728], [95.38637, 27.294084], [95.387232, 27.293079], [95.387598, 27.292531], [95.387745, 27.292256], [95.38796, 27.291623], [95.388073, 27.290899], [95.388402, 27.289908], [95.388788, 27.289084], [95.389276, 27.288302], [95.389786, 27.287351], [95.389702, 27.287172], [95.389449, 27.286944], [95.389023, 27.286732], [95.388648, 27.286377], [95.388418, 27.28584], [95.388313, 27.285749], [95.388234, 27.285572], [95.388261, 27.28485], [95.388487, 27.284445], [95.388852, 27.284118], [95.389185, 27.284013], [95.389536, 27.283836], [95.389982, 27.283528], [95.390377, 27.283083], [95.390867, 27.282406], [95.391461, 27.281821], [95.391859, 27.281557], [95.39206, 27.281519], [95.392184, 27.281534], [95.392264, 27.281606], [95.392288, 27.281803], [95.39178, 27.283166], [95.391687, 27.283709], [95.391706, 27.283829], [95.391809, 27.283922], [95.39191, 27.283961], [95.39201, 27.283914], [95.392208, 27.283519], [95.392407, 27.282433], [95.392529, 27.28216], [95.39267, 27.281526], [95.392665, 27.281346], [95.39254, 27.280897], [95.392528, 27.280265], [95.392738, 27.28015], [95.393039, 27.280081], [95.393084, 27.279985], [95.393103, 27.279804], [95.39319, 27.279622], [95.393182, 27.279171], [95.393284, 27.278899], [95.393243, 27.278719], [95.393427, 27.278445], [95.393634, 27.27772], [95.39379, 27.277428], [95.393943, 27.277263], [95.393934, 27.276993], [95.393979, 27.276823], [95.394295, 27.276174], [95.39448, 27.27563], [95.394497, 27.275449], [95.395014, 27.274718], [95.395137, 27.274445], [95.395919, 27.27362], [95.396103, 27.273346], [95.396821, 27.272765], [95.397085, 27.272427], [95.397314, 27.272217], [95.397558, 27.272148], [95.39755, 27.271968], [95.39761, 27.271899], [95.398012, 27.271811], [95.398336, 27.271593], [95.398606, 27.27127], [95.398894, 27.270772], [95.399364, 27.270132], [95.399373, 27.270042], [95.39931, 27.269952], [95.399381, 27.269771], [95.399261, 27.269592], [95.399228, 27.269322], [95.399454, 27.268428], [95.399631, 27.268052], [95.399983, 27.267504], [95.400476, 27.267135], [95.400367, 27.266956], [95.400383, 27.266776], [95.400509, 27.266593], [95.400574, 27.266231], [95.400835, 27.265685], [95.400974, 27.265141], [95.401142, 27.264777], [95.401388, 27.264423], [95.402475, 27.263358], [95.402571, 27.263096], [95.402817, 27.262764], [95.402975, 27.262671], [95.403105, 27.262398], [95.403273, 27.262214], [95.403661, 27.262135], [95.40376, 27.262063], [95.404155, 27.261625], [95.404849, 27.261049], [95.405334, 27.260374], [95.405735, 27.26], [95.406534, 27.259589], [95.406767, 27.259537], [95.406986, 27.259353], [95.407234, 27.259274], [95.407732, 27.258938], [95.408133, 27.258817], [95.408331, 27.25861], [95.409138, 27.258602], [95.409943, 27.258443], [95.410245, 27.258439], [95.410348, 27.258509], [95.410368, 27.258663], [95.410225, 27.259117], [95.409622, 27.2603], [95.409292, 27.261065], [95.408805, 27.261872], [95.408534, 27.262485], [95.408569, 27.262755], [95.408723, 27.262741], [95.409214, 27.26213], [95.409524, 27.261836], [95.409585, 27.261564], [95.409767, 27.261381], [95.409789, 27.26111], [95.410562, 27.259472], [95.410588, 27.259291], [95.411083, 27.25829], [95.411485, 27.257561], [95.411655, 27.257378], [95.411675, 27.257197], [95.412112, 27.256468], [95.41231, 27.256284], [95.412358, 27.256102], [95.412469, 27.25601], [95.412699, 27.255645], [95.412736, 27.255464], [95.413294, 27.254823], [95.413322, 27.254642], [95.413538, 27.254277], [95.413674, 27.254185], [95.413883, 27.253873], [95.41419, 27.253544], [95.414506, 27.253268], [95.414572, 27.253055], [95.414915, 27.25281], [95.415019, 27.252627], [95.415559, 27.252031], [95.416014, 27.251437], [95.416434, 27.250798], [95.416639, 27.250607], [95.417032, 27.250337], [95.417578, 27.249876], [95.418032, 27.249655], [95.418334, 27.249627], [95.418634, 27.249486], [95.418835, 27.249447], [95.419945, 27.24943], [95.420452, 27.249507], [95.420653, 27.249462], [95.421059, 27.249555], [95.421563, 27.249549], [95.42217, 27.249606], [95.422375, 27.24971], [95.423187, 27.249917], [95.423392, 27.250046], [95.423851, 27.250219], [95.424424, 27.250299], [95.424815, 27.250511], [95.425123, 27.25076], [95.42553, 27.250903], [95.425834, 27.250921], [95.42624, 27.251049], [95.426646, 27.251143], [95.426949, 27.251154], [95.427254, 27.251258], [95.427659, 27.251285], [95.428269, 27.251473], [95.428473, 27.251584], [95.428879, 27.251659], [95.429387, 27.251827], [95.429591, 27.251941], [95.430403, 27.252129], [95.430706, 27.252128], [95.431108, 27.252033], [95.431209, 27.252039], [95.431413, 27.252145], [95.431615, 27.252161], [95.431816, 27.252091], [95.432015, 27.251943], [95.43262, 27.251947], [95.43313, 27.252168], [95.433831, 27.252662], [95.434034, 27.252839], [95.434429, 27.253374], [95.434618, 27.253732], [95.434772, 27.254361], [95.434935, 27.254628], [95.434985, 27.254808], [95.435011, 27.254988], [95.434919, 27.255621], [95.435166, 27.256068], [95.435596, 27.256512], [95.435853, 27.256672], [95.43626, 27.256807], [95.436665, 27.256859], [95.437069, 27.256844], [95.437474, 27.256928], [95.437678, 27.257019], [95.438284, 27.257028], [95.438585, 27.256922], [95.439251, 27.256809], [95.439488, 27.256651], [95.439985, 27.256435], [95.440242, 27.25616], [95.440486, 27.25614], [95.441087, 27.255918], [95.441484, 27.255613], [95.441826, 27.25532], [95.441978, 27.255104], [95.442178, 27.255018], [95.442447, 27.254678], [95.442485, 27.254497], [95.442848, 27.25422], [95.443698, 27.253212], [95.443753, 27.25316], [95.443963, 27.253117], [95.443918, 27.253028], [95.443923, 27.252847], [95.444123, 27.252663], [95.444282, 27.25239], [95.444836, 27.251909], [95.445672, 27.251012], [95.445858, 27.250738], [95.445916, 27.250489], [95.446162, 27.250282], [95.446293, 27.250009], [95.446473, 27.249825], [95.446497, 27.249554], [95.446742, 27.249099], [95.446933, 27.248554], [95.447063, 27.24783], [95.447243, 27.247466], [95.447239, 27.247285], [95.447474, 27.24701], [95.447429, 27.24674], [95.447547, 27.246589], [95.447873, 27.246372], [95.448054, 27.246188], [95.448032, 27.245918], [95.448238, 27.245463], [95.448264, 27.245282], [95.44853, 27.244917], [95.448385, 27.244558], [95.448423, 27.244287], [95.448393, 27.243836], [95.448438, 27.243655], [95.448276, 27.243477], [95.448281, 27.243206], [95.448217, 27.243027], [95.44825, 27.242756], [95.448143, 27.242577], [95.44818, 27.242306], [95.448092, 27.241585], [95.448171, 27.241404], [95.448083, 27.241134], [95.448111, 27.240773], [95.447939, 27.240596], [95.447925, 27.240506], [95.448067, 27.240323], [95.447958, 27.239783], [95.448015, 27.239511], [95.447881, 27.239333], [95.44774, 27.238975], [95.447593, 27.238256], [95.447435, 27.237988], [95.447458, 27.237536], [95.447358, 27.237357], [95.447358, 27.237267], [95.447527, 27.236903], [95.447432, 27.236718], [95.447397, 27.236454], [95.447423, 27.236341], [95.447726, 27.235997], [95.447752, 27.235907], [95.447695, 27.235727], [95.447734, 27.235636], [95.44791, 27.235516], [95.448244, 27.234905], [95.448458, 27.234631], [95.448753, 27.233814], [95.448994, 27.233449], [95.449568, 27.232846], [95.45076, 27.23198], [95.450962, 27.231976], [95.451879, 27.232354], [95.4521, 27.232492], [95.452184, 27.232671], [95.452193, 27.232864], [95.452398, 27.233118], [95.452525, 27.233206], [95.452808, 27.233653], [95.453007, 27.233829], [95.453237, 27.234728], [95.453459, 27.235353], [95.453597, 27.235534], [95.453637, 27.235713], [95.454089, 27.236472], [95.454212, 27.236425], [95.45461, 27.235696], [95.45463, 27.234884], [95.454848, 27.23479], [95.454848, 27.2347], [95.454832, 27.234519], [95.454668, 27.234161], [95.454618, 27.233801], [95.454426, 27.233534], [95.454336, 27.233265], [95.454154, 27.233088], [95.454109, 27.232791], [95.453801, 27.232559], [95.453728, 27.232373], [95.453385, 27.231976], [95.452958, 27.231665], [95.452849, 27.231486], [95.452564, 27.231364], [95.452357, 27.231168], [95.45195, 27.231009], [95.451745, 27.230874], [95.451542, 27.230834], [95.451243, 27.230975], [95.450938, 27.230889], [95.450738, 27.230996], [95.450641, 27.231074], [95.450575, 27.231346], [95.450445, 27.231419], [95.450344, 27.231417], [95.450038, 27.231288], [95.449939, 27.231357], [95.449861, 27.231538], [95.449742, 27.231603], [95.449239, 27.231649], [95.449144, 27.231912], [95.448846, 27.232162], [95.448187, 27.23229], [95.448239, 27.232379], [95.448224, 27.232469], [95.44805, 27.2327], [95.447851, 27.232821], [95.447594, 27.232841], [95.447453, 27.233087], [95.447154, 27.233259], [95.446958, 27.233521], [95.446457, 27.233696], [95.446263, 27.233948], [95.44606, 27.23402], [95.446126, 27.234582], [95.446095, 27.235214], [95.446037, 27.235395], [95.446097, 27.235936], [95.446008, 27.236659], [95.446025, 27.2372], [95.446134, 27.237559], [95.446562, 27.238183], [95.446467, 27.238365], [95.446584, 27.238815], [95.446582, 27.239356], [95.446763, 27.240436], [95.446771, 27.241338], [95.44686, 27.241697], [95.446789, 27.241969], [95.446905, 27.242779], [95.44694, 27.243952], [95.446879, 27.245306], [95.446751, 27.24603], [95.446215, 27.247123], [95.446171, 27.247304], [95.446052, 27.247475], [95.445752, 27.247607], [95.44564, 27.247764], [95.445356, 27.24795], [95.445157, 27.248224], [95.44456, 27.248528], [95.444359, 27.248571], [95.443705, 27.249061], [95.443268, 27.249441], [95.442975, 27.249916], [95.442667, 27.250253], [95.441785, 27.25087], [95.441459, 27.250996], [95.441467, 27.251176], [95.441284, 27.25172], [95.440994, 27.251996], [95.44101, 27.25237], [95.440807, 27.252321], [95.440707, 27.252361], [95.440542, 27.252636], [95.440551, 27.252816], [95.440421, 27.25315], [95.440126, 27.253524], [95.439917, 27.253639], [95.439816, 27.254002], [95.439636, 27.254206], [95.439437, 27.254317], [95.439094, 27.254646], [95.438884, 27.255011], [95.438646, 27.25508], [95.438343, 27.255076], [95.438044, 27.25527], [95.437741, 27.255262], [95.437537, 27.255154], [95.437436, 27.255166], [95.437334, 27.255218], [95.437513, 27.255305], [95.437528, 27.255486], [95.437247, 27.255762], [95.437046, 27.2558], [95.436742, 27.255773], [95.436358, 27.255596], [95.435715, 27.254963], [95.435636, 27.254706], [95.435566, 27.254076], [95.435581, 27.253805], [95.435424, 27.253176], [95.43542, 27.252996], [95.435191, 27.252458], [95.434948, 27.252102], [95.434636, 27.251758], [95.434254, 27.251482], [95.433914, 27.251079], [95.433301, 27.250724], [95.432389, 27.250597], [95.432188, 27.250644], [95.431884, 27.25056], [95.431582, 27.250611], [95.430773, 27.250567], [95.43057, 27.250519], [95.430166, 27.250523], [95.429866, 27.25065], [95.42936, 27.250574], [95.429058, 27.250608], [95.428906, 27.250492], [95.42885, 27.250352], [95.428748, 27.250311], [95.42865, 27.250418], [95.428449, 27.250466], [95.428244, 27.250353], [95.427941, 27.25035], [95.427809, 27.25024], [95.427227, 27.24999], [95.426924, 27.250001], [95.426721, 27.249924], [95.425605, 27.249709], [95.425299, 27.249539], [95.424995, 27.249511], [95.424588, 27.24937], [95.424387, 27.249385], [95.423978, 27.24917], [95.423674, 27.249118], [95.42347, 27.249018], [95.423268, 27.249005], [95.422861, 27.248865], [95.422458, 27.24889], [95.421543, 27.248594], [95.421138, 27.24857], [95.420733, 27.24849], [95.419523, 27.248586], [95.419324, 27.248693], [95.418417, 27.248785], [95.418243, 27.248872], [95.41812, 27.249043], [95.417917, 27.249006], [95.417514, 27.249033], [95.41731, 27.248932], [95.41701, 27.248984], [95.416912, 27.249218], [95.416615, 27.249476], [95.416328, 27.249627], [95.416294, 27.249808], [95.41622, 27.24991], [95.415818, 27.249986], [95.415714, 27.250089], [95.415659, 27.25027], [95.415578, 27.250362], [95.415132, 27.25064], [95.41493, 27.250943], [95.414527, 27.250989], [95.414508, 27.251283], [95.414434, 27.251371], [95.413835, 27.251682], [95.413535, 27.252021], [95.413147, 27.252209], [95.413196, 27.252388], [95.413147, 27.252529], [95.412945, 27.252541], [95.412645, 27.25266], [95.412248, 27.252969], [95.411748, 27.25319], [95.41155, 27.253365], [95.41125, 27.253541], [95.411153, 27.253691], [95.410852, 27.253808], [95.410357, 27.254231], [95.410056, 27.254329], [95.40982, 27.254612], [95.409559, 27.254684], [95.409363, 27.254978], [95.409189, 27.255074], [95.408812, 27.255442], [95.408749, 27.255623], [95.408521, 27.255808], [95.408378, 27.256136], [95.40818, 27.256311], [95.408028, 27.256357], [95.408019, 27.256628], [95.407686, 27.257085], [95.407179, 27.257545], [95.406897, 27.257684], [95.406006, 27.25849], [95.405707, 27.258662], [95.40541, 27.258962], [95.404015, 27.259826], [95.403619, 27.260182], [95.40312, 27.260456], [95.402922, 27.260666], [95.402743, 27.26078], [95.402146, 27.261422], [95.401994, 27.261514], [95.401882, 27.261787], [95.401737, 27.261898], [95.401541, 27.262157], [95.401272, 27.262339], [95.401047, 27.26268], [95.400857, 27.262797], [95.400788, 27.263069], [95.400679, 27.263161], [95.399511, 27.265076], [95.399385, 27.265213], [95.398902, 27.266234], [95.39861, 27.266725], [95.398312, 27.267353], [95.398234, 27.267625], [95.398127, 27.267751], [95.397786, 27.267993], [95.397256, 27.268273], [95.397142, 27.268726], [95.396792, 27.269183], [95.396308, 27.270365], [95.396031, 27.27064], [95.395382, 27.271616], [95.395085, 27.271884], [95.394683, 27.272378], [95.394097, 27.27288], [95.393803, 27.273205], [95.393761, 27.273296], [95.3938, 27.273656], [95.393543, 27.274743], [95.393535, 27.275285], [95.393476, 27.275557], [95.39343, 27.275648], [95.39325, 27.275797], [95.392662, 27.2766], [95.392561, 27.276612], [95.392525, 27.276566], [95.392316, 27.275667], [95.392266, 27.275217], [95.392117, 27.274948], [95.392009, 27.274427], [95.39191, 27.274538], [95.391675, 27.275407], [95.391581, 27.275589], [95.391651, 27.276129], [95.391638, 27.2764], [95.391791, 27.276759], [95.391688, 27.277302], [95.391476, 27.277813], [95.391377, 27.277903], [95.391275, 27.277888], [95.391196, 27.278032], [95.391209, 27.278212], [95.391086, 27.278575], [95.39085, 27.27894], [95.390585, 27.279667], [95.390509, 27.279809], [95.390434, 27.27985], [95.390378, 27.280031], [95.390174, 27.280306], [95.390048, 27.280398], [95.389987, 27.280579], [95.389818, 27.280763], [95.38964, 27.281127], [95.38942, 27.281221], [95.389398, 27.281492], [95.389155, 27.282037], [95.388838, 27.282494], [95.388779, 27.282766], [95.388463, 27.283345], [95.387439, 27.284503], [95.387269, 27.284957], [95.387123, 27.28514], [95.386773, 27.285778], [95.386036, 27.287925], [95.385647, 27.288582], [95.385166, 27.289234], [95.384943, 27.289419], [95.384429, 27.290059], [95.383968, 27.290428], [95.383583, 27.291267], [95.383438, 27.291881], [95.383141, 27.292427], [95.382863, 27.292793], [95.382654, 27.292977], [95.382302, 27.293163], [95.380703, 27.293568], [95.380316, 27.293919], [95.379831, 27.294198], [95.379521, 27.294474], [95.37948, 27.294655], [95.379798, 27.29492], [95.379854, 27.2951], [95.379845, 27.295281], [95.379373, 27.296281], [95.379149, 27.296472], [95.378947, 27.296503], [95.378784, 27.296472], [95.378573, 27.296205], [95.378435, 27.296139], [95.378333, 27.296028], [95.378026, 27.295938], [95.377387, 27.295052], [95.377293, 27.29469], [95.375772, 27.29443], [95.375161, 27.294183], [95.374654, 27.294086], [95.37445, 27.294006], [95.374148, 27.294074], [95.373519, 27.294125], [95.37293, 27.294315], [95.372241, 27.294613], [95.37204, 27.29465], [95.371173, 27.294616], [95.370928, 27.29444], [95.370608, 27.293843], [95.3704, 27.293554], [95.369987, 27.293138], [95.36956, 27.292838], [95.369474, 27.292734], [95.369319, 27.292211], [95.368955, 27.291766], [95.368695, 27.291229], [95.368663, 27.290959], [95.368759, 27.290686], [95.36888, 27.289872], [95.369002, 27.289529], [95.3691, 27.289391], [95.369201, 27.289381], [95.369383, 27.289503], [95.369565, 27.28968], [95.369728, 27.289948], [95.370709, 27.291014], [95.371366, 27.291489], [95.371417, 27.291453], [95.371244, 27.291095], [95.370629, 27.290384], [95.369936, 27.289764], [95.369502, 27.289286], [95.368976, 27.288878], [95.368744, 27.288521], [95.368233, 27.286725], [95.367606, 27.285639], [95.366984, 27.284881], [95.366764, 27.284674], [95.366305, 27.284411], [95.365782, 27.283969], [95.365212, 27.283708], [95.364731, 27.283419], [95.364229, 27.283538], [95.363924, 27.283452], [95.36352, 27.283475], [95.36302, 27.283683], [95.362618, 27.283771], [95.361881, 27.284035], [95.361017, 27.284471], [95.360618, 27.284717], [95.360059, 27.285149], [95.359394, 27.285701], [95.358932, 27.286175], [95.358731, 27.286257], [95.358536, 27.286549], [95.358337, 27.286711], [95.358237, 27.28674], [95.358131, 27.286896], [95.357721, 27.287263], [95.357344, 27.28751], [95.357089, 27.287545], [95.357128, 27.287634], [95.357031, 27.287816], [95.355659, 27.289033], [95.354291, 27.29066], [95.353693, 27.291566], [95.353258, 27.292392], [95.352262, 27.293672], [95.35166, 27.294224], [95.351395, 27.294409], [95.351011, 27.294505], [95.350904, 27.294778], [95.350759, 27.294961], [95.350189, 27.295421], [95.350043, 27.295604], [95.349769, 27.296692], [95.34961, 27.297055], [95.34955, 27.297327], [95.349585, 27.297688], [95.349763, 27.298226], [95.350105, 27.298662], [95.350132, 27.298761], [95.350114, 27.299079], [95.349982, 27.299305], [95.3496, 27.299672], [95.34858, 27.300321], [95.347731, 27.301042], [95.346931, 27.301422], [95.345826, 27.301713], [95.345622, 27.301646], [95.344815, 27.301695], [95.344005, 27.30159], [95.34373, 27.301395], [95.343489, 27.301129], [95.343285, 27.301004], [95.342271, 27.300792], [95.341431, 27.300712], [95.340227, 27.300191], [95.339216, 27.299644], [95.338087, 27.299324], [95.33755, 27.298972], [95.336867, 27.298389], [95.336417, 27.297908], [95.336142, 27.297525], [95.33573, 27.297147], [95.335032, 27.296758], [95.334403, 27.296521], [95.333844, 27.296237], [95.333282, 27.296039], [95.332818, 27.295712], [95.332781, 27.295623], [95.332868, 27.295563], [95.333171, 27.295561], [95.333233, 27.295525], [95.333305, 27.295343], [95.333479, 27.29525], [95.333515, 27.295159], [95.333464, 27.295046], [95.333362, 27.295009], [95.332261, 27.295501], [95.331555, 27.295554], [95.331354, 27.295624], [95.331211, 27.295739], [95.331067, 27.296193], [95.33087, 27.296594], [95.330639, 27.296832], [95.33048, 27.297276], [95.330138, 27.297742], [95.329955, 27.298106], [95.3298, 27.298586], [95.329637, 27.299646], [95.329544, 27.301181], [95.329449, 27.301454], [95.329399, 27.301906], [95.329389, 27.302357], [95.329468, 27.303258], [95.329716, 27.304243], [95.329929, 27.304758], [95.33035, 27.305553], [95.330676, 27.306035], [95.330769, 27.306265], [95.331115, 27.30675], [95.331738, 27.308003], [95.331967, 27.309804], [95.332428, 27.310608], [95.33264, 27.310875], [95.333501, 27.312485], [95.334196, 27.314459], [95.334253, 27.314729], [95.334265, 27.31536], [95.334222, 27.315722], [95.334094, 27.315904], [95.333955, 27.316358], [95.333529, 27.316907], [95.333122, 27.317333], [95.332923, 27.317498], [95.332624, 27.31766], [95.332338, 27.318509], [95.332197, 27.318734], [95.331746, 27.31917], [95.331438, 27.319378], [95.331178, 27.319653], [95.330653, 27.320032], [95.330051, 27.320254], [95.329751, 27.320418], [95.32906, 27.320591], [95.328745, 27.320618], [95.328446, 27.320781], [95.328044, 27.320885], [95.327539, 27.320933], [95.327284, 27.320801], [95.327228, 27.320711], [95.32703, 27.320712], [95.326531, 27.321015], [95.325929, 27.321215], [95.325422, 27.321283], [95.324523, 27.321645], [95.324324, 27.321768], [95.323318, 27.321972], [95.323015, 27.321997], [95.322716, 27.322171], [95.322415, 27.322273], [95.321921, 27.322828], [95.321821, 27.322887], [95.321318, 27.322956], [95.321014, 27.322926], [95.320915, 27.323025], [95.320714, 27.323071], [95.320208, 27.323055], [95.319807, 27.323182], [95.319201, 27.323215], [95.318492, 27.323111], [95.31819, 27.323155], [95.317785, 27.323143], [95.316769, 27.322846], [95.315755, 27.322661], [95.314637, 27.322356], [95.314531, 27.322366], [95.314236, 27.32253], [95.313733, 27.322598], [95.313533, 27.322704], [95.313332, 27.322746], [95.313136, 27.32257], [95.31265, 27.322397], [95.312516, 27.322389], [95.312485, 27.3224], [95.31265, 27.322578], [95.312599, 27.322669], [95.312422, 27.32272], [95.312219, 27.322694], [95.312112, 27.322587], [95.31212, 27.322406], [95.311908, 27.322308], [95.311596, 27.321878], [95.311285, 27.321608], [95.310871, 27.321018], [95.310556, 27.320463], [95.310417, 27.320359], [95.310425, 27.320268], [95.310649, 27.320055], [95.310853, 27.320135], [95.310954, 27.320125], [95.31102, 27.320078], [95.311005, 27.319988], [95.310641, 27.319691], [95.310439, 27.31967], [95.310234, 27.319526], [95.309993, 27.319283], [95.309511, 27.318659], [95.308935, 27.318218], [95.30879, 27.317859], [95.308682, 27.317777], [95.308378, 27.317736], [95.30818, 27.317914], [95.307877, 27.317932], [95.307268, 27.317797], [95.307067, 27.317818], [95.306761, 27.317676], [95.306152, 27.317552], [95.30595, 27.317563], [95.305549, 27.317717], [95.305246, 27.317729], [95.30494, 27.31758], [95.304534, 27.317493], [95.304328, 27.31731], [95.303922, 27.317223], [95.303514, 27.317016], [95.303036, 27.31633], [95.302887, 27.316023], [95.302838, 27.315701], [95.302887, 27.31543], [95.302858, 27.31534], [95.30268, 27.315162], [95.302675, 27.314892], [95.302461, 27.314715], [95.302317, 27.314447], [95.302042, 27.314217], [95.301628, 27.313729], [95.300917, 27.312665], [95.300559, 27.312219], [95.300268, 27.311412], [95.299686, 27.31079], [95.299218, 27.309805], [95.298511, 27.308734], [95.298451, 27.308464], [95.298237, 27.308016], [95.298034, 27.307749], [95.297906, 27.30739], [95.297925, 27.307209], [95.297956, 27.307164], [95.298058, 27.307178], [95.298526, 27.30738], [95.299481, 27.307624], [95.299686, 27.307739], [95.300397, 27.307951], [95.300909, 27.308274], [95.301212, 27.308298], [95.301339, 27.308417], [95.301823, 27.308517], [95.3019, 27.308498], [95.301797, 27.308409], [95.30182, 27.308374], [95.301921, 27.308385], [95.301985, 27.308406], [95.302034, 27.308495], [95.30243, 27.308575], [95.30294, 27.308783], [95.303712, 27.309009], [95.305487, 27.309852], [95.306822, 27.310872], [95.307026, 27.310996], [95.307244, 27.311026], [95.307257, 27.310936], [95.307156, 27.310757], [95.306815, 27.310562], [95.306505, 27.310194], [95.305628, 27.309519], [95.305155, 27.309256], [95.304804, 27.308991], [95.304149, 27.308638], [95.303158, 27.308206], [95.303027, 27.308098], [95.302213, 27.307845], [95.301725, 27.307598], [95.301556, 27.307601], [95.301503, 27.307671], [95.301296, 27.307449], [95.300685, 27.307197], [95.300482, 27.307163], [95.299765, 27.306695], [95.299358, 27.306544], [95.299056, 27.306584], [95.298853, 27.306548], [95.298342, 27.306247], [95.297627, 27.305904], [95.297423, 27.305772], [95.297216, 27.305534], [95.296952, 27.304969], [95.296415, 27.304527], [95.296076, 27.304149], [95.295561, 27.303692], [95.295176, 27.303284], [95.294995, 27.303016], [95.293717, 27.302439], [95.29247, 27.301704], [95.291922, 27.301352], [95.291773, 27.301193], [95.291266, 27.301113], [95.29035, 27.300793], [95.289538, 27.30058], [95.288661, 27.300413], [95.287614, 27.300363], [95.287411, 27.300328], [95.287105, 27.300189], [95.286701, 27.300174], [95.286098, 27.300324], [95.285296, 27.300639], [95.285097, 27.300778], [95.284596, 27.300952], [95.28411, 27.301029], [95.283893, 27.301166], [95.283148, 27.301406], [95.282896, 27.30168], [95.282392, 27.301894], [95.282194, 27.302084], [95.281994, 27.302149], [95.281895, 27.302271], [95.281627, 27.302423], [95.281528, 27.302605], [95.281399, 27.302716], [95.281199, 27.302793], [95.281001, 27.30301], [95.280701, 27.303151], [95.280569, 27.303343], [95.280206, 27.303626], [95.279766, 27.304078], [95.27961, 27.304171], [95.279315, 27.30455], [95.279166, 27.304629], [95.278754, 27.305177], [95.278578, 27.30527], [95.278382, 27.305454], [95.278298, 27.305636], [95.277641, 27.306278], [95.277638, 27.306549], [95.27724, 27.306809], [95.277043, 27.307051], [95.276743, 27.307185], [95.276545, 27.30742], [95.276161, 27.307656], [95.276039, 27.307929], [95.275874, 27.308112], [95.275652, 27.308207], [95.275499, 27.308389], [95.27506, 27.308757], [95.274959, 27.308908], [95.274659, 27.309046], [95.274463, 27.30935], [95.274162, 27.30945], [95.274065, 27.309629], [95.273865, 27.309736], [95.273679, 27.309952], [95.273367, 27.310105], [95.273166, 27.310147], [95.272869, 27.31045], [95.272569, 27.310588], [95.272169, 27.31106], [95.271812, 27.311336], [95.271582, 27.311719], [95.271269, 27.311977], [95.271083, 27.312039], [95.270946, 27.312253], [95.270238, 27.312986], [95.270052, 27.31335], [95.269708, 27.313626], [95.269601, 27.313899], [95.269507, 27.313998], [95.26933, 27.314084], [95.268906, 27.315264], [95.268701, 27.315628], [95.268676, 27.315809], [95.268509, 27.315992], [95.268414, 27.316355], [95.26807, 27.317172], [95.267877, 27.318322], [95.267551, 27.319708], [95.267524, 27.320159], [95.267409, 27.320432], [95.267454, 27.320702], [95.26755, 27.320881], [95.267539, 27.321061], [95.267433, 27.321335], [95.267237, 27.321624], [95.267106, 27.322061], [95.266755, 27.322879], [95.266167, 27.323625], [95.265868, 27.323863], [95.265638, 27.324341], [95.265497, 27.324524], [95.265163, 27.32471], [95.264675, 27.324783], [95.264228, 27.324725], [95.264093, 27.324637], [95.264033, 27.324457], [95.263859, 27.324448], [95.263659, 27.324511], [95.263257, 27.324657], [95.262758, 27.324957], [95.261852, 27.325305], [95.260048, 27.325801], [95.257115, 27.326915], [95.25694, 27.327022], [95.256252, 27.32729], [95.25554, 27.327722], [95.255238, 27.327781], [95.254938, 27.327956], [95.25474, 27.328145], [95.254139, 27.328385], [95.25274, 27.329196], [95.252037, 27.329372], [95.251912, 27.329436], [95.251804, 27.329618], [95.251474, 27.329804], [95.251087, 27.3299], [95.251037, 27.329891], [95.250932, 27.329705], [95.250689, 27.329817], [95.249065, 27.330294], [95.248824, 27.330478], [95.248629, 27.330769], [95.247927, 27.331027], [95.247428, 27.331341], [95.247129, 27.331589], [95.246667, 27.332137], [95.246575, 27.33259], [95.246464, 27.332772], [95.246049, 27.333075], [95.245553, 27.33354], [95.245177, 27.333605], [95.244749, 27.333763], [95.244446, 27.333774], [95.244039, 27.333619], [95.243231, 27.333653], [95.242421, 27.333541], [95.241911, 27.333334], [95.241206, 27.333461], [95.240704, 27.333609], [95.2403, 27.333634], [95.239592, 27.333587], [95.238786, 27.333696], [95.237883, 27.334001], [95.23758, 27.334039], [95.236079, 27.334761], [95.235377, 27.335031], [95.234877, 27.33528], [95.234448, 27.335402], [95.234326, 27.335494], [95.234279, 27.335681], [95.233684, 27.336248], [95.231172, 27.336943], [95.230574, 27.337385], [95.229981, 27.338061], [95.229785, 27.338327], [95.229326, 27.339183], [95.228718, 27.339915], [95.228407, 27.34018], [95.227717, 27.341064], [95.227222, 27.34159], [95.226782, 27.342202], [95.226341, 27.342993], [95.226169, 27.343114], [95.226115, 27.343205], [95.226131, 27.343386], [95.225904, 27.34366], [95.22578, 27.343933], [95.22536, 27.344454], [95.225187, 27.344574], [95.224852, 27.34494], [95.224721, 27.345213], [95.224828, 27.345392], [95.224812, 27.345663], [95.224668, 27.346026], [95.224533, 27.34666], [95.224426, 27.346842], [95.224298, 27.346938], [95.223745, 27.347845], [95.223422, 27.348633], [95.223224, 27.348824], [95.223101, 27.349209], [95.222739, 27.349834], [95.222699, 27.350208], [95.222647, 27.350315], [95.222546, 27.350334], [95.222343, 27.35028], [95.222041, 27.350303], [95.221547, 27.350407], [95.220635, 27.350765], [95.220433, 27.350772], [95.220127, 27.350651], [95.220026, 27.350652], [95.219469, 27.350891], [95.218621, 27.351129], [95.218012, 27.351019], [95.217405, 27.350973], [95.216095, 27.351158], [95.215791, 27.351145], [95.215486, 27.351035], [95.21478, 27.351126], [95.214073, 27.351124], [95.213263, 27.351039], [95.212675, 27.350909], [95.211945, 27.350819], [95.211035, 27.350841], [95.210707, 27.35076], [95.210527, 27.350665], [95.210223, 27.350654], [95.209821, 27.350753], [95.20952, 27.350887], [95.208254, 27.35116], [95.207006, 27.35151], [95.20607, 27.351916], [95.205212, 27.352471], [95.203921, 27.353908], [95.20362, 27.354024], [95.203222, 27.354363], [95.203022, 27.354439], [95.202823, 27.35463], [95.202523, 27.354785], [95.202255, 27.354864], [95.20217, 27.354956], [95.202398, 27.355133], [95.202348, 27.355945], [95.202256, 27.356127], [95.201888, 27.356584], [95.201415, 27.356863], [95.200355, 27.357692], [95.199957, 27.357886], [95.199026, 27.358164], [95.19805, 27.35863], [95.197549, 27.35881], [95.197246, 27.358828], [95.196639, 27.358769], [95.196537, 27.358725], [95.196432, 27.358556], [95.196231, 27.358583], [95.195449, 27.358852], [95.194823, 27.358961], [95.194014, 27.358916], [95.193502, 27.358792], [95.191888, 27.358727], [95.191803, 27.358638], [95.191796, 27.358458], [95.191166, 27.35801], [95.190673, 27.357483], [95.190492, 27.357215], [95.189525, 27.356237], [95.189411, 27.356059], [95.189006, 27.354982], [95.188785, 27.353993], [95.188458, 27.352915], [95.188357, 27.352285], [95.1882, 27.351927], [95.188134, 27.351296], [95.188141, 27.350303], [95.188323, 27.349488], [95.188665, 27.34831], [95.188794, 27.347044], [95.18898, 27.345958], [95.189029, 27.344604], [95.189113, 27.344332], [95.189067, 27.344152], [95.189074, 27.342257], [95.188942, 27.341176], [95.188529, 27.34028], [95.188141, 27.339654], [95.187947, 27.339206], [95.187292, 27.338224], [95.187095, 27.337685], [95.187112, 27.337505], [95.18692, 27.337352], [95.186786, 27.337149], [95.186797, 27.336878], [95.186396, 27.336422], [95.185472, 27.335686], [95.185292, 27.335458], [95.183727, 27.33458], [95.182922, 27.334445], [95.182109, 27.334252], [95.181907, 27.334243], [95.18099, 27.33385], [95.180482, 27.33369], [95.179873, 27.333563], [95.179063, 27.333507], [95.178151, 27.333381], [95.177545, 27.333366], [95.176232, 27.333424], [95.175527, 27.333551], [95.17533, 27.333797], [95.175203, 27.334171], [95.175038, 27.334335], [95.174837, 27.334418], [95.173628, 27.334576], [95.173121, 27.334498], [95.172815, 27.334376], [95.172614, 27.334435], [95.172317, 27.334743], [95.171737, 27.335579], [95.170567, 27.336229], [95.16913, 27.337244], [95.168666, 27.337522], [95.168135, 27.337919], [95.167539, 27.338448], [95.166686, 27.339538], [95.166534, 27.339811], [95.166278, 27.340086], [95.165868, 27.340884], [95.165439, 27.341542], [95.165282, 27.341908], [95.164812, 27.342545], [95.164693, 27.342815], [95.164298, 27.343272], [95.163207, 27.344318], [95.16289, 27.344741], [95.161976, 27.345567], [95.161429, 27.346439], [95.161304, 27.34675], [95.161254, 27.347112], [95.161347, 27.347562], [95.161286, 27.347743], [95.161201, 27.347835], [95.160953, 27.347985], [95.160349, 27.348075], [95.158628, 27.347935], [95.157839, 27.347616], [95.156593, 27.347236], [95.1553, 27.346663], [95.154986, 27.346487], [95.154551, 27.346158], [95.154344, 27.345923], [95.154173, 27.345597], [95.153913, 27.344517], [95.153876, 27.343346], [95.153905, 27.342623], [95.154013, 27.341719], [95.154184, 27.340543], [95.154323, 27.34], [95.153995, 27.338561], [95.154021, 27.337748], [95.154474, 27.334854], [95.154645, 27.3344], [95.154815, 27.333585], [95.154897, 27.332725], [95.154995, 27.332543], [95.155097, 27.332601], [95.155308, 27.333042], [95.155479, 27.333214], [95.155516, 27.333344], [95.155549, 27.333303], [95.15554, 27.333032], [95.155405, 27.332764], [95.155131, 27.332407], [95.155088, 27.332046], [95.154917, 27.331688], [95.154622, 27.331332], [95.15415, 27.330631], [95.154047, 27.330527], [95.15364, 27.330422], [95.153436, 27.330298], [95.152922, 27.329859], [95.151901, 27.329301], [95.15058, 27.328938], [95.150277, 27.328913], [95.149672, 27.32901], [95.149064, 27.328917], [95.147595, 27.328913], [95.146838, 27.328739], [95.146535, 27.328749], [95.146264, 27.328663], [95.145419, 27.328521], [95.145001, 27.328502], [95.144914, 27.328523], [95.144815, 27.32862], [95.144713, 27.328581], [95.14461, 27.32847], [95.144001, 27.328343], [95.143091, 27.328319], [95.142483, 27.328225], [95.142282, 27.328298], [95.14198, 27.328318], [95.141272, 27.328307], [95.140866, 27.328235], [95.140261, 27.328277], [95.139957, 27.328256], [95.139653, 27.328168], [95.138945, 27.328157], [95.138037, 27.328204], [95.137432, 27.328297], [95.137028, 27.328314], [95.136623, 27.328233], [95.136532, 27.328271], [95.136469, 27.328362], [95.13592, 27.328494], [95.135012, 27.328564], [95.134006, 27.328787], [95.132996, 27.328815], [95.132793, 27.328757], [95.132701, 27.328871], [95.132594, 27.328915], [95.13209, 27.328995], [95.130878, 27.329024], [95.130573, 27.328936], [95.130474, 27.329043], [95.130373, 27.329049], [95.130271, 27.328966], [95.130068, 27.328938], [95.129096, 27.329196], [95.128381, 27.329297], [95.127453, 27.329591], [95.126746, 27.329609], [95.126136, 27.329398], [95.12602, 27.329153], [95.125825, 27.328999], [95.12523, 27.328714], [95.124497, 27.328235], [95.124339, 27.328005], [95.124342, 27.327915], [95.124471, 27.327823], [95.124396, 27.327734], [95.124083, 27.32771], [95.123167, 27.327361], [95.122756, 27.327027], [95.122348, 27.326801], [95.121941, 27.326679], [95.121032, 27.326657], [95.120523, 27.326476], [95.119439, 27.325914], [95.117867, 27.324959], [95.117257, 27.324794], [95.116957, 27.324922], [95.116553, 27.32492], [95.116045, 27.324771], [95.115133, 27.324656], [95.11473, 27.324725], [95.114427, 27.324724], [95.113924, 27.324821], [95.113623, 27.324938], [95.113118, 27.324971], [95.112943, 27.32502], [95.112284, 27.325391], [95.11182, 27.325792], [95.11162, 27.325882], [95.110913, 27.325897], [95.110609, 27.32586], [95.110242, 27.325692], [95.109993, 27.325425], [95.10979, 27.325305], [95.108875, 27.325003], [95.108055, 27.324382], [95.107954, 27.324381], [95.107146, 27.324656], [95.106346, 27.324867], [95.105842, 27.324906], [95.104858, 27.325232], [95.104361, 27.32533], [95.104033, 27.325444], [95.103327, 27.325525], [95.102221, 27.325821], [95.101817, 27.325826], [95.101416, 27.325952], [95.100808, 27.325881], [95.100404, 27.325883], [95.099593, 27.325747], [95.098785, 27.325777], [95.097577, 27.326018], [95.097173, 27.326008], [95.096969, 27.325901], [95.09666, 27.325601], [95.09574, 27.325031], [95.095225, 27.324564], [95.093892, 27.323492], [95.093375, 27.322838], [95.092656, 27.322236], [95.090804, 27.320495], [95.089744, 27.319322], [95.089255, 27.318706], [95.088948, 27.318454], [95.088798, 27.317982], [95.088837, 27.317948], [95.088938, 27.31796], [95.089031, 27.317889], [95.088933, 27.31767], [95.088536, 27.317445], [95.088117, 27.317274], [95.087712, 27.317201], [95.087101, 27.31695], [95.086695, 27.316876], [95.084867, 27.316374], [95.083956, 27.316266], [95.082642, 27.316247], [95.0816, 27.316736], [95.081287, 27.316831], [95.08114, 27.316956], [95.080888, 27.317018], [95.080039, 27.31753], [95.079737, 27.317577], [95.079336, 27.31777], [95.079137, 27.317916], [95.078936, 27.317976], [95.078633, 27.317991], [95.078433, 27.318083], [95.077726, 27.318093], [95.077527, 27.318272], [95.076523, 27.318633], [95.076018, 27.318654], [95.075613, 27.318606], [95.075004, 27.318452], [95.074393, 27.318176], [95.073117, 27.317043], [95.072733, 27.316507], [95.072747, 27.316236], [95.072693, 27.316147], [95.07233, 27.31591], [95.07147, 27.314721], [95.070267, 27.312573], [95.069701, 27.311408], [95.069031, 27.310425], [95.068785, 27.309973], [95.068574, 27.309518], [95.068403, 27.30899], [95.06837, 27.30872], [95.067986, 27.307733], [95.06797, 27.307553], [95.068015, 27.307462], [95.067965, 27.307102], [95.066985, 27.305542], [95.066571, 27.305034], [95.065955, 27.304604], [95.065549, 27.304387], [95.065143, 27.304265], [95.064636, 27.304185], [95.064166, 27.304541], [95.063778, 27.304727], [95.063233, 27.304785], [95.062933, 27.304958], [95.062631, 27.305024], [95.06244, 27.305288], [95.060741, 27.30663], [95.060151, 27.30747], [95.059823, 27.307763], [95.059482, 27.30822], [95.059259, 27.308404], [95.059058, 27.308767], [95.058927, 27.309311], [95.058843, 27.310666], [95.058685, 27.311029], [95.058551, 27.311573], [95.058324, 27.312839], [95.058265, 27.313472], [95.057937, 27.315372], [95.0579, 27.315914], [95.057741, 27.316909], [95.057525, 27.317905], [95.057161, 27.318723], [95.056923, 27.318997], [95.056811, 27.31963], [95.056876, 27.320442], [95.056637, 27.321077], [95.056631, 27.321799], [95.056457, 27.322253], [95.056394, 27.322915], [95.056202, 27.323426], [95.055704, 27.32382], [95.055501, 27.323786], [95.055099, 27.323906], [95.054896, 27.323877], [95.054691, 27.323697], [95.05459, 27.323688], [95.05449, 27.323771], [95.054095, 27.324228], [95.053777, 27.324729], [95.053431, 27.325095], [95.053205, 27.325285], [95.05244, 27.325741], [95.052361, 27.325833], [95.052065, 27.326739], [95.051432, 27.327807], [95.051234, 27.328015], [95.05063, 27.328127], [95.049975, 27.328395], [95.049424, 27.328528], [95.049021, 27.328549], [95.048615, 27.328466], [95.048002, 27.328108], [95.047214, 27.327803], [95.046073, 27.327586], [95.045323, 27.32729], [95.044245, 27.327087], [95.043938, 27.326926], [95.043227, 27.326703], [95.042412, 27.326249], [95.041345, 27.325813], [95.040849, 27.32546], [95.040572, 27.325191], [95.040392, 27.324925], [95.04042, 27.324834], [95.040674, 27.32474], [95.040576, 27.324651], [95.040359, 27.324596], [95.040053, 27.324441], [95.039749, 27.324408], [95.03914, 27.32424], [95.038529, 27.323955], [95.037719, 27.323914], [95.036515, 27.323989], [95.035803, 27.324121], [95.0354, 27.324138], [95.034896, 27.324252], [95.034697, 27.324418], [95.034295, 27.324506], [95.033596, 27.32495], [95.033194, 27.325068], [95.033082, 27.325212], [95.032928, 27.325304], [95.0328, 27.325577], [95.032095, 27.326219], [95.031606, 27.326858], [95.031312, 27.327168], [95.030724, 27.32817], [95.030543, 27.328588], [95.030423, 27.329492], [95.030422, 27.329944], [95.030563, 27.330844], [95.030785, 27.331545], [95.030996, 27.332024], [95.031204, 27.332341], [95.031824, 27.333069], [95.03228, 27.333527], [95.032734, 27.333881], [95.034004, 27.334765], [95.03434, 27.334941], [95.034588, 27.335008], [95.035508, 27.335621], [95.036631, 27.336242], [95.037451, 27.33688], [95.038172, 27.33761], [95.038682, 27.337857], [95.039336, 27.338297], [95.039906, 27.338501], [95.0402, 27.338826], [95.040542, 27.339092], [95.040597, 27.339452], [95.040606, 27.340806], [95.040396, 27.342072], [95.040194, 27.342436], [95.039769, 27.342803], [95.039383, 27.343031], [95.038804, 27.343269], [95.037142, 27.344105], [95.035573, 27.344686], [95.034163, 27.344937], [95.033658, 27.344956], [95.032949, 27.344914], [95.032036, 27.344725], [95.030917, 27.344307], [95.029393, 27.343872], [95.028986, 27.343725], [95.027391, 27.342983], [95.027054, 27.342808], [95.026884, 27.34254], [95.02658, 27.342364], [95.026025, 27.342075], [95.025721, 27.342016], [95.025418, 27.342004], [95.024813, 27.342086], [95.023701, 27.342098], [95.022693, 27.342217], [95.021989, 27.342428], [95.020586, 27.343038], [95.020078, 27.34318], [95.019554, 27.343548], [95.019146, 27.343915], [95.01883, 27.344281], [95.018632, 27.344645], [95.018377, 27.345551], [95.018343, 27.345912], [95.018391, 27.346182], [95.018526, 27.346479], [95.018836, 27.346853], [95.01889, 27.347348], [95.019071, 27.347526], [95.019157, 27.34788], [95.019369, 27.34842], [95.019581, 27.34892], [95.019772, 27.349231], [95.020823, 27.350565], [95.021505, 27.351101], [95.021824, 27.351457], [95.022369, 27.352194], [95.022605, 27.352619], [95.022843, 27.353248], [95.0229, 27.353588], [95.023425, 27.354681], [95.02345, 27.354863], [95.02343, 27.354954], [95.023136, 27.355319], [95.022635, 27.355698], [95.022428, 27.355781], [95.022135, 27.355997], [95.020729, 27.356531], [95.01999, 27.356989], [95.019424, 27.357178], [95.018622, 27.357363], [95.017007, 27.357517], [95.015088, 27.357558], [95.014481, 27.357538], [95.013873, 27.357449], [95.012658, 27.357095], [95.012188, 27.356921], [95.011675, 27.356658], [95.009848, 27.356052], [95.008808, 27.355526], [95.008274, 27.355173], [95.007106, 27.354106], [95.006425, 27.353123], [95.00621, 27.352906], [95.004773, 27.351649], [95.004056, 27.351159], [95.003439, 27.350565], [95.003011, 27.349924], [95.002767, 27.349656], [95.002738, 27.349386], [95.002315, 27.349121], [95.002205, 27.348942], [95.002095, 27.348877], [95.001994, 27.348862], [95.001792, 27.348919], [95.001386, 27.348805], [95.000369, 27.348445], [95.000164, 27.348283], [94.999757, 27.348157], [94.998744, 27.34801], [94.998236, 27.347842], [94.998134, 27.347833], [94.997934, 27.347904], [94.997224, 27.347805], [94.997024, 27.347904], [94.996822, 27.347907], [94.996319, 27.348038], [94.995315, 27.348436], [94.994912, 27.348472], [94.994778, 27.348597], [94.994511, 27.348683], [94.994413, 27.34886], [94.994112, 27.348947], [94.993511, 27.349256], [94.993085, 27.349614], [94.992912, 27.349707], [94.992627, 27.349982], [94.992399, 27.350436], [94.991632, 27.351583], [94.991435, 27.351857], [94.991192, 27.352078], [94.99075, 27.353123], [94.990555, 27.353712], [94.990457, 27.354255], [94.990452, 27.354616], [94.990344, 27.354978], [94.990254, 27.355792], [94.990271, 27.356243], [94.990203, 27.357146], [94.990241, 27.35859], [94.990468, 27.359955], [94.990889, 27.360916], [94.991019, 27.361106], [94.99116, 27.361555], [94.991937, 27.36295], [94.992975, 27.364474], [94.993425, 27.364952], [94.994964, 27.366374], [94.996071, 27.367261], [94.997296, 27.368146], [94.999025, 27.369263], [94.999964, 27.370093], [95.000769, 27.370676], [95.002251, 27.371233], [95.002625, 27.371499], [95.002689, 27.371588], [95.002767, 27.372038], [95.002719, 27.372671], [95.002944, 27.373028], [95.003171, 27.373567], [95.003394, 27.374466], [95.003515, 27.375276], [95.003659, 27.375635], [95.003988, 27.375992], [95.004818, 27.376608], [95.005216, 27.376967], [95.005491, 27.377324], [95.005994, 27.378129], [95.006018, 27.378489], [95.005886, 27.379033], [95.005548, 27.379399], [95.005106, 27.379676], [95.004678, 27.380036], [95.004476, 27.380071], [95.004273, 27.380011], [95.003868, 27.379982], [95.003609, 27.380148], [95.003266, 27.380262], [95.002863, 27.380305], [95.002359, 27.380421], [95.001254, 27.380772], [95.000448, 27.380954], [94.999641, 27.381041], [94.999134, 27.380968], [94.998727, 27.380834], [94.997916, 27.380684], [94.997723, 27.380504], [94.997274, 27.380239], [94.996884, 27.379884], [94.99658, 27.379474], [94.996246, 27.379171], [94.995613, 27.377917], [94.995434, 27.377468], [94.994979, 27.376843], [94.994373, 27.375678], [94.994303, 27.375318], [94.994002, 27.3746], [94.993908, 27.37415], [94.99375, 27.373869], [94.993688, 27.373612], [94.993506, 27.373344], [94.993485, 27.372803], [94.993322, 27.372546], [94.993095, 27.371996], [94.992452, 27.37002], [94.992177, 27.369031], [94.991718, 27.367655], [94.99139, 27.366966], [94.991093, 27.365978], [94.99056, 27.365106], [94.990325, 27.364635], [94.990176, 27.364186], [94.989686, 27.363291], [94.989238, 27.362665], [94.988855, 27.36231], [94.988582, 27.361905], [94.988273, 27.361562], [94.987895, 27.36097], [94.987782, 27.36061], [94.987645, 27.360391], [94.987468, 27.360163], [94.98718, 27.359987], [94.986905, 27.35972], [94.986837, 27.359541], [94.986837, 27.35936], [94.986731, 27.359271], [94.986714, 27.359164], [94.986519, 27.358823], [94.985783, 27.357965], [94.985673, 27.357933], [94.985612, 27.358024], [94.985637, 27.358204], [94.985838, 27.358291], [94.986096, 27.35851], [94.986684, 27.359272], [94.986629, 27.359453], [94.986418, 27.359559], [94.986216, 27.359599], [94.985912, 27.359573], [94.984994, 27.359206], [94.98449, 27.359151], [94.983927, 27.35886], [94.98337, 27.358699], [94.983072, 27.35824], [94.982529, 27.357707], [94.982244, 27.357079], [94.982028, 27.356721], [94.981606, 27.356276], [94.981447, 27.355827], [94.981148, 27.35547], [94.981169, 27.355379], [94.98079, 27.354573], [94.980667, 27.354496], [94.980566, 27.35451], [94.980463, 27.354409], [94.980431, 27.354217], [94.980217, 27.353768], [94.979855, 27.352781], [94.979216, 27.352158], [94.97859, 27.351359], [94.978386, 27.351258], [94.978277, 27.350827], [94.978098, 27.35055], [94.977864, 27.350325], [94.97723, 27.34984], [94.976753, 27.349395], [94.975816, 27.348848], [94.975206, 27.348649], [94.974903, 27.348623], [94.974499, 27.348654], [94.973916, 27.348894], [94.973798, 27.348999], [94.973396, 27.349129], [94.973294, 27.349126], [94.972582, 27.348858], [94.971468, 27.348703], [94.97076, 27.348687], [94.969003, 27.348783], [94.968036, 27.34894], [94.967921, 27.348888], [94.967903, 27.348618], [94.967742, 27.34844], [94.966868, 27.34782], [94.966623, 27.347553], [94.966585, 27.347373], [94.966853, 27.347189], [94.966791, 27.347152], [94.965776, 27.346931], [94.965317, 27.346759], [94.964758, 27.346464], [94.963628, 27.346061], [94.96323, 27.345833], [94.962731, 27.345712], [94.96211, 27.345364], [94.962007, 27.345254], [94.961396, 27.344964], [94.960787, 27.344813], [94.96038, 27.344662], [94.960035, 27.344487], [94.959358, 27.344039], [94.958853, 27.344059], [94.958145, 27.343986], [94.957739, 27.343901], [94.957233, 27.343871], [94.957029, 27.343787], [94.956825, 27.34364], [94.956678, 27.343451], [94.956407, 27.342904], [94.956106, 27.341925], [94.95555, 27.340398], [94.955414, 27.339588], [94.955221, 27.337334], [94.954993, 27.336435], [94.954558, 27.335413], [94.954143, 27.334799], [94.953378, 27.334201], [94.953017, 27.334002], [94.951698, 27.333685], [94.951192, 27.333677], [94.950789, 27.333744], [94.950187, 27.33398], [94.949746, 27.334252], [94.949486, 27.334526], [94.949189, 27.334668], [94.949088, 27.334703], [94.948886, 27.33469], [94.948685, 27.334787], [94.94788, 27.334986], [94.947477, 27.335013], [94.947304, 27.335188], [94.947183, 27.335534], [94.947139, 27.335191], [94.947074, 27.33507], [94.946415, 27.33493], [94.945651, 27.334656], [94.944537, 27.334496], [94.943797, 27.334154], [94.943317, 27.334053], [94.942911, 27.333806], [94.942503, 27.333783], [94.941995, 27.333597], [94.941386, 27.333457], [94.940779, 27.333414], [94.939971, 27.333428], [94.93986, 27.333397], [94.939645, 27.333219], [94.939455, 27.332951], [94.938945, 27.332507], [94.938785, 27.332238], [94.938552, 27.331971], [94.93841, 27.331612], [94.93834, 27.330169], [94.938389, 27.329619], [94.938492, 27.329264], [94.938708, 27.327998], [94.939298, 27.326545], [94.939382, 27.326093], [94.939376, 27.325552], [94.939288, 27.32456], [94.938884, 27.323934], [94.938814, 27.323754], [94.938473, 27.323308], [94.938443, 27.323128], [94.938233, 27.32295], [94.938009, 27.322412], [94.937684, 27.322146], [94.937576, 27.321967], [94.937345, 27.321883], [94.937242, 27.321791], [94.936727, 27.321228], [94.935601, 27.32039], [94.935087, 27.319908], [94.933151, 27.318983], [94.932544, 27.318898], [94.932238, 27.318761], [94.931528, 27.318601], [94.93102, 27.318429], [94.930616, 27.318455], [94.930211, 27.318396], [94.929908, 27.318426], [94.929201, 27.318398], [94.928794, 27.318277], [94.928594, 27.318362], [94.92738, 27.318282], [94.926573, 27.318393], [94.926065, 27.318232], [94.92566, 27.31819], [94.925051, 27.317992], [94.92485, 27.318083], [94.924141, 27.317968], [94.922929, 27.318002], [94.922219, 27.317819], [94.922014, 27.31765], [94.921766, 27.317311], [94.920777, 27.316239], [94.919304, 27.314186], [94.918453, 27.312754], [94.917658, 27.311175], [94.917339, 27.310236], [94.916817, 27.309242], [94.916718, 27.308716], [94.916325, 27.30818], [94.916123, 27.308003], [94.915782, 27.307811], [94.914466, 27.307393], [94.914359, 27.307331], [94.914217, 27.307126], [94.914051, 27.307047], [94.913849, 27.307021], [94.913648, 27.307103], [94.913547, 27.307092], [94.913126, 27.306961], [94.912331, 27.306882], [94.912127, 27.306799], [94.911925, 27.306788], [94.911625, 27.306957], [94.911019, 27.306988], [94.910617, 27.307115], [94.910113, 27.307148], [94.909308, 27.307373], [94.908708, 27.307727], [94.908273, 27.30811], [94.907657, 27.30884], [94.906926, 27.309887], [94.906731, 27.310297], [94.906685, 27.310659], [94.906738, 27.311109], [94.907102, 27.312097], [94.907176, 27.312645], [94.907306, 27.312997], [94.907362, 27.313718], [94.907588, 27.314166], [94.908119, 27.31465], [94.908378, 27.315148], [94.90845, 27.315598], [94.908411, 27.31578], [94.908244, 27.316036], [94.908239, 27.316233], [94.908349, 27.316288], [94.908551, 27.316289], [94.908681, 27.316408], [94.908755, 27.316587], [94.908585, 27.317492], [94.908295, 27.317857], [94.908179, 27.318161], [94.90758, 27.318586], [94.907279, 27.318708], [94.906986, 27.319048], [94.906724, 27.319232], [94.905988, 27.319603], [94.905478, 27.319719], [94.904776, 27.320016], [94.903768, 27.320188], [94.902653, 27.320008], [94.902128, 27.319836], [94.902122, 27.319746], [94.902938, 27.319645], [94.902545, 27.319561], [94.902141, 27.319605], [94.901432, 27.319459], [94.900836, 27.319222], [94.899704, 27.31888], [94.899603, 27.318883], [94.899256, 27.319063], [94.898703, 27.319461], [94.898502, 27.319508], [94.898401, 27.31949], [94.897996, 27.319261], [94.897608, 27.319176], [94.897383, 27.319043], [94.896155, 27.318134], [94.895905, 27.317755], [94.895929, 27.317574], [94.895812, 27.317485], [94.89513, 27.3173], [94.894624, 27.317242], [94.894012, 27.316901], [94.89391, 27.316885], [94.89381, 27.316944], [94.893507, 27.316907], [94.892288, 27.31655], [94.892086, 27.31657], [94.891579, 27.316453], [94.890567, 27.316351], [94.890262, 27.316224], [94.890012, 27.31621], [94.889807, 27.316032], [94.889651, 27.315966], [94.889247, 27.315986], [94.888485, 27.31587], [94.88813, 27.315628], [94.887852, 27.315517], [94.887314, 27.31519], [94.887009, 27.315087], [94.886804, 27.314935], [94.885893, 27.31482], [94.884773, 27.314337], [94.883517, 27.31368], [94.883503, 27.313139], [94.883308, 27.31269], [94.883177, 27.31197], [94.883206, 27.311699], [94.883109, 27.311523], [94.883097, 27.31134], [94.883001, 27.311105], [94.882748, 27.310893], [94.882757, 27.310803], [94.882888, 27.310711], [94.882723, 27.310532], [94.882652, 27.310353], [94.882433, 27.309634], [94.882493, 27.309452], [94.882218, 27.309276], [94.881937, 27.307929], [94.881758, 27.307747], [94.881599, 27.307479], [94.881497, 27.307119], [94.881494, 27.306758], [94.881375, 27.306579], [94.881304, 27.306338], [94.881187, 27.306221], [94.881073, 27.305591], [94.880893, 27.305322], [94.880885, 27.305052], [94.880456, 27.304245], [94.879837, 27.302809], [94.87948, 27.302182], [94.879405, 27.301913], [94.879062, 27.301195], [94.878991, 27.300925], [94.878478, 27.30012], [94.878395, 27.29985], [94.878043, 27.299494], [94.877814, 27.299136], [94.877025, 27.298211], [94.876675, 27.297707], [94.876097, 27.297078], [94.875595, 27.296639], [94.874796, 27.296108], [94.874359, 27.295871], [94.874244, 27.295754], [94.873746, 27.295495], [94.872349, 27.294516], [94.871703, 27.294133], [94.871095, 27.294032], [94.870182, 27.293804], [94.869474, 27.293775], [94.868367, 27.293577], [94.868019, 27.293311], [94.86797, 27.293131], [94.868048, 27.29305], [94.86835, 27.292981], [94.869058, 27.293052], [94.86918, 27.293024], [94.868979, 27.292937], [94.868651, 27.29288], [94.868424, 27.292764], [94.868042, 27.292712], [94.867631, 27.292594], [94.867029, 27.292515], [94.866521, 27.292375], [94.866117, 27.292378], [94.865914, 27.292326], [94.865209, 27.292429], [94.864002, 27.292749], [94.863788, 27.292916], [94.8632, 27.293119], [94.86268, 27.293472], [94.862437, 27.293566], [94.862195, 27.29384], [94.861638, 27.294298], [94.861507, 27.294563], [94.86064, 27.295575], [94.860529, 27.295847], [94.860219, 27.296101], [94.860121, 27.296301], [94.859876, 27.296488], [94.859769, 27.29676], [94.859588, 27.296943], [94.859116, 27.29731], [94.858827, 27.297428], [94.858529, 27.297726], [94.857929, 27.298101], [94.85745, 27.298325], [94.857319, 27.298598], [94.856934, 27.299013], [94.856713, 27.299147], [94.856332, 27.299277], [94.855672, 27.299161], [94.854813, 27.298902], [94.8541, 27.298743], [94.853392, 27.298698], [94.851669, 27.298368], [94.851466, 27.298277], [94.851163, 27.298285], [94.850554, 27.298141], [94.849541, 27.297977], [94.849007, 27.297805], [94.848202, 27.297455], [94.847302, 27.296939], [94.846553, 27.296394], [94.845252, 27.29517], [94.844625, 27.294433], [94.844221, 27.293897], [94.843919, 27.293089], [94.843509, 27.292824], [94.843273, 27.292466], [94.843162, 27.292196], [94.842977, 27.292011], [94.84256, 27.291236], [94.842349, 27.290671], [94.842115, 27.289954], [94.841846, 27.288694], [94.841736, 27.287341], [94.841859, 27.285715], [94.842053, 27.284966], [94.842329, 27.284355], [94.842607, 27.283539], [94.842869, 27.282994], [94.843225, 27.281997], [94.843693, 27.280319], [94.843936, 27.279099], [94.843921, 27.278197], [94.843852, 27.277679], [94.843542, 27.277304], [94.84307, 27.276493], [94.842711, 27.276137], [94.842525, 27.276049], [94.8419, 27.275606], [94.841593, 27.275459], [94.841226, 27.275344], [94.840779, 27.275136], [94.839968, 27.274905], [94.839563, 27.274886], [94.838655, 27.274946], [94.837647, 27.275072], [94.837438, 27.275123], [94.836343, 27.275626], [94.836141, 27.275631], [94.83579, 27.275777], [94.835135, 27.27586], [94.834831, 27.275819], [94.834626, 27.275607], [94.834422, 27.27552], [94.834292, 27.275345], [94.834272, 27.274533], [94.834133, 27.273723], [94.833666, 27.272554], [94.833353, 27.272108], [94.832333, 27.271334], [94.831933, 27.270863], [94.831816, 27.27061], [94.831714, 27.270503], [94.831612, 27.270478], [94.83131, 27.270537], [94.831006, 27.270453], [94.830913, 27.270606], [94.830807, 27.270649], [94.830602, 27.270483], [94.830501, 27.270464], [94.830437, 27.270612], [94.830303, 27.270735], [94.829801, 27.270876], [94.829601, 27.270997], [94.829264, 27.271079], [94.828698, 27.271362], [94.828496, 27.271394], [94.828381, 27.271541], [94.827997, 27.271774], [94.826875, 27.273276], [94.82654, 27.273822], [94.826266, 27.274457], [94.825847, 27.275185], [94.825519, 27.27555], [94.825361, 27.276003], [94.825296, 27.276095], [94.825137, 27.276187], [94.824806, 27.276733], [94.824303, 27.277913], [94.823869, 27.278719], [94.823075, 27.279601], [94.822776, 27.279828], [94.822478, 27.280142], [94.821806, 27.280653], [94.821204, 27.281022], [94.820077, 27.28158], [94.819072, 27.281904], [94.818569, 27.28202], [94.818167, 27.282175], [94.817261, 27.282355], [94.816354, 27.282458], [94.815342, 27.282372], [94.814332, 27.282365], [94.813324, 27.282506], [94.813021, 27.282498], [94.812621, 27.282762], [94.811718, 27.28313], [94.811577, 27.283313], [94.811216, 27.283344], [94.810878, 27.283683], [94.810071, 27.284145], [94.808719, 27.285093], [94.808629, 27.285337], [94.808346, 27.285701], [94.808053, 27.286247], [94.807834, 27.286566], [94.807651, 27.286703], [94.807571, 27.286975], [94.807143, 27.287583], [94.806559, 27.288613], [94.806256, 27.288947], [94.806056, 27.28907], [94.805864, 27.289344], [94.805326, 27.289802], [94.805064, 27.290191], [94.804864, 27.290335], [94.804663, 27.290411], [94.804562, 27.290407], [94.804227, 27.290267], [94.80352, 27.289735], [94.803231, 27.289325], [94.802306, 27.288289], [94.801682, 27.287222], [94.801428, 27.286693], [94.801115, 27.285795], [94.801014, 27.285254], [94.800909, 27.284985], [94.800829, 27.284896], [94.800475, 27.283908], [94.800491, 27.283637], [94.80035, 27.282826], [94.800354, 27.282194], [94.80052, 27.280838], [94.800676, 27.280295], [94.800742, 27.279843], [94.801179, 27.278573], [94.801489, 27.277125], [94.801888, 27.275947], [94.80206, 27.275584], [94.802246, 27.274949], [94.802356, 27.274767], [94.802485, 27.274373], [94.803379, 27.272408], [94.803599, 27.271502], [94.803733, 27.270056], [94.803651, 27.269696], [94.803676, 27.269245], [94.803542, 27.268705], [94.803544, 27.268073], [94.803116, 27.266905], [94.802715, 27.266279], [94.802457, 27.26565], [94.801672, 27.264577], [94.801002, 27.263859], [94.80049, 27.263401], [94.800038, 27.262883], [94.799614, 27.262257], [94.799332, 27.261719], [94.798942, 27.261342], [94.798387, 27.260919], [94.798019, 27.260463], [94.797877, 27.260203], [94.797913, 27.259842], [94.797807, 27.258489], [94.797926, 27.257405], [94.798276, 27.256408], [94.798444, 27.255504], [94.798693, 27.253604], [94.798813, 27.253317], [94.798913, 27.253277], [94.799015, 27.253314], [94.799059, 27.253239], [94.798809, 27.253099], [94.798706, 27.25297], [94.797737, 27.25127], [94.797042, 27.250557], [94.796439, 27.250152], [94.796207, 27.249845], [94.795801, 27.24949], [94.794904, 27.248892], [94.794193, 27.24866], [94.793579, 27.248161], [94.793377, 27.248106], [94.792969, 27.247895], [94.792261, 27.247828], [94.791854, 27.247617], [94.791449, 27.247556], [94.791147, 27.247611], [94.790742, 27.247517], [94.790339, 27.247581], [94.790136, 27.247565], [94.789835, 27.247645], [94.78923, 27.24772], [94.787313, 27.247839], [94.786911, 27.247919], [94.78661, 27.248094], [94.785904, 27.248144], [94.784802, 27.248676], [94.784097, 27.248804], [94.783595, 27.248961], [94.78309, 27.248967], [94.782789, 27.249066], [94.781983, 27.249206], [94.78168, 27.24921], [94.781072, 27.24909], [94.780485, 27.248692], [94.780045, 27.248156], [94.779632, 27.24741], [94.779567, 27.246989], [94.778996, 27.245574], [94.778801, 27.244472], [94.778789, 27.244111], [94.778915, 27.243207], [94.778942, 27.242394], [94.77902, 27.242032], [94.779109, 27.240677], [94.779307, 27.238779], [94.779307, 27.238147], [94.7792, 27.237427], [94.778839, 27.236348], [94.778647, 27.23608], [94.778613, 27.2359], [94.778436, 27.235631], [94.77751, 27.234668], [94.776491, 27.234066]]}}, {"type": "Feature", "properties": {}, "geometry": {"type": "LineString", "coordinates": [[94.744015, 27.379935], [94.74424, 27.380083], [94.744244, 27.380319], [94.743631, 27.380752], [94.743243, 27.380962], [94.742439, 27.381234], [94.742135, 27.381229], [94.741989, 27.381133], [94.741982, 27.380953], [94.74208, 27.380681], [94.74236, 27.380316], [94.742588, 27.380133], [94.743227, 27.379919], [94.743833, 27.379903], [94.744015, 27.379935]]}}, {"type": "Feature", "properties": {}, "geometry": {"type": "LineString", "coordinates": [[94.744129, 27.37867], [94.744423, 27.378861], [94.74452, 27.379026], [94.744489, 27.379297], [94.744332, 27.379465], [94.743928, 27.379503], [94.743421, 27.379433], [94.743017, 27.379446], [94.742513, 27.379531], [94.74229, 27.379505], [94.742245, 27.379415], [94.742299, 27.379234], [94.742633, 27.378869], [94.742904, 27.378682], [94.743106, 27.378636], [94.743712, 27.378613], [94.744129, 27.37867]]}}, {"type": "Feature", "properties": {}, "geometry": {"type": "LineString", "coordinates": [[95.005852, 27.373167], [95.005971, 27.373257], [95.006218, 27.373703], [95.0062, 27.373884], [95.006038, 27.374157], [95.006011, 27.374338], [95.006189, 27.375057], [95.006195, 27.375238], [95.006087, 27.375691], [95.006017, 27.375801], [95.005916, 27.375815], [95.005324, 27.375611], [95.005101, 27.375481], [95.004873, 27.375257], [95.004855, 27.375167], [95.004989, 27.374714], [95.00516, 27.373538], [95.005263, 27.373265], [95.005462, 27.373091], [95.005665, 27.373099], [95.005852, 27.373167]]}}, {"type": "Feature", "properties": {}, "geometry": {"type": "LineString", "coordinates": [[94.736018, 27.361261], [94.736467, 27.361384], [94.737026, 27.3617], [94.737828, 27.362051], [94.738095, 27.362121], [94.738428, 27.362314], [94.739171, 27.362846], [94.739378, 27.363115], [94.739447, 27.363294], [94.739541, 27.363293], [94.739467, 27.363023], [94.739524, 27.362948], [94.739726, 27.362961], [94.741154, 27.363773], [94.742796, 27.364967], [94.7433, 27.365412], [94.744223, 27.366076], [94.74436, 27.366392], [94.744499, 27.367022], [94.744747, 27.367268], [94.744949, 27.367283], [94.744998, 27.367377], [94.744962, 27.367558], [94.744856, 27.367749], [94.744354, 27.368287], [94.74385, 27.368655], [94.742759, 27.36912], [94.742358, 27.369486], [94.742059, 27.369906], [94.741609, 27.370398], [94.741266, 27.370929], [94.740732, 27.371492], [94.74039, 27.371947], [94.739774, 27.372587], [94.739367, 27.373223], [94.738885, 27.373822], [94.738386, 27.374225], [94.737949, 27.374776], [94.737826, 27.375228], [94.737697, 27.375443], [94.737581, 27.375412], [94.737253, 27.374784], [94.737052, 27.374516], [94.736688, 27.37425], [94.736084, 27.373896], [94.735019, 27.373368], [94.734582, 27.373193], [94.73366, 27.372933], [94.733002, 27.372606], [94.732395, 27.372565], [94.732292, 27.372454], [94.732097, 27.37205], [94.732049, 27.3716], [94.731983, 27.37142], [94.73156, 27.370889], [94.731257, 27.370927], [94.73078, 27.370532], [94.729524, 27.370001], [94.728915, 27.369813], [94.727495, 27.369532], [94.726888, 27.369517], [94.725272, 27.369605], [94.724261, 27.369609], [94.721832, 27.369433], [94.721527, 27.369336], [94.721524, 27.369099], [94.721564, 27.369022], [94.721718, 27.368929], [94.721757, 27.368839], [94.72157, 27.36848], [94.721434, 27.367579], [94.721057, 27.366952], [94.720839, 27.366413], [94.720732, 27.365602], [94.720785, 27.364879], [94.720849, 27.364679], [94.72113, 27.364334], [94.721902, 27.363783], [94.722548, 27.36342], [94.723014, 27.362776], [94.723174, 27.362142], [94.723332, 27.361817], [94.723432, 27.36179], [94.72369, 27.361955], [94.723844, 27.362288], [94.724148, 27.362338], [94.724454, 27.362462], [94.72476, 27.362655], [94.725068, 27.362955], [94.725272, 27.363086], [94.726157, 27.363459], [94.726824, 27.363631], [94.727506, 27.363724], [94.729023, 27.363751], [94.729376, 27.36369], [94.729526, 27.36361], [94.729606, 27.363417], [94.729723, 27.363288], [94.730628, 27.362978], [94.730932, 27.363009], [94.731132, 27.362866], [94.731535, 27.362794], [94.731737, 27.362774], [94.732041, 27.362832], [94.732142, 27.362803], [94.732218, 27.362752], [94.732198, 27.362662], [94.732341, 27.36248], [94.73264, 27.362333], [94.733066, 27.36202], [94.733643, 27.361822], [94.734463, 27.361461], [94.735647, 27.361266], [94.736018, 27.361261]]}}, {"type": "Feature", "properties": {}, "geometry": {"type": "LineString", "coordinates": [[94.745739, 27.369263], [94.746004, 27.370086], [94.746187, 27.37034], [94.746409, 27.370789], [94.74673, 27.371241], [94.746883, 27.371595], [94.746975, 27.372045], [94.747002, 27.372587], [94.746958, 27.372768], [94.746968, 27.373129], [94.7469, 27.37331], [94.746961, 27.37367], [94.746821, 27.374033], [94.746374, 27.37432], [94.746173, 27.374382], [94.746072, 27.37438], [94.745765, 27.374168], [94.745664, 27.37416], [94.745463, 27.374229], [94.745368, 27.374322], [94.745432, 27.374502], [94.745367, 27.374537], [94.745062, 27.374429], [94.744859, 27.374429], [94.744656, 27.374341], [94.743845, 27.374201], [94.743674, 27.374072], [94.743336, 27.374021], [94.743135, 27.374067], [94.742796, 27.374264], [94.742431, 27.374305], [94.742395, 27.374179], [94.742467, 27.373997], [94.742925, 27.373544], [94.743351, 27.372993], [94.743929, 27.371722], [94.744006, 27.371618], [94.744507, 27.371297], [94.745199, 27.370289], [94.745276, 27.370081], [94.745285, 27.3699], [94.745127, 27.369541], [94.745113, 27.369361], [94.745586, 27.36919], [94.745739, 27.369263]]}}, {"type": "Feature", "properties": {}, "geometry": {"type": "LineString", "coordinates": [[94.725978, 27.370772], [94.72611, 27.370861], [94.726145, 27.371222], [94.726303, 27.3714], [94.726436, 27.371669], [94.726724, 27.37199], [94.726829, 27.372191], [94.727282, 27.372561], [94.727297, 27.372651], [94.726996, 27.372836], [94.726638, 27.37294], [94.726237, 27.373138], [94.725532, 27.373349], [94.724423, 27.373509], [94.724036, 27.373414], [94.723673, 27.372696], [94.723644, 27.372516], [94.723779, 27.372244], [94.724095, 27.371947], [94.724234, 27.371516], [94.724464, 27.371333], [94.725594, 27.370805], [94.725978, 27.370772]]}}, {"type": "Feature", "properties": {}, "geometry": {"type": "LineString", "coordinates": [[94.773604, 27.369814], [94.773862, 27.370082], [94.773873, 27.370352], [94.773837, 27.370623], [94.773664, 27.371167], [94.773425, 27.371567], [94.773323, 27.371509], [94.773252, 27.371353], [94.773178, 27.370903], [94.773268, 27.37036], [94.7735, 27.369912], [94.773604, 27.369814]]}}, {"type": "Feature", "properties": {}, "geometry": {"type": "LineString", "coordinates": [[94.992889, 27.361259], [94.99302, 27.361341], [94.993119, 27.361263], [94.993631, 27.361585], [94.994558, 27.362562], [94.995197, 27.363122], [94.995661, 27.364198], [94.995814, 27.364973], [94.996088, 27.365726], [94.996086, 27.365816], [94.996032, 27.365859], [94.995829, 27.365781], [94.995521, 27.365526], [94.995214, 27.365344], [94.99422, 27.364399], [94.993979, 27.364116], [94.993665, 27.363525], [94.993115, 27.36279], [94.992464, 27.361717], [94.992424, 27.361446], [94.992512, 27.361233], [94.992714, 27.361194], [94.992889, 27.361259]]}}, {"type": "Feature", "properties": {}, "geometry": {"type": "LineString", "coordinates": [[94.697407, 27.327799], [94.697542, 27.327889], [94.697678, 27.328066], [94.698068, 27.329281], [94.698382, 27.329958], [94.698599, 27.330672], [94.698636, 27.331214], [94.69863, 27.331665], [94.698498, 27.332389], [94.698525, 27.332738], [94.698634, 27.332929], [94.698504, 27.333291], [94.69861, 27.333561], [94.698343, 27.334069], [94.69807, 27.335102], [94.697759, 27.335737], [94.697718, 27.336099], [94.697765, 27.336549], [94.697984, 27.33703], [94.69832, 27.337536], [94.698699, 27.338343], [94.699018, 27.338569], [94.699322, 27.33858], [94.699424, 27.338634], [94.699933, 27.339141], [94.699938, 27.339246], [94.699639, 27.339514], [94.699442, 27.339818], [94.69937, 27.34014], [94.700181, 27.341484], [94.700383, 27.341933], [94.700313, 27.342114], [94.699987, 27.342425], [94.699685, 27.342487], [94.699278, 27.342349], [94.698829, 27.342133], [94.698504, 27.341866], [94.697953, 27.341583], [94.69775, 27.341535], [94.697447, 27.34154], [94.69704, 27.341422], [94.696506, 27.341168], [94.696329, 27.341146], [94.696303, 27.34117], [94.696371, 27.34126], [94.696942, 27.341583], [94.697594, 27.342148], [94.698, 27.342323], [94.699086, 27.342671], [94.699284, 27.342716], [94.699991, 27.342723], [94.700092, 27.342704], [94.700493, 27.342459], [94.700694, 27.34243], [94.700796, 27.342494], [94.701173, 27.343007], [94.701412, 27.343092], [94.701719, 27.34335], [94.701803, 27.343089], [94.701654, 27.342549], [94.701304, 27.342193], [94.70108, 27.342105], [94.701064, 27.341835], [94.700777, 27.341232], [94.700395, 27.340669], [94.700155, 27.340179], [94.699893, 27.339953], [94.699868, 27.339863], [94.699988, 27.339681], [94.700146, 27.339626], [94.700349, 27.339642], [94.700756, 27.339813], [94.701644, 27.340474], [94.702728, 27.341182], [94.703103, 27.34131], [94.703812, 27.341436], [94.704117, 27.341545], [94.704624, 27.341601], [94.704987, 27.341787], [94.705658, 27.34232], [94.706365, 27.343112], [94.706467, 27.343166], [94.70677, 27.343185], [94.706824, 27.343118], [94.706623, 27.342669], [94.70666, 27.342587], [94.706915, 27.342666], [94.708273, 27.343281], [94.708796, 27.343466], [94.709506, 27.343642], [94.712546, 27.34414], [94.713763, 27.34439], [94.714981, 27.344728], [94.715388, 27.344921], [94.716731, 27.345704], [94.717951, 27.347257], [94.718626, 27.347577], [94.718713, 27.347666], [94.718685, 27.347756], [94.71888, 27.347934], [94.719176, 27.348044], [94.719382, 27.34827], [94.719586, 27.348402], [94.719903, 27.348915], [94.720102, 27.349085], [94.720446, 27.34954], [94.720484, 27.34972], [94.720621, 27.349932], [94.720721, 27.349905], [94.720819, 27.34971], [94.72112, 27.349532], [94.721185, 27.34926], [94.721468, 27.348895], [94.721578, 27.348623], [94.721754, 27.348531], [94.721859, 27.348349], [94.722009, 27.348207], [94.722212, 27.348241], [94.722315, 27.348358], [94.72251, 27.349244], [94.722631, 27.349221], [94.722733, 27.349258], [94.72284, 27.350052], [94.722792, 27.350684], [94.722417, 27.351772], [94.721998, 27.35268], [94.721782, 27.353043], [94.720788, 27.354235], [94.720356, 27.354686], [94.719821, 27.355143], [94.718101, 27.356959], [94.71731, 27.358078], [94.716919, 27.358954], [94.716142, 27.361326], [94.715892, 27.362503], [94.715191, 27.364407], [94.714992, 27.365312], [94.714839, 27.366397], [94.71484, 27.366667], [94.715033, 27.367745], [94.71536, 27.368376], [94.715373, 27.368556], [94.715309, 27.368647], [94.714437, 27.368748], [94.713837, 27.368872], [94.713535, 27.368978], [94.713333, 27.369007], [94.713131, 27.368966], [94.71293, 27.369083], [94.712224, 27.369166], [94.71202, 27.369076], [94.711819, 27.368871], [94.711608, 27.368577], [94.711392, 27.368154], [94.7111, 27.367887], [94.709565, 27.367003], [94.708567, 27.366564], [94.707627, 27.366071], [94.707424, 27.366031], [94.706313, 27.366065], [94.70449, 27.365901], [94.702772, 27.365914], [94.702366, 27.36583], [94.701861, 27.36585], [94.701052, 27.365802], [94.700802, 27.365756], [94.700376, 27.365581], [94.700034, 27.365385], [94.69984, 27.365136], [94.699838, 27.364865], [94.700214, 27.363929], [94.701006, 27.362815], [94.701108, 27.362858], [94.701124, 27.363044], [94.701287, 27.363223], [94.701519, 27.363309], [94.70182, 27.363217], [94.701806, 27.363126], [94.701582, 27.362768], [94.70157, 27.362227], [94.701645, 27.361865], [94.702091, 27.361059], [94.702319, 27.360503], [94.70247, 27.359598], [94.702403, 27.358697], [94.702245, 27.35792], [94.702032, 27.357176], [94.701283, 27.355461], [94.700982, 27.354611], [94.70046, 27.353559], [94.700131, 27.351868], [94.699711, 27.350846], [94.699089, 27.349829], [94.698471, 27.349054], [94.698094, 27.34873], [94.697465, 27.348287], [94.696826, 27.347572], [94.696795, 27.347392], [94.696927, 27.34712], [94.697041, 27.347028], [94.697136, 27.346576], [94.697319, 27.346465], [94.698028, 27.346525], [94.69955, 27.34692], [94.699633, 27.346997], [94.699694, 27.347537], [94.69999, 27.347985], [94.700077, 27.348315], [94.700242, 27.348253], [94.700249, 27.348163], [94.700124, 27.347984], [94.699857, 27.347183], [94.699683, 27.346906], [94.699647, 27.346638], [94.699237, 27.346275], [94.698428, 27.346239], [94.698005, 27.345933], [94.697888, 27.345664], [94.697812, 27.345591], [94.697303, 27.345412], [94.696994, 27.344976], [94.696735, 27.344775], [94.696179, 27.344591], [94.695603, 27.344518], [94.695218, 27.344343], [94.695061, 27.344182], [94.694746, 27.343987], [94.694718, 27.343897], [94.694855, 27.343903], [94.694951, 27.343804], [94.694924, 27.343714], [94.694436, 27.342976], [94.694225, 27.342549], [94.693995, 27.34183], [94.693858, 27.3412], [94.693903, 27.34113], [94.694208, 27.341241], [94.694309, 27.341239], [94.694376, 27.341194], [94.694356, 27.341013], [94.694501, 27.340921], [94.694488, 27.340831], [94.693794, 27.340621], [94.693385, 27.340319], [94.693308, 27.340394], [94.693184, 27.340374], [94.693147, 27.340306], [94.693261, 27.340124], [94.693179, 27.340063], [94.693059, 27.339766], [94.692745, 27.339318], [94.69211, 27.338062], [94.692136, 27.337918], [94.69253, 27.337877], [94.692381, 27.337788], [94.692285, 27.337789], [94.692236, 27.337841], [94.691727, 27.337646], [94.691517, 27.337528], [94.691406, 27.337258], [94.691491, 27.337167], [94.692723, 27.336667], [94.693431, 27.336666], [94.693531, 27.3366], [94.693728, 27.336306], [94.694234, 27.336352], [94.694436, 27.336315], [94.694542, 27.336228], [94.694594, 27.336046], [94.694309, 27.334245], [94.69416, 27.3319], [94.694246, 27.331538], [94.69414, 27.331268], [94.694256, 27.331136], [94.69458, 27.331082], [94.694714, 27.33099], [94.694496, 27.330813], [94.694474, 27.330723], [94.694522, 27.330541], [94.694398, 27.330362], [94.693633, 27.330059], [94.693018, 27.329484], [94.692901, 27.329298], [94.69291, 27.329027], [94.693312, 27.328864], [94.694623, 27.328658], [94.694924, 27.328524], [94.695251, 27.328457], [94.695626, 27.328187], [94.69578, 27.327999], [94.696026, 27.327882], [94.696329, 27.327882], [94.697034, 27.327748], [94.697407, 27.327799]]}}, {"type": "Feature", "properties": {}, "geometry": {"type": "LineString", "coordinates": [[95.202054, 27.361721], [95.201953, 27.361719], [95.201652, 27.361844], [95.200847, 27.362035], [95.200343, 27.362089], [95.19913, 27.362096], [95.197912, 27.361841], [95.197796, 27.361883], [95.198278, 27.362056], [95.199014, 27.362225], [95.199538, 27.362289], [95.200043, 27.362274], [95.200345, 27.36217], [95.200548, 27.36221], [95.200952, 27.362196], [95.201354, 27.362083], [95.201959, 27.362012], [95.202136, 27.361815], [95.202103, 27.361725], [95.202054, 27.361721]]}}, {"type": "Feature", "properties": {}, "geometry": {"type": "LineString", "coordinates": [[95.206948, 27.358753], [95.206544, 27.358766], [95.206421, 27.358859], [95.206445, 27.358901], [95.207052, 27.358906], [95.207664, 27.359216], [95.207972, 27.359557], [95.208681, 27.360177], [95.208942, 27.360534], [95.209008, 27.360706], [95.209434, 27.361158], [95.209688, 27.361244], [95.209928, 27.361243], [95.210155, 27.361146], [95.210554, 27.360779], [95.210536, 27.360509], [95.210418, 27.360462], [95.210254, 27.360784], [95.210025, 27.361018], [95.209723, 27.361085], [95.209519, 27.361013], [95.209292, 27.360799], [95.208926, 27.360173], [95.208249, 27.359552], [95.207865, 27.359117], [95.207456, 27.358895], [95.206948, 27.358753]]}}, {"type": "Feature", "properties": {}, "geometry": {"type": "LineString", "coordinates": [[95.205265, 27.360531], [95.204965, 27.360709], [95.204749, 27.360781], [95.204565, 27.360914], [95.204164, 27.361093], [95.203662, 27.361249], [95.203764, 27.36133], [95.204066, 27.361251], [95.204767, 27.36094], [95.204969, 27.360908], [95.205329, 27.360591], [95.205265, 27.360531]]}}, {"type": "Feature", "properties": {}, "geometry": {"type": "LineString", "coordinates": [[95.19606, 27.359654], [95.196408, 27.359829], [95.196425, 27.359919], [95.19636, 27.360015], [95.195764, 27.360522], [95.19506, 27.360718], [95.194756, 27.360687], [95.194371, 27.360493], [95.193836, 27.360148], [95.19342, 27.359786], [95.193423, 27.359692], [95.193624, 27.359638], [95.194332, 27.359681], [95.194837, 27.359657], [95.195445, 27.359731], [95.195647, 27.35972], [95.195847, 27.359639], [95.19606, 27.359654]]}}, {"type": "Feature", "properties": {}, "geometry": {"type": "LineString", "coordinates": [[95.206149, 27.359239], [95.205995, 27.359317], [95.205851, 27.359951], [95.205319, 27.360501], [95.205366, 27.360536], [95.205535, 27.360498], [95.205821, 27.360313], [95.206064, 27.360068], [95.206209, 27.359314], [95.206149, 27.359239]]}}, {"type": "Feature", "properties": {}, "geometry": {"type": "LineString", "coordinates": [[94.742375, 27.348365], [94.742818, 27.34854], [94.743449, 27.348935], [94.744364, 27.349266], [94.745079, 27.349779], [94.745281, 27.349759], [94.745698, 27.350219], [94.745897, 27.350352], [94.746202, 27.350464], [94.746407, 27.350617], [94.746613, 27.350866], [94.746783, 27.351289], [94.746925, 27.351468], [94.747129, 27.351584], [94.747434, 27.351658], [94.74895, 27.351674], [94.749967, 27.352078], [94.750479, 27.352468], [94.751121, 27.35322], [94.751964, 27.353751], [94.752627, 27.354104], [94.75283, 27.35414], [94.752958, 27.3541], [94.752776, 27.353741], [94.752784, 27.35356], [94.752832, 27.353469], [94.753306, 27.353102], [94.753419, 27.353062], [94.753606, 27.353099], [94.753928, 27.353255], [94.753984, 27.353365], [94.753898, 27.353546], [94.753785, 27.353638], [94.753539, 27.354251], [94.753449, 27.354364], [94.753425, 27.354725], [94.753589, 27.355175], [94.753694, 27.355805], [94.753385, 27.356712], [94.753075, 27.357438], [94.752868, 27.358433], [94.752648, 27.359158], [94.752211, 27.359746], [94.751485, 27.360436], [94.751112, 27.360595], [94.750912, 27.360759], [94.750323, 27.361867], [94.749843, 27.363164], [94.749341, 27.363691], [94.748847, 27.364389], [94.748546, 27.364564], [94.748512, 27.364625], [94.748548, 27.364805], [94.748428, 27.365168], [94.748256, 27.365408], [94.747856, 27.365697], [94.747756, 27.36572], [94.747654, 27.365686], [94.747587, 27.365449], [94.746831, 27.365007], [94.746269, 27.364563], [94.74517, 27.363855], [94.744686, 27.36359], [94.744187, 27.363235], [94.741411, 27.360788], [94.740551, 27.359941], [94.739923, 27.359497], [94.738746, 27.358482], [94.737922, 27.357501], [94.737216, 27.356372], [94.736373, 27.355403], [94.735348, 27.354464], [94.735055, 27.354233], [94.734633, 27.354008], [94.734295, 27.353701], [94.734121, 27.353609], [94.733413, 27.353575], [94.73321, 27.353488], [94.733174, 27.353444], [94.73322, 27.353353], [94.733507, 27.353088], [94.733471, 27.352989], [94.732887, 27.352216], [94.731963, 27.351284], [94.731548, 27.350637], [94.731415, 27.350217], [94.731271, 27.349316], [94.731263, 27.348955], [94.731318, 27.348826], [94.731418, 27.348791], [94.732537, 27.34912], [94.733651, 27.349334], [94.734075, 27.349461], [94.734664, 27.349527], [94.734975, 27.349631], [94.735476, 27.349694], [94.735781, 27.349813], [94.736526, 27.349882], [94.736896, 27.350015], [94.737436, 27.350322], [94.738255, 27.350583], [94.739093, 27.350933], [94.73995, 27.351441], [94.7403, 27.351731], [94.740564, 27.351882], [94.740603, 27.351817], [94.740453, 27.351639], [94.739791, 27.351015], [94.739763, 27.350925], [94.73984, 27.35083], [94.740351, 27.350737], [94.740328, 27.350647], [94.740193, 27.350559], [94.739779, 27.350474], [94.739758, 27.350384], [94.73983, 27.350222], [94.740379, 27.349744], [94.740537, 27.349471], [94.740614, 27.348929], [94.740757, 27.348746], [94.74111, 27.348471], [94.741318, 27.348381], [94.741721, 27.348294], [94.742375, 27.348365]]}}, {"type": "Feature", "properties": {}, "geometry": {"type": "LineString", "coordinates": [[94.720728, 27.360728], [94.721131, 27.360994], [94.721152, 27.361535], [94.721311, 27.361918], [94.721515, 27.361988], [94.721701, 27.361619], [94.721913, 27.361576], [94.722318, 27.36161], [94.72247, 27.3617], [94.722724, 27.361746], [94.722777, 27.361786], [94.722801, 27.361966], [94.722725, 27.362238], [94.722362, 27.362604], [94.72211, 27.363148], [94.72196, 27.363331], [94.721619, 27.363425], [94.720536, 27.364063], [94.720435, 27.364052], [94.720244, 27.363713], [94.720086, 27.362541], [94.719793, 27.36181], [94.71975, 27.361372], [94.719981, 27.360875], [94.720383, 27.360709], [94.720585, 27.360687], [94.720728, 27.360728]]}}, {"type": "Feature", "properties": {}, "geometry": {"type": "LineString", "coordinates": [[94.72804, 27.351702], [94.728231, 27.351839], [94.728747, 27.352515], [94.729566, 27.353167], [94.730449, 27.353749], [94.731089, 27.354463], [94.731327, 27.355001], [94.731618, 27.35599], [94.732021, 27.357069], [94.732473, 27.358098], [94.732679, 27.358367], [94.732885, 27.35857], [94.733088, 27.358666], [94.733593, 27.358589], [94.733795, 27.358627], [94.734517, 27.359113], [94.734686, 27.359292], [94.734701, 27.359382], [94.734617, 27.359448], [94.734415, 27.359502], [94.733507, 27.359586], [94.732987, 27.359674], [94.7326, 27.359796], [94.732398, 27.3598], [94.732194, 27.35966], [94.732093, 27.35969], [94.731694, 27.359992], [94.7296, 27.36187], [94.728397, 27.362526], [94.727793, 27.362671], [94.72759, 27.362599], [94.727465, 27.36245], [94.727626, 27.362177], [94.727636, 27.361997], [94.727567, 27.361546], [94.727366, 27.361205], [94.72706, 27.361023], [94.726633, 27.360926], [94.726392, 27.360749], [94.726039, 27.360368], [94.726004, 27.360392], [94.726041, 27.360539], [94.726145, 27.360704], [94.726665, 27.361467], [94.727332, 27.362181], [94.727364, 27.362361], [94.727183, 27.362429], [94.72688, 27.362453], [94.726475, 27.362405], [94.725726, 27.36202], [94.72525, 27.361682], [94.725044, 27.361427], [94.724813, 27.360949], [94.724365, 27.35951], [94.724406, 27.359363], [94.724506, 27.359297], [94.724604, 27.359129], [94.724799, 27.358331], [94.724978, 27.357788], [94.725183, 27.357371], [94.725381, 27.357045], [94.725579, 27.356821], [94.725978, 27.356456], [94.726278, 27.356253], [94.726391, 27.356236], [94.726483, 27.356415], [94.726602, 27.357593], [94.726815, 27.358283], [94.727023, 27.358666], [94.727126, 27.358759], [94.727203, 27.358663], [94.727021, 27.357672], [94.727164, 27.357038], [94.726971, 27.356138], [94.727082, 27.355981], [94.727386, 27.35602], [94.727399, 27.355952], [94.727276, 27.355051], [94.72713, 27.354782], [94.726952, 27.354243], [94.726909, 27.353522], [94.726987, 27.35325], [94.727138, 27.353031], [94.727253, 27.352976], [94.727323, 27.352704], [94.727532, 27.352382], [94.72771, 27.351797], [94.727824, 27.351678], [94.72804, 27.351702]]}}, {"type": "Feature", "properties": {}, "geometry": {"type": "LineString", "coordinates": [[94.733721, 27.360116], [94.733732, 27.360297], [94.733493, 27.360931], [94.733229, 27.361216], [94.733028, 27.361304], [94.732725, 27.361299], [94.732423, 27.361408], [94.732321, 27.361323], [94.73222, 27.361356], [94.731922, 27.361639], [94.731419, 27.361835], [94.731217, 27.361857], [94.73093, 27.361775], [94.730921, 27.361685], [94.731109, 27.361368], [94.731719, 27.360863], [94.731805, 27.360591], [94.732108, 27.360407], [94.732132, 27.360316], [94.732203, 27.360268], [94.732304, 27.36022], [94.73291, 27.360169], [94.733413, 27.360045], [94.733615, 27.360049], [94.733721, 27.360116]]}}, {"type": "Feature", "properties": {}, "geometry": {"type": "LineString", "coordinates": [[94.733741, 27.353888], [94.734129, 27.354091], [94.734549, 27.354239], [94.734816, 27.354416], [94.735504, 27.35513], [94.735593, 27.355309], [94.735564, 27.355368], [94.735463, 27.355383], [94.73526, 27.355319], [94.734695, 27.35505], [94.733266, 27.353894], [94.733316, 27.353841], [94.733417, 27.353825], [94.733741, 27.353888]]}}, {"type": "Feature", "properties": {}, "geometry": {"type": "LineString", "coordinates": [[94.747115, 27.348848], [94.747594, 27.348995], [94.748044, 27.349197], [94.748114, 27.349286], [94.748051, 27.349468], [94.747846, 27.349561], [94.748615, 27.349672], [94.748818, 27.34973], [94.749023, 27.34987], [94.749143, 27.350086], [94.74903, 27.350323], [94.748226, 27.350591], [94.747922, 27.350581], [94.747558, 27.350467], [94.747528, 27.350287], [94.747612, 27.35016], [94.747816, 27.350012], [94.747639, 27.349834], [94.74761, 27.349744], [94.747744, 27.349652], [94.747725, 27.349562], [94.747401, 27.349595], [94.747097, 27.349526], [94.746892, 27.34933], [94.746709, 27.349033], [94.746697, 27.348943], [94.746808, 27.348851], [94.747115, 27.348848]]}}, {"type": "Feature", "properties": {}, "geometry": {"type": "LineString", "coordinates": [[94.739514, 27.348942], [94.739573, 27.349122], [94.739546, 27.349574], [94.739351, 27.350118], [94.739125, 27.35038], [94.738924, 27.350461], [94.738621, 27.350452], [94.738246, 27.350222], [94.737887, 27.350136], [94.737181, 27.349603], [94.737292, 27.349484], [94.737996, 27.349275], [94.738339, 27.349228], [94.739405, 27.348907], [94.739514, 27.348942]]}}, {"type": "Feature", "properties": {}, "geometry": {"type": "LineString", "coordinates": [[94.721454, 27.337974], [94.721652, 27.338202], [94.721854, 27.338161], [94.722159, 27.338305], [94.722801, 27.338951], [94.72308, 27.339039], [94.723422, 27.339304], [94.724463, 27.339923], [94.725098, 27.340457], [94.726484, 27.341884], [94.726706, 27.342242], [94.726948, 27.342871], [94.727298, 27.343318], [94.727535, 27.344037], [94.727676, 27.344757], [94.727823, 27.3451], [94.728297, 27.345833], [94.728302, 27.346013], [94.72839, 27.346283], [94.728364, 27.346644], [94.728286, 27.346825], [94.728085, 27.347009], [94.727955, 27.347074], [94.727753, 27.347096], [94.727551, 27.347063], [94.727347, 27.346968], [94.727245, 27.346748], [94.727405, 27.346295], [94.727388, 27.346205], [94.727128, 27.345853], [94.726616, 27.34545], [94.726305, 27.344985], [94.725198, 27.343885], [94.724622, 27.343441], [94.723536, 27.342395], [94.723295, 27.342104], [94.722509, 27.341343], [94.722097, 27.340805], [94.72168, 27.340001], [94.721435, 27.339328], [94.721367, 27.338517], [94.721287, 27.338157], [94.721346, 27.337977], [94.721454, 27.337974]]}}, {"type": "Feature", "properties": {}, "geometry": {"type": "LineString", "coordinates": [[95.234127, 27.337212], [95.234169, 27.337391], [95.234114, 27.337566], [95.233721, 27.338096], [95.233569, 27.338213], [95.232983, 27.338493], [95.232622, 27.338746], [95.23202, 27.338941], [95.231421, 27.33931], [95.231123, 27.339546], [95.230722, 27.339749], [95.23012, 27.339931], [95.229716, 27.339958], [95.22951, 27.339902], [95.229482, 27.339813], [95.229584, 27.33945], [95.229802, 27.339186], [95.23028, 27.338897], [95.23079, 27.338709], [95.231203, 27.338612], [95.231505, 27.338465], [95.232, 27.33794], [95.232451, 27.337599], [95.233501, 27.337229], [95.233904, 27.337173], [95.234127, 27.337212]]}}, {"type": "Feature", "properties": {}, "geometry": {"type": "LineString", "coordinates": [[95.183986, 27.335207], [95.184224, 27.335294], [95.184763, 27.33562], [95.185072, 27.335871], [95.185582, 27.336161], [95.185964, 27.33653], [95.186055, 27.336709], [95.185999, 27.336769], [95.184975, 27.336111], [95.184773, 27.336083], [95.184478, 27.335922], [95.184054, 27.335514], [95.183841, 27.33539], [95.183716, 27.335212], [95.183845, 27.335159], [95.183986, 27.335207]]}}, {"type": "Feature", "properties": {}, "geometry": {"type": "LineString", "coordinates": [[95.181375, 27.334436], [95.18197, 27.334968], [95.18212, 27.335146], [95.182123, 27.335236], [95.181928, 27.335323], [95.181122, 27.335523], [95.180321, 27.335828], [95.179532, 27.335999], [95.179313, 27.335965], [95.178803, 27.33568], [95.178564, 27.335472], [95.178364, 27.335205], [95.17817, 27.335118], [95.178096, 27.334938], [95.178179, 27.334792], [95.178379, 27.334696], [95.179084, 27.334569], [95.179586, 27.334417], [95.180293, 27.334373], [95.181102, 27.334392], [95.181375, 27.334436]]}}, {"type": "Feature", "properties": {}, "geometry": {"type": "LineString", "coordinates": [[95.177076, 27.333601], [95.177652, 27.33366], [95.177855, 27.333721], [95.177892, 27.333768], [95.177857, 27.333949], [95.177697, 27.334223], [95.177465, 27.334464], [95.177263, 27.33459], [95.176964, 27.334657], [95.176154, 27.334576], [95.1756, 27.334436], [95.175438, 27.334348], [95.175382, 27.334259], [95.175438, 27.33414], [95.175746, 27.333982], [95.176842, 27.333616], [95.177076, 27.333601]]}}, {"type": "Feature", "properties": {}, "geometry": {"type": "LineString", "coordinates": [[94.707485, 27.339229], [94.707632, 27.339408], [94.707845, 27.339856], [94.708075, 27.340034], [94.708364, 27.340392], [94.708428, 27.340571], [94.708349, 27.340689], [94.707642, 27.340727], [94.707439, 27.340666], [94.70735, 27.340584], [94.707325, 27.339953], [94.707495, 27.33968], [94.70735, 27.339321], [94.707416, 27.339172], [94.707485, 27.339229]]}}, {"type": "Feature", "properties": {}, "geometry": {"type": "LineString", "coordinates": [[94.709835, 27.3253], [94.710656, 27.326375], [94.711389, 27.32805], [94.711948, 27.329065], [94.712331, 27.330106], [94.712414, 27.330504], [94.712412, 27.330684], [94.712234, 27.330957], [94.712271, 27.331137], [94.712573, 27.331585], [94.712868, 27.3322], [94.713282, 27.332826], [94.713693, 27.333244], [94.714187, 27.334363], [94.714289, 27.334903], [94.71454, 27.335751], [94.714682, 27.336975], [94.714647, 27.337426], [94.714726, 27.337786], [94.714678, 27.338328], [94.714455, 27.338963], [94.714362, 27.339596], [94.714102, 27.340151], [94.714002, 27.3402], [94.713799, 27.340144], [94.713698, 27.340175], [94.713624, 27.340327], [94.713499, 27.340399], [94.712287, 27.340409], [94.711679, 27.340339], [94.711375, 27.340245], [94.71097, 27.340216], [94.710665, 27.340095], [94.710463, 27.340119], [94.710262, 27.340213], [94.71021, 27.340279], [94.710168, 27.340645], [94.709966, 27.340675], [94.709459, 27.340549], [94.709152, 27.34034], [94.708844, 27.339983], [94.708741, 27.339838], [94.708605, 27.339306], [94.708324, 27.339072], [94.708048, 27.338681], [94.707939, 27.338592], [94.707766, 27.338233], [94.707756, 27.338143], [94.707896, 27.33778], [94.707765, 27.337601], [94.707692, 27.337394], [94.707678, 27.33679], [94.707779, 27.336461], [94.707879, 27.336374], [94.70798, 27.336367], [94.708385, 27.33644], [94.708527, 27.336418], [94.708462, 27.336329], [94.707975, 27.336059], [94.707872, 27.335937], [94.707853, 27.335795], [94.707965, 27.335424], [94.70856, 27.334664], [94.708615, 27.334341], [94.708775, 27.333978], [94.708951, 27.333821], [94.709153, 27.333779], [94.709561, 27.334037], [94.710239, 27.334051], [94.709388, 27.333519], [94.709173, 27.333342], [94.708971, 27.332532], [94.708858, 27.332262], [94.708933, 27.332081], [94.708919, 27.331991], [94.708734, 27.331632], [94.708396, 27.331185], [94.708197, 27.330755], [94.708122, 27.330466], [94.708086, 27.330097], [94.708149, 27.330014], [94.70837, 27.329922], [94.708436, 27.32983], [94.708182, 27.329771], [94.707773, 27.329499], [94.707691, 27.329117], [94.707251, 27.328369], [94.706632, 27.32756], [94.706286, 27.327239], [94.706152, 27.32697], [94.706318, 27.326845], [94.706885, 27.3266], [94.707418, 27.326089], [94.707921, 27.325943], [94.70802, 27.325837], [94.708068, 27.325683], [94.708219, 27.325591], [94.709207, 27.325398], [94.709527, 27.325222], [94.709628, 27.325216], [94.709835, 27.3253]]}}, {"type": "Feature", "properties": {}, "geometry": {"type": "LineString", "coordinates": [[95.249154, 27.332188], [95.249325, 27.332275], [95.249363, 27.332365], [95.24932, 27.332546], [95.249174, 27.332701], [95.248575, 27.333067], [95.248474, 27.333076], [95.248168, 27.332947], [95.248127, 27.332565], [95.248159, 27.332469], [95.248357, 27.332266], [95.248557, 27.332181], [95.249154, 27.332188]]}}, {"type": "Feature", "properties": {}, "geometry": {"type": "LineString", "coordinates": [[94.701611, 27.327477], [94.702894, 27.327653], [94.7035, 27.327601], [94.703852, 27.32772], [94.704339, 27.328075], [94.704623, 27.32838], [94.705037, 27.329017], [94.705452, 27.329699], [94.705824, 27.330494], [94.706073, 27.330681], [94.706279, 27.330915], [94.70641, 27.331209], [94.706738, 27.331656], [94.706954, 27.332286], [94.70711, 27.332394], [94.707225, 27.332553], [94.707002, 27.333278], [94.706623, 27.335178], [94.706646, 27.336712], [94.7066, 27.337344], [94.706675, 27.338246], [94.706656, 27.338607], [94.706214, 27.339849], [94.706116, 27.340061], [94.706017, 27.34016], [94.704598, 27.339934], [94.704194, 27.339935], [94.703489, 27.340088], [94.703387, 27.340074], [94.703285, 27.339995], [94.703181, 27.339805], [94.702627, 27.339198], [94.702213, 27.338481], [94.702217, 27.33821], [94.702348, 27.3382], [94.70245, 27.338245], [94.702567, 27.338206], [94.702448, 27.338113], [94.702194, 27.337669], [94.702177, 27.337037], [94.702136, 27.336948], [94.701508, 27.336123], [94.700586, 27.335314], [94.700275, 27.334799], [94.70007, 27.334613], [94.699642, 27.33436], [94.69964, 27.33418], [94.699754, 27.333998], [94.699678, 27.333638], [94.699739, 27.333186], [94.699941, 27.332782], [94.700041, 27.332708], [94.700255, 27.332999], [94.700299, 27.332547], [94.700176, 27.332188], [94.700259, 27.331916], [94.700527, 27.331464], [94.700628, 27.331433], [94.700832, 27.331609], [94.701167, 27.330551], [94.701065, 27.32992], [94.700991, 27.328739], [94.700782, 27.328285], [94.700305, 27.327583], [94.700385, 27.327492], [94.700667, 27.327422], [94.701611, 27.327477]]}}, {"type": "Feature", "properties": {}, "geometry": {"type": "LineString", "coordinates": [[94.952877, 27.33484], [94.953746, 27.335218], [94.954006, 27.335456], [94.954115, 27.335725], [94.954125, 27.335905], [94.95397, 27.336444], [94.953869, 27.336475], [94.953588, 27.336274], [94.953046, 27.33556], [94.952728, 27.334932], [94.952729, 27.334828], [94.952877, 27.33484]]}}, {"type": "Feature", "properties": {}, "geometry": {"type": "LineString", "coordinates": [[94.699622, 27.334722], [94.69992, 27.334989], [94.700349, 27.335706], [94.700416, 27.335885], [94.700354, 27.336067], [94.700403, 27.336247], [94.700705, 27.336489], [94.700806, 27.336519], [94.701109, 27.336487], [94.701362, 27.336596], [94.701544, 27.336774], [94.701578, 27.336864], [94.701474, 27.336956], [94.701421, 27.337085], [94.701355, 27.33786], [94.701234, 27.33806], [94.701032, 27.33807], [94.700626, 27.337974], [94.70018, 27.337784], [94.699402, 27.337252], [94.699197, 27.337025], [94.699034, 27.336715], [94.698906, 27.336355], [94.698923, 27.336174], [94.698969, 27.336083], [94.699081, 27.336066], [94.699126, 27.335991], [94.699131, 27.33554], [94.699421, 27.335175], [94.699451, 27.334814], [94.699566, 27.334706], [94.699622, 27.334722]]}}, {"type": "Feature", "properties": {}, "geometry": {"type": "LineString", "coordinates": [[95.136589, 27.328992], [95.136758, 27.32917], [95.137451, 27.329281], [95.138463, 27.329361], [95.139069, 27.329339], [95.139474, 27.329377], [95.139575, 27.329406], [95.139622, 27.329487], [95.139608, 27.329577], [95.139328, 27.329942], [95.138688, 27.330533], [95.138286, 27.330665], [95.137479, 27.330757], [95.136775, 27.330925], [95.13627, 27.330948], [95.133235, 27.330748], [95.132562, 27.330587], [95.132217, 27.330355], [95.132132, 27.330233], [95.132213, 27.330128], [95.13332, 27.329908], [95.134265, 27.329388], [95.135426, 27.329051], [95.135829, 27.328984], [95.136589, 27.328992]]}}, {"type": "Feature", "properties": {}, "geometry": {"type": "LineString", "coordinates": [[95.31585, 27.326315], [95.316541, 27.326472], [95.317254, 27.326752], [95.317661, 27.326856], [95.31837, 27.326946], [95.318537, 27.327082], [95.318512, 27.327173], [95.318431, 27.327265], [95.317977, 27.327481], [95.317473, 27.327538], [95.317557, 27.32764], [95.317528, 27.327731], [95.317376, 27.327754], [95.317199, 27.327646], [95.31721, 27.327465], [95.31681, 27.327292], [95.31591, 27.326765], [95.315634, 27.326581], [95.31547, 27.326411], [95.315527, 27.326305], [95.31585, 27.326315]]}}, {"type": "Feature", "properties": {}, "geometry": {"type": "LineString", "coordinates": [[95.263741, 27.325816], [95.265024, 27.326156], [95.265198, 27.326243], [95.265221, 27.326333], [95.265179, 27.326424], [95.264846, 27.3267], [95.264532, 27.326886], [95.263411, 27.327244], [95.262304, 27.327441], [95.261902, 27.327546], [95.261601, 27.327684], [95.260797, 27.327896], [95.259686, 27.327906], [95.259669, 27.327867], [95.259759, 27.327775], [95.260386, 27.327536], [95.260788, 27.327307], [95.26132, 27.326938], [95.26188, 27.326473], [95.262279, 27.326242], [95.263381, 27.325751], [95.263741, 27.325816]]}}, {"type": "Feature", "properties": {}, "geometry": {"type": "LineString", "coordinates": [[95.324696, 27.322468], [95.326056, 27.32245], [95.326951, 27.322521], [95.327474, 27.322634], [95.327978, 27.322578], [95.328079, 27.322596], [95.32818, 27.322681], [95.328174, 27.322771], [95.32809, 27.322953], [95.327888, 27.323118], [95.327146, 27.324052], [95.326385, 27.324515], [95.326305, 27.32471], [95.326103, 27.324696], [95.325904, 27.324844], [95.325522, 27.325342], [95.324509, 27.325798], [95.324011, 27.326142], [95.323505, 27.326128], [95.323099, 27.325998], [95.322893, 27.325826], [95.321986, 27.325919], [95.320873, 27.325856], [95.320571, 27.325919], [95.320368, 27.325859], [95.320066, 27.325931], [95.319867, 27.326085], [95.319667, 27.326163], [95.319263, 27.326165], [95.318957, 27.326059], [95.3188, 27.326085], [95.318556, 27.326213], [95.318154, 27.326306], [95.317751, 27.326345], [95.317615, 27.326286], [95.317689, 27.326104], [95.31937, 27.324632], [95.320427, 27.324344], [95.320906, 27.324155], [95.321438, 27.323873], [95.32264, 27.323407], [95.322741, 27.323394], [95.322844, 27.323477], [95.322945, 27.323472], [95.323402, 27.322851], [95.323633, 27.322576], [95.323734, 27.32253], [95.324036, 27.322494], [95.324337, 27.322401], [95.324696, 27.322468]]}}, {"type": "Feature", "properties": {}, "geometry": {"type": "LineString", "coordinates": [[95.315903, 27.323336], [95.31678, 27.323382], [95.317583, 27.323579], [95.318032, 27.323932], [95.31825, 27.32429], [95.31786, 27.324747], [95.317224, 27.325287], [95.316928, 27.325636], [95.316427, 27.325859], [95.316024, 27.325876], [95.315794, 27.325774], [95.315162, 27.325153], [95.315094, 27.324924], [95.314926, 27.324706], [95.315026, 27.324253], [95.314796, 27.323986], [95.31447, 27.323811], [95.314495, 27.32363], [95.31476, 27.323406], [95.315062, 27.323345], [95.315903, 27.323336]]}}, {"type": "Feature", "properties": {}, "geometry": {"type": "LineString", "coordinates": [[95.313468, 27.324189], [95.313666, 27.324273], [95.314071, 27.324305], [95.314276, 27.324426], [95.314936, 27.325157], [95.315131, 27.325424], [95.315107, 27.325549], [95.314907, 27.325607], [95.314602, 27.325557], [95.314244, 27.325349], [95.313781, 27.324921], [95.313367, 27.324455], [95.313239, 27.324192], [95.313361, 27.324143], [95.313468, 27.324189]]}}, {"type": "Feature", "properties": {}, "geometry": {"type": "LineString", "coordinates": [[95.322847, 27.323615], [95.322625, 27.323856], [95.322606, 27.323947], [95.322293, 27.324223], [95.322264, 27.324313], [95.32232, 27.324403], [95.322193, 27.324585], [95.322179, 27.324856], [95.321883, 27.325132], [95.321814, 27.325313], [95.321875, 27.325403], [95.322229, 27.325397], [95.322442, 27.325213], [95.322513, 27.324941], [95.32252, 27.32449], [95.322593, 27.324488], [95.322635, 27.324758], [95.322773, 27.324912], [95.322904, 27.324844], [95.32285, 27.324574], [95.322935, 27.324483], [95.323062, 27.324481], [95.323025, 27.324571], [95.323071, 27.324677], [95.32317, 27.324574], [95.323071, 27.32448], [95.323263, 27.324297], [95.323227, 27.324207], [95.323079, 27.324119], [95.323089, 27.323939], [95.322847, 27.323615]]}}, {"type": "Feature", "properties": {}, "geometry": {"type": "LineString", "coordinates": [[95.117916, 27.326027], [95.118109, 27.326115], [95.119106, 27.326349], [95.11931, 27.326474], [95.11954, 27.326725], [95.119841, 27.327171], [95.120138, 27.327487], [95.12058, 27.328153], [95.120675, 27.328332], [95.12066, 27.328379], [95.12055, 27.328424], [95.120106, 27.32816], [95.119451, 27.327899], [95.119131, 27.327658], [95.118554, 27.327371], [95.118097, 27.327017], [95.117593, 27.326496], [95.117477, 27.326214], [95.117484, 27.3261], [95.117584, 27.326002], [95.117916, 27.326027]]}}, {"type": "Feature", "properties": {}, "geometry": {"type": "LineString", "coordinates": [[95.122324, 27.327224], [95.12256, 27.327305], [95.12263, 27.3274], [95.122668, 27.327692], [95.122572, 27.327952], [95.122471, 27.32797], [95.122268, 27.327889], [95.121917, 27.327681], [95.121653, 27.327454], [95.121535, 27.327236], [95.121749, 27.327167], [95.122324, 27.327224]]}}, {"type": "Feature", "properties": {}, "geometry": {"type": "LineString", "coordinates": [[95.115885, 27.325607], [95.116478, 27.326299], [95.116669, 27.326588], [95.116756, 27.326857], [95.116692, 27.326952], [95.116389, 27.326962], [95.115984, 27.326893], [95.115523, 27.326515], [95.115389, 27.326246], [95.115428, 27.326065], [95.115756, 27.325559], [95.115885, 27.325607]]}}, {"type": "Feature", "properties": {}, "geometry": {"type": "LineString", "coordinates": [[95.275912, 27.308833], [95.275969, 27.308922], [95.275952, 27.309103], [95.275488, 27.310464], [95.275472, 27.310735], [95.275529, 27.311095], [95.275491, 27.311276], [95.27492, 27.311926], [95.274621, 27.312107], [95.274419, 27.312112], [95.274175, 27.312922], [95.273988, 27.313196], [95.273577, 27.314195], [95.273533, 27.314557], [95.273362, 27.315101], [95.273533, 27.316993], [95.273512, 27.317182], [95.273321, 27.317731], [95.273125, 27.318028], [95.272525, 27.318339], [95.272424, 27.318356], [95.272322, 27.318308], [95.272315, 27.317916], [95.272214, 27.317957], [95.272022, 27.318462], [95.271975, 27.318733], [95.271674, 27.31937], [95.27133, 27.319917], [95.270552, 27.320651], [95.270373, 27.320745], [95.269855, 27.321188], [95.269917, 27.321474], [95.269715, 27.321929], [95.269091, 27.322209], [95.268979, 27.322482], [95.268478, 27.323011], [95.267884, 27.323853], [95.266992, 27.324484], [95.266288, 27.324621], [95.266127, 27.324604], [95.2661, 27.324514], [95.266246, 27.324241], [95.266969, 27.323353], [95.267261, 27.322785], [95.267378, 27.322688], [95.267413, 27.322598], [95.26742, 27.322417], [95.26755, 27.322098], [95.26767, 27.321601], [95.26785, 27.321327], [95.267854, 27.321147], [95.267973, 27.320874], [95.267964, 27.320423], [95.268357, 27.31807], [95.269356, 27.315166], [95.269717, 27.314408], [95.269913, 27.314101], [95.27056, 27.313432], [95.27073, 27.313159], [95.270995, 27.312884], [95.270896, 27.312786], [95.270893, 27.312631], [95.271094, 27.312552], [95.271302, 27.312247], [95.271692, 27.31197], [95.271886, 27.311764], [95.272185, 27.311574], [95.27268, 27.311074], [95.273776, 27.310317], [95.274469, 27.309639], [95.274968, 27.309342], [95.275665, 27.308819], [95.275765, 27.308784], [95.275912, 27.308833]]}}, {"type": "Feature", "properties": {}, "geometry": {"type": "LineString", "coordinates": [[95.107014, 27.32547], [95.107373, 27.325749], [95.107816, 27.32618], [95.107888, 27.326359], [95.107856, 27.32645], [95.10753, 27.326636], [95.106988, 27.326737], [95.106786, 27.326749], [95.106355, 27.326653], [95.106217, 27.326475], [95.10624, 27.326204], [95.106566, 27.325823], [95.106762, 27.325478], [95.106862, 27.325437], [95.107014, 27.32547]]}}, {"type": "Feature", "properties": {}, "geometry": {"type": "LineString", "coordinates": [[95.055053, 27.325251], [95.055162, 27.32534], [95.05505, 27.325793], [95.054715, 27.32652], [95.054446, 27.326825], [95.054046, 27.32709], [95.053545, 27.3273], [95.053243, 27.327368], [95.053141, 27.32731], [95.053112, 27.327175], [95.053229, 27.326591], [95.053327, 27.326426], [95.053626, 27.32624], [95.053782, 27.325992], [95.053719, 27.325903], [95.053621, 27.325965], [95.053424, 27.32622], [95.053322, 27.326187], [95.053283, 27.325909], [95.053513, 27.325549], [95.053754, 27.325451], [95.053912, 27.32529], [95.054013, 27.325265], [95.055053, 27.325251]]}}, {"type": "Feature", "properties": {}, "geometry": {"type": "LineString", "coordinates": [[95.059946, 27.316245], [95.060026, 27.316334], [95.06016, 27.316783], [95.060456, 27.31855], [95.060821, 27.3193], [95.060844, 27.320022], [95.061023, 27.3202], [95.061081, 27.32047], [95.061031, 27.321012], [95.060623, 27.322098], [95.060074, 27.322831], [95.059049, 27.323929], [95.05814, 27.324433], [95.057582, 27.324853], [95.056804, 27.325316], [95.056246, 27.325804], [95.055946, 27.325979], [95.055845, 27.32598], [95.055941, 27.325718], [95.056447, 27.32496], [95.056889, 27.323871], [95.057214, 27.323324], [95.057692, 27.322061], [95.057888, 27.32175], [95.058188, 27.321415], [95.058184, 27.32135], [95.057984, 27.321448], [95.057897, 27.321329], [95.057915, 27.321238], [95.058074, 27.320854], [95.058371, 27.32069], [95.058444, 27.319877], [95.058643, 27.319242], [95.059022, 27.317522], [95.059229, 27.316977], [95.059516, 27.316432], [95.059707, 27.316248], [95.059946, 27.316245]]}}, {"type": "Feature", "properties": {}, "geometry": {"type": "LineString", "coordinates": [[95.271946, 27.320268], [95.271981, 27.320358], [95.271965, 27.320602], [95.271799, 27.320992], [95.271559, 27.321177], [95.271172, 27.321328], [95.27107, 27.321318], [95.270995, 27.321186], [95.271057, 27.320914], [95.271452, 27.320366], [95.271756, 27.320264], [95.271946, 27.320268]]}}, {"type": "Feature", "properties": {}, "geometry": {"type": "LineString", "coordinates": [[94.629909, 27.298997], [94.63123, 27.299218], [94.631937, 27.299203], [94.632444, 27.299274], [94.633007, 27.299502], [94.633312, 27.299679], [94.634097, 27.300483], [94.634374, 27.30066], [94.634993, 27.300875], [94.635702, 27.300995], [94.636712, 27.300962], [94.637016, 27.301018], [94.637319, 27.300994], [94.637692, 27.301072], [94.63812, 27.300508], [94.638639, 27.300339], [94.639127, 27.300268], [94.63963, 27.300115], [94.640539, 27.300123], [94.640945, 27.300259], [94.641179, 27.3004], [94.641555, 27.300512], [94.642264, 27.300603], [94.643107, 27.300106], [94.643266, 27.300053], [94.64367, 27.300019], [94.644103, 27.300094], [94.644584, 27.300392], [94.644744, 27.300719], [94.644995, 27.300822], [94.645098, 27.300926], [94.645134, 27.300895], [94.644874, 27.300266], [94.644868, 27.299995], [94.644779, 27.299883], [94.644474, 27.299762], [94.644394, 27.29964], [94.64445, 27.299459], [94.644667, 27.299165], [94.644972, 27.299001], [94.64527, 27.298946], [94.645776, 27.298961], [94.646385, 27.299149], [94.648046, 27.300048], [94.649035, 27.300742], [94.649344, 27.301154], [94.649549, 27.301334], [94.650261, 27.301614], [94.650371, 27.301826], [94.650379, 27.302097], [94.650272, 27.302412], [94.649973, 27.302666], [94.649577, 27.303201], [94.649382, 27.303724], [94.649262, 27.305088], [94.649263, 27.30563], [94.649322, 27.30608], [94.649435, 27.30644], [94.649659, 27.306799], [94.65004, 27.307218], [94.651499, 27.308311], [94.65178, 27.308665], [94.65198, 27.309208], [94.652327, 27.310558], [94.652731, 27.311492], [94.653035, 27.311813], [94.653144, 27.312117], [94.653308, 27.312352], [94.653652, 27.312618], [94.653987, 27.313066], [94.654652, 27.313329], [94.654883, 27.313513], [94.655098, 27.313413], [94.655097, 27.313323], [94.654776, 27.313135], [94.654539, 27.312879], [94.654125, 27.312161], [94.653842, 27.311443], [94.653777, 27.310992], [94.653416, 27.309733], [94.652789, 27.308584], [94.652253, 27.307761], [94.651863, 27.307478], [94.651323, 27.306869], [94.650838, 27.306461], [94.650604, 27.306156], [94.650531, 27.305615], [94.650606, 27.304982], [94.651102, 27.303875], [94.651392, 27.303077], [94.651582, 27.302804], [94.651636, 27.302352], [94.651685, 27.30226], [94.651987, 27.302236], [94.654094, 27.302684], [94.654595, 27.302859], [94.655033, 27.303182], [94.655338, 27.303333], [94.656233, 27.303562], [94.656862, 27.303901], [94.656889, 27.303825], [94.656719, 27.303466], [94.656733, 27.303285], [94.656851, 27.303181], [94.657121, 27.30319], [94.657665, 27.303561], [94.657971, 27.303707], [94.658279, 27.304087], [94.658381, 27.304115], [94.658473, 27.303986], [94.658426, 27.303806], [94.658452, 27.303716], [94.658672, 27.303307], [94.659273, 27.302965], [94.659576, 27.302939], [94.659677, 27.302978], [94.659806, 27.303158], [94.65989, 27.303719], [94.659992, 27.303777], [94.660194, 27.303766], [94.660297, 27.303862], [94.660333, 27.304055], [94.660034, 27.305683], [94.659905, 27.306767], [94.659939, 27.307399], [94.660066, 27.307849], [94.66027, 27.3092], [94.660158, 27.310194], [94.660003, 27.311009], [94.659711, 27.312024], [94.65922, 27.313365], [94.658706, 27.314273], [94.658637, 27.314635], [94.659127, 27.316073], [94.659443, 27.316611], [94.659993, 27.317381], [94.660275, 27.317955], [94.66037, 27.318315], [94.660303, 27.318497], [94.660212, 27.318588], [94.659841, 27.318773], [94.658897, 27.319055], [94.658203, 27.319345], [94.657901, 27.319416], [94.657098, 27.319775], [94.656095, 27.32032], [94.654994, 27.320998], [94.653758, 27.321643], [94.65329, 27.321948], [94.652591, 27.322493], [94.65199, 27.322873], [94.649986, 27.324021], [94.649384, 27.324298], [94.649283, 27.32431], [94.648774, 27.324064], [94.648043, 27.323967], [94.64789, 27.323879], [94.647885, 27.323788], [94.648027, 27.323696], [94.648392, 27.323602], [94.649374, 27.323049], [94.649996, 27.3225], [94.65037, 27.322044], [94.650771, 27.321678], [94.651362, 27.321413], [94.651572, 27.321218], [94.65166, 27.321065], [94.651805, 27.321034], [94.65176, 27.320994], [94.651558, 27.320981], [94.650697, 27.321138], [94.650333, 27.321322], [94.650183, 27.321505], [94.649955, 27.321953], [94.649786, 27.322141], [94.649356, 27.322462], [94.648355, 27.323092], [94.647953, 27.323241], [94.647448, 27.323264], [94.646942, 27.323198], [94.646605, 27.323081], [94.64652, 27.322992], [94.646504, 27.322902], [94.646607, 27.322811], [94.646834, 27.32272], [94.646906, 27.322627], [94.64718, 27.321991], [94.647195, 27.321811], [94.64707, 27.321451], [94.647237, 27.320998], [94.647136, 27.320728], [94.6469, 27.320551], [94.646764, 27.320372], [94.646732, 27.31956], [94.646622, 27.319381], [94.646377, 27.319152], [94.646161, 27.318754], [94.645959, 27.318195], [94.645848, 27.317584], [94.645226, 27.316238], [94.645183, 27.315877], [94.645296, 27.315334], [94.645204, 27.314613], [94.644994, 27.314165], [94.644415, 27.313359], [94.644026, 27.312642], [94.644007, 27.312371], [94.644121, 27.312279], [94.644088, 27.31219], [94.643847, 27.312056], [94.643715, 27.311923], [94.643512, 27.311474], [94.643333, 27.311206], [94.642206, 27.310045], [94.641372, 27.309514], [94.640094, 27.308897], [94.638918, 27.308008], [94.638732, 27.307792], [94.638562, 27.307471], [94.638671, 27.307108], [94.638197, 27.305758], [94.637989, 27.305363], [94.637783, 27.305089], [94.637477, 27.304874], [94.636964, 27.304357], [94.636459, 27.304065], [94.636248, 27.303887], [94.635839, 27.303468], [94.634914, 27.302372], [94.634155, 27.301655], [94.632971, 27.300767], [94.632068, 27.300235], [94.631675, 27.30006], [94.630834, 27.29976], [94.630024, 27.299613], [94.629215, 27.299602], [94.628408, 27.299651], [94.627194, 27.299543], [94.62578, 27.299562], [94.625191, 27.299503], [94.625072, 27.299414], [94.625413, 27.29923], [94.625673, 27.299194], [94.626582, 27.299198], [94.627288, 27.299107], [94.628096, 27.299077], [94.6286, 27.29897], [94.629206, 27.29897], [94.629509, 27.298926], [94.629909, 27.298997]]}}, {"type": "Feature", "properties": {}, "geometry": {"type": "LineString", "coordinates": [[94.691967, 27.321547], [94.692652, 27.321899], [94.692825, 27.322078], [94.692812, 27.322168], [94.691903, 27.322607], [94.691191, 27.32309], [94.690501, 27.323431], [94.690098, 27.323483], [94.689894, 27.323381], [94.689592, 27.323445], [94.68888, 27.323174], [94.688599, 27.323122], [94.688354, 27.322944], [94.688353, 27.322854], [94.688449, 27.322672], [94.688669, 27.322546], [94.689473, 27.322264], [94.690381, 27.32219], [94.691385, 27.321764], [94.691786, 27.321531], [94.691967, 27.321547]]}}, {"type": "Feature", "properties": {}, "geometry": {"type": "LineString", "coordinates": [[94.900783, 27.319494], [94.900969, 27.319581], [94.901184, 27.319759], [94.901308, 27.319938], [94.90124, 27.320069], [94.900737, 27.320193], [94.899929, 27.320223], [94.899522, 27.320094], [94.899267, 27.319875], [94.899259, 27.319785], [94.899315, 27.319749], [94.899616, 27.319657], [94.900623, 27.319466], [94.900783, 27.319494]]}}, {"type": "Feature", "properties": {}, "geometry": {"type": "LineString", "coordinates": [[95.274984, 27.312819], [95.274964, 27.313], [95.274656, 27.313867], [95.274464, 27.314311], [95.274363, 27.31436], [95.274302, 27.313462], [95.27433, 27.31301], [95.274435, 27.312893], [95.274735, 27.312759], [95.274936, 27.31273], [95.274984, 27.312819]]}}, {"type": "Feature", "properties": {}, "geometry": {"type": "LineString", "coordinates": [[94.640503, 27.310517], [94.640895, 27.310569], [94.641201, 27.31075], [94.641349, 27.310778], [94.641451, 27.310867], [94.641508, 27.311039], [94.641514, 27.311431], [94.64125, 27.313216], [94.641321, 27.314208], [94.641462, 27.314777], [94.64187, 27.315375], [94.642387, 27.315853], [94.642808, 27.316357], [94.642948, 27.316716], [94.643012, 27.317125], [94.643114, 27.317199], [94.643301, 27.317524], [94.643423, 27.317586], [94.643524, 27.31757], [94.643624, 27.317611], [94.643651, 27.318242], [94.643604, 27.318604], [94.643003, 27.320235], [94.64292, 27.320417], [94.642759, 27.320526], [94.642556, 27.320468], [94.642351, 27.320277], [94.640897, 27.318636], [94.6405, 27.318074], [94.640118, 27.317291], [94.639879, 27.317053], [94.639672, 27.316735], [94.639585, 27.316485], [94.639586, 27.316304], [94.639665, 27.316254], [94.640071, 27.316358], [94.640162, 27.316297], [94.640138, 27.316207], [94.639451, 27.31545], [94.639201, 27.315045], [94.638941, 27.314055], [94.638609, 27.313201], [94.638385, 27.312347], [94.638311, 27.311806], [94.638341, 27.311535], [94.638578, 27.311043], [94.638777, 27.31082], [94.638877, 27.310765], [94.63906, 27.310804], [94.639387, 27.311075], [94.639565, 27.31116], [94.639741, 27.311519], [94.639798, 27.311557], [94.639923, 27.311155], [94.640265, 27.31061], [94.640389, 27.310506], [94.640503, 27.310517]]}}, {"type": "Feature", "properties": {}, "geometry": {"type": "LineString", "coordinates": [[94.683276, 27.302517], [94.683826, 27.303007], [94.684239, 27.303618], [94.685069, 27.305022], [94.685376, 27.30565], [94.685588, 27.305939], [94.685994, 27.306365], [94.686766, 27.306987], [94.687133, 27.307434], [94.687431, 27.307542], [94.688038, 27.307591], [94.689149, 27.307571], [94.691767, 27.306988], [94.692777, 27.306931], [94.692885, 27.306733], [94.693578, 27.306482], [94.69385, 27.30618], [94.694476, 27.305693], [94.694803, 27.305536], [94.695207, 27.305261], [94.69578, 27.305117], [94.696287, 27.305248], [94.69673, 27.305603], [94.696904, 27.30588], [94.697209, 27.306038], [94.697412, 27.306081], [94.697793, 27.306312], [94.698624, 27.307024], [94.698892, 27.307563], [94.698854, 27.307914], [94.698559, 27.308444], [94.698498, 27.308651], [94.69838, 27.309555], [94.698385, 27.309916], [94.698462, 27.310366], [94.698597, 27.310937], [94.698701, 27.311122], [94.698803, 27.31118], [94.698904, 27.311162], [94.699003, 27.311058], [94.699059, 27.3109], [94.698907, 27.31018], [94.698923, 27.309097], [94.69897, 27.308869], [94.699168, 27.308579], [94.699368, 27.3085], [94.69947, 27.308097], [94.699562, 27.307973], [94.699663, 27.307959], [94.699868, 27.30811], [94.700181, 27.30845], [94.701061, 27.309612], [94.701398, 27.309879], [94.701544, 27.310058], [94.70192, 27.310775], [94.702055, 27.311405], [94.70225, 27.311949], [94.702352, 27.311986], [94.702406, 27.311852], [94.702335, 27.310901], [94.702124, 27.310316], [94.701667, 27.309515], [94.701574, 27.309425], [94.701605, 27.309412], [94.702112, 27.309536], [94.70313, 27.310019], [94.703996, 27.310569], [94.704459, 27.311013], [94.704872, 27.311281], [94.70538, 27.311767], [94.705594, 27.312175], [94.70564, 27.312354], [94.705931, 27.314762], [94.706716, 27.316854], [94.706781, 27.317124], [94.706741, 27.317215], [94.706575, 27.31726], [94.70526, 27.317145], [94.703545, 27.317304], [94.703243, 27.317394], [94.702921, 27.317713], [94.702442, 27.31786], [94.701933, 27.317634], [94.701324, 27.317497], [94.701123, 27.317516], [94.700769, 27.317649], [94.700321, 27.317984], [94.699965, 27.31811], [94.699717, 27.318135], [94.69931, 27.317958], [94.699108, 27.317963], [94.698605, 27.318106], [94.698304, 27.318311], [94.698308, 27.318467], [94.698452, 27.31858], [94.698386, 27.318671], [94.697809, 27.318885], [94.697687, 27.31886], [94.697196, 27.31844], [94.696993, 27.318376], [94.696489, 27.318452], [94.695759, 27.318703], [94.69498, 27.318908], [94.693869, 27.318945], [94.691036, 27.318733], [94.68982, 27.318538], [94.688176, 27.318163], [94.688097, 27.318171], [94.688009, 27.318255], [94.6879, 27.318494], [94.687699, 27.318599], [94.68639, 27.318874], [94.685486, 27.319225], [94.68478, 27.319345], [94.68468, 27.319382], [94.684494, 27.319561], [94.68438, 27.319593], [94.683472, 27.319727], [94.683269, 27.319688], [94.683228, 27.319666], [94.683254, 27.319576], [94.683476, 27.319393], [94.68356, 27.319211], [94.683464, 27.319176], [94.682759, 27.31935], [94.682349, 27.319316], [94.681792, 27.319593], [94.681349, 27.31968], [94.680839, 27.319331], [94.680433, 27.319254], [94.680026, 27.319073], [94.679505, 27.318989], [94.678508, 27.318928], [94.67709, 27.3187], [94.675062, 27.318239], [94.674453, 27.318055], [94.674049, 27.318058], [94.673846, 27.318018], [94.672534, 27.318123], [94.671561, 27.318092], [94.668787, 27.317585], [94.667772, 27.317238], [94.667052, 27.316882], [94.666347, 27.316349], [94.665623, 27.315635], [94.665316, 27.315204], [94.665132, 27.314829], [94.665366, 27.314284], [94.665475, 27.31338], [94.665682, 27.312667], [94.666392, 27.311023], [94.666824, 27.310205], [94.666904, 27.309843], [94.666757, 27.308672], [94.66641, 27.307502], [94.666211, 27.3057], [94.666165, 27.304888], [94.666188, 27.304165], [94.666352, 27.303406], [94.666453, 27.303381], [94.666919, 27.304066], [94.667686, 27.304728], [94.668303, 27.305458], [94.668594, 27.306032], [94.669128, 27.306602], [94.669337, 27.307053], [94.669594, 27.307825], [94.669705, 27.308005], [94.669858, 27.308134], [94.670058, 27.307965], [94.670329, 27.308087], [94.671081, 27.308818], [94.67159, 27.30905], [94.671794, 27.309204], [94.672232, 27.309689], [94.672515, 27.310118], [94.672821, 27.31026], [94.672991, 27.310402], [94.673645, 27.311331], [94.673808, 27.311656], [94.673984, 27.312196], [94.674063, 27.312263], [94.674266, 27.312327], [94.674471, 27.312513], [94.674684, 27.313247], [94.674785, 27.313236], [94.674871, 27.313088], [94.674844, 27.312727], [94.674042, 27.310858], [94.673626, 27.310089], [94.673421, 27.309872], [94.67332, 27.309859], [94.67322, 27.30996], [94.67312, 27.309994], [94.672917, 27.309963], [94.672694, 27.309774], [94.671974, 27.30879], [94.671721, 27.308612], [94.671279, 27.308555], [94.670872, 27.308354], [94.670292, 27.307637], [94.670217, 27.307367], [94.670237, 27.307096], [94.670348, 27.307076], [94.670551, 27.307133], [94.671567, 27.307513], [94.67249, 27.307971], [94.672686, 27.308019], [94.672989, 27.307992], [94.673103, 27.308054], [94.673303, 27.308323], [94.673803, 27.308409], [94.674041, 27.308314], [94.673937, 27.308225], [94.673393, 27.308008], [94.673029, 27.307784], [94.672769, 27.307517], [94.672786, 27.307426], [94.672573, 27.307233], [94.672064, 27.307008], [94.671456, 27.30689], [94.67084, 27.306366], [94.670729, 27.306097], [94.670791, 27.305916], [94.670979, 27.305733], [94.671335, 27.30554], [94.672441, 27.305164], [94.673147, 27.305066], [94.673448, 27.304967], [94.674758, 27.304728], [94.6757, 27.304413], [94.676167, 27.304309], [94.676468, 27.304173], [94.67678, 27.304129], [94.67906, 27.30356], [94.680291, 27.303065], [94.681517, 27.302718], [94.682002, 27.30263], [94.682608, 27.302624], [94.682908, 27.302463], [94.68311, 27.302456], [94.683276, 27.302517]]}}, {"type": "Feature", "properties": {}, "geometry": {"type": "LineString", "coordinates": [[94.625015, 27.303296], [94.625433, 27.303528], [94.62582, 27.303828], [94.626454, 27.304225], [94.626838, 27.304539], [94.627576, 27.304969], [94.627881, 27.305078], [94.628586, 27.304949], [94.629092, 27.305027], [94.629774, 27.305227], [94.630526, 27.305218], [94.630458, 27.305128], [94.630237, 27.305041], [94.630219, 27.304951], [94.630501, 27.304615], [94.63057, 27.304405], [94.630699, 27.304356], [94.630902, 27.304404], [94.63126, 27.304577], [94.631412, 27.304738], [94.631802, 27.304932], [94.632025, 27.305196], [94.632228, 27.305252], [94.632329, 27.305214], [94.632485, 27.304924], [94.632687, 27.304832], [94.632658, 27.304742], [94.632017, 27.304632], [94.631605, 27.304125], [94.631637, 27.304031], [94.632005, 27.303848], [94.632609, 27.303673], [94.632913, 27.303698], [94.633116, 27.303769], [94.633525, 27.304088], [94.633734, 27.30461], [94.63375, 27.304819], [94.633704, 27.305], [94.63364, 27.305059], [94.633539, 27.305064], [94.633133, 27.304926], [94.632966, 27.304919], [94.632609, 27.305284], [94.632814, 27.305462], [94.633158, 27.305638], [94.633349, 27.305901], [94.633563, 27.306735], [94.633719, 27.308791], [94.633789, 27.309151], [94.633911, 27.309511], [94.634155, 27.309869], [94.634422, 27.310138], [94.634642, 27.310495], [94.635052, 27.311782], [94.635155, 27.311929], [94.635357, 27.311892], [94.635424, 27.31184], [94.635434, 27.31175], [94.635217, 27.311301], [94.635199, 27.31112], [94.635244, 27.311069], [94.63543, 27.311208], [94.635618, 27.311477], [94.63611, 27.311922], [94.636477, 27.312494], [94.636532, 27.31282], [94.636518, 27.313271], [94.636324, 27.314176], [94.636177, 27.314629], [94.63632, 27.315891], [94.636318, 27.316884], [94.636239, 27.316923], [94.635529, 27.316756], [94.634821, 27.316691], [94.633306, 27.316779], [94.632591, 27.316747], [94.631991, 27.316667], [94.631585, 27.316561], [94.631382, 27.316462], [94.631022, 27.316224], [94.630992, 27.316044], [94.631125, 27.315771], [94.631469, 27.315512], [94.63167, 27.315482], [94.631936, 27.315581], [94.632181, 27.315859], [94.632379, 27.315567], [94.632593, 27.315574], [94.632785, 27.315717], [94.632886, 27.315706], [94.632885, 27.315633], [94.632474, 27.315182], [94.631705, 27.314681], [94.630592, 27.314153], [94.629359, 27.313626], [94.628102, 27.313189], [94.627717, 27.313013], [94.626878, 27.312511], [94.626076, 27.311949], [94.625408, 27.311415], [94.624833, 27.31087], [94.62442, 27.310344], [94.624344, 27.310164], [94.624158, 27.309624], [94.624024, 27.308814], [94.623955, 27.308634], [94.623744, 27.308366], [94.623579, 27.30805], [94.623529, 27.307736], [94.623572, 27.307568], [94.623771, 27.307354], [94.62409, 27.307188], [94.624, 27.306828], [94.624094, 27.306286], [94.624124, 27.305563], [94.624339, 27.304712], [94.624628, 27.303842], [94.624684, 27.303481], [94.624824, 27.303313], [94.624924, 27.303264], [94.625015, 27.303296]]}}, {"type": "Feature", "properties": {}, "geometry": {"type": "LineString", "coordinates": [[94.643694, 27.313909], [94.644089, 27.314736], [94.644221, 27.314896], [94.644228, 27.315166], [94.644098, 27.31535], [94.643896, 27.315356], [94.643531, 27.315175], [94.642771, 27.314487], [94.642708, 27.314372], [94.642735, 27.314281], [94.642856, 27.31419], [94.643373, 27.314172], [94.643571, 27.313868], [94.643672, 27.313862], [94.643694, 27.313909]]}}, {"type": "Feature", "properties": {}, "geometry": {"type": "LineString", "coordinates": [[95.293729, 27.302947], [95.294415, 27.303206], [95.294612, 27.303384], [95.294858, 27.304282], [95.294866, 27.304462], [95.294787, 27.304554], [95.294622, 27.304557], [95.294264, 27.304469], [95.293546, 27.303951], [95.29313, 27.303498], [95.293099, 27.303228], [95.293223, 27.302939], [95.293423, 27.302873], [95.293729, 27.302947]]}}, {"type": "Feature", "properties": {}, "geometry": {"type": "LineString", "coordinates": [[94.635216, 27.306968], [94.635403, 27.307237], [94.6357, 27.308046], [94.636025, 27.308493], [94.636462, 27.309391], [94.636514, 27.309661], [94.636494, 27.309842], [94.636339, 27.309949], [94.635934, 27.309892], [94.635637, 27.309761], [94.63546, 27.309583], [94.63535, 27.309313], [94.635153, 27.308413], [94.635194, 27.307871], [94.635096, 27.30724], [94.635182, 27.306905], [94.635216, 27.306968]]}}, {"type": "Feature", "properties": {}, "geometry": {"type": "LineString", "coordinates": [[94.875587, 27.297632], [94.875954, 27.297898], [94.876523, 27.298431], [94.87671, 27.29888], [94.877147, 27.299486], [94.877356, 27.299864], [94.877673, 27.300692], [94.878503, 27.302], [94.87871, 27.302272], [94.878914, 27.302412], [94.879023, 27.30255], [94.879524, 27.303716], [94.879856, 27.304343], [94.879871, 27.305219], [94.879773, 27.305396], [94.879673, 27.305457], [94.879471, 27.305464], [94.879163, 27.305189], [94.878859, 27.30516], [94.878757, 27.305086], [94.878857, 27.305032], [94.879161, 27.305044], [94.879248, 27.304983], [94.879267, 27.304893], [94.879156, 27.304763], [94.879054, 27.304711], [94.878446, 27.30463], [94.878347, 27.30476], [94.878145, 27.304752], [94.878068, 27.304638], [94.878049, 27.304458], [94.877787, 27.304281], [94.877611, 27.303561], [94.877611, 27.303381], [94.877923, 27.303546], [94.877957, 27.303466], [94.877298, 27.302425], [94.876799, 27.301135], [94.87664, 27.300867], [94.876315, 27.299969], [94.875935, 27.299161], [94.875619, 27.298696], [94.875538, 27.298264], [94.87539, 27.297815], [94.875399, 27.297634], [94.875499, 27.297568], [94.875587, 27.297632]]}}, {"type": "Feature", "properties": {}, "geometry": {"type": "LineString", "coordinates": [[94.617714, 27.305276], [94.618084, 27.305379], [94.619096, 27.30549], [94.619703, 27.3055], [94.620105, 27.30541], [94.62061, 27.305382], [94.620914, 27.3054], [94.621015, 27.305443], [94.621084, 27.305689], [94.620647, 27.306867], [94.620402, 27.307863], [94.620243, 27.307917], [94.62004, 27.307871], [94.619259, 27.307515], [94.618035, 27.306446], [94.617865, 27.306268], [94.617681, 27.305909], [94.617521, 27.305369], [94.61756, 27.305278], [94.617714, 27.305276]]}}, {"type": "Feature", "properties": {}, "geometry": {"type": "LineString", "coordinates": [[94.687838, 27.300386], [94.688233, 27.300436], [94.688436, 27.300504], [94.688662, 27.300646], [94.688948, 27.300965], [94.68905, 27.301023], [94.689251, 27.300986], [94.689687, 27.301717], [94.689937, 27.302436], [94.689928, 27.302707], [94.689666, 27.302891], [94.689642, 27.302981], [94.689686, 27.303016], [94.689786, 27.30307], [94.690294, 27.303125], [94.691916, 27.303485], [94.693034, 27.303922], [94.694556, 27.30433], [94.694928, 27.304542], [94.694947, 27.304632], [94.694783, 27.304995], [94.694569, 27.305195], [94.694263, 27.305362], [94.693163, 27.305725], [94.692048, 27.305841], [94.690746, 27.306289], [94.689537, 27.306491], [94.68883, 27.306525], [94.688021, 27.306459], [94.687412, 27.306296], [94.686883, 27.305993], [94.686596, 27.305778], [94.68639, 27.305505], [94.686182, 27.305108], [94.685812, 27.304291], [94.685767, 27.304021], [94.685657, 27.303842], [94.685544, 27.303392], [94.685345, 27.302943], [94.684956, 27.302496], [94.684529, 27.30214], [94.684112, 27.301897], [94.684063, 27.301785], [94.684154, 27.301603], [94.684509, 27.301371], [94.685166, 27.30105], [94.686089, 27.300677], [94.686714, 27.300489], [94.687121, 27.300416], [94.687524, 27.30037], [94.687838, 27.300386]]}}, {"type": "Feature", "properties": {}, "geometry": {"type": "LineString", "coordinates": [[95.374737, 27.295638], [95.375323, 27.295718], [95.375473, 27.295806], [95.375508, 27.295896], [95.375362, 27.295988], [95.375099, 27.296043], [95.3747, 27.296273], [95.37411, 27.296461], [95.373798, 27.296609], [95.373394, 27.296603], [95.373279, 27.296565], [95.373064, 27.296388], [95.373086, 27.296344], [95.373286, 27.296276], [95.373525, 27.295839], [95.373678, 27.295702], [95.37408, 27.295596], [95.374737, 27.295638]]}}, {"type": "Feature", "properties": {}, "geometry": {"type": "LineString", "coordinates": [[95.387117, 27.292449], [95.387116, 27.29254], [95.387, 27.292722], [95.386711, 27.292998], [95.386582, 27.293271], [95.386402, 27.293454], [95.386257, 27.29353], [95.385474, 27.293741], [95.385098, 27.294018], [95.38556, 27.293966], [95.385706, 27.294008], [95.38574, 27.294097], [95.385418, 27.294734], [95.385168, 27.294919], [95.384473, 27.295101], [95.384174, 27.29531], [95.383645, 27.295577], [95.383178, 27.295973], [95.382979, 27.296086], [95.382675, 27.296068], [95.381937, 27.295696], [95.381859, 27.295607], [95.381855, 27.29549], [95.381979, 27.295334], [95.382046, 27.29497], [95.382145, 27.294868], [95.382746, 27.294631], [95.383079, 27.294774], [95.383293, 27.294771], [95.38332, 27.29468], [95.383126, 27.294503], [95.382844, 27.294482], [95.382744, 27.294561], [95.382338, 27.294463], [95.382318, 27.294246], [95.382431, 27.294081], [95.382731, 27.293936], [95.383233, 27.293811], [95.384041, 27.2938], [95.384187, 27.293763], [95.383835, 27.293616], [95.383694, 27.2935], [95.383739, 27.293409], [95.384003, 27.293225], [95.384528, 27.292961], [95.384871, 27.292668], [95.385026, 27.292609], [95.386335, 27.292416], [95.38694, 27.292401], [95.387117, 27.292449]]}}, {"type": "Feature", "properties": {}, "geometry": {"type": "LineString", "coordinates": [[94.627708, 27.301911], [94.628646, 27.30213], [94.628848, 27.302092], [94.629047, 27.301936], [94.62935, 27.301918], [94.630062, 27.302233], [94.630776, 27.302688], [94.631182, 27.302797], [94.631283, 27.302778], [94.631391, 27.30268], [94.63155, 27.302318], [94.63168, 27.302293], [94.631883, 27.30239], [94.632104, 27.302582], [94.632238, 27.302761], [94.632289, 27.302941], [94.632245, 27.303032], [94.632096, 27.303146], [94.631793, 27.303115], [94.63139, 27.303233], [94.630818, 27.30359], [94.629583, 27.304043], [94.629082, 27.30428], [94.62898, 27.304267], [94.628866, 27.304064], [94.629063, 27.303791], [94.629051, 27.303701], [94.628869, 27.303593], [94.628059, 27.303424], [94.627754, 27.303283], [94.627016, 27.302731], [94.626367, 27.302378], [94.6262, 27.302199], [94.626207, 27.302019], [94.626264, 27.301928], [94.626419, 27.301871], [94.627227, 27.301852], [94.627708, 27.301911]]}}, {"type": "Feature", "properties": {}, "geometry": {"type": "LineString", "coordinates": [[94.667986, 27.302339], [94.668461, 27.302535], [94.669067, 27.302514], [94.669889, 27.303458], [94.669949, 27.303669], [94.669692, 27.303791], [94.669087, 27.303838], [94.668276, 27.303672], [94.668063, 27.303421], [94.668034, 27.30306], [94.667848, 27.302431], [94.667903, 27.30234], [94.667986, 27.302339]]}}, {"type": "Feature", "properties": {}, "geometry": {"type": "LineString", "coordinates": [[95.387058, 27.287487], [95.38724, 27.28755], [95.387652, 27.287885], [95.387892, 27.288195], [95.388031, 27.288824], [95.387921, 27.289458], [95.387799, 27.28964], [95.38769, 27.289699], [95.387387, 27.28969], [95.386925, 27.290558], [95.386506, 27.290986], [95.386206, 27.291136], [95.386018, 27.291476], [95.385812, 27.291594], [95.385508, 27.291545], [95.385307, 27.291609], [95.38519, 27.29149], [95.385151, 27.29131], [95.385185, 27.291129], [95.385354, 27.290855], [95.38559, 27.290645], [95.385991, 27.290524], [95.386194, 27.289848], [95.386258, 27.288855], [95.38635, 27.288424], [95.386493, 27.288129], [95.386751, 27.287763], [95.386937, 27.287526], [95.387058, 27.287487]]}}, {"type": "Feature", "properties": {}, "geometry": {"type": "LineString", "coordinates": [[95.356314, 27.289543], [95.356348, 27.289994], [95.35625, 27.290537], [95.355799, 27.290887], [95.354701, 27.291478], [95.354677, 27.291375], [95.354848, 27.290831], [95.355281, 27.290268], [95.356011, 27.289548], [95.356174, 27.289481], [95.356275, 27.289492], [95.356314, 27.289543]]}}, {"type": "Feature", "properties": {}, "geometry": {"type": "LineString", "coordinates": [[94.658742, 27.292159], [94.658981, 27.292337], [94.659218, 27.29244], [94.659688, 27.29296], [94.660143, 27.293561], [94.660657, 27.294102], [94.660758, 27.294137], [94.660857, 27.293978], [94.660885, 27.293578], [94.66095, 27.293462], [94.661051, 27.293427], [94.661152, 27.293456], [94.661275, 27.293573], [94.661332, 27.294565], [94.66169, 27.295825], [94.661706, 27.297449], [94.661535, 27.298534], [94.661346, 27.299259], [94.661054, 27.300075], [94.661032, 27.300436], [94.660976, 27.300527], [94.660755, 27.300682], [94.660364, 27.300715], [94.659642, 27.300579], [94.658893, 27.300371], [94.658424, 27.300212], [94.658251, 27.300108], [94.657679, 27.299934], [94.657168, 27.29985], [94.656091, 27.299579], [94.654332, 27.299342], [94.653862, 27.299212], [94.653155, 27.2992], [94.652663, 27.299001], [94.652337, 27.298734], [94.65183, 27.298446], [94.649901, 27.297762], [94.649595, 27.297613], [94.649056, 27.297238], [94.64876, 27.296881], [94.648462, 27.296135], [94.648479, 27.295891], [94.64886, 27.295696], [94.648961, 27.295712], [94.649268, 27.295949], [94.649368, 27.295916], [94.649445, 27.295789], [94.649538, 27.295427], [94.650045, 27.294789], [94.650059, 27.294248], [94.650449, 27.293853], [94.65085, 27.293627], [94.651152, 27.293584], [94.651658, 27.293616], [94.651859, 27.29356], [94.652364, 27.293545], [94.652666, 27.293459], [94.653473, 27.293368], [94.65418, 27.293371], [94.654787, 27.293416], [94.655496, 27.293552], [94.656407, 27.293646], [94.657017, 27.29395], [94.657058, 27.293894], [94.657032, 27.293804], [94.656814, 27.293716], [94.656712, 27.293627], [94.656717, 27.293447], [94.656612, 27.293358], [94.656069, 27.293184], [94.655947, 27.293095], [94.655923, 27.293005], [94.656, 27.292914], [94.657198, 27.292478], [94.657498, 27.2923], [94.657876, 27.292169], [94.658304, 27.292135], [94.658742, 27.292159]]}}, {"type": "Feature", "properties": {}, "geometry": {"type": "LineString", "coordinates": [[94.642091, 27.290912], [94.642146, 27.291001], [94.642055, 27.291092], [94.642039, 27.291183], [94.642101, 27.291272], [94.64243, 27.291315], [94.643039, 27.291473], [94.643446, 27.291697], [94.643903, 27.291793], [94.644502, 27.292147], [94.644639, 27.292326], [94.644557, 27.292417], [94.64457, 27.292534], [94.644629, 27.292597], [94.644696, 27.292596], [94.64477, 27.292434], [94.644973, 27.292465], [94.645075, 27.292544], [94.64508, 27.29291], [94.644864, 27.293226], [94.64497, 27.293495], [94.644925, 27.293676], [94.64479, 27.293749], [94.644688, 27.293736], [94.644549, 27.29359], [94.644382, 27.29352], [94.64418, 27.293509], [94.644073, 27.293596], [94.64407, 27.293867], [94.644177, 27.294407], [94.644586, 27.295395], [94.6446, 27.295576], [94.644516, 27.295743], [94.644316, 27.29586], [94.643812, 27.295949], [94.642705, 27.29625], [94.641193, 27.29651], [94.639986, 27.296854], [94.638277, 27.297478], [94.637472, 27.297679], [94.63687, 27.298103], [94.63647, 27.298264], [94.636168, 27.298338], [94.635966, 27.298319], [94.635904, 27.298205], [94.635895, 27.298025], [94.636359, 27.297565], [94.636257, 27.297492], [94.636156, 27.297496], [94.635349, 27.297616], [94.635146, 27.297547], [94.635094, 27.297402], [94.635098, 27.297221], [94.635245, 27.296678], [94.635062, 27.296049], [94.635162, 27.295054], [94.635159, 27.294603], [94.635595, 27.293661], [94.6356, 27.293244], [94.635543, 27.292884], [94.635373, 27.292344], [94.634893, 27.291628], [94.634888, 27.291538], [94.634956, 27.291455], [94.635157, 27.291397], [94.635764, 27.291407], [94.636268, 27.291338], [94.636975, 27.291309], [94.637379, 27.291345], [94.638494, 27.291569], [94.638594, 27.291545], [94.638771, 27.291402], [94.638972, 27.291129], [94.639093, 27.291078], [94.6399, 27.291016], [94.640711, 27.291199], [94.641014, 27.291186], [94.641419, 27.291251], [94.641624, 27.291188], [94.641606, 27.291098], [94.641506, 27.291009], [94.641551, 27.290918], [94.641818, 27.290881], [94.642091, 27.290912]]}}, {"type": "Feature", "properties": {}, "geometry": {"type": "LineString", "coordinates": [[95.366883, 27.285845], [95.367046, 27.285933], [95.367455, 27.286287], [95.367834, 27.286863], [95.367882, 27.287001], [95.367848, 27.287183], [95.367645, 27.287484], [95.367448, 27.287687], [95.367247, 27.287769], [95.367145, 27.287684], [95.366935, 27.287317], [95.366713, 27.2864], [95.366671, 27.286029], [95.366699, 27.285848], [95.366801, 27.285794], [95.366883, 27.285845]]}}, {"type": "Feature", "properties": {}, "geometry": {"type": "LineString", "coordinates": [[94.621011, 27.28872], [94.621581, 27.288744], [94.621709, 27.288803], [94.622301, 27.289601], [94.623044, 27.290412], [94.623535, 27.291096], [94.623916, 27.291395], [94.624156, 27.292169], [94.624365, 27.292644], [94.625189, 27.294268], [94.625608, 27.294723], [94.626198, 27.295159], [94.626526, 27.295314], [94.62693, 27.295305], [94.627935, 27.294974], [94.628638, 27.294671], [94.629949, 27.294485], [94.630356, 27.294663], [94.630662, 27.294906], [94.63087, 27.295269], [94.631175, 27.295643], [94.631225, 27.295823], [94.63098, 27.295877], [94.630172, 27.295915], [94.629567, 27.295996], [94.628157, 27.296327], [94.627552, 27.296422], [94.627148, 27.296428], [94.626439, 27.296274], [94.626225, 27.296152], [94.625628, 27.296088], [94.624421, 27.295631], [94.624003, 27.295526], [94.623393, 27.295256], [94.6229, 27.294836], [94.622569, 27.294389], [94.622096, 27.294124], [94.620831, 27.292795], [94.619438, 27.291627], [94.618475, 27.290524], [94.618239, 27.290197], [94.618123, 27.289927], [94.618128, 27.289837], [94.617998, 27.289658], [94.617982, 27.289568], [94.61812, 27.289476], [94.618761, 27.289346], [94.619968, 27.289012], [94.620672, 27.288744], [94.621011, 27.28872]]}}, {"type": "Feature", "properties": {}, "geometry": {"type": "LineString", "coordinates": [[94.605926, 27.252068], [94.607325, 27.252873], [94.60779, 27.25322], [94.607952, 27.253398], [94.608272, 27.253936], [94.608291, 27.254117], [94.608361, 27.254206], [94.609943, 27.25482], [94.610205, 27.254997], [94.611208, 27.255979], [94.611309, 27.255993], [94.61151, 27.255936], [94.611612, 27.255983], [94.611985, 27.256331], [94.612224, 27.256422], [94.612938, 27.256943], [94.613447, 27.257177], [94.613855, 27.257492], [94.614159, 27.257523], [94.615041, 27.25792], [94.615479, 27.258001], [94.616045, 27.258179], [94.616466, 27.258355], [94.617003, 27.258653], [94.61812, 27.259058], [94.618324, 27.259184], [94.618563, 27.259414], [94.618746, 27.260044], [94.618945, 27.260247], [94.619249, 27.260339], [94.61935, 27.260322], [94.619413, 27.260126], [94.61932, 27.259676], [94.619338, 27.2595], [94.619541, 27.259403], [94.61993, 27.259398], [94.620551, 27.259529], [94.62116, 27.259728], [94.621536, 27.259921], [94.62228, 27.260404], [94.62282, 27.260628], [94.623043, 27.260806], [94.623144, 27.261076], [94.623216, 27.262261], [94.623395, 27.261795], [94.623406, 27.261163], [94.623501, 27.260964], [94.624005, 27.260922], [94.624207, 27.260944], [94.62441, 27.261], [94.624614, 27.261138], [94.624723, 27.261671], [94.624933, 27.2622], [94.625032, 27.26211], [94.625185, 27.261684], [94.625196, 27.260871], [94.625269, 27.2606], [94.625423, 27.260417], [94.625712, 27.260212], [94.625918, 27.260231], [94.626099, 27.26041], [94.626579, 27.261487], [94.626685, 27.262118], [94.626509, 27.263384], [94.626298, 27.264108], [94.626035, 27.264653], [94.625162, 27.266017], [94.624785, 27.266743], [94.624407, 27.267737], [94.624318, 27.268464], [94.624158, 27.269007], [94.623536, 27.270375], [94.622747, 27.27168], [94.622549, 27.271917], [94.62205, 27.272333], [94.621898, 27.272553], [94.621839, 27.272825], [94.621904, 27.273998], [94.621872, 27.274178], [94.621804, 27.274269], [94.621674, 27.274303], [94.621068, 27.274315], [94.620867, 27.274356], [94.620846, 27.274461], [94.621375, 27.274546], [94.62168, 27.274702], [94.621932, 27.2749], [94.622398, 27.275457], [94.623075, 27.276782], [94.623332, 27.277143], [94.623742, 27.277544], [94.623944, 27.277588], [94.624554, 27.27785], [94.624656, 27.277914], [94.62481, 27.278116], [94.624914, 27.278476], [94.625033, 27.280009], [94.625018, 27.28046], [94.624862, 27.281365], [94.624872, 27.281635], [94.625021, 27.282141], [94.625363, 27.282622], [94.62577, 27.28334], [94.626002, 27.284511], [94.62568, 27.285507], [94.625678, 27.286139], [94.625896, 27.286758], [94.626033, 27.286947], [94.626415, 27.287715], [94.626925, 27.288059], [94.627637, 27.288381], [94.627905, 27.28855], [94.628864, 27.289378], [94.629549, 27.290065], [94.629839, 27.290243], [94.6307, 27.290595], [94.631608, 27.290854], [94.631919, 27.290999], [94.632429, 27.291334], [94.633092, 27.291558], [94.633446, 27.291816], [94.633547, 27.291819], [94.633747, 27.291704], [94.633849, 27.291761], [94.63421, 27.293351], [94.634148, 27.294164], [94.633962, 27.294707], [94.633459, 27.295616], [94.633302, 27.295793], [94.6331, 27.295794], [94.632843, 27.295623], [94.632679, 27.295445], [94.632406, 27.294996], [94.63218, 27.294819], [94.630906, 27.294111], [94.630345, 27.293933], [94.62994, 27.293899], [94.629436, 27.293947], [94.629034, 27.294086], [94.628426, 27.293981], [94.627924, 27.294204], [94.627721, 27.294158], [94.627317, 27.294153], [94.626914, 27.294211], [94.626652, 27.294341], [94.626583, 27.294523], [94.626618, 27.294676], [94.62672, 27.294791], [94.626922, 27.294786], [94.627013, 27.294879], [94.626925, 27.294952], [94.626734, 27.294882], [94.626712, 27.294792], [94.626417, 27.294793], [94.626214, 27.29471], [94.625805, 27.294383], [94.625598, 27.294031], [94.625512, 27.293272], [94.625218, 27.292102], [94.625183, 27.291651], [94.625138, 27.291471], [94.62495, 27.29119], [94.62487, 27.290932], [94.624493, 27.290395], [94.624012, 27.29004], [94.623358, 27.289145], [94.621978, 27.288258], [94.62147, 27.288068], [94.620761, 27.287937], [94.620256, 27.287937], [94.619852, 27.287988], [94.617739, 27.288534], [94.617335, 27.288563], [94.617031, 27.288482], [94.616596, 27.28823], [94.61642, 27.287961], [94.615804, 27.287493], [94.614972, 27.286624], [94.614342, 27.285729], [94.613913, 27.284831], [94.613817, 27.2842], [94.61381, 27.283839], [94.613926, 27.283386], [94.614614, 27.282041], [94.614702, 27.281482], [94.614562, 27.280852], [94.614557, 27.280491], [94.614409, 27.280132], [94.614157, 27.279142], [94.613969, 27.278151], [94.613921, 27.27761], [94.613733, 27.276966], [94.613319, 27.276293], [94.612703, 27.275636], [94.612091, 27.275188], [94.611348, 27.274751], [94.610652, 27.274218], [94.610115, 27.273502], [94.609946, 27.272962], [94.609742, 27.272694], [94.609345, 27.272337], [94.608901, 27.272072], [94.608602, 27.271804], [94.608099, 27.271547], [94.60785, 27.271362], [94.607173, 27.270395], [94.60652, 27.269752], [94.606314, 27.269213], [94.606285, 27.268852], [94.606567, 27.268217], [94.606413, 27.267407], [94.606379, 27.265782], [94.606595, 27.265341], [94.606695, 27.265256], [94.607097, 27.265098], [94.607298, 27.265075], [94.607408, 27.265139], [94.607551, 27.265408], [94.608017, 27.265898], [94.609442, 27.266921], [94.610982, 27.268383], [94.611432, 27.268883], [94.612014, 27.269897], [94.612151, 27.270229], [94.612425, 27.270368], [94.612525, 27.270307], [94.612893, 27.270311], [94.612648, 27.270133], [94.612319, 27.270025], [94.612245, 27.269596], [94.612055, 27.269328], [94.611841, 27.268698], [94.611075, 27.267828], [94.610944, 27.267535], [94.610887, 27.267265], [94.61045, 27.266481], [94.608814, 27.265109], [94.6083, 27.264483], [94.607789, 27.264099], [94.607622, 27.263873], [94.607235, 27.263606], [94.607112, 27.263427], [94.606966, 27.263036], [94.606907, 27.262617], [94.606754, 27.262361], [94.606591, 27.261899], [94.606599, 27.261357], [94.606706, 27.260995], [94.607032, 27.260359], [94.607225, 27.259815], [94.607432, 27.258549], [94.607277, 27.257378], [94.606868, 27.256195], [94.606777, 27.255127], [94.60665, 27.254587], [94.606655, 27.254496], [94.606741, 27.2544], [94.607461, 27.254307], [94.607408, 27.254217], [94.607205, 27.254129], [94.606806, 27.254043], [94.606474, 27.253686], [94.606366, 27.253417], [94.606019, 27.252969], [94.605614, 27.252252], [94.605601, 27.252162], [94.605697, 27.252011], [94.605926, 27.252068]]}}, {"type": "Feature", "properties": {}, "geometry": {"type": "LineString", "coordinates": [[94.646021, 27.292129], [94.646385, 27.292335], [94.647503, 27.292755], [94.647707, 27.292909], [94.647855, 27.293191], [94.647736, 27.293643], [94.647553, 27.294006], [94.646929, 27.294965], [94.646829, 27.295033], [94.646728, 27.295013], [94.646653, 27.29492], [94.646515, 27.294256], [94.64617, 27.293301], [94.646091, 27.29291], [94.645724, 27.292223], [94.645776, 27.292119], [94.646021, 27.292129]]}}, {"type": "Feature", "properties": {}, "geometry": {"type": "LineString", "coordinates": [[94.611186, 27.290188], [94.611501, 27.29034], [94.611909, 27.290626], [94.612671, 27.291254], [94.613419, 27.291967], [94.613548, 27.29216], [94.614116, 27.293584], [94.614128, 27.293855], [94.614027, 27.293946], [94.613676, 27.293998], [94.612259, 27.293853], [94.611649, 27.293584], [94.611252, 27.293256], [94.611206, 27.293166], [94.611236, 27.292992], [94.611337, 27.292928], [94.611641, 27.293014], [94.611714, 27.29298], [94.611756, 27.292799], [94.611991, 27.292706], [94.611977, 27.292435], [94.611905, 27.292256], [94.612002, 27.292074], [94.611937, 27.291804], [94.611611, 27.291176], [94.610979, 27.290281], [94.610994, 27.290166], [94.611186, 27.290188]]}}, {"type": "Feature", "properties": {}, "geometry": {"type": "LineString", "coordinates": [[94.650586, 27.29045], [94.650809, 27.290538], [94.650878, 27.290628], [94.650868, 27.290718], [94.65064, 27.290901], [94.650227, 27.291087], [94.649702, 27.291154], [94.649398, 27.291133], [94.648953, 27.290921], [94.648893, 27.290832], [94.648887, 27.290741], [94.648945, 27.29065], [94.649388, 27.290442], [94.649691, 27.29042], [94.650198, 27.29057], [94.650399, 27.290469], [94.650586, 27.29045]]}}, {"type": "Feature", "properties": {}, "geometry": {"type": "LineString", "coordinates": [[94.654599, 27.290223], [94.654851, 27.2904], [94.654873, 27.29058], [94.654815, 27.290671], [94.654524, 27.290855], [94.654245, 27.29093], [94.653638, 27.290877], [94.653334, 27.290804], [94.652931, 27.290932], [94.652628, 27.290926], [94.651816, 27.290624], [94.651641, 27.290528], [94.651476, 27.29035], [94.65171, 27.290299], [94.652518, 27.290293], [94.653125, 27.290382], [94.65343, 27.290498], [94.654234, 27.290214], [94.654436, 27.290185], [94.654599, 27.290223]]}}, {"type": "Feature", "properties": {}, "geometry": {"type": "LineString", "coordinates": [[94.629466, 27.288171], [94.63027, 27.288806], [94.630682, 27.289353], [94.630684, 27.289469], [94.629971, 27.289072], [94.629766, 27.288896], [94.629383, 27.288443], [94.629226, 27.288174], [94.62925, 27.288122], [94.629351, 27.288117], [94.629466, 27.288171]]}}, {"type": "Feature", "properties": {}, "geometry": {"type": "LineString", "coordinates": [[94.632093, 27.2811], [94.632912, 27.281451], [94.633705, 27.281914], [94.634257, 27.282158], [94.634724, 27.282491], [94.636037, 27.282497], [94.63624, 27.282549], [94.637055, 27.283015], [94.637559, 27.283473], [94.638178, 27.283827], [94.638583, 27.283914], [94.639594, 27.283947], [94.639899, 27.284068], [94.640097, 27.284256], [94.640203, 27.284435], [94.640418, 27.284988], [94.640729, 27.285532], [94.640732, 27.2847], [94.640509, 27.284335], [94.640337, 27.284163], [94.640259, 27.283983], [94.640804, 27.283798], [94.641006, 27.283777], [94.641511, 27.283781], [94.641952, 27.283873], [94.64223, 27.28405], [94.642529, 27.284325], [94.642796, 27.284766], [94.643264, 27.286198], [94.643596, 27.286922], [94.643958, 27.288092], [94.643957, 27.288272], [94.643802, 27.288403], [94.643601, 27.288491], [94.643199, 27.288608], [94.642594, 27.288708], [94.641789, 27.288945], [94.64068, 27.289099], [94.640074, 27.28909], [94.639787, 27.289043], [94.639274, 27.288869], [94.638448, 27.288427], [94.638245, 27.288363], [94.637633, 27.288005], [94.636817, 27.287452], [94.636306, 27.287035], [94.635767, 27.286743], [94.635456, 27.286476], [94.634509, 27.286036], [94.633713, 27.285504], [94.633123, 27.284879], [94.632556, 27.284434], [94.632105, 27.283898], [94.631433, 27.283003], [94.63135, 27.282101], [94.631531, 27.281106], [94.631672, 27.281016], [94.632093, 27.2811]]}}, {"type": "Feature", "properties": {}, "geometry": {"type": "LineString", "coordinates": [[94.634656, 27.27069], [94.635165, 27.271197], [94.635469, 27.271315], [94.635976, 27.271422], [94.636683, 27.27142], [94.636907, 27.271476], [94.637339, 27.271742], [94.637698, 27.271769], [94.638205, 27.271914], [94.638711, 27.271962], [94.638914, 27.272029], [94.639097, 27.272172], [94.639735, 27.272925], [94.640694, 27.274139], [94.641177, 27.275036], [94.641288, 27.275477], [94.641497, 27.275961], [94.641703, 27.276242], [94.641908, 27.27641], [94.642213, 27.276559], [94.64282, 27.276621], [94.643425, 27.276553], [94.644127, 27.276186], [94.644228, 27.276168], [94.64443, 27.276222], [94.644548, 27.276351], [94.645042, 27.276612], [94.645187, 27.276795], [94.645376, 27.277334], [94.645447, 27.277784], [94.645567, 27.277954], [94.64568, 27.277511], [94.645665, 27.276969], [94.645557, 27.27661], [94.645304, 27.276161], [94.645233, 27.275815], [94.645141, 27.275622], [94.645167, 27.275531], [94.645328, 27.275427], [94.645831, 27.27531], [94.645899, 27.275252], [94.645827, 27.275072], [94.645818, 27.274892], [94.645923, 27.274671], [94.646023, 27.2746], [94.646428, 27.274664], [94.646733, 27.274832], [94.647038, 27.274934], [94.647242, 27.275073], [94.647654, 27.275631], [94.647754, 27.275862], [94.648177, 27.277572], [94.648382, 27.278111], [94.649555, 27.280173], [94.649855, 27.281042], [94.650395, 27.282149], [94.650962, 27.283677], [94.651527, 27.284753], [94.651835, 27.28508], [94.651936, 27.285107], [94.652138, 27.285078], [94.652277, 27.284925], [94.652374, 27.284292], [94.652428, 27.28424], [94.65263, 27.284212], [94.653846, 27.284475], [94.654252, 27.284615], [94.654621, 27.284807], [94.65476, 27.284986], [94.654895, 27.285345], [94.655369, 27.287325], [94.655363, 27.287596], [94.655106, 27.287713], [94.653391, 27.287881], [94.652527, 27.288171], [94.651982, 27.288202], [94.651176, 27.288377], [94.65057, 27.288348], [94.649964, 27.288376], [94.649458, 27.28832], [94.649093, 27.288212], [94.648644, 27.287914], [94.6481, 27.287682], [94.647347, 27.287149], [94.646697, 27.286525], [94.64609, 27.286032], [94.645685, 27.285924], [94.644869, 27.285396], [94.644485, 27.285016], [94.644428, 27.284837], [94.644645, 27.283932], [94.644744, 27.283802], [94.644845, 27.283764], [94.644946, 27.283809], [94.645129, 27.284016], [94.645464, 27.284645], [94.645565, 27.284697], [94.645767, 27.284656], [94.645868, 27.28469], [94.646073, 27.284865], [94.646175, 27.284898], [94.646178, 27.284816], [94.645863, 27.284307], [94.64576, 27.284199], [94.645558, 27.284213], [94.645457, 27.284177], [94.645231, 27.283925], [94.645189, 27.283745], [94.645245, 27.283505], [94.645481, 27.28329], [94.645399, 27.282839], [94.645558, 27.282477], [94.645552, 27.282025], [94.645695, 27.281572], [94.645727, 27.281121], [94.645531, 27.279859], [94.645313, 27.278959], [94.645258, 27.278779], [94.64507, 27.278466], [94.644658, 27.277963], [94.644488, 27.277886], [94.644151, 27.277825], [94.643238, 27.27754], [94.642624, 27.277456], [94.641902, 27.277194], [94.641192, 27.277022], [94.639446, 27.276681], [94.63908, 27.276473], [94.639005, 27.276416], [94.638995, 27.276326], [94.639115, 27.276053], [94.639274, 27.275899], [94.639575, 27.275761], [94.639614, 27.275687], [94.638852, 27.274711], [94.638597, 27.274254], [94.638329, 27.273434], [94.638122, 27.273106], [94.637711, 27.272658], [94.637303, 27.272392], [94.636795, 27.272179], [94.636594, 27.272251], [94.635788, 27.272354], [94.634979, 27.272351], [94.634169, 27.272209], [94.633329, 27.271789], [94.633269, 27.271699], [94.633244, 27.271429], [94.633347, 27.271209], [94.633546, 27.271012], [94.633946, 27.270771], [94.634147, 27.27072], [94.634656, 27.27069]]}}, {"type": "Feature", "properties": {}, "geometry": {"type": "LineString", "coordinates": [[94.610542, 27.286224], [94.610842, 27.28665], [94.610941, 27.287302], [94.610942, 27.287844], [94.610862, 27.288037], [94.610761, 27.28808], [94.610559, 27.288031], [94.610354, 27.28784], [94.60998, 27.287043], [94.610261, 27.286408], [94.610432, 27.286238], [94.610542, 27.286224]]}}, {"type": "Feature", "properties": {}, "geometry": {"type": "LineString", "coordinates": [[94.633692, 27.286136], [94.634277, 27.286458], [94.634482, 27.286707], [94.634624, 27.287118], [94.6345, 27.2873], [94.634188, 27.287329], [94.632368, 27.287213], [94.631761, 27.287111], [94.631564, 27.286973], [94.631568, 27.286883], [94.631699, 27.286701], [94.632355, 27.286284], [94.632958, 27.28609], [94.633463, 27.286079], [94.633692, 27.286136]]}}, {"type": "Feature", "properties": {}, "geometry": {"type": "LineString", "coordinates": [[94.720898, 27.24345], [94.720798, 27.243494], [94.720767, 27.243572], [94.720764, 27.244114], [94.720809, 27.244224], [94.721093, 27.244381], [94.72116, 27.24447], [94.721254, 27.245011], [94.721183, 27.245463], [94.720945, 27.246007], [94.720741, 27.246367], [94.72049, 27.246645], [94.71995, 27.247444], [94.719622, 27.247738], [94.71824, 27.2492], [94.717766, 27.249837], [94.716872, 27.250859], [94.716451, 27.251478], [94.716117, 27.252114], [94.716035, 27.252476], [94.715989, 27.252563], [94.715829, 27.252659], [94.715481, 27.253385], [94.71503, 27.254835], [94.714967, 27.255197], [94.714971, 27.255558], [94.714764, 27.256012], [94.714634, 27.256103], [94.714703, 27.256373], [94.714591, 27.256826], [94.714552, 27.258], [94.714792, 27.259351], [94.714827, 27.259711], [94.714786, 27.259983], [94.714831, 27.260343], [94.715007, 27.260945], [94.715225, 27.261422], [94.715269, 27.261782], [94.715555, 27.262681], [94.715647, 27.263181], [94.715843, 27.26367], [94.715848, 27.263941], [94.716019, 27.264661], [94.716277, 27.26538], [94.716512, 27.26637], [94.71694, 27.267719], [94.717038, 27.268293], [94.717139, 27.268263], [94.717241, 27.268308], [94.717618, 27.268613], [94.718262, 27.269015], [94.719714, 27.270392], [94.720737, 27.271192], [94.721436, 27.271803], [94.722795, 27.272701], [94.723795, 27.27323], [94.724969, 27.273757], [94.726421, 27.274154], [94.726726, 27.274279], [94.727434, 27.274309], [94.728648, 27.274445], [94.731169, 27.274171], [94.731977, 27.274178], [94.732785, 27.274122], [94.733392, 27.274185], [94.7342, 27.274204], [94.735511, 27.274065], [94.736016, 27.274055], [94.736822, 27.273926], [94.738136, 27.274003], [94.739048, 27.274182], [94.739451, 27.274123], [94.739553, 27.274172], [94.739631, 27.274569], [94.73957, 27.275292], [94.739638, 27.275381], [94.739978, 27.275515], [94.740328, 27.275733], [94.740975, 27.275996], [94.741603, 27.276349], [94.741809, 27.276618], [94.741959, 27.276706], [94.742065, 27.276975], [94.742149, 27.277787], [94.742332, 27.278236], [94.742578, 27.278503], [94.742857, 27.278784], [94.743367, 27.279052], [94.743773, 27.279217], [94.744483, 27.279356], [94.745094, 27.279674], [94.745346, 27.279913], [94.745491, 27.280182], [94.745408, 27.280725], [94.745074, 27.28127], [94.744521, 27.281804], [94.743422, 27.282628], [94.743337, 27.282736], [94.743255, 27.283098], [94.743333, 27.283391], [94.743564, 27.283636], [94.743858, 27.283813], [94.744351, 27.283889], [94.744956, 27.283772], [94.745155, 27.283626], [94.745257, 27.283677], [94.745358, 27.283665], [94.74596, 27.283431], [94.746258, 27.283099], [94.74656, 27.283036], [94.746878, 27.282872], [94.74706, 27.282716], [94.747295, 27.282596], [94.747259, 27.28251], [94.747057, 27.282524], [94.746877, 27.282602], [94.746583, 27.282786], [94.746359, 27.283051], [94.746156, 27.283047], [94.745655, 27.283296], [94.745456, 27.283473], [94.745254, 27.283474], [94.745155, 27.283604], [94.744953, 27.283593], [94.744853, 27.283675], [94.744651, 27.283685], [94.744551, 27.28375], [94.744247, 27.283703], [94.744147, 27.283763], [94.743943, 27.283646], [94.743779, 27.283633], [94.74357, 27.283455], [94.743468, 27.283186], [94.743625, 27.282674], [94.743925, 27.282477], [94.74419, 27.282364], [94.744892, 27.281814], [94.74499, 27.281632], [94.745363, 27.281267], [94.745519, 27.281015], [94.745622, 27.280632], [94.745649, 27.28027], [94.745625, 27.28009], [94.745551, 27.280001], [94.745529, 27.27973], [94.745324, 27.279552], [94.744986, 27.279376], [94.744535, 27.279201], [94.744075, 27.279134], [94.743577, 27.278942], [94.74316, 27.278738], [94.742751, 27.27846], [94.742566, 27.278142], [94.742391, 27.277964], [94.742398, 27.277784], [94.742261, 27.277244], [94.742261, 27.277063], [94.742152, 27.276884], [94.742118, 27.276712], [94.741989, 27.276525], [94.741809, 27.276304], [94.741405, 27.275991], [94.741095, 27.275876], [94.740955, 27.275726], [94.740483, 27.275514], [94.740355, 27.275372], [94.740279, 27.275192], [94.740297, 27.274921], [94.740372, 27.274859], [94.740574, 27.274852], [94.740885, 27.275004], [94.741488, 27.275198], [94.741792, 27.27523], [94.742199, 27.275411], [94.743015, 27.275951], [94.743754, 27.276593], [94.744514, 27.277125], [94.744855, 27.277312], [94.745464, 27.277528], [94.746108, 27.277828], [94.746918, 27.277998], [94.747999, 27.278139], [94.748605, 27.278111], [94.749488, 27.277966], [94.749913, 27.277781], [94.751159, 27.277042], [94.751568, 27.276676], [94.752077, 27.276128], [94.752349, 27.275674], [94.752504, 27.275532], [94.752779, 27.274314], [94.752792, 27.273773], [94.752915, 27.2735], [94.752765, 27.273231], [94.752742, 27.27269], [94.752657, 27.27224], [94.752345, 27.271793], [94.751771, 27.270717], [94.751632, 27.270538], [94.751616, 27.270438], [94.75152, 27.270779], [94.751317, 27.270689], [94.751162, 27.270544], [94.750791, 27.270097], [94.749981, 27.269265], [94.748853, 27.268183], [94.748643, 27.267868], [94.748655, 27.267597], [94.748572, 27.267507], [94.748052, 27.267153], [94.747453, 27.266619], [94.74731, 27.266358], [94.747107, 27.266301], [94.746967, 27.266174], [94.746597, 27.265984], [94.74588, 27.265344], [94.745441, 27.265019], [94.744752, 27.264297], [94.744541, 27.263947], [94.744323, 27.26377], [94.744178, 27.263501], [94.743866, 27.263143], [94.743781, 27.262964], [94.743311, 27.262534], [94.743183, 27.26234], [94.742866, 27.261802], [94.742703, 27.261353], [94.742294, 27.260726], [94.742029, 27.260188], [94.741748, 27.259466], [94.741443, 27.258932], [94.741431, 27.258751], [94.741325, 27.258482], [94.741049, 27.258034], [94.740799, 27.257495], [94.740492, 27.256612], [94.740359, 27.256418], [94.740288, 27.256148], [94.740135, 27.255879], [94.739786, 27.254981], [94.739504, 27.254443], [94.739322, 27.254264], [94.739262, 27.253994], [94.738936, 27.253276], [94.738821, 27.252104], [94.738877, 27.251291], [94.738947, 27.25102], [94.73893, 27.250749], [94.738984, 27.250614], [94.739317, 27.250203], [94.739625, 27.250019], [94.743101, 27.249063], [94.74623, 27.248996], [94.749465, 27.249211], [94.751887, 27.249088], [94.751981, 27.249052], [94.751649, 27.248876], [94.751555, 27.248787], [94.751564, 27.248696], [94.751981, 27.248617], [94.752284, 27.248629], [94.753196, 27.248858], [94.754507, 27.248754], [94.758031, 27.248049], [94.759345, 27.248134], [94.761161, 27.248009], [94.76237, 27.247871], [94.762572, 27.247836], [94.762873, 27.247704], [94.763377, 27.247634], [94.76423, 27.247454], [94.764684, 27.247315], [94.765068, 27.247263], [94.766373, 27.246886], [94.766796, 27.246718], [94.767199, 27.246424], [94.767698, 27.246316], [94.767999, 27.246186], [94.769125, 27.245587], [94.769399, 27.245294], [94.769991, 27.244406], [94.770153, 27.243769], [94.77019, 27.243498], [94.770155, 27.243408], [94.769974, 27.243369], [94.76957, 27.243386], [94.769244, 27.2436], [94.769228, 27.244142], [94.76918, 27.244256], [94.768434, 27.244332], [94.768344, 27.244514], [94.768219, 27.245147], [94.767988, 27.245468], [94.767788, 27.245594], [94.767586, 27.245618], [94.767139, 27.245793], [94.766681, 27.245857], [94.766178, 27.246007], [94.765474, 27.246144], [94.763559, 27.246404], [94.762449, 27.24646], [94.761643, 27.246571], [94.759523, 27.24662], [94.758917, 27.24659], [94.757505, 27.246688], [94.7567, 27.246868], [94.753774, 27.247084], [94.75307, 27.247246], [94.752465, 27.247305], [94.751862, 27.247471], [94.750854, 27.247634], [94.748529, 27.247488], [94.74742, 27.247552], [94.747019, 27.247745], [94.746918, 27.247755], [94.745906, 27.247619], [94.7452, 27.247706], [94.742677, 27.247787], [94.741468, 27.247952], [94.740864, 27.248092], [94.740561, 27.248094], [94.739757, 27.248339], [94.739086, 27.248762], [94.738459, 27.249312], [94.738175, 27.249856], [94.738046, 27.250219], [94.738031, 27.25076], [94.73788, 27.251008], [94.737726, 27.251486], [94.73767, 27.251938], [94.737699, 27.25284], [94.737918, 27.253502], [94.738264, 27.254007], [94.738326, 27.254457], [94.738451, 27.254727], [94.738553, 27.255335], [94.738885, 27.256346], [94.738974, 27.256796], [94.739191, 27.257389], [94.739654, 27.258322], [94.740086, 27.260031], [94.740461, 27.261149], [94.74088, 27.262125], [94.741055, 27.262366], [94.741193, 27.262455], [94.741302, 27.262814], [94.741604, 27.263172], [94.74192, 27.264], [94.742126, 27.264307], [94.742538, 27.264766], [94.742809, 27.264962], [94.744381, 27.266386], [94.745814, 27.267452], [94.746445, 27.268075], [94.748013, 27.269229], [94.748786, 27.269942], [94.749295, 27.270565], [94.750051, 27.27137], [94.750459, 27.271906], [94.750842, 27.272638], [94.751039, 27.273163], [94.751137, 27.273613], [94.751299, 27.273972], [94.751323, 27.274242], [94.751438, 27.274602], [94.751478, 27.275143], [94.751365, 27.275596], [94.751098, 27.276098], [94.750499, 27.276544], [94.749899, 27.276895], [94.749497, 27.277028], [94.748892, 27.277132], [94.747782, 27.27721], [94.74677, 27.277082], [94.746161, 27.276887], [94.745512, 27.276571], [94.744734, 27.27604], [94.743732, 27.27524], [94.742292, 27.274265], [94.742246, 27.274175], [94.742322, 27.274084], [94.742297, 27.273994], [94.741466, 27.273745], [94.74116, 27.273595], [94.740857, 27.273573], [94.739842, 27.27327], [94.739032, 27.27317], [94.738711, 27.273046], [94.738523, 27.272888], [94.738322, 27.272959], [94.737413, 27.272968], [94.736603, 27.272855], [94.7362, 27.272913], [94.735493, 27.272899], [94.73509, 27.272963], [94.734584, 27.27292], [94.734381, 27.272835], [94.733977, 27.272862], [94.733066, 27.272722], [94.731448, 27.272576], [94.731143, 27.272487], [94.730941, 27.272512], [94.729844, 27.272434], [94.729525, 27.272361], [94.72922, 27.272217], [94.728917, 27.272206], [94.728208, 27.272076], [94.728004, 27.271972], [94.7277, 27.271942], [94.727395, 27.271782], [94.727092, 27.271779], [94.726788, 27.271704], [94.726576, 27.271752], [94.726485, 27.271722], [94.726436, 27.271573], [94.726381, 27.271548], [94.72618, 27.271619], [94.726079, 27.271604], [94.725874, 27.271438], [94.725469, 27.271375], [94.725063, 27.271237], [94.724859, 27.27112], [94.724659, 27.271207], [94.724455, 27.271119], [94.72442, 27.271147], [94.724457, 27.271246], [94.724559, 27.271297], [94.72466, 27.271284], [94.724864, 27.271443], [94.725068, 27.271531], [94.725709, 27.271672], [94.725828, 27.271851], [94.725747, 27.271943], [94.72548, 27.272034], [94.725146, 27.272221], [94.725054, 27.272312], [94.725182, 27.272401], [94.724947, 27.272675], [94.724584, 27.272897], [94.724382, 27.272888], [94.724239, 27.272774], [94.724229, 27.272683], [94.723873, 27.272675], [94.723058, 27.27218], [94.72224, 27.271542], [94.720601, 27.270091], [94.719881, 27.269214], [94.718705, 27.268058], [94.718546, 27.267835], [94.718338, 27.267393], [94.718126, 27.266779], [94.717799, 27.265176], [94.717266, 27.263563], [94.716997, 27.262483], [94.716827, 27.261402], [94.716711, 27.259779], [94.716747, 27.259417], [94.716687, 27.259147], [94.716689, 27.258726], [94.716723, 27.258605], [94.716859, 27.258423], [94.716742, 27.258063], [94.716736, 27.257702], [94.716806, 27.257521], [94.716738, 27.257251], [94.716818, 27.25707], [94.716793, 27.256799], [94.716889, 27.256166], [94.716916, 27.255534], [94.717024, 27.255352], [94.717326, 27.254135], [94.717456, 27.253903], [94.717486, 27.253722], [94.717619, 27.253509], [94.717715, 27.2532], [94.718435, 27.251815], [94.718955, 27.250635], [94.719281, 27.250089], [94.71968, 27.249575], [94.720771, 27.248346], [94.721366, 27.247593], [94.721761, 27.247002], [94.722252, 27.246088], [94.722552, 27.245951], [94.722751, 27.245755], [94.722876, 27.245532], [94.723181, 27.245258], [94.72317, 27.245168], [94.722938, 27.244771], [94.722528, 27.24439], [94.722214, 27.244187], [94.721965, 27.243919], [94.721304, 27.243568], [94.720898, 27.24345]]}}, {"type": "Feature", "properties": {}, "geometry": {"type": "LineString", "coordinates": [[94.628625, 27.279425], [94.62913, 27.279934], [94.629379, 27.280319], [94.629523, 27.280949], [94.629597, 27.281851], [94.629523, 27.282123], [94.628859, 27.283394], [94.628778, 27.283478], [94.628677, 27.283491], [94.628474, 27.28341], [94.627556, 27.282818], [94.627076, 27.282603], [94.626845, 27.282546], [94.626549, 27.282338], [94.626455, 27.282158], [94.626289, 27.281529], [94.626323, 27.281392], [94.626424, 27.281355], [94.626559, 27.281435], [94.627031, 27.281465], [94.627088, 27.281519], [94.627241, 27.282016], [94.627344, 27.28211], [94.627545, 27.282086], [94.62767, 27.281874], [94.627846, 27.280427], [94.628015, 27.279684], [94.628114, 27.279532], [94.628415, 27.279378], [94.628625, 27.279425]]}}, {"type": "Feature", "properties": {}, "geometry": {"type": "LineString", "coordinates": [[94.629861, 27.266774], [94.630152, 27.26686], [94.630846, 27.267214], [94.631272, 27.267517], [94.63178, 27.267713], [94.631986, 27.26796], [94.632495, 27.268235], [94.632596, 27.268253], [94.632646, 27.268096], [94.632554, 27.267916], [94.632108, 27.26747], [94.631989, 27.267291], [94.631981, 27.267201], [94.632074, 27.267104], [94.632276, 27.267056], [94.632984, 27.267117], [94.633408, 27.267365], [94.633596, 27.267542], [94.633631, 27.267633], [94.633619, 27.267994], [94.633367, 27.268629], [94.633265, 27.269262], [94.633033, 27.269626], [94.632325, 27.27045], [94.63192, 27.271173], [94.631836, 27.271508], [94.631605, 27.27208], [94.631607, 27.272441], [94.631669, 27.272711], [94.631961, 27.273159], [94.632278, 27.273426], [94.632604, 27.273602], [94.633181, 27.273731], [94.633687, 27.273763], [94.63389, 27.273838], [94.634095, 27.274021], [94.634298, 27.274109], [94.634399, 27.274134], [94.634801, 27.273986], [94.634903, 27.274015], [94.634885, 27.274117], [94.634705, 27.27431], [94.634604, 27.274342], [94.634531, 27.274482], [94.634523, 27.274753], [94.634606, 27.275204], [94.635441, 27.276283], [94.635747, 27.276453], [94.635948, 27.27643], [94.6362, 27.276268], [94.636271, 27.275996], [94.636446, 27.275921], [94.636547, 27.27594], [94.637157, 27.276222], [94.63732, 27.276345], [94.63781, 27.277152], [94.638188, 27.277508], [94.638492, 27.277686], [94.639101, 27.27788], [94.640417, 27.278083], [94.640926, 27.278343], [94.641411, 27.278464], [94.641638, 27.278672], [94.641739, 27.27868], [94.64214, 27.278431], [94.642241, 27.278454], [94.642654, 27.279352], [94.642767, 27.279856], [94.642931, 27.280251], [94.642979, 27.280562], [94.643171, 27.28079], [94.643, 27.281424], [94.642813, 27.281787], [94.642696, 27.281951], [94.642497, 27.282108], [94.6422, 27.282245], [94.642214, 27.282877], [94.642139, 27.283058], [94.641099, 27.283237], [94.64029, 27.283167], [94.639685, 27.283277], [94.638979, 27.283302], [94.638473, 27.28325], [94.638352, 27.283193], [94.638279, 27.283104], [94.63828, 27.283013], [94.638433, 27.282831], [94.638666, 27.282671], [94.638665, 27.282605], [94.63836, 27.282442], [94.638155, 27.282264], [94.638047, 27.281933], [94.637638, 27.281448], [94.637332, 27.281239], [94.637126, 27.280982], [94.636521, 27.281076], [94.635918, 27.281264], [94.635213, 27.281399], [94.634168, 27.281166], [94.633387, 27.280898], [94.633081, 27.280651], [94.633073, 27.280547], [94.633378, 27.280293], [94.63358, 27.280289], [94.633681, 27.280243], [94.633758, 27.280088], [94.633674, 27.279779], [94.632456, 27.279369], [94.632047, 27.279075], [94.63139, 27.27831], [94.630893, 27.277323], [94.63063, 27.276965], [94.629877, 27.276252], [94.628664, 27.275453], [94.628147, 27.274857], [94.627641, 27.274021], [94.627211, 27.273024], [94.626685, 27.272137], [94.626593, 27.271777], [94.626467, 27.271507], [94.626216, 27.270427], [94.626172, 27.269886], [94.626226, 27.269434], [94.626444, 27.2689], [94.62669, 27.268526], [94.626941, 27.268309], [94.627343, 27.268209], [94.627601, 27.267794], [94.62784, 27.267624], [94.628043, 27.267696], [94.628117, 27.267788], [94.6281, 27.268059], [94.627111, 27.269424], [94.627071, 27.269876], [94.627119, 27.270056], [94.627271, 27.270172], [94.627473, 27.270188], [94.627573, 27.270135], [94.627823, 27.269867], [94.628069, 27.269466], [94.628368, 27.269204], [94.628468, 27.269157], [94.629024, 27.269131], [94.629169, 27.268407], [94.629252, 27.267481], [94.629315, 27.267232], [94.629545, 27.26684], [94.629746, 27.266746], [94.629861, 27.266774]]}}, {"type": "Feature", "properties": {}, "geometry": {"type": "LineString", "coordinates": [[94.607797, 27.274702], [94.608347, 27.274764], [94.608953, 27.274729], [94.609467, 27.274863], [94.609637, 27.274952], [94.610176, 27.275499], [94.61038, 27.275617], [94.610887, 27.275752], [94.611704, 27.276373], [94.612114, 27.276786], [94.612786, 27.277713], [94.613146, 27.278301], [94.613452, 27.278969], [94.613501, 27.27924], [94.612702, 27.280242], [94.61265, 27.280513], [94.612476, 27.280861], [94.612353, 27.2816], [94.612344, 27.282593], [94.612267, 27.282864], [94.612202, 27.282924], [94.611798, 27.282873], [94.611492, 27.282706], [94.610971, 27.282338], [94.609755, 27.281331], [94.608327, 27.280379], [94.607003, 27.279643], [94.606594, 27.279333], [94.606389, 27.279102], [94.605942, 27.278424], [94.605861, 27.278064], [94.605971, 27.277431], [94.605991, 27.276979], [94.605878, 27.276349], [94.60592, 27.275446], [94.606037, 27.275083], [94.606305, 27.274719], [94.606426, 27.274662], [94.606528, 27.274701], [94.606631, 27.274836], [94.606833, 27.274857], [94.606935, 27.27494], [94.607041, 27.275072], [94.607174, 27.275431], [94.60719, 27.275702], [94.607039, 27.276065], [94.607157, 27.276294], [94.607257, 27.276254], [94.607456, 27.276042], [94.607632, 27.275697], [94.607647, 27.275426], [94.607479, 27.274796], [94.607538, 27.274718], [94.607797, 27.274702]]}}, {"type": "Feature", "properties": {}, "geometry": {"type": "LineString", "coordinates": [[94.613781, 27.28041], [94.614009, 27.280768], [94.614043, 27.281039], [94.614132, 27.281218], [94.614034, 27.281671], [94.613877, 27.281853], [94.613736, 27.282125], [94.613606, 27.282214], [94.613405, 27.282257], [94.613304, 27.282233], [94.613039, 27.281772], [94.612998, 27.281412], [94.613246, 27.280867], [94.613422, 27.280594], [94.613681, 27.280359], [94.613781, 27.28041]]}}, {"type": "Feature", "properties": {}, "geometry": {"type": "LineString", "coordinates": [[94.653165, 27.272548], [94.653876, 27.272842], [94.654488, 27.273237], [94.65453, 27.273345], [94.654494, 27.273616], [94.654596, 27.273704], [94.654796, 27.273608], [94.654897, 27.273624], [94.655204, 27.273891], [94.655306, 27.273913], [94.65571, 27.273907], [94.655815, 27.273781], [94.655909, 27.273732], [94.65601, 27.27374], [94.656123, 27.273777], [94.656316, 27.273935], [94.656356, 27.274045], [94.656293, 27.274226], [94.65622, 27.274288], [94.655596, 27.274686], [94.654726, 27.275681], [94.654625, 27.275703], [94.654423, 27.275656], [94.654336, 27.275694], [94.654429, 27.276082], [94.654668, 27.276412], [94.654503, 27.276955], [94.654278, 27.277319], [94.654347, 27.277393], [94.654548, 27.277333], [94.654648, 27.277258], [94.655071, 27.276768], [94.655232, 27.275769], [94.655464, 27.275229], [94.655817, 27.274864], [94.656624, 27.274278], [94.656794, 27.274311], [94.656988, 27.274489], [94.657067, 27.274849], [94.657071, 27.2753], [94.657201, 27.27566], [94.65713, 27.276022], [94.656807, 27.276567], [94.656412, 27.277113], [94.655721, 27.277844], [94.654567, 27.27857], [94.653896, 27.279851], [94.65378, 27.280001], [94.653679, 27.280017], [94.653292, 27.279858], [94.652682, 27.279504], [94.651843, 27.278837], [94.651002, 27.277719], [94.65075, 27.27718], [94.650472, 27.276732], [94.650497, 27.276639], [94.650598, 27.276596], [94.650697, 27.27648], [94.650653, 27.276098], [94.650761, 27.275826], [94.651091, 27.275776], [94.651194, 27.2759], [94.651403, 27.276369], [94.651647, 27.276538], [94.651771, 27.276717], [94.651817, 27.277034], [94.651939, 27.277076], [94.652012, 27.276985], [94.651934, 27.276715], [94.651923, 27.276354], [94.652111, 27.275901], [94.652336, 27.274454], [94.652679, 27.273907], [94.652963, 27.272598], [94.653063, 27.272504], [94.653165, 27.272548]]}}, {"type": "Feature", "properties": {}, "geometry": {"type": "LineString", "coordinates": [[95.402524, 27.265636], [95.401833, 27.266345], [95.40169, 27.266753], [95.401543, 27.266967], [95.401344, 27.26709], [95.400921, 27.267218], [95.401349, 27.267323], [95.401549, 27.267213], [95.401843, 27.266835], [95.402046, 27.266386], [95.402233, 27.266173], [95.402344, 27.26611], [95.402628, 27.26576], [95.402622, 27.265654], [95.402524, 27.265636]]}}, {"type": "Feature", "properties": {}, "geometry": {"type": "LineString", "coordinates": [[94.625501, 27.275942], [94.625639, 27.276018], [94.6257, 27.27612], [94.625671, 27.276571], [94.62526, 27.277779], [94.62516, 27.277844], [94.625059, 27.27784], [94.624363, 27.277489], [94.624135, 27.277221], [94.623938, 27.277127], [94.623796, 27.276954], [94.623833, 27.276876], [94.623939, 27.276862], [94.624031, 27.27632], [94.624201, 27.276137], [94.624829, 27.27589], [94.625501, 27.275942]]}}, {"type": "Feature", "properties": {}, "geometry": {"type": "LineString", "coordinates": [[94.636705, 27.273554], [94.636919, 27.273764], [94.637171, 27.274361], [94.637373, 27.275442], [94.637334, 27.275623], [94.637251, 27.275732], [94.637151, 27.275766], [94.636948, 27.275754], [94.636691, 27.275631], [94.636339, 27.275543], [94.635429, 27.275454], [94.635225, 27.27536], [94.635048, 27.275108], [94.635141, 27.274836], [94.635163, 27.274565], [94.635501, 27.27411], [94.635606, 27.273779], [94.635807, 27.273661], [94.636312, 27.273646], [94.636613, 27.27351], [94.636705, 27.273554]]}}, {"type": "Feature", "properties": {}, "geometry": {"type": "LineString", "coordinates": [[94.640632, 27.260962], [94.64199, 27.261406], [94.642502, 27.26185], [94.642616, 27.262022], [94.642713, 27.262382], [94.642617, 27.262816], [94.642321, 27.263253], [94.642068, 27.263924], [94.641909, 27.264106], [94.64189, 27.264377], [94.641967, 27.264737], [94.641941, 27.264907], [94.641841, 27.264967], [94.641553, 27.265013], [94.641842, 27.265066], [94.642731, 27.265541], [94.643519, 27.265802], [94.644404, 27.266604], [94.644797, 27.266802], [94.644941, 27.266778], [94.644938, 27.266417], [94.644991, 27.266304], [94.645092, 27.266247], [94.645193, 27.266241], [94.645397, 27.266431], [94.645601, 27.266526], [94.645727, 27.266498], [94.645799, 27.266244], [94.6459, 27.266272], [94.645957, 27.266405], [94.645852, 27.266587], [94.646268, 27.267395], [94.646408, 27.268296], [94.64645, 27.269301], [94.646665, 27.270211], [94.646873, 27.270584], [94.647182, 27.270904], [94.647464, 27.271081], [94.64804, 27.271345], [94.647997, 27.271462], [94.647595, 27.271649], [94.646789, 27.271728], [94.646182, 27.271701], [94.645975, 27.271343], [94.645873, 27.271296], [94.645672, 27.27136], [94.645184, 27.27174], [94.644849, 27.272105], [94.644821, 27.272196], [94.644882, 27.272603], [94.645249, 27.273364], [94.645199, 27.273523], [94.644117, 27.27428], [94.6436, 27.274728], [94.6432, 27.274965], [94.642999, 27.275032], [94.642595, 27.275056], [94.642483, 27.275021], [94.642252, 27.274482], [94.642161, 27.274393], [94.642131, 27.274213], [94.642258, 27.273941], [94.642269, 27.273128], [94.641949, 27.272344], [94.641564, 27.271963], [94.641029, 27.271628], [94.640385, 27.270984], [94.640099, 27.270188], [94.639755, 27.269728], [94.639574, 27.269369], [94.639581, 27.269322], [94.639682, 27.269274], [94.640119, 27.269543], [94.640364, 27.26963], [94.640599, 27.269836], [94.6407, 27.269815], [94.640898, 27.269566], [94.641235, 27.26953], [94.642003, 27.269069], [94.642404, 27.268946], [94.642606, 27.268926], [94.642981, 27.269058], [94.643115, 27.269188], [94.643117, 27.269348], [94.642931, 27.26969], [94.642818, 27.269782], [94.642866, 27.269872], [94.643024, 27.269881], [94.643325, 27.269742], [94.643359, 27.269685], [94.643315, 27.26908], [94.643212, 27.268945], [94.64311, 27.268867], [94.642675, 27.268701], [94.642198, 27.268647], [94.641592, 27.268693], [94.641391, 27.268744], [94.641099, 27.2689], [94.640531, 27.269358], [94.640391, 27.2694], [94.640199, 27.26882], [94.640199, 27.268549], [94.640077, 27.26837], [94.64017, 27.268279], [94.640049, 27.26819], [94.639713, 27.268013], [94.639461, 27.267985], [94.639364, 27.267927], [94.638751, 27.267777], [94.638035, 27.267196], [94.637629, 27.267029], [94.637325, 27.266974], [94.636416, 27.266995], [94.635909, 27.266883], [94.6353, 27.26653], [94.634685, 27.26601], [94.633971, 27.265574], [94.633464, 27.265399], [94.633056, 27.265189], [94.632735, 27.264936], [94.632517, 27.264667], [94.632034, 27.264317], [94.631629, 27.264278], [94.631223, 27.264114], [94.630826, 27.263875], [94.630731, 27.263695], [94.630828, 27.263514], [94.63089, 27.263242], [94.631005, 27.26307], [94.631207, 27.263045], [94.631511, 27.263138], [94.631916, 27.263187], [94.631934, 27.26305], [94.631873, 27.262779], [94.631908, 27.262632], [94.63221, 27.262554], [94.633415, 27.262075], [94.633718, 27.262043], [94.634527, 27.262123], [94.635134, 27.26224], [94.635338, 27.262318], [94.635445, 27.262738], [94.636145, 27.263993], [94.636375, 27.264172], [94.636581, 27.264078], [94.636735, 27.264257], [94.636883, 27.264707], [94.637095, 27.265045], [94.637316, 27.265243], [94.637605, 27.265414], [94.638111, 27.265459], [94.63882, 27.265641], [94.639422, 27.265365], [94.639722, 27.265157], [94.639924, 27.265156], [94.640229, 27.265233], [94.640729, 27.265203], [94.641004, 27.265019], [94.64099, 27.264929], [94.64083, 27.264917], [94.640738, 27.264842], [94.640827, 27.264718], [94.640995, 27.264659], [94.640925, 27.264531], [94.640824, 27.264524], [94.640425, 27.264871], [94.640121, 27.264811], [94.638909, 27.264821], [94.638507, 27.264942], [94.638005, 27.265168], [94.637804, 27.265181], [94.637678, 27.265058], [94.637707, 27.264697], [94.637672, 27.264607], [94.637285, 27.264229], [94.63718, 27.264006], [94.636872, 27.26364], [94.636825, 27.263263], [94.636773, 27.263174], [94.636559, 27.262953], [94.636253, 27.262748], [94.636052, 27.262814], [94.635954, 27.263034], [94.635853, 27.263025], [94.635807, 27.262824], [94.635846, 27.262546], [94.636029, 27.26237], [94.636147, 27.262098], [94.637848, 27.261315], [94.638554, 27.261255], [94.638956, 27.261104], [94.639963, 27.260891], [94.640266, 27.260892], [94.640632, 27.260962]]}}, {"type": "Feature", "properties": {}, "geometry": {"type": "LineString", "coordinates": [[94.65032, 27.27204], [94.650449, 27.27249], [94.650423, 27.272671], [94.650275, 27.273034], [94.649847, 27.273633], [94.649249, 27.274193], [94.649049, 27.274326], [94.648932, 27.274313], [94.648394, 27.273868], [94.647825, 27.273501], [94.647216, 27.273314], [94.646103, 27.273157], [94.645696, 27.272999], [94.645491, 27.272778], [94.645262, 27.272281], [94.64528, 27.272181], [94.645381, 27.272167], [94.645687, 27.272351], [94.64599, 27.2724], [94.646397, 27.272604], [94.646806, 27.272886], [94.646907, 27.27289], [94.647107, 27.272771], [94.648013, 27.272557], [94.648717, 27.272335], [94.649422, 27.272247], [94.649826, 27.272241], [94.650127, 27.272064], [94.650227, 27.272024], [94.65032, 27.27204]]}}, {"type": "Feature", "properties": {}, "geometry": {"type": "LineString", "coordinates": [[94.606385, 27.270747], [94.606677, 27.27105], [94.607188, 27.271421], [94.6077, 27.271936], [94.608006, 27.2721], [94.608211, 27.272341], [94.608856, 27.273607], [94.60904, 27.274146], [94.609023, 27.274237], [94.608946, 27.274302], [94.608644, 27.274351], [94.607733, 27.27423], [94.607399, 27.274075], [94.606918, 27.273751], [94.606451, 27.273363], [94.606346, 27.273094], [94.606331, 27.272553], [94.606162, 27.271562], [94.60624, 27.270839], [94.606269, 27.270771], [94.606385, 27.270747]]}}, {"type": "Feature", "properties": {}, "geometry": {"type": "LineString", "coordinates": [[94.599656, 27.26622], [94.599794, 27.266309], [94.59983, 27.266489], [94.599697, 27.267303], [94.599499, 27.267847], [94.598846, 27.269028], [94.598772, 27.269209], [94.598775, 27.26939], [94.599074, 27.269155], [94.599371, 27.268683], [94.599768, 27.268215], [94.599869, 27.268201], [94.600072, 27.268264], [94.600172, 27.268193], [94.600468, 27.267752], [94.600562, 27.267257], [94.600661, 27.267063], [94.600761, 27.267028], [94.600863, 27.267067], [94.601233, 27.267466], [94.601456, 27.267554], [94.601534, 27.267824], [94.601521, 27.268004], [94.601192, 27.269091], [94.601357, 27.269721], [94.60145, 27.270442], [94.601431, 27.271345], [94.601553, 27.271614], [94.601572, 27.271795], [94.60146, 27.271977], [94.600828, 27.272435], [94.600341, 27.272934], [94.600141, 27.273077], [94.60004, 27.27307], [94.599634, 27.27281], [94.598319, 27.272193], [94.596575, 27.270951], [94.596451, 27.27077], [94.596366, 27.27048], [94.59606, 27.270233], [94.596006, 27.270143], [94.595958, 27.269783], [94.595847, 27.269498], [94.595555, 27.269156], [94.595259, 27.268708], [94.594108, 27.267457], [94.593573, 27.266651], [94.593584, 27.266619], [94.593837, 27.266738], [94.594398, 27.267061], [94.595005, 27.26713], [94.595406, 27.266934], [94.59601, 27.266748], [94.596816, 27.266644], [94.597319, 27.266516], [94.598429, 27.266417], [94.598934, 27.266434], [94.599336, 27.266273], [94.599656, 27.26622]]}}, {"type": "Feature", "properties": {}, "geometry": {"type": "LineString", "coordinates": [[94.655859, 27.265476], [94.65599, 27.265576], [94.656183, 27.265833], [94.65632, 27.266193], [94.656304, 27.266293], [94.656205, 27.266398], [94.655762, 27.266651], [94.655906, 27.266682], [94.656008, 27.266772], [94.656138, 27.267007], [94.656433, 27.267184], [94.6565, 27.267274], [94.656505, 27.267454], [94.656252, 27.26827], [94.65594, 27.269013], [94.655884, 27.270621], [94.655844, 27.270802], [94.655667, 27.270997], [94.655159, 27.270812], [94.654548, 27.270485], [94.654266, 27.270279], [94.654036, 27.270002], [94.653666, 27.269744], [94.653562, 27.269565], [94.653726, 27.269292], [94.653605, 27.268843], [94.653578, 27.268482], [94.653618, 27.268211], [94.653704, 27.268037], [94.653967, 27.267936], [94.654079, 27.267754], [94.654032, 27.266942], [94.654088, 27.266719], [94.654287, 27.266494], [94.654687, 27.266258], [94.654789, 27.266274], [94.655123, 27.266658], [94.655605, 27.266865], [94.655668, 27.266652], [94.655294, 27.26633], [94.65515, 27.266116], [94.655086, 27.265909], [94.655095, 27.265666], [94.655214, 27.265484], [94.655382, 27.265421], [94.655584, 27.265416], [94.655859, 27.265476]]}}, {"type": "Feature", "properties": {}, "geometry": {"type": "LineString", "coordinates": [[94.645398, 27.262892], [94.64616, 27.263326], [94.648088, 27.263957], [94.648188, 27.263913], [94.648263, 27.263761], [94.648104, 27.263582], [94.647918, 27.263494], [94.647905, 27.263404], [94.648786, 27.263362], [94.649103, 27.26339], [94.649779, 27.263653], [94.650105, 27.263731], [94.650513, 27.264009], [94.650719, 27.264274], [94.650872, 27.264633], [94.650901, 27.264813], [94.650825, 27.265175], [94.650839, 27.265551], [94.651049, 27.266084], [94.65137, 27.266612], [94.651605, 27.267512], [94.651665, 27.268324], [94.651644, 27.268685], [94.651436, 27.26941], [94.651206, 27.269876], [94.651011, 27.269956], [94.650601, 27.269971], [94.649928, 27.27015], [94.649695, 27.270168], [94.648885, 27.27005], [94.648478, 27.269868], [94.648322, 27.269717], [94.64807, 27.269585], [94.647914, 27.269271], [94.647949, 27.26909], [94.648062, 27.269049], [94.648265, 27.26909], [94.648275, 27.268996], [94.647958, 27.268368], [94.647972, 27.268277], [94.64805, 27.268229], [94.648252, 27.2682], [94.648264, 27.268093], [94.648202, 27.267913], [94.64778, 27.267287], [94.647698, 27.266295], [94.647508, 27.265698], [94.647302, 27.265425], [94.646893, 27.265092], [94.64655, 27.264954], [94.645002, 27.264792], [94.644562, 27.264558], [94.644257, 27.264472], [94.643752, 27.264436], [94.643618, 27.264357], [94.643617, 27.264267], [94.643948, 27.264], [94.644005, 27.263901], [94.644302, 27.263085], [94.644338, 27.263056], [94.644541, 27.263134], [94.644622, 27.262991], [94.64474, 27.262923], [94.645044, 27.263027], [94.645244, 27.262872], [94.645398, 27.262892]]}}, {"type": "Feature", "properties": {}, "geometry": {"type": "LineString", "coordinates": [[94.637561, 27.268219], [94.637806, 27.268397], [94.637999, 27.268846], [94.638266, 27.269142], [94.638371, 27.269834], [94.638331, 27.270015], [94.638179, 27.270141], [94.637876, 27.270143], [94.637268, 27.269995], [94.637166, 27.269925], [94.636959, 27.269587], [94.636722, 27.269492], [94.636717, 27.268951], [94.636747, 27.268897], [94.637014, 27.268767], [94.637047, 27.268676], [94.636944, 27.268582], [94.636743, 27.268604], [94.63654, 27.268546], [94.636465, 27.268503], [94.636478, 27.268412], [94.636638, 27.268361], [94.637042, 27.268383], [94.637561, 27.268219]]}}, {"type": "Feature", "properties": {}, "geometry": {"type": "LineString", "coordinates": [[95.439647, 27.25581], [95.439697, 27.255899], [95.439679, 27.256148], [95.439431, 27.256355], [95.4394, 27.256536], [95.439316, 27.256627], [95.438079, 27.256879], [95.437877, 27.25686], [95.437574, 27.256658], [95.437628, 27.256567], [95.438259, 27.256285], [95.438677, 27.256007], [95.439166, 27.25578], [95.439468, 27.255762], [95.439647, 27.25581]]}}, {"type": "Feature", "properties": {}, "geometry": {"type": "LineString", "coordinates": [[95.441322, 27.254246], [95.441456, 27.254316], [95.441479, 27.254424], [95.441164, 27.254791], [95.440267, 27.255364], [95.440167, 27.255387], [95.440082, 27.255351], [95.440123, 27.25526], [95.440443, 27.254984], [95.440515, 27.254712], [95.440951, 27.254285], [95.441151, 27.254202], [95.441322, 27.254246]]}}, {"type": "Feature", "properties": {}, "geometry": {"type": "LineString", "coordinates": [[95.410777, 27.254776], [95.410812, 27.254866], [95.410755, 27.255047], [95.41034, 27.255505], [95.409985, 27.255734], [95.409783, 27.255744], [95.409585, 27.255699], [95.409535, 27.25561], [95.409642, 27.255427], [95.410269, 27.254862], [95.410568, 27.254692], [95.41067, 27.254702], [95.410777, 27.254776]]}}, {"type": "Feature", "properties": {}, "geometry": {"type": "LineString", "coordinates": [[94.599861, 27.250693], [94.600124, 27.250765], [94.600456, 27.250957], [94.600737, 27.251259], [94.601029, 27.251492], [94.601217, 27.251761], [94.60149, 27.252389], [94.601571, 27.253054], [94.601699, 27.25356], [94.601709, 27.253921], [94.601632, 27.254283], [94.601646, 27.254644], [94.601552, 27.255548], [94.601314, 27.256995], [94.60114, 27.257629], [94.601101, 27.258171], [94.600904, 27.259075], [94.600785, 27.26016], [94.600822, 27.260611], [94.601068, 27.261691], [94.601817, 27.263939], [94.601769, 27.264301], [94.602235, 27.264837], [94.60235, 27.265137], [94.602722, 27.265734], [94.602671, 27.266385], [94.602278, 27.267172], [94.602078, 27.267265], [94.601874, 27.267141], [94.601606, 27.26683], [94.601233, 27.266112], [94.600532, 27.265131], [94.600415, 27.264587], [94.600241, 27.264318], [94.599459, 27.263605], [94.598277, 27.262834], [94.598037, 27.262628], [94.597458, 27.262098], [94.596638, 27.2612], [94.596224, 27.260516], [94.595977, 27.259944], [94.595645, 27.259045], [94.595522, 27.258505], [94.595449, 27.25634], [94.595957, 27.256015], [94.596861, 27.255665], [94.597138, 27.255598], [94.597384, 27.255415], [94.597638, 27.255141], [94.598264, 27.254868], [94.598664, 27.254574], [94.598866, 27.254561], [94.598968, 27.254653], [94.599085, 27.254673], [94.599151, 27.253951], [94.599457, 27.25354], [94.599533, 27.252953], [94.599412, 27.251962], [94.599229, 27.25174], [94.599181, 27.251513], [94.599196, 27.251242], [94.599241, 27.251151], [94.599422, 27.251111], [94.599479, 27.251058], [94.599434, 27.250788], [94.599507, 27.250697], [94.599618, 27.25066], [94.599861, 27.250693]]}}, {"type": "Feature", "properties": {}, "geometry": {"type": "LineString", "coordinates": [[95.444561, 27.25049], [95.444782, 27.250577], [95.444814, 27.250666], [95.444688, 27.250939], [95.44462, 27.251246], [95.444099, 27.251852], [95.442938, 27.252829], [95.442642, 27.253153], [95.442442, 27.253251], [95.442241, 27.253288], [95.442043, 27.253472], [95.441844, 27.253572], [95.441642, 27.253601], [95.441439, 27.253554], [95.441423, 27.253433], [95.44155, 27.253069], [95.441725, 27.252796], [95.441871, 27.252161], [95.442241, 27.251704], [95.442496, 27.251248], [95.442698, 27.251063], [95.443385, 27.250781], [95.443997, 27.250463], [95.444299, 27.250405], [95.444561, 27.25049]]}}, {"type": "Feature", "properties": {}, "geometry": {"type": "LineString", "coordinates": [[94.574729, 27.235543], [94.574965, 27.235616], [94.57537, 27.235663], [94.575635, 27.235804], [94.576393, 27.236584], [94.576622, 27.236966], [94.576673, 27.237326], [94.576552, 27.237689], [94.576476, 27.238141], [94.576416, 27.238222], [94.576113, 27.238199], [94.576102, 27.238326], [94.576323, 27.23882], [94.576658, 27.239403], [94.577288, 27.24093], [94.577419, 27.242102], [94.577587, 27.242508], [94.577688, 27.242529], [94.577709, 27.24246], [94.577775, 27.241495], [94.577875, 27.241405], [94.577999, 27.241373], [94.577767, 27.240913], [94.577707, 27.240654], [94.577733, 27.239661], [94.577643, 27.239309], [94.577538, 27.239122], [94.577463, 27.238762], [94.577497, 27.237859], [94.577207, 27.237061], [94.576437, 27.235795], [94.576442, 27.235704], [94.576582, 27.235649], [94.576784, 27.235671], [94.577393, 27.235873], [94.577596, 27.235993], [94.577803, 27.236354], [94.578008, 27.23652], [94.578451, 27.237036], [94.579031, 27.237461], [94.579341, 27.237947], [94.579545, 27.238108], [94.580057, 27.238281], [94.580628, 27.238365], [94.581065, 27.23848], [94.581671, 27.238534], [94.582582, 27.238689], [94.58329, 27.238713], [94.585212, 27.238948], [94.586626, 27.239006], [94.587943, 27.2393], [94.588061, 27.239274], [94.587963, 27.239185], [94.587739, 27.239109], [94.587227, 27.238661], [94.586957, 27.238564], [94.586853, 27.238385], [94.587019, 27.23822], [94.58722, 27.238178], [94.588131, 27.238272], [94.588972, 27.238632], [94.590223, 27.23961], [94.59078, 27.239958], [94.591397, 27.24059], [94.591582, 27.241039], [94.591772, 27.241308], [94.592023, 27.241846], [94.592254, 27.242566], [94.592348, 27.243197], [94.592244, 27.243505], [94.59055, 27.245117], [94.590154, 27.24561], [94.59006, 27.24584], [94.589956, 27.246383], [94.589959, 27.247556], [94.590194, 27.248439], [94.590402, 27.248885], [94.590608, 27.249166], [94.590812, 27.249329], [94.591016, 27.249426], [94.591096, 27.249349], [94.590801, 27.24863], [94.59067, 27.247909], [94.590639, 27.246917], [94.5907, 27.246555], [94.590783, 27.246374], [94.59097, 27.246178], [94.591161, 27.245828], [94.591467, 27.245553], [94.591763, 27.245147], [94.591962, 27.244964], [94.592364, 27.244832], [94.592557, 27.244548], [94.592662, 27.244485], [94.592763, 27.244477], [94.592966, 27.244545], [94.593252, 27.244901], [94.593548, 27.24553], [94.594545, 27.247233], [94.595041, 27.248443], [94.595351, 27.249029], [94.595723, 27.250018], [94.595977, 27.250306], [94.596319, 27.250914], [94.596854, 27.25163], [94.597297, 27.251986], [94.597719, 27.25207], [94.597821, 27.252139], [94.598292, 27.252787], [94.598386, 27.253057], [94.59839, 27.253508], [94.59852, 27.253867], [94.598507, 27.254048], [94.598053, 27.254249], [94.597549, 27.254322], [94.59742, 27.254422], [94.597399, 27.254693], [94.597353, 27.254733], [94.59663, 27.254972], [94.59645, 27.255113], [94.595948, 27.255343], [94.595648, 27.255532], [94.595349, 27.255839], [94.595158, 27.256162], [94.5951, 27.256434], [94.594836, 27.256978], [94.594819, 27.257069], [94.594862, 27.257126], [94.595063, 27.257016], [94.595178, 27.257065], [94.595175, 27.257245], [94.595109, 27.257427], [94.594959, 27.257609], [94.594916, 27.258061], [94.595071, 27.258962], [94.595361, 27.259951], [94.595406, 27.260763], [94.595575, 27.261393], [94.595626, 27.262024], [94.59597, 27.263103], [94.595961, 27.26334], [94.595827, 27.263466], [94.59556, 27.263568], [94.594168, 27.263846], [94.592743, 27.264299], [94.592238, 27.264326], [94.591427, 27.26416], [94.590107, 27.263634], [94.588385, 27.263299], [94.58778, 27.263106], [94.587489, 27.262929], [94.587254, 27.262751], [94.586988, 27.262393], [94.587013, 27.261942], [94.586842, 27.261341], [94.586637, 27.261145], [94.586323, 27.260956], [94.586328, 27.260709], [94.586461, 27.260594], [94.586534, 27.260322], [94.586416, 27.259773], [94.586103, 27.259424], [94.585833, 27.259247], [94.585396, 27.259078], [94.584688, 27.258979], [94.584586, 27.258924], [94.584524, 27.258811], [94.584336, 27.258722], [94.583673, 27.258667], [94.582866, 27.258709], [94.582663, 27.258637], [94.582653, 27.25838], [94.583117, 27.257202], [94.583146, 27.257021], [94.582912, 27.256392], [94.582522, 27.255847], [94.582112, 27.25541], [94.581704, 27.255095], [94.58089, 27.254714], [94.58049, 27.254433], [94.579852, 27.254079], [94.579606, 27.253992], [94.579159, 27.253699], [94.578753, 27.253588], [94.578349, 27.253555], [94.578449, 27.253503], [94.57858, 27.253281], [94.578745, 27.253189], [94.57895, 27.253192], [94.579154, 27.253337], [94.579239, 27.253184], [94.579144, 27.252824], [94.578634, 27.25229], [94.577055, 27.250862], [94.576385, 27.250356], [94.575367, 27.249763], [94.573233, 27.248826], [94.572985, 27.248651], [94.572475, 27.248115], [94.572301, 27.247846], [94.5718, 27.2475], [94.571493, 27.247173], [94.571289, 27.247096], [94.570885, 27.247062], [94.570783, 27.24702], [94.570681, 27.246893], [94.570576, 27.246692], [94.570543, 27.246422], [94.570555, 27.24606], [94.570647, 27.245789], [94.570764, 27.245649], [94.570865, 27.245649], [94.571272, 27.245858], [94.571322, 27.245781], [94.571269, 27.245511], [94.571031, 27.244972], [94.570963, 27.244521], [94.570995, 27.242355], [94.570903, 27.241273], [94.571039, 27.240459], [94.571232, 27.240095], [94.571436, 27.239913], [94.571445, 27.239371], [94.57168, 27.238971], [94.57216, 27.23846], [94.572712, 27.238003], [94.573158, 27.237546], [94.573475, 27.237349], [94.573742, 27.237269], [94.573742, 27.236998], [94.573846, 27.236636], [94.574236, 27.235549], [94.574459, 27.235493], [94.574729, 27.235543]]}}, {"type": "Feature", "properties": {}, "geometry": {"type": "LineString", "coordinates": [[95.430783, 27.251001], [95.430884, 27.25103], [95.431042, 27.251177], [95.431432, 27.25126], [95.43161, 27.251348], [95.431726, 27.251436], [95.431709, 27.251526], [95.431602, 27.251563], [95.430589, 27.251388], [95.430185, 27.251385], [95.429981, 27.251295], [95.429273, 27.251243], [95.429156, 27.25121], [95.429076, 27.251121], [95.429368, 27.250968], [95.42957, 27.250934], [95.429874, 27.25103], [95.430579, 27.25093], [95.430783, 27.251001]]}}, {"type": "Feature", "properties": {}, "geometry": {"type": "LineString", "coordinates": [[94.694109, 27.260686], [94.695538, 27.26121], [94.695927, 27.261476], [94.695682, 27.261479], [94.694708, 27.261079], [94.693671, 27.260781], [94.69352, 27.260693], [94.693691, 27.260639], [94.694109, 27.260686]]}}, {"type": "Feature", "properties": {}, "geometry": {"type": "LineString", "coordinates": [[94.604912, 27.257134], [94.60505, 27.257674], [94.605594, 27.258894], [94.605757, 27.259381], [94.605759, 27.259561], [94.605706, 27.259685], [94.605525, 27.259835], [94.604803, 27.260109], [94.604382, 27.26039], [94.604483, 27.260569], [94.604609, 27.26064], [94.605214, 27.260578], [94.605618, 27.260586], [94.605719, 27.260615], [94.605759, 27.260735], [94.605225, 27.261369], [94.6049, 27.261467], [94.604785, 27.261558], [94.604825, 27.261665], [94.60512, 27.261735], [94.605122, 27.261825], [94.604927, 27.261918], [94.60463, 27.262149], [94.604529, 27.262147], [94.604306, 27.261925], [94.604195, 27.261385], [94.603993, 27.260936], [94.604061, 27.260664], [94.604198, 27.260482], [94.604036, 27.260303], [94.603973, 27.260123], [94.603941, 27.259402], [94.603823, 27.25841], [94.603867, 27.258256], [94.604562, 27.257228], [94.604759, 27.257066], [94.60486, 27.257077], [94.604912, 27.257134]]}}, {"type": "Feature", "properties": {}, "geometry": {"type": "LineString", "coordinates": [[94.634085, 27.257338], [94.63466, 27.257392], [94.635315, 27.257594], [94.635539, 27.257772], [94.635519, 27.257863], [94.634774, 27.258301], [94.634475, 27.258567], [94.634274, 27.258681], [94.633771, 27.258795], [94.63357, 27.258888], [94.633347, 27.259062], [94.633072, 27.259373], [94.632782, 27.259519], [94.631564, 27.259786], [94.631061, 27.259943], [94.630154, 27.260113], [94.629447, 27.260116], [94.629342, 27.260101], [94.629142, 27.259982], [94.629039, 27.259793], [94.628885, 27.259655], [94.628721, 27.259567], [94.628425, 27.259278], [94.62808, 27.259033], [94.627502, 27.258283], [94.627341, 27.257958], [94.627492, 27.257652], [94.627692, 27.25751], [94.627894, 27.257464], [94.628703, 27.257562], [94.629208, 27.257546], [94.630219, 27.257632], [94.630724, 27.257624], [94.631535, 27.257832], [94.632142, 27.257878], [94.632308, 27.25781], [94.63224, 27.257721], [94.632281, 27.25763], [94.63272, 27.257444], [94.633345, 27.257289], [94.634085, 27.257338]]}}, {"type": "Feature", "properties": {}, "geometry": {"type": "LineString", "coordinates": [[94.62652, 27.256343], [94.626768, 27.256419], [94.62687, 27.256498], [94.626939, 27.256609], [94.626934, 27.256699], [94.626776, 27.257003], [94.626577, 27.257205], [94.626477, 27.257275], [94.626275, 27.257307], [94.626111, 27.25725], [94.62592, 27.257072], [94.625717, 27.256804], [94.625676, 27.256624], [94.625758, 27.256469], [94.625959, 27.256391], [94.626362, 27.256317], [94.62652, 27.256343]]}}, {"type": "Feature", "properties": {}, "geometry": {"type": "LineString", "coordinates": [[94.612154, 27.242519], [94.61243, 27.242711], [94.612897, 27.243232], [94.614181, 27.245043], [94.614282, 27.245099], [94.614584, 27.245003], [94.614788, 27.245134], [94.614975, 27.246187], [94.615216, 27.2468], [94.615598, 27.247443], [94.61604, 27.247957], [94.617268, 27.249064], [94.617676, 27.249285], [94.618791, 27.249621], [94.618971, 27.249751], [94.619201, 27.25004], [94.619283, 27.250289], [94.619263, 27.25047], [94.618911, 27.25091], [94.618818, 27.251107], [94.618758, 27.252552], [94.6187, 27.252913], [94.618638, 27.252996], [94.618335, 27.253001], [94.617221, 27.2528], [94.615806, 27.252716], [94.6146, 27.253108], [94.614298, 27.253168], [94.613996, 27.253148], [94.613893, 27.253114], [94.613451, 27.252703], [94.61266, 27.251661], [94.612463, 27.25118], [94.612451, 27.25109], [94.612532, 27.250999], [94.613096, 27.251263], [94.613464, 27.251372], [94.613565, 27.251356], [94.613597, 27.250806], [94.613656, 27.250664], [94.613757, 27.250651], [94.614061, 27.250759], [94.614203, 27.250709], [94.614205, 27.250619], [94.613245, 27.250181], [94.613108, 27.249909], [94.611936, 27.249291], [94.611612, 27.249033], [94.611373, 27.248756], [94.611263, 27.248396], [94.611389, 27.247943], [94.611326, 27.246951], [94.611376, 27.246623], [94.611554, 27.246407], [94.61144, 27.245776], [94.611452, 27.245596], [94.611559, 27.245299], [94.61166, 27.245327], [94.612273, 27.245824], [94.61235, 27.246037], [94.612307, 27.246127], [94.61236, 27.246398], [94.613206, 27.247466], [94.613514, 27.247738], [94.613826, 27.248475], [94.614239, 27.24909], [94.614631, 27.249531], [94.614737, 27.24971], [94.614716, 27.249891], [94.614757, 27.249961], [94.615465, 27.250039], [94.615872, 27.250255], [94.616379, 27.250438], [94.616481, 27.250455], [94.616842, 27.250317], [94.6167, 27.250138], [94.616004, 27.249695], [94.615354, 27.249396], [94.614898, 27.249257], [94.614686, 27.249079], [94.614479, 27.24863], [94.614308, 27.24809], [94.613927, 27.247553], [94.612944, 27.246391], [94.612678, 27.245923], [94.612181, 27.245407], [94.611452, 27.244783], [94.611399, 27.244513], [94.61152, 27.244151], [94.611642, 27.244108], [94.611946, 27.244157], [94.612046, 27.244088], [94.612056, 27.243964], [94.611914, 27.243334], [94.611914, 27.242792], [94.611965, 27.242521], [94.612023, 27.242466], [94.612154, 27.242519]]}}, {"type": "Feature", "properties": {}, "geometry": {"type": "LineString", "coordinates": [[94.672933, 27.244152], [94.674476, 27.245442], [94.674913, 27.245934], [94.675251, 27.246471], [94.675746, 27.247368], [94.676124, 27.248356], [94.676247, 27.249077], [94.676242, 27.249258], [94.676151, 27.249401], [94.67605, 27.249404], [94.675846, 27.249321], [94.675439, 27.249083], [94.674432, 27.248196], [94.674107, 27.247818], [94.672981, 27.246811], [94.672568, 27.24622], [94.672318, 27.245694], [94.672267, 27.245063], [94.672345, 27.244762], [94.672534, 27.244338], [94.672666, 27.244155], [94.672739, 27.244103], [94.672933, 27.244152]]}}, {"type": "Feature", "properties": {}, "geometry": {"type": "LineString", "coordinates": [[94.599723, 27.241217], [94.600395, 27.241453], [94.600901, 27.241571], [94.601219, 27.241741], [94.601717, 27.242105], [94.602146, 27.242272], [94.602532, 27.242589], [94.602737, 27.242822], [94.603143, 27.243434], [94.603559, 27.243797], [94.603765, 27.244059], [94.604018, 27.244598], [94.604082, 27.245075], [94.604707, 27.246386], [94.605119, 27.246944], [94.60522, 27.246959], [94.605715, 27.246238], [94.605815, 27.246171], [94.605865, 27.246201], [94.605882, 27.246291], [94.605735, 27.246835], [94.605334, 27.247883], [94.605194, 27.248736], [94.605155, 27.248827], [94.605046, 27.248891], [94.603934, 27.248841], [94.602719, 27.248614], [94.602313, 27.248459], [94.602021, 27.248321], [94.601791, 27.248144], [94.602188, 27.247959], [94.602102, 27.247809], [94.601493, 27.247636], [94.601087, 27.247469], [94.60068, 27.247233], [94.600206, 27.246898], [94.599861, 27.24649], [94.599653, 27.246182], [94.599641, 27.246092], [94.599833, 27.245909], [94.600356, 27.245821], [94.601075, 27.245624], [94.601987, 27.245253], [94.602064, 27.245183], [94.602162, 27.24489], [94.601953, 27.244503], [94.601549, 27.24449], [94.600944, 27.244547], [94.600592, 27.244637], [94.60004, 27.244877], [94.599033, 27.245079], [94.598627, 27.244965], [94.598423, 27.244832], [94.598009, 27.244396], [94.597807, 27.244117], [94.597594, 27.243769], [94.597528, 27.243318], [94.597205, 27.242961], [94.597079, 27.242601], [94.596814, 27.242243], [94.596808, 27.242063], [94.596969, 27.241971], [94.597431, 27.241875], [94.597874, 27.24171], [94.598364, 27.241413], [94.598878, 27.241313], [94.599078, 27.24118], [94.59928, 27.241151], [94.599723, 27.241217]]}}, {"type": "Feature", "properties": {}, "geometry": {"type": "LineString", "coordinates": [[95.447622, 27.233834], [95.447839, 27.23401], [95.447922, 27.234189], [95.447915, 27.23428], [95.447786, 27.234469], [95.447709, 27.234734], [95.447499, 27.235166], [95.447148, 27.235737], [95.44691, 27.235971], [95.446811, 27.236029], [95.44671, 27.236028], [95.446625, 27.235926], [95.44658, 27.235747], [95.446563, 27.235206], [95.446481, 27.234666], [95.446587, 27.233942], [95.446662, 27.23384], [95.446762, 27.233794], [95.446964, 27.233811], [95.447169, 27.233953], [95.447462, 27.233836], [95.447622, 27.233834]]}}, {"type": "Feature", "properties": {}, "geometry": {"type": "LineString", "coordinates": [[94.565952, 27.241238], [94.56616, 27.241374], [94.566327, 27.241595], [94.566444, 27.241954], [94.566524, 27.242044], [94.566778, 27.242248], [94.567068, 27.242308], [94.567043, 27.24258], [94.567087, 27.242653], [94.567188, 27.24269], [94.567294, 27.243052], [94.567445, 27.243207], [94.56776, 27.243835], [94.568321, 27.244226], [94.568522, 27.244201], [94.568624, 27.244231], [94.568787, 27.244365], [94.569018, 27.244453], [94.569236, 27.244669], [94.569439, 27.244759], [94.569657, 27.244987], [94.569646, 27.245158], [94.569446, 27.245301], [94.569251, 27.245742], [94.569051, 27.245926], [94.568949, 27.245861], [94.568845, 27.245593], [94.56862, 27.24545], [94.568605, 27.24536], [94.568538, 27.245327], [94.568339, 27.245509], [94.568034, 27.245424], [94.567428, 27.245366], [94.567122, 27.245175], [94.566706, 27.24475], [94.566292, 27.243599], [94.566088, 27.243481], [94.565883, 27.243213], [94.565469, 27.242551], [94.565055, 27.241699], [94.565051, 27.241496], [94.56515, 27.241372], [94.565453, 27.241403], [94.565754, 27.241219], [94.565952, 27.241238]]}}, {"type": "Feature", "properties": {}, "geometry": {"type": "LineString", "coordinates": [[94.561852, 27.22648], [94.562925, 27.226712], [94.563635, 27.227092], [94.564174, 27.227177], [94.564957, 27.227563], [94.565975, 27.228204], [94.567888, 27.229843], [94.56843, 27.23046], [94.568945, 27.231168], [94.569251, 27.231368], [94.569558, 27.231688], [94.569864, 27.231842], [94.570682, 27.232623], [94.570903, 27.232968], [94.571139, 27.233237], [94.571408, 27.233959], [94.57174, 27.234493], [94.571797, 27.235034], [94.571579, 27.235488], [94.571216, 27.236034], [94.570638, 27.236666], [94.570341, 27.237069], [94.570141, 27.237239], [94.56984, 27.237387], [94.568832, 27.237461], [94.567917, 27.237605], [94.567462, 27.237791], [94.567275, 27.237973], [94.567054, 27.238337], [94.566976, 27.238699], [94.567062, 27.23924], [94.567247, 27.239869], [94.567202, 27.24005], [94.566994, 27.240323], [94.566987, 27.240414], [94.567057, 27.240529], [94.567158, 27.240568], [94.567229, 27.240501], [94.567552, 27.240046], [94.567399, 27.239326], [94.567384, 27.238965], [94.567632, 27.23815], [94.567805, 27.237968], [94.567929, 27.237924], [94.568434, 27.237943], [94.56914, 27.237837], [94.569542, 27.237704], [94.569842, 27.237515], [94.570145, 27.2375], [94.570246, 27.237545], [94.570347, 27.2375], [94.570446, 27.237354], [94.570818, 27.237121], [94.570891, 27.23703], [94.571013, 27.236668], [94.571343, 27.236512], [94.571645, 27.236468], [94.571946, 27.236297], [94.572144, 27.23606], [94.572242, 27.235808], [94.57244, 27.23552], [94.57254, 27.23549], [94.572697, 27.235566], [94.572886, 27.235925], [94.572879, 27.236015], [94.572752, 27.236166], [94.571768, 27.237021], [94.57149, 27.237385], [94.570941, 27.237662], [94.570151, 27.237916], [94.569855, 27.238455], [94.569467, 27.239549], [94.569359, 27.240207], [94.569255, 27.240479], [94.569263, 27.240659], [94.569455, 27.241199], [94.569468, 27.24165], [94.569104, 27.242737], [94.568968, 27.243822], [94.568822, 27.243958], [94.568721, 27.243956], [94.568428, 27.243828], [94.568079, 27.243471], [94.567464, 27.242575], [94.567165, 27.241766], [94.566764, 27.241257], [94.5664, 27.240962], [94.566145, 27.240283], [94.565427, 27.239495], [94.565045, 27.238901], [94.564863, 27.238723], [94.564041, 27.23828], [94.563633, 27.237924], [94.56307, 27.237298], [94.56216, 27.236406], [94.561598, 27.235961], [94.56072, 27.235087], [94.560515, 27.234855], [94.560333, 27.234531], [94.5599, 27.231467], [94.559915, 27.231105], [94.559805, 27.230746], [94.559744, 27.230257], [94.559628, 27.230025], [94.559398, 27.229035], [94.559321, 27.228924], [94.559293, 27.228675], [94.559216, 27.228587], [94.559215, 27.22856], [94.559625, 27.228985], [94.559726, 27.228985], [94.559757, 27.228851], [94.559459, 27.228493], [94.559315, 27.228461], [94.559214, 27.228494], [94.559113, 27.228447], [94.558937, 27.228047], [94.55905, 27.227685], [94.559175, 27.227593], [94.560576, 27.227307], [94.560104, 27.227096], [94.559801, 27.227153], [94.5597, 27.227108], [94.559571, 27.226957], [94.559457, 27.226688], [94.55946, 27.226597], [94.559544, 27.226506], [94.559691, 27.226491], [94.559995, 27.226564], [94.560097, 27.226616], [94.5602, 27.226799], [94.560302, 27.22686], [94.560733, 27.226764], [94.561408, 27.226472], [94.561852, 27.22648]]}}, {"type": "Feature", "properties": {}, "geometry": {"type": "LineString", "coordinates": [[94.596789, 27.229155], [94.598426, 27.230866], [94.599329, 27.231654], [94.599949, 27.232278], [94.600023, 27.232368], [94.600111, 27.232638], [94.600371, 27.232758], [94.600393, 27.232634], [94.60047, 27.232563], [94.600571, 27.232564], [94.600977, 27.232705], [94.602671, 27.233601], [94.604031, 27.234468], [94.60546, 27.235515], [94.606688, 27.236627], [94.607256, 27.23734], [94.60772, 27.238181], [94.608229, 27.238482], [94.608533, 27.238581], [94.608832, 27.238766], [94.608824, 27.238856], [94.608442, 27.239225], [94.608285, 27.239494], [94.608062, 27.240399], [94.60808, 27.241031], [94.607466, 27.242211], [94.607086, 27.243303], [94.606986, 27.243333], [94.606681, 27.243215], [94.603836, 27.24108], [94.602902, 27.24021], [94.601884, 27.23967], [94.600468, 27.23953], [94.599661, 27.239591], [94.596529, 27.239492], [94.595466, 27.23937], [94.594997, 27.239195], [94.594893, 27.239106], [94.59482, 27.238655], [94.594871, 27.237933], [94.594941, 27.237751], [94.595089, 27.237607], [94.59519, 27.237597], [94.595307, 27.237657], [94.595878, 27.238463], [94.596114, 27.238653], [94.596316, 27.238654], [94.596372, 27.238547], [94.596384, 27.238006], [94.596322, 27.237736], [94.59632, 27.237375], [94.596381, 27.237103], [94.596584, 27.23674], [94.596291, 27.235931], [94.596184, 27.235481], [94.596038, 27.235212], [94.595964, 27.234761], [94.595826, 27.234492], [94.595781, 27.234222], [94.595833, 27.233499], [94.596033, 27.232998], [94.596231, 27.232748], [94.596332, 27.232737], [94.596536, 27.232876], [94.59689, 27.233306], [94.597067, 27.233665], [94.597258, 27.234295], [94.597471, 27.234716], [94.598002, 27.23546], [94.598259, 27.235908], [94.599253, 27.237161], [94.599805, 27.237696], [94.600345, 27.237992], [94.600447, 27.238029], [94.600547, 27.237976], [94.600749, 27.237993], [94.600866, 27.237955], [94.600847, 27.237754], [94.59981, 27.236342], [94.598402, 27.234643], [94.598275, 27.234452], [94.598096, 27.234015], [94.597771, 27.233567], [94.597296, 27.23276], [94.596625, 27.232041], [94.596444, 27.231777], [94.596384, 27.231597], [94.596284, 27.230696], [94.596347, 27.230424], [94.596709, 27.229878], [94.596698, 27.229698], [94.596588, 27.229406], [94.59659, 27.229158], [94.596684, 27.229101], [94.596789, 27.229155]]}}, {"type": "Feature", "properties": {}, "geometry": {"type": "LineString", "coordinates": [[94.617627, 27.238928], [94.617526, 27.238975], [94.617428, 27.239156], [94.617334, 27.23948], [94.617469, 27.240201], [94.617646, 27.240279], [94.617696, 27.240198], [94.617708, 27.239837], [94.617837, 27.239509], [94.617854, 27.239294], [94.617831, 27.239069], [94.617627, 27.238928]]}}, {"type": "Feature", "properties": {}, "geometry": {"type": "LineString", "coordinates": [[94.667947, 27.237803], [94.668102, 27.237892], [94.668513, 27.238375], [94.668943, 27.238965], [94.668928, 27.239096], [94.668827, 27.239107], [94.668624, 27.239024], [94.66842, 27.238893], [94.668214, 27.238668], [94.668003, 27.238344], [94.667782, 27.237805], [94.667797, 27.237767], [94.667898, 27.237763], [94.667947, 27.237803]]}}, {"type": "Feature", "properties": {}, "geometry": {"type": "LineString", "coordinates": [[94.614303, 27.235634], [94.614374, 27.235814], [94.614415, 27.236445], [94.614363, 27.236685], [94.614063, 27.237081], [94.614049, 27.237171], [94.614121, 27.237261], [94.614093, 27.237351], [94.613368, 27.237733], [94.613188, 27.237723], [94.613108, 27.237543], [94.613115, 27.237363], [94.61345, 27.236389], [94.613661, 27.236002], [94.613944, 27.235651], [94.614145, 27.235555], [94.614303, 27.235634]]}}, {"type": "Feature", "properties": {}, "geometry": {"type": "LineString", "coordinates": [[94.578168, 27.235234], [94.57845, 27.235321], [94.578803, 27.235653], [94.579263, 27.236395], [94.579357, 27.236755], [94.579257, 27.236846], [94.579123, 27.236832], [94.578844, 27.23667], [94.578306, 27.236044], [94.578127, 27.235685], [94.57819, 27.235504], [94.577988, 27.235236], [94.578168, 27.235234]]}}, {"type": "Feature", "properties": {}, "geometry": {"type": "LineString", "coordinates": [[94.608807, 27.227213], [94.609671, 27.227925], [94.610615, 27.228831], [94.610818, 27.228909], [94.611424, 27.228949], [94.611729, 27.229091], [94.612031, 27.229034], [94.612437, 27.229201], [94.612639, 27.229148], [94.612842, 27.229218], [94.613657, 27.229762], [94.614064, 27.229983], [94.61427, 27.230228], [94.614541, 27.230757], [94.614525, 27.230938], [94.614013, 27.231846], [94.613776, 27.232481], [94.613303, 27.233195], [94.611809, 27.234667], [94.611511, 27.23502], [94.610416, 27.236048], [94.610245, 27.235951], [94.610108, 27.235715], [94.609902, 27.235504], [94.608622, 27.234616], [94.608067, 27.234253], [94.607115, 27.233821], [94.606506, 27.233106], [94.606124, 27.232559], [94.605706, 27.231852], [94.605371, 27.231043], [94.605279, 27.230322], [94.605432, 27.229598], [94.605891, 27.228871], [94.606371, 27.228613], [94.606874, 27.228546], [94.606976, 27.228582], [94.607059, 27.228677], [94.607184, 27.228991], [94.607293, 27.229593], [94.607395, 27.229846], [94.607702, 27.229902], [94.60799, 27.23002], [94.608208, 27.229986], [94.60825, 27.229837], [94.60821, 27.229566], [94.608008, 27.228937], [94.607881, 27.228306], [94.607938, 27.228125], [94.608092, 27.227943], [94.60816, 27.227671], [94.608471, 27.227226], [94.608571, 27.227166], [94.608807, 27.227213]]}}, {"type": "Feature", "properties": {}, "geometry": {"type": "LineString", "coordinates": [[94.583066, 27.234637], [94.583231, 27.234815], [94.583164, 27.234906], [94.583333, 27.235085], [94.583876, 27.23535], [94.584537, 27.235523], [94.584476, 27.235704], [94.584183, 27.235888], [94.583655, 27.235974], [94.58315, 27.235963], [94.582242, 27.236057], [94.581838, 27.236001], [94.581759, 27.235915], [94.581744, 27.235644], [94.581573, 27.235195], [94.581635, 27.235014], [94.58182, 27.234746], [94.582322, 27.234562], [94.582524, 27.234555], [94.582727, 27.234621], [94.583066, 27.234637]]}}, {"type": "Feature", "properties": {}, "geometry": {"type": "LineString", "coordinates": [[94.575905, 27.215943], [94.577312, 27.21692], [94.5778, 27.217456], [94.578048, 27.217907], [94.578224, 27.218083], [94.578354, 27.218154], [94.578559, 27.218362], [94.578965, 27.218509], [94.579178, 27.218704], [94.579298, 27.219064], [94.57938, 27.220056], [94.579508, 27.220596], [94.579716, 27.221135], [94.580121, 27.221684], [94.580325, 27.221866], [94.58063, 27.222008], [94.580934, 27.222089], [94.581138, 27.222218], [94.581825, 27.222375], [94.58205, 27.222488], [94.582159, 27.222642], [94.582217, 27.223002], [94.582466, 27.223293], [94.582775, 27.223774], [94.582985, 27.223987], [94.583243, 27.224164], [94.583591, 27.224316], [94.583793, 27.22435], [94.583995, 27.224305], [94.584072, 27.224335], [94.584301, 27.224534], [94.584506, 27.224741], [94.584917, 27.225307], [94.585438, 27.226405], [94.58554, 27.226498], [94.585742, 27.226486], [94.585903, 27.226571], [94.586353, 27.226865], [94.586558, 27.227051], [94.586981, 27.227642], [94.587487, 27.228519], [94.587693, 27.228756], [94.587794, 27.228765], [94.588078, 27.228623], [94.588999, 27.22835], [94.589416, 27.229256], [94.589627, 27.229847], [94.589842, 27.230769], [94.589906, 27.23158], [94.589957, 27.231756], [94.590099, 27.231939], [94.590148, 27.2323], [94.590126, 27.232571], [94.589937, 27.233205], [94.589571, 27.235014], [94.589483, 27.235196], [94.5894, 27.23524], [94.589198, 27.235237], [94.587275, 27.234899], [94.586569, 27.234968], [94.586067, 27.235151], [94.585763, 27.235109], [94.585459, 27.234989], [94.585158, 27.23518], [94.584957, 27.235205], [94.584748, 27.235159], [94.584446, 27.23482], [94.584246, 27.234959], [94.584146, 27.23498], [94.583538, 27.234832], [94.583264, 27.234815], [94.583265, 27.234725], [94.583334, 27.234685], [94.583535, 27.234676], [94.583836, 27.234509], [94.584139, 27.234512], [94.584343, 27.234632], [94.584382, 27.234622], [94.584364, 27.234532], [94.584033, 27.234158], [94.583628, 27.234082], [94.583527, 27.234094], [94.583399, 27.234182], [94.583424, 27.234272], [94.583633, 27.234437], [94.583634, 27.234493], [94.583432, 27.234474], [94.582902, 27.234097], [94.582583, 27.233649], [94.582175, 27.233473], [94.581598, 27.233319], [94.581497, 27.233325], [94.581398, 27.233392], [94.581381, 27.233573], [94.581201, 27.233855], [94.581101, 27.233895], [94.581, 27.233871], [94.580693, 27.233612], [94.580266, 27.233044], [94.580102, 27.232594], [94.579765, 27.23225], [94.578977, 27.231704], [94.577813, 27.231085], [94.577619, 27.230907], [94.57813, 27.230863], [94.578838, 27.230939], [94.579446, 27.231105], [94.580533, 27.231596], [94.581069, 27.23166], [94.581525, 27.231766], [94.581879, 27.231775], [94.581936, 27.231671], [94.581873, 27.231401], [94.581727, 27.231312], [94.579747, 27.230969], [94.57914, 27.230926], [94.578773, 27.230804], [94.578027, 27.230711], [94.576918, 27.230464], [94.576407, 27.230399], [94.576065, 27.230293], [94.57509, 27.230146], [94.574586, 27.230173], [94.57403, 27.230316], [94.573681, 27.230468], [94.573278, 27.230542], [94.572976, 27.230547], [94.572368, 27.230441], [94.571962, 27.230308], [94.571581, 27.230072], [94.571226, 27.229715], [94.571177, 27.229535], [94.571345, 27.229489], [94.572154, 27.229582], [94.57256, 27.229726], [94.572791, 27.229698], [94.572904, 27.229606], [94.57287, 27.229516], [94.572758, 27.229463], [94.572152, 27.229388], [94.572073, 27.229345], [94.572028, 27.229255], [94.572028, 27.228984], [94.571699, 27.228356], [94.570465, 27.227016], [94.569936, 27.226029], [94.569596, 27.225581], [94.569415, 27.225222], [94.569218, 27.224593], [94.569225, 27.224051], [94.569393, 27.223508], [94.569603, 27.223144], [94.569946, 27.222779], [94.570637, 27.222215], [94.571238, 27.221827], [94.57204, 27.221438], [94.572241, 27.221403], [94.572444, 27.221465], [94.572842, 27.221068], [94.573343, 27.220761], [94.573664, 27.220752], [94.573733, 27.220841], [94.57375, 27.220992], [94.573851, 27.220994], [94.574027, 27.220567], [94.574362, 27.220112], [94.574482, 27.21984], [94.574557, 27.219388], [94.57474, 27.219025], [94.574806, 27.218392], [94.57497, 27.217578], [94.575208, 27.216975], [94.575309, 27.216968], [94.575579, 27.2173], [94.575703, 27.21775], [94.575733, 27.218388], [94.57577, 27.21793], [94.575878, 27.217658], [94.576023, 27.21748], [94.576124, 27.217488], [94.576327, 27.2176], [94.576736, 27.217926], [94.576939, 27.21799], [94.57714, 27.217957], [94.577132, 27.217554], [94.577099, 27.217464], [94.576929, 27.21733], [94.576726, 27.217246], [94.576221, 27.217202], [94.576018, 27.217134], [94.575788, 27.217027], [94.575371, 27.216671], [94.575355, 27.2164], [94.575399, 27.216168], [94.575697, 27.215883], [94.575798, 27.215878], [94.575905, 27.215943]]}}, {"type": "Feature", "properties": {}, "geometry": {"type": "LineString", "coordinates": [[94.645886, 27.231008], [94.645777, 27.231838], [94.645782, 27.232108], [94.646646, 27.233813], [94.646718, 27.234083], [94.646842, 27.234189], [94.646845, 27.233811], [94.646694, 27.233271], [94.646341, 27.232553], [94.646063, 27.232105], [94.646071, 27.231383], [94.645988, 27.231096], [94.645886, 27.231008]]}}, {"type": "Feature", "properties": {}, "geometry": {"type": "LineString", "coordinates": [[94.574981, 27.231478], [94.575312, 27.231534], [94.575716, 27.231741], [94.575974, 27.231919], [94.576121, 27.232097], [94.576123, 27.232188], [94.575984, 27.23237], [94.57523, 27.232908], [94.574731, 27.233338], [94.574531, 27.233437], [94.574429, 27.233356], [94.57425, 27.23266], [94.574414, 27.232321], [94.57471, 27.232023], [94.574715, 27.231933], [94.574603, 27.231753], [94.574641, 27.231572], [94.574806, 27.231486], [94.574981, 27.231478]]}}, {"type": "Feature", "properties": {}, "geometry": {"type": "LineString", "coordinates": [[94.602009, 27.222958], [94.602559, 27.223339], [94.602966, 27.223546], [94.604587, 27.224192], [94.605119, 27.224457], [94.605707, 27.22462], [94.606318, 27.224955], [94.6066, 27.225252], [94.606834, 27.225737], [94.607023, 27.225879], [94.606964, 27.22606], [94.60599, 27.227335], [94.605611, 27.227701], [94.604993, 27.228159], [94.604444, 27.228707], [94.60386, 27.229557], [94.603661, 27.229979], [94.603432, 27.230704], [94.603373, 27.230813], [94.603272, 27.23083], [94.602864, 27.230559], [94.602148, 27.229857], [94.601025, 27.229041], [94.600207, 27.22834], [94.598978, 27.227114], [94.598778, 27.226876], [94.598718, 27.226696], [94.598768, 27.226553], [94.599069, 27.226423], [94.599576, 27.226539], [94.599777, 27.226503], [94.600099, 27.225507], [94.600933, 27.224324], [94.601191, 27.22405], [94.601356, 27.223972], [94.601559, 27.224028], [94.602069, 27.22436], [94.602313, 27.224669], [94.602683, 27.224933], [94.602834, 27.225295], [94.603097, 27.225636], [94.603299, 27.22567], [94.6034, 27.225635], [94.603453, 27.225469], [94.603437, 27.225018], [94.603322, 27.224658], [94.601934, 27.22341], [94.601746, 27.222938], [94.601846, 27.222884], [94.602009, 27.222958]]}}, {"type": "Feature", "properties": {}, "geometry": {"type": "LineString", "coordinates": [[94.577307, 27.209067], [94.57742, 27.209177], [94.577651, 27.209605], [94.577736, 27.210072], [94.577844, 27.210325], [94.578228, 27.210772], [94.578205, 27.210952], [94.578054, 27.211152], [94.578011, 27.211316], [94.578163, 27.211404], [94.57826, 27.21143], [94.578327, 27.211402], [94.578405, 27.211131], [94.57843, 27.210769], [94.578391, 27.210499], [94.57829, 27.210229], [94.578102, 27.209961], [94.578082, 27.20978], [94.578135, 27.209726], [94.578441, 27.209953], [94.578654, 27.210225], [94.578911, 27.210403], [94.579057, 27.210722], [94.579197, 27.210851], [94.579234, 27.211121], [94.579134, 27.211935], [94.579193, 27.212385], [94.579334, 27.212655], [94.579497, 27.212833], [94.580067, 27.213278], [94.580212, 27.213849], [94.580312, 27.213809], [94.580383, 27.213636], [94.580609, 27.213393], [94.581011, 27.213265], [94.581544, 27.213171], [94.581934, 27.212986], [94.581871, 27.212807], [94.581889, 27.212716], [94.582045, 27.212534], [94.582313, 27.21249], [94.582717, 27.212518], [94.583833, 27.212873], [94.584138, 27.213012], [94.585114, 27.213673], [94.585462, 27.213854], [94.585765, 27.213894], [94.586611, 27.214468], [94.586786, 27.214686], [94.586854, 27.215097], [94.58704, 27.215366], [94.587313, 27.216208], [94.588132, 27.217045], [94.588437, 27.217162], [94.58884, 27.217126], [94.589044, 27.217251], [94.589313, 27.217506], [94.589462, 27.217775], [94.589469, 27.218497], [94.589213, 27.219854], [94.589203, 27.220215], [94.58928, 27.220395], [94.589393, 27.220485], [94.589488, 27.220663], [94.589605, 27.221252], [94.589817, 27.221897], [94.59043, 27.222453], [94.590736, 27.222627], [94.591144, 27.222976], [94.591246, 27.223009], [94.591447, 27.222969], [94.591975, 27.223253], [94.592352, 27.22361], [94.592425, 27.223789], [94.592634, 27.22496], [94.59245, 27.226407], [94.592387, 27.226588], [94.592307, 27.226651], [94.592106, 27.226702], [94.591095, 27.226617], [94.59069, 27.226549], [94.590377, 27.22643], [94.59033, 27.22634], [94.590387, 27.22625], [94.590382, 27.226159], [94.590288, 27.22607], [94.589833, 27.225895], [94.588601, 27.225006], [94.588138, 27.2246], [94.587628, 27.224233], [94.587, 27.22358], [94.586996, 27.22349], [94.587126, 27.223488], [94.58752, 27.223696], [94.588031, 27.224114], [94.588466, 27.224286], [94.588495, 27.224195], [94.588439, 27.224015], [94.587746, 27.222127], [94.587485, 27.22126], [94.587066, 27.220199], [94.58665, 27.219324], [94.586237, 27.218698], [94.586032, 27.218464], [94.585829, 27.218357], [94.585324, 27.218349], [94.5838, 27.217721], [94.583093, 27.217651], [94.582283, 27.217496], [94.580762, 27.21708], [94.579954, 27.216993], [94.579649, 27.216854], [94.579042, 27.216801], [94.578839, 27.216708], [94.5782, 27.215736], [94.578017, 27.215016], [94.577975, 27.214385], [94.57818, 27.21339], [94.578133, 27.212668], [94.578073, 27.212493], [94.577868, 27.212305], [94.577503, 27.213578], [94.577383, 27.213681], [94.577282, 27.213689], [94.57718, 27.213645], [94.576567, 27.213122], [94.576387, 27.212868], [94.576285, 27.212508], [94.57626, 27.212057], [94.576385, 27.211695], [94.576388, 27.211514], [94.576148, 27.211066], [94.576057, 27.210796], [94.576295, 27.210252], [94.576653, 27.209887], [94.576763, 27.209344], [94.577115, 27.208996], [94.577216, 27.208993], [94.577307, 27.209067]]}}, {"type": "Feature", "properties": {}, "geometry": {"type": "LineString", "coordinates": [[94.597933, 27.220387], [94.598329, 27.220924], [94.598588, 27.22103], [94.59889, 27.220979], [94.599095, 27.221161], [94.599316, 27.221183], [94.599377, 27.221273], [94.599212, 27.221546], [94.599071, 27.221999], [94.598497, 27.222998], [94.598226, 27.223813], [94.597451, 27.224725], [94.597329, 27.224751], [94.597113, 27.224368], [94.596978, 27.223557], [94.597093, 27.222834], [94.5972, 27.222815], [94.597403, 27.222867], [94.597481, 27.222739], [94.597426, 27.222559], [94.597088, 27.22205], [94.597043, 27.221751], [94.597295, 27.221387], [94.597452, 27.220844], [94.597671, 27.220431], [94.597871, 27.220309], [94.597933, 27.220387]]}}, {"type": "Feature", "properties": {}, "geometry": {"type": "LineString", "coordinates": [[94.639534, 27.222975], [94.63978, 27.223062], [94.640016, 27.223228], [94.640326, 27.223665], [94.640479, 27.223776], [94.640555, 27.224046], [94.640446, 27.224228], [94.640334, 27.22425], [94.640132, 27.224199], [94.639893, 27.224054], [94.639369, 27.223157], [94.639381, 27.222977], [94.639534, 27.222975]]}}, {"type": "Feature", "properties": {}, "geometry": {"type": "LineString", "coordinates": [[94.64151, 27.223403], [94.642041, 27.22356], [94.64207, 27.223667], [94.64187, 27.22385], [94.641543, 27.224041], [94.641241, 27.224134], [94.641088, 27.22413], [94.641005, 27.224041], [94.640973, 27.223861], [94.641075, 27.223408], [94.64123, 27.223374], [94.64151, 27.223403]]}}, {"type": "Feature", "properties": {}, "geometry": {"type": "LineString", "coordinates": [[94.549561, 27.221833], [94.549733, 27.221942], [94.550155, 27.222458], [94.550303, 27.222818], [94.550294, 27.223269], [94.550668, 27.223858], [94.550975, 27.224157], [94.551387, 27.224708], [94.551468, 27.224971], [94.551392, 27.225052], [94.55038, 27.224953], [94.550244, 27.224894], [94.550209, 27.224804], [94.55036, 27.224532], [94.550317, 27.224442], [94.549865, 27.224182], [94.54966, 27.223932], [94.549525, 27.223639], [94.549439, 27.223279], [94.549159, 27.222921], [94.549108, 27.222741], [94.549135, 27.222469], [94.549315, 27.221926], [94.549428, 27.221798], [94.549561, 27.221833]]}}, {"type": "Feature", "properties": {}, "geometry": {"type": "LineString", "coordinates": [[94.559932, 27.221628], [94.560005, 27.221717], [94.560013, 27.221807], [94.559919, 27.222621], [94.560217, 27.223881], [94.560174, 27.224062], [94.559156, 27.224305], [94.55805, 27.224649], [94.557446, 27.224793], [94.557043, 27.224841], [94.556538, 27.224832], [94.555963, 27.22465], [94.555186, 27.224117], [94.554804, 27.223761], [94.554782, 27.223671], [94.554904, 27.223534], [94.554967, 27.223308], [94.555356, 27.223123], [94.555302, 27.223056], [94.554595, 27.223043], [94.55429, 27.222906], [94.553718, 27.222148], [94.553748, 27.222057], [94.553873, 27.221984], [94.55518, 27.221594], [94.555686, 27.221659], [94.556392, 27.221613], [94.556697, 27.221771], [94.5569, 27.2218], [94.557504, 27.221697], [94.558009, 27.221667], [94.558918, 27.221709], [94.559121, 27.221785], [94.559323, 27.221789], [94.559932, 27.221628]]}}, {"type": "Feature", "properties": {}, "geometry": {"type": "LineString", "coordinates": [[94.583471, 27.221995], [94.583735, 27.222083], [94.584067, 27.222311], [94.584272, 27.222504], [94.584478, 27.222795], [94.584632, 27.223156], [94.584705, 27.223516], [94.584694, 27.223818], [94.584595, 27.223949], [94.583178, 27.223669], [94.583119, 27.223624], [94.5831, 27.223534], [94.583172, 27.223262], [94.58272, 27.222726], [94.582692, 27.222455], [94.582545, 27.222186], [94.582552, 27.222096], [94.582751, 27.222044], [94.583471, 27.221995]]}}, {"type": "Feature", "properties": {}, "geometry": {"type": "LineString", "coordinates": [[94.640413, 27.220437], [94.640583, 27.220529], [94.641091, 27.221152], [94.641745, 27.221685], [94.642318, 27.221839], [94.643329, 27.221882], [94.643632, 27.221933], [94.644092, 27.222109], [94.644405, 27.222286], [94.644444, 27.222376], [94.644389, 27.222467], [94.64429, 27.222558], [94.643847, 27.22279], [94.643445, 27.222965], [94.643143, 27.223028], [94.642536, 27.22291], [94.641795, 27.222678], [94.640712, 27.22247], [94.640303, 27.222148], [94.639911, 27.221707], [94.639788, 27.221421], [94.639653, 27.221259], [94.639604, 27.221079], [94.639622, 27.220898], [94.639985, 27.220533], [94.640278, 27.220412], [94.640413, 27.220437]]}}, {"type": "Feature", "properties": {}, "geometry": {"type": "LineString", "coordinates": [[94.582397, 27.206302], [94.582632, 27.206507], [94.582838, 27.206802], [94.583074, 27.207197], [94.583263, 27.207646], [94.583249, 27.207736], [94.583055, 27.207862], [94.58265, 27.207774], [94.582614, 27.207834], [94.582737, 27.207923], [94.583058, 27.208022], [94.583331, 27.208457], [94.583362, 27.208547], [94.583319, 27.208638], [94.58337, 27.208734], [94.583804, 27.208994], [94.584376, 27.209258], [94.585103, 27.209908], [94.585322, 27.21015], [94.585755, 27.210777], [94.586179, 27.211043], [94.586527, 27.21149], [94.586744, 27.211696], [94.587352, 27.211871], [94.587956, 27.211746], [94.588361, 27.211817], [94.588665, 27.211931], [94.588968, 27.211907], [94.589171, 27.211949], [94.589485, 27.212089], [94.589987, 27.212594], [94.590158, 27.212803], [94.590314, 27.213253], [94.590443, 27.213432], [94.590707, 27.213479], [94.590806, 27.213332], [94.590906, 27.213292], [94.591314, 27.213583], [94.591415, 27.213578], [94.591434, 27.213511], [94.591207, 27.213135], [94.590713, 27.212616], [94.590648, 27.212256], [94.591022, 27.211981], [94.591186, 27.211798], [94.591177, 27.211347], [94.59148, 27.21103], [94.59158, 27.211022], [94.591843, 27.211159], [94.592207, 27.211516], [94.592502, 27.211968], [94.593421, 27.213127], [94.593534, 27.2135], [94.593944, 27.213972], [94.594148, 27.214099], [94.594451, 27.214123], [94.594547, 27.214197], [94.594688, 27.214918], [94.594701, 27.215911], [94.59448, 27.217357], [94.594386, 27.217629], [94.594458, 27.218441], [94.594346, 27.219525], [94.593989, 27.221515], [94.593761, 27.222388], [94.593566, 27.222845], [94.593367, 27.223069], [94.593267, 27.22311], [94.593165, 27.223073], [94.592756, 27.222694], [94.592349, 27.222473], [94.591537, 27.222158], [94.591062, 27.22209], [94.590726, 27.221733], [94.590573, 27.221373], [94.590505, 27.221013], [94.590257, 27.220745], [94.590187, 27.220565], [94.59046, 27.219479], [94.590659, 27.219025], [94.590324, 27.218488], [94.59006, 27.217735], [94.589899, 27.217409], [94.58985, 27.217117], [94.589595, 27.216781], [94.589161, 27.216425], [94.58877, 27.216249], [94.588322, 27.216152], [94.587786, 27.215809], [94.587838, 27.215447], [94.587803, 27.215202], [94.587174, 27.213524], [94.587071, 27.21341], [94.586767, 27.213343], [94.586566, 27.213398], [94.586263, 27.213352], [94.585654, 27.213145], [94.585145, 27.212829], [94.584435, 27.212633], [94.584125, 27.212133], [94.583821, 27.212034], [94.582709, 27.211932], [94.582003, 27.211981], [94.581348, 27.212181], [94.580498, 27.212665], [94.580195, 27.21267], [94.579888, 27.212558], [94.579858, 27.212468], [94.579931, 27.212287], [94.579901, 27.212016], [94.579982, 27.211873], [94.580144, 27.211743], [94.580138, 27.211653], [94.580077, 27.211457], [94.579736, 27.210845], [94.579661, 27.210556], [94.579244, 27.209648], [94.578955, 27.209319], [94.57853, 27.209089], [94.577887, 27.208609], [94.577451, 27.208343], [94.5773, 27.208164], [94.577305, 27.207984], [94.577501, 27.207731], [94.577802, 27.207636], [94.578002, 27.207486], [94.578808, 27.207343], [94.579006, 27.207088], [94.579106, 27.207043], [94.579408, 27.206983], [94.579611, 27.207022], [94.579688, 27.206964], [94.579473, 27.206696], [94.579464, 27.206606], [94.579605, 27.206514], [94.579905, 27.206422], [94.580108, 27.206476], [94.580303, 27.206596], [94.580897, 27.207582], [94.581546, 27.20819], [94.581582, 27.207845], [94.58174, 27.207633], [94.581878, 27.207571], [94.581659, 27.207483], [94.581334, 27.207474], [94.581232, 27.20742], [94.580949, 27.20704], [94.58089, 27.20686], [94.580919, 27.206709], [94.580999, 27.206588], [94.581118, 27.206525], [94.581514, 27.206492], [94.581621, 27.206375], [94.581922, 27.206275], [94.582326, 27.206261], [94.582397, 27.206302]]}}, {"type": "Feature", "properties": {}, "geometry": {"type": "LineString", "coordinates": [[94.603596, 27.214094], [94.603741, 27.214208], [94.603907, 27.214452], [94.60399, 27.214721], [94.604272, 27.21526], [94.604605, 27.215527], [94.604718, 27.215886], [94.6049, 27.217615], [94.605006, 27.217984], [94.605107, 27.217952], [94.605148, 27.218048], [94.605273, 27.21922], [94.60545, 27.219669], [94.60552, 27.22021], [94.605661, 27.22075], [94.605753, 27.221832], [94.605748, 27.222554], [94.605681, 27.222775], [94.605581, 27.222814], [94.604771, 27.222697], [94.604349, 27.22248], [94.603977, 27.221581], [94.603997, 27.22131], [94.60412, 27.221038], [94.604062, 27.220949], [94.603638, 27.221143], [94.603437, 27.22116], [94.603133, 27.221088], [94.601734, 27.220524], [94.601038, 27.220171], [94.600483, 27.219816], [94.60011, 27.219459], [94.599872, 27.219004], [94.599868, 27.218762], [94.600046, 27.218377], [94.60011, 27.217925], [94.600632, 27.217016], [94.601048, 27.216503], [94.601645, 27.215891], [94.601844, 27.215733], [94.602045, 27.215666], [94.602145, 27.215586], [94.602383, 27.215281], [94.602467, 27.21501], [94.602638, 27.214741], [94.603134, 27.214149], [94.603436, 27.21404], [94.603596, 27.214094]]}}, {"type": "Feature", "properties": {}, "geometry": {"type": "LineString", "coordinates": [[94.571315, 27.220237], [94.571341, 27.220327], [94.571215, 27.220509], [94.570321, 27.221275], [94.569949, 27.221516], [94.569387, 27.221973], [94.569021, 27.222174], [94.56882, 27.222203], [94.568681, 27.222162], [94.568643, 27.221982], [94.568745, 27.22171], [94.569207, 27.221007], [94.56941, 27.2208], [94.569806, 27.220543], [94.570208, 27.220374], [94.571013, 27.220189], [94.571215, 27.220185], [94.571315, 27.220237]]}}, {"type": "Feature", "properties": {}, "geometry": {"type": "LineString", "coordinates": [[94.583352, 27.218928], [94.583448, 27.219017], [94.583622, 27.219406], [94.584067, 27.220635], [94.584209, 27.221175], [94.584199, 27.221355], [94.584134, 27.221446], [94.583854, 27.221496], [94.583247, 27.221407], [94.582135, 27.221361], [94.58182, 27.221382], [94.581128, 27.221519], [94.580926, 27.22152], [94.580868, 27.221483], [94.580704, 27.221304], [94.580516, 27.220765], [94.58048, 27.220224], [94.580602, 27.21999], [94.580901, 27.219745], [94.581002, 27.219736], [94.581716, 27.220279], [94.581919, 27.220366], [94.582222, 27.220343], [94.582332, 27.220293], [94.582216, 27.219908], [94.582315, 27.219783], [94.582544, 27.219659], [94.582518, 27.219569], [94.58231, 27.219571], [94.581972, 27.219756], [94.581709, 27.219785], [94.581506, 27.219715], [94.581345, 27.219582], [94.581296, 27.219492], [94.58136, 27.219402], [94.582412, 27.219029], [94.582908, 27.218896], [94.583211, 27.218855], [94.583352, 27.218928]]}}, {"type": "Feature", "properties": {}, "geometry": {"type": "LineString", "coordinates": [[94.638285, 27.210985], [94.638632, 27.211452], [94.638951, 27.21206], [94.639007, 27.212511], [94.638938, 27.212692], [94.638357, 27.213323], [94.63828, 27.213602], [94.637867, 27.214313], [94.637268, 27.214779], [94.637065, 27.214748], [94.636966, 27.214854], [94.636672, 27.215437], [94.636472, 27.215612], [94.636171, 27.215697], [94.635867, 27.215659], [94.635765, 27.215592], [94.635521, 27.215169], [94.635394, 27.214629], [94.635481, 27.214267], [94.635695, 27.213903], [94.635939, 27.213637], [94.636242, 27.213355], [94.636837, 27.212952], [94.636959, 27.212806], [94.637239, 27.212784], [94.637407, 27.212981], [94.637348, 27.213373], [94.637452, 27.213553], [94.637554, 27.21362], [94.637533, 27.212438], [94.637907, 27.211621], [94.638007, 27.210988], [94.63812, 27.210925], [94.638221, 27.210931], [94.638285, 27.210985]]}}, {"type": "Feature", "properties": {}, "geometry": {"type": "LineString", "coordinates": [[94.559862, 27.214498], [94.560154, 27.214675], [94.56044, 27.214762], [94.560743, 27.215039], [94.560946, 27.215124], [94.561182, 27.215295], [94.561415, 27.215654], [94.561431, 27.215924], [94.561362, 27.215995], [94.56096, 27.21613], [94.560759, 27.216134], [94.560354, 27.216085], [94.56015, 27.21594], [94.559667, 27.214861], [94.559654, 27.21459], [94.55969, 27.214499], [94.559726, 27.214458], [94.559862, 27.214498]]}}, {"type": "Feature", "properties": {}, "geometry": {"type": "LineString", "coordinates": [[94.585075, 27.206632], [94.585462, 27.206688], [94.585969, 27.206847], [94.586311, 27.20707], [94.586892, 27.207605], [94.587294, 27.208142], [94.587571, 27.20868], [94.587718, 27.209181], [94.58782, 27.209233], [94.58792, 27.20922], [94.58875, 27.209931], [94.58874, 27.210095], [94.588653, 27.210202], [94.588097, 27.21075], [94.587831, 27.210934], [94.587542, 27.211016], [94.587239, 27.210993], [94.586846, 27.210764], [94.586627, 27.210573], [94.586011, 27.209871], [94.585456, 27.208885], [94.585163, 27.208617], [94.58455, 27.207902], [94.584351, 27.207543], [94.5843, 27.207363], [94.584296, 27.207273], [94.584415, 27.207091], [94.584342, 27.207002], [94.584354, 27.206902], [94.584554, 27.206754], [94.584755, 27.206675], [94.584956, 27.206619], [94.585075, 27.206632]]}}, {"type": "Feature", "properties": {}, "geometry": {"type": "LineString", "coordinates": [[94.577864, 27.197507], [94.578746, 27.198309], [94.579094, 27.198972], [94.579163, 27.199207], [94.579157, 27.199659], [94.579254, 27.200199], [94.579528, 27.201112], [94.580341, 27.201539], [94.580948, 27.201599], [94.58135, 27.201519], [94.581552, 27.20152], [94.581958, 27.201642], [94.58257, 27.202084], [94.583083, 27.202694], [94.583463, 27.20304], [94.584001, 27.203352], [94.584511, 27.203747], [94.584613, 27.203769], [94.584814, 27.203722], [94.584916, 27.203825], [94.585161, 27.203833], [94.585191, 27.203923], [94.585108, 27.204014], [94.585148, 27.204104], [94.585628, 27.204184], [94.586442, 27.204652], [94.586961, 27.205077], [94.587117, 27.205255], [94.587529, 27.205973], [94.587826, 27.206692], [94.587872, 27.207413], [94.5877, 27.207933], [94.587599, 27.20795], [94.587396, 27.20785], [94.586729, 27.207065], [94.586281, 27.206709], [94.585888, 27.206533], [94.585458, 27.206408], [94.585154, 27.206383], [94.58465, 27.206434], [94.584248, 27.206551], [94.584046, 27.206539], [94.583741, 27.206357], [94.583478, 27.206019], [94.582211, 27.205254], [94.58188, 27.205134], [94.580995, 27.204959], [94.579884, 27.204893], [94.579479, 27.204817], [94.579073, 27.204699], [94.578757, 27.204537], [94.578666, 27.204446], [94.578397, 27.204], [94.578226, 27.20346], [94.578183, 27.20319], [94.57819, 27.202107], [94.578117, 27.201283], [94.57804, 27.200935], [94.577755, 27.200216], [94.577852, 27.199854], [94.577544, 27.199316], [94.577372, 27.198686], [94.577461, 27.197963], [94.577451, 27.197602], [94.577659, 27.197477], [94.57776, 27.197464], [94.577864, 27.197507]]}}, {"type": "Feature", "properties": {}, "geometry": {"type": "LineString", "coordinates": [[94.598608, 27.201695], [94.59892, 27.201845], [94.599161, 27.20205], [94.599369, 27.202408], [94.5994, 27.202588], [94.599336, 27.202718], [94.599236, 27.202746], [94.599033, 27.202694], [94.598422, 27.202314], [94.598319, 27.202149], [94.598331, 27.201878], [94.598414, 27.201713], [94.598608, 27.201695]]}}, {"type": "Feature", "properties": {}, "geometry": {"type": "LineString", "coordinates": [[94.584291, 27.201857], [94.584644, 27.202034], [94.584996, 27.202328], [94.585157, 27.20257], [94.585139, 27.20266], [94.585002, 27.202719], [94.5848, 27.202728], [94.583991, 27.202673], [94.583903, 27.202584], [94.58392, 27.202042], [94.584009, 27.201861], [94.584181, 27.201824], [94.584291, 27.201857]]}}, {"type": "Feature", "properties": {}, "geometry": {"type": "LineString", "coordinates": [[94.59675, 27.188808], [94.596919, 27.188943], [94.597367, 27.189614], [94.597569, 27.189972], [94.597748, 27.190446], [94.597816, 27.190872], [94.597813, 27.191324], [94.597764, 27.19155], [94.597664, 27.191615], [94.597461, 27.191555], [94.596325, 27.190799], [94.596185, 27.19062], [94.595981, 27.190171], [94.595998, 27.18999], [94.596223, 27.189643], [94.596324, 27.189665], [94.59653, 27.18999], [94.596659, 27.189531], [94.596585, 27.189171], [94.596588, 27.1889], [94.596615, 27.188816], [94.596715, 27.188777], [94.59675, 27.188808]]}}, {"type": "Feature", "properties": {}, "geometry": {"type": "LineString", "coordinates": [[94.594268, 27.175929], [94.594515, 27.175997], [94.594704, 27.176105], [94.594949, 27.176463], [94.595041, 27.176733], [94.595074, 27.177184], [94.595229, 27.177904], [94.595259, 27.178174], [94.595224, 27.178355], [94.595155, 27.178432], [94.59465, 27.178451], [94.593846, 27.178644], [94.593919, 27.178551], [94.593879, 27.178461], [94.593612, 27.178464], [94.593094, 27.178831], [94.592744, 27.179211], [94.59235, 27.179937], [94.59225, 27.179995], [94.592048, 27.179979], [94.591845, 27.179909], [94.591539, 27.179707], [94.591439, 27.179719], [94.59144, 27.179933], [94.591581, 27.180202], [94.591557, 27.180383], [94.591248, 27.180515], [94.591045, 27.180453], [94.590888, 27.18021], [94.590637, 27.180097], [94.590591, 27.180033], [94.590325, 27.179475], [94.590205, 27.179315], [94.590142, 27.178864], [94.59002, 27.178775], [94.589992, 27.178685], [94.59011, 27.178542], [94.590211, 27.178531], [94.590721, 27.178957], [94.590924, 27.178987], [94.590989, 27.178945], [94.590946, 27.178855], [94.590792, 27.178676], [94.590439, 27.17841], [94.590205, 27.178101], [94.589903, 27.178169], [94.5897, 27.178079], [94.589553, 27.177878], [94.589567, 27.177697], [94.589289, 27.177602], [94.589229, 27.177521], [94.589274, 27.17743], [94.589486, 27.177226], [94.58999, 27.177169], [94.591003, 27.177461], [94.59132, 27.177497], [94.591907, 27.177196], [94.593104, 27.176173], [94.593204, 27.17612], [94.593608, 27.176088], [94.593896, 27.175933], [94.594268, 27.175929]]}}, {"type": "Feature", "properties": {}, "geometry": {"type": "LineString", "coordinates": [[94.623148, 27.174966], [94.62349, 27.175052], [94.623838, 27.175229], [94.624281, 27.175537], [94.625315, 27.175934], [94.625398, 27.17605], [94.625353, 27.176114], [94.625198, 27.176151], [94.624995, 27.176094], [94.624491, 27.176131], [94.623683, 27.176099], [94.623481, 27.176076], [94.623177, 27.175971], [94.622672, 27.175937], [94.622232, 27.175699], [94.621875, 27.175342], [94.621955, 27.175211], [94.622255, 27.175023], [94.622758, 27.174924], [94.623148, 27.174966]]}}, {"type": "Feature", "properties": {}, "geometry": {"type": "LineString", "coordinates": [[94.588802, 27.174366], [94.589497, 27.17481], [94.59006, 27.175017], [94.590874, 27.175496], [94.591549, 27.175599], [94.591697, 27.175687], [94.591729, 27.175777], [94.591589, 27.175869], [94.591385, 27.17592], [94.591086, 27.176189], [94.590885, 27.176246], [94.59038, 27.176247], [94.589974, 27.176077], [94.589566, 27.175743], [94.589462, 27.175536], [94.589154, 27.175215], [94.588718, 27.174638], [94.588624, 27.174368], [94.588738, 27.174336], [94.588802, 27.174366]]}}, {"type": "Feature", "properties": {}, "geometry": {"type": "LineString", "coordinates": [[94.615491, 27.171805], [94.615851, 27.171875], [94.616257, 27.172038], [94.61748, 27.172836], [94.61789, 27.173247], [94.6182, 27.173758], [94.618482, 27.174117], [94.619396, 27.174919], [94.619422, 27.175009], [94.619356, 27.1751], [94.618827, 27.175263], [94.618125, 27.175582], [94.617621, 27.175597], [94.617014, 27.175537], [94.616612, 27.175618], [94.616208, 27.1756], [94.615452, 27.175235], [94.615088, 27.174898], [94.614532, 27.174614], [94.613768, 27.174392], [94.613463, 27.174242], [94.613159, 27.174162], [94.61255, 27.173885], [94.611894, 27.173651], [94.611351, 27.173297], [94.611235, 27.173117], [94.611326, 27.172994], [94.612433, 27.172744], [94.613135, 27.172462], [94.614643, 27.172031], [94.615043, 27.171832], [94.615345, 27.171782], [94.615491, 27.171805]]}}, {"type": "Feature", "properties": {}, "geometry": {"type": "LineString", "coordinates": [[94.62122, 27.174627], [94.621565, 27.174713], [94.621664, 27.174802], [94.621669, 27.174893], [94.621476, 27.175166], [94.62115, 27.175386], [94.620953, 27.175352], [94.620297, 27.174999], [94.620188, 27.17482], [94.620233, 27.174763], [94.620535, 27.174709], [94.620734, 27.174563], [94.620936, 27.174561], [94.62122, 27.174627]]}}, {"type": "Feature", "properties": {}, "geometry": {"type": "LineString", "coordinates": [[94.587609, 27.172394], [94.588014, 27.17275], [94.588151, 27.17311], [94.588285, 27.17374], [94.588521, 27.174008], [94.588533, 27.174108], [94.588433, 27.174167], [94.58825, 27.174102], [94.587714, 27.17328], [94.587493, 27.172576], [94.5875, 27.172429], [94.587609, 27.172394]]}}, {"type": "Feature", "properties": {}, "geometry": {"type": "LineString", "coordinates": [[94.592655, 27.172427], [94.592816, 27.172515], [94.59321, 27.172872], [94.593241, 27.172962], [94.59316, 27.173032], [94.592756, 27.172984], [94.592148, 27.172777], [94.591846, 27.172856], [94.591644, 27.172841], [94.591521, 27.172801], [94.591403, 27.172622], [94.591428, 27.172531], [94.591638, 27.172458], [94.592144, 27.172516], [94.592445, 27.172379], [94.592655, 27.172427]]}}, {"type": "Feature", "properties": {}, "geometry": {"type": "LineString", "coordinates": [[94.594379, 27.164555], [94.594448, 27.164734], [94.594424, 27.165096], [94.594519, 27.165636], [94.594577, 27.166719], [94.594725, 27.167349], [94.595046, 27.168338], [94.59527, 27.169419], [94.595281, 27.16987], [94.595141, 27.170392], [94.595115, 27.170684], [94.595147, 27.170791], [94.595248, 27.170804], [94.595351, 27.170931], [94.595429, 27.171493], [94.595383, 27.172396], [94.595274, 27.172594], [94.595173, 27.172608], [94.594675, 27.172314], [94.593866, 27.172052], [94.593649, 27.171914], [94.593448, 27.171939], [94.592942, 27.171862], [94.592429, 27.171708], [94.59196, 27.171442], [94.591522, 27.17134], [94.591304, 27.171179], [94.591217, 27.170909], [94.591282, 27.170728], [94.591443, 27.170636], [94.591381, 27.170275], [94.591508, 27.170274], [94.591264, 27.169193], [94.591232, 27.168562], [94.591303, 27.168019], [94.591517, 27.167114], [94.591562, 27.167043], [94.591763, 27.167018], [94.591962, 27.166779], [94.59204, 27.166567], [94.592186, 27.166385], [94.592655, 27.165878], [94.594049, 27.164542], [94.59425, 27.164471], [94.594379, 27.164555]]}}, {"type": "Feature", "properties": {}, "geometry": {"type": "LineString", "coordinates": [[94.589991, 27.169479], [94.590064, 27.169658], [94.589953, 27.170201], [94.590046, 27.170651], [94.590109, 27.171366], [94.590571, 27.171819], [94.590807, 27.172177], [94.590817, 27.172267], [94.590766, 27.172358], [94.590629, 27.172458], [94.590427, 27.172422], [94.590122, 27.172294], [94.589, 27.171449], [94.588491, 27.171127], [94.588384, 27.170941], [94.588329, 27.170581], [94.588069, 27.169952], [94.588052, 27.169771], [94.588167, 27.169663], [94.588573, 27.1698], [94.588974, 27.169624], [94.58974, 27.169572], [94.589991, 27.169479]]}}]}