{
"type": "FeatureCollection",
"name": "osm_embankments",
"crs": { "type": "name", "properties": { "name": "urn:ogc:def:crs:OGC:1.3:CRS84" } },
"features": [
{ "type": "Feature", "properties": { "name": "", "type": "rail" }, "geometry": { "type": "LineString", "coordinates": [ [ 95.3259372, 27.4748722 ], [ 95.3256142, 27.4754357 ], [ 95.3255295, 27.4757075 ], [ 95.3254679, 27.476009 ], [ 95.3254577, 27.4762851 ], [ 95.3254594, 27.4763971 ], [ 95.3254829, 27.4765587 ], [ 95.3255349, 27.4767878 ], [ 95.3256225, 27.4770659 ], [ 95.3257226, 27.4772591 ], [ 95.325878, 27.4775046 ], [ 95.326066, 27.4777326 ], [ 95.3262812, 27.4779463 ], [ 95.326377, 27.4780259 ] ] } },
{ "type": "Feature", "properties": { "name": "Bogibeel Bridge North Block Hut - Tangani", "type": "rail" }, "geometry": { "type": "LineString", "coordinates": [ [ 94.8111137, 27.3729082 ], [ 94.8106354, 27.3726466 ], [ 94.8085917, 27.371512 ], [ 94.8081903, 27.3712913 ], [ 94.807756, 27.3710828 ], [ 94.8073275, 27.3709021 ], [ 94.8068643, 27.3707284 ], [ 94.8064008, 27.3705972 ], [ 94.8059932, 27.370491 ], [ 94.8055515, 27.3703928 ], [ 94.805078, 27.3703235 ], [ 94.8046427, 27.3702755 ], [ 94.8040507, 27.3702378 ], [ 94.8033893, 27.3702356 ], [ 94.8027546, 27.3702883 ], [ 94.8020846, 27.3703782 ], [ 94.8015073, 27.3704904 ], [ 94.800864, 27.3706763 ], [ 94.8003685, 27.3708392 ], [ 94.7999103, 27.3710142 ], [ 94.7994062, 27.3712476 ], [ 94.7989894, 27.3714763 ], [ 94.7986378, 27.3716864 ], [ 94.7982906, 27.3719187 ], [ 94.7979084, 27.3722103 ], [ 94.7974858, 27.3725753 ], [ 94.7970275, 27.3729922 ], [ 94.7966365, 27.3733749 ], [ 94.7929362, 27.3769659 ] ] } },
{ "type": "Feature", "properties": { "name": "", "type": "tertiary" }, "geometry": { "type": "LineString", "coordinates": [ [ 94.7051631, 27.468647 ], [ 94.7049879, 27.4684775 ], [ 94.7048619, 27.4682812 ], [ 94.7048987, 27.4681547 ], [ 94.7049714, 27.4679994 ], [ 94.7062499, 27.4660453 ], [ 94.7074996, 27.4641646 ], [ 94.7075508, 27.4640875 ], [ 94.709177, 27.4619794 ], [ 94.7108795, 27.4599276 ], [ 94.7112656, 27.4594969 ], [ 94.7114586, 27.4592826 ], [ 94.7115104, 27.4592315 ], [ 94.7117194, 27.4590254 ], [ 94.7144247, 27.4565379 ], [ 94.7151435, 27.4559443 ], [ 94.7154498, 27.4557114 ], [ 94.7159547, 27.4553722 ], [ 94.7164356, 27.4550956 ], [ 94.7165974, 27.4550026 ], [ 94.7173429, 27.454629 ], [ 94.7180891, 27.4543085 ], [ 94.7183882, 27.4542014 ], [ 94.7188092, 27.454105 ], [ 94.7195483, 27.4539358 ], [ 94.7205744, 27.4536369 ], [ 94.7207531, 27.4535823 ], [ 94.7208404, 27.4535556 ], [ 94.7215438, 27.4533408 ], [ 94.722579, 27.4530108 ], [ 94.7230137, 27.4528267 ], [ 94.7232118, 27.4526827 ], [ 94.7234589, 27.452503 ], [ 94.7239323, 27.4520542 ], [ 94.724214, 27.451639 ], [ 94.7242815, 27.4515182 ], [ 94.7245412, 27.4510534 ], [ 94.725412, 27.4493692 ], [ 94.7255102, 27.44922 ] ] } },
{ "type": "Feature", "properties": { "name": "", "type": "unclassified" }, "geometry": { "type": "LineString", "coordinates": [ [ 94.793199, 27.3774446 ], [ 94.7930427, 27.3774 ], [ 94.7930031, 27.3773982 ], [ 94.7929412, 27.3774212 ], [ 94.7928854, 27.3774469 ], [ 94.7926949, 27.3776017 ], [ 94.7922363, 27.3780543 ], [ 94.7913175, 27.3789501 ], [ 94.7902499, 27.3799552 ], [ 94.7890081, 27.3811389 ], [ 94.7877394, 27.3823798 ], [ 94.7866263, 27.3834539 ], [ 94.7851645, 27.3848805 ], [ 94.7835686, 27.3864119 ], [ 94.7832601, 27.3867144 ] ] } },
{ "type": "Feature", "properties": { "name": "", "type": "unclassified" }, "geometry": { "type": "LineString", "coordinates": [ [ 94.9270573, 27.4972415 ], [ 94.9270238, 27.4971965 ], [ 94.9270107, 27.4971385 ], [ 94.927168, 27.4965849 ] ] } },
{ "type": "Feature", "properties": { "name": "", "type": "unclassified" }, "geometry": { "type": "LineString", "coordinates": [ [ 95.0494677, 27.5207038 ], [ 95.048639, 27.5225091 ], [ 95.0483225, 27.5232637 ], [ 95.0482085, 27.5234919 ], [ 95.0481308, 27.5236571 ], [ 95.0480214, 27.5238516 ], [ 95.0476242, 27.5245032 ], [ 95.0470407, 27.5254292 ], [ 95.0467261, 27.5258483 ], [ 95.0466756, 27.5259156 ], [ 95.0465251, 27.5260835 ], [ 95.0462605, 27.5263043 ], [ 95.0460896, 27.526443 ], [ 95.0459844, 27.5265223 ], [ 95.0458446, 27.5266222 ], [ 95.0456877, 27.5267228 ], [ 95.0455651, 27.5267928 ], [ 95.0454525, 27.5268449 ], [ 95.0452898, 27.5269058 ], [ 95.0447535, 27.5270813 ], [ 95.0439862, 27.5273394 ], [ 95.0436059, 27.5274656 ], [ 95.0430914, 27.5276399 ], [ 95.0428095, 27.5277453 ], [ 95.0416397, 27.528214 ], [ 95.0412437, 27.5283712 ], [ 95.0408714, 27.5285157 ], [ 95.0407245, 27.5285659 ], [ 95.0405814, 27.5285972 ], [ 95.0386085, 27.5289909 ], [ 95.0385241, 27.5290159 ], [ 95.038447, 27.5290584 ], [ 95.0370928, 27.5299987 ], [ 95.0369759, 27.530064 ], [ 95.0368323, 27.5301062 ], [ 95.0367025, 27.5301275 ], [ 95.0365567, 27.5301234 ], [ 95.0342361, 27.529812 ], [ 95.0341542, 27.5297949 ], [ 95.0340691, 27.5297654 ], [ 95.0339566, 27.5297164 ], [ 95.0336818, 27.5295382 ], [ 95.0335788, 27.529477 ], [ 95.0328166, 27.5290553 ], [ 95.0309485, 27.5281309 ], [ 95.0306101, 27.5279815 ], [ 95.0301535, 27.5278102 ], [ 95.0300514, 27.5277813 ], [ 95.0299615, 27.5277639 ], [ 95.0293501, 27.5277054 ], [ 95.0292662, 27.5277018 ], [ 95.0291682, 27.527707 ], [ 95.0287625, 27.5277679 ], [ 95.028527, 27.5278073 ], [ 95.0284272, 27.5278162 ], [ 95.0283342, 27.5278148 ], [ 95.0277607, 27.527774 ], [ 95.0276514, 27.5277838 ], [ 95.0275565, 27.5278071 ], [ 95.0273625, 27.5278801 ], [ 95.0259422, 27.5284144 ], [ 95.0258747, 27.52843 ], [ 95.0258416, 27.5284376 ], [ 95.0257585, 27.5284411 ], [ 95.0256676, 27.5284286 ], [ 95.0256495, 27.5284247 ], [ 95.0246225, 27.5282029 ], [ 95.0245327, 27.5281796 ], [ 95.0241289, 27.5280749 ], [ 95.0238168, 27.5280082 ], [ 95.0227474, 27.5278501 ], [ 95.0211474, 27.5276428 ], [ 95.0208214, 27.5275946 ], [ 95.0207668, 27.5275824 ], [ 95.0206782, 27.5275651 ], [ 95.019151, 27.5271985 ], [ 95.0178214, 27.5268839 ], [ 95.0177134, 27.526859 ], [ 95.0176099, 27.5268493 ], [ 95.0161525, 27.5268758 ], [ 95.0160677, 27.5268692 ], [ 95.0160005, 27.5268536 ], [ 95.0155522, 27.526709 ], [ 95.0149316, 27.5265139 ], [ 95.0142217, 27.5262821 ], [ 95.0141254, 27.5262452 ], [ 95.0140384, 27.5262037 ], [ 95.0137337, 27.5260111 ], [ 95.0129518, 27.5255485 ], [ 95.0128935, 27.5255109 ], [ 95.012815, 27.5254363 ], [ 95.0127613, 27.5253622 ], [ 95.0123135, 27.524549 ], [ 95.0114979, 27.5230096 ], [ 95.0111915, 27.5224719 ], [ 95.0111181, 27.5223709 ], [ 95.011037, 27.5222912 ], [ 95.0109475, 27.5222112 ], [ 95.0090118, 27.5204814 ], [ 95.0059665, 27.5199079 ], [ 95.0051352, 27.5197506 ], [ 95.0041101, 27.5195524 ], [ 95.0025562, 27.5187962 ], [ 94.997531, 27.5163506 ] ] } },
{ "type": "Feature", "properties": { "name": "", "type": "tertiary" }, "geometry": { "type": "LineString", "coordinates": [ [ 94.7985887, 27.3861197 ], [ 94.7995904, 27.3878883 ], [ 94.8010236, 27.3903176 ], [ 94.8011255, 27.3905453 ], [ 94.8016882, 27.3917018 ], [ 94.8022653, 27.392888 ], [ 94.8024145, 27.3931804 ], [ 94.8026774, 27.3934786 ], [ 94.8029851, 27.3937171 ], [ 94.8061786, 27.3962146 ], [ 94.8079159, 27.3975812 ], [ 94.8109792, 27.4000069 ], [ 94.811121, 27.4001154 ], [ 94.8112706, 27.4001839 ], [ 94.8123817, 27.400625 ], [ 94.8128242, 27.4008108 ], [ 94.8132216, 27.4010336 ], [ 94.8142147, 27.4015876 ], [ 94.814852, 27.4018871 ], [ 94.8159961, 27.4022552 ], [ 94.8162429, 27.4023421 ], [ 94.8163636, 27.4023933 ], [ 94.8165232, 27.4025004 ], [ 94.8168652, 27.402791 ], [ 94.8173396, 27.4032848 ], [ 94.8212756, 27.4072059 ], [ 94.8215334, 27.4074329 ], [ 94.8217931, 27.4076137 ], [ 94.8230627, 27.4081917 ], [ 94.823722, 27.4084759 ], [ 94.8243288, 27.4087773 ], [ 94.8247574, 27.4090378 ], [ 94.8253995, 27.4095124 ], [ 94.828063, 27.4116793 ], [ 94.8312378, 27.4145186 ], [ 94.8330557, 27.4161456 ], [ 94.8367045, 27.4198827 ], [ 94.8370316, 27.4203182 ], [ 94.8380747, 27.4223546 ], [ 94.8383999, 27.4229894 ], [ 94.8386403, 27.4234588 ], [ 94.8389877, 27.424137 ], [ 94.8392483, 27.4245569 ], [ 94.8401818, 27.4260011 ], [ 94.840613, 27.4266603 ], [ 94.8408051, 27.4269584 ], [ 94.8408345, 27.4270039 ], [ 94.8457665, 27.4337591 ], [ 94.849162, 27.4384094 ], [ 94.852636, 27.4432391 ], [ 94.8527035, 27.44334 ], [ 94.8529492, 27.4437071 ], [ 94.8533765, 27.4443392 ], [ 94.8537806, 27.4449353 ], [ 94.8541442, 27.4454583 ], [ 94.8544532, 27.4458841 ], [ 94.8548597, 27.4463711 ], [ 94.8552378, 27.4468257 ], [ 94.8554869, 27.4472142 ], [ 94.8555061, 27.4472442 ], [ 94.8558704, 27.4477306 ], [ 94.8563495, 27.448303 ], [ 94.8569759, 27.449085 ], [ 94.8575669, 27.4498262 ], [ 94.858204, 27.450558 ], [ 94.8587748, 27.4512164 ], [ 94.8592088, 27.4517536 ], [ 94.8595838, 27.45214 ], [ 94.8599619, 27.4524755 ], [ 94.8607083, 27.4530867 ], [ 94.8608034, 27.4531645 ], [ 94.8615988, 27.453783 ] ] } },
{ "type": "Feature", "properties": { "name": "", "type": "tertiary" }, "geometry": { "type": "LineString", "coordinates": [ [ 94.7022788, 27.4318816 ], [ 94.7020835, 27.4317944 ], [ 94.7018986, 27.4317399 ], [ 94.7016512, 27.4317102 ], [ 94.7010916, 27.431712 ], [ 94.700172, 27.4317149 ], [ 94.6997428, 27.4316864 ], [ 94.6993348, 27.4316846 ], [ 94.6992091, 27.431684 ], [ 94.6986495, 27.4316099 ], [ 94.6985712, 27.4315924 ], [ 94.6976292, 27.4313817 ], [ 94.6967039, 27.4312269 ], [ 94.6964571, 27.4312079 ], [ 94.6957332, 27.4311521 ], [ 94.6946739, 27.4311267 ], [ 94.6935011, 27.4311088 ], [ 94.693445, 27.4311079 ], [ 94.6932426, 27.431105 ], [ 94.6928952, 27.431065 ], [ 94.6925927, 27.4310233 ], [ 94.6923193, 27.4309559 ], [ 94.6917198, 27.4307277 ], [ 94.6914545, 27.4306254 ], [ 94.6911165, 27.4304754 ], [ 94.6907571, 27.4302778 ], [ 94.6901885, 27.4299493 ], [ 94.6900389, 27.4298553 ], [ 94.689821, 27.4297184 ], [ 94.689534, 27.429516 ], [ 94.6892738, 27.4293089 ], [ 94.6890432, 27.4290946 ], [ 94.6886435, 27.4286304 ], [ 94.6884316, 27.4283328 ], [ 94.6882251, 27.4279924 ], [ 94.6880132, 27.4276948 ], [ 94.6878504, 27.4275157 ], [ 94.6876752, 27.4273972 ], [ 94.6874664, 27.4273226 ], [ 94.6866458, 27.4271126 ], [ 94.6855816, 27.4268655 ], [ 94.6848594, 27.4265932 ], [ 94.6843389, 27.4263013 ], [ 94.6842143, 27.4262099 ], [ 94.6836898, 27.4258251 ], [ 94.6829335, 27.42523 ], [ 94.6820322, 27.4245252 ], [ 94.6813563, 27.4240681 ], [ 94.6809379, 27.4238681 ], [ 94.6804872, 27.4235729 ], [ 94.6802619, 27.4232206 ], [ 94.6797684, 27.4221825 ] ] } },
{ "type": "Feature", "properties": { "name": "", "type": "tertiary" }, "geometry": { "type": "LineString", "coordinates": [ [ 94.7255102, 27.44922 ], [ 94.7264542, 27.4501976 ], [ 94.7266711, 27.4503672 ], [ 94.726814, 27.450413 ], [ 94.7269465, 27.4504184 ], [ 94.7271067, 27.4503842 ], [ 94.7272608, 27.4503282 ], [ 94.727649, 27.4501327 ], [ 94.7278492, 27.4500356 ], [ 94.7280095, 27.4499837 ], [ 94.7281805, 27.4499536 ], [ 94.7284038, 27.4499358 ], [ 94.7288605, 27.4499424 ], [ 94.7291136, 27.4499581 ], [ 94.7292658, 27.4499817 ], [ 94.7294038, 27.4500398 ], [ 94.7295135, 27.4501262 ], [ 94.7297348, 27.4503665 ], [ 94.730078, 27.4508084 ], [ 94.7302062, 27.4509735 ], [ 94.7307233, 27.451634 ], [ 94.730767, 27.4516898 ], [ 94.7311705, 27.4521983 ], [ 94.7315786, 27.4527125 ], [ 94.7324104, 27.4536955 ], [ 94.7330262, 27.4544713 ], [ 94.7337163, 27.4553506 ], [ 94.7347897, 27.456737 ], [ 94.7350915, 27.457121 ], [ 94.7358386, 27.4580367 ], [ 94.736341, 27.4585969 ], [ 94.736766, 27.4590709 ] ] } },
{ "type": "Feature", "properties": { "name": "", "type": "tertiary" }, "geometry": { "type": "LineString", "coordinates": [ [ 94.7255102, 27.44922 ], [ 94.7239994, 27.4476354 ], [ 94.7226475, 27.4461477 ], [ 94.7224966, 27.4460243 ], [ 94.7224361, 27.4459748 ], [ 94.7217651, 27.4453788 ], [ 94.7216806, 27.4453039 ] ] } },
{ "type": "Feature", "properties": { "name": "Bogibeel Bridge North Block Hut - Tangani", "type": "rail" }, "geometry": { "type": "LineString", "coordinates": [ [ 94.6843109, 27.5459498 ], [ 94.6842576, 27.546187 ], [ 94.6841554, 27.5465943 ], [ 94.6840293, 27.5470319 ], [ 94.6837975, 27.5478627 ], [ 94.6834151, 27.5492744 ], [ 94.6830181, 27.5506228 ], [ 94.6824173, 27.5527202 ], [ 94.6822016, 27.5533304 ], [ 94.6819755, 27.5538214 ], [ 94.6817897, 27.5541399 ], [ 94.6815677, 27.5545097 ], [ 94.6811225, 27.5551208 ], [ 94.6807911, 27.5554957 ], [ 94.6802937, 27.5560125 ], [ 94.6797706, 27.5565 ], [ 94.6792546, 27.5568667 ], [ 94.6787809, 27.5571611 ], [ 94.6781211, 27.5575178 ], [ 94.6775874, 27.5577569 ], [ 94.677244, 27.5578744 ], [ 94.6766807, 27.5580552 ], [ 94.6761389, 27.5582169 ], [ 94.6746852, 27.5585759 ] ] } },
{ "type": "Feature", "properties": { "name": "Simaluguri Junction - Dibrugarh", "type": "rail" }, "geometry": { "type": "LineString", "coordinates": [ [ 94.8584817, 27.3236127 ], [ 94.8587789, 27.3233648 ], [ 94.8595673, 27.3227748 ], [ 94.8601252, 27.322384 ], [ 94.8608022, 27.3219779 ], [ 94.8635883, 27.3205023 ], [ 94.8716774, 27.3163252 ], [ 94.8733601, 27.3154563 ] ] } },
{ "type": "Feature", "properties": { "name": "Simaluguri Junction - Dibrugarh", "type": "rail" }, "geometry": { "type": "LineString", "coordinates": [ [ 94.9052625, 27.2748097 ], [ 94.9054779, 27.2742707 ], [ 94.9058372, 27.273252 ] ] } },
{ "type": "Feature", "properties": { "name": "", "type": "rail" }, "geometry": { "type": "LineString", "coordinates": [ [ 94.8111137, 27.3729082 ], [ 94.8113773, 27.3730204 ], [ 94.8116394, 27.3731361 ], [ 94.8118857, 27.3732405 ], [ 94.8121673, 27.3733417 ], [ 94.8124462, 27.3734251 ], [ 94.8127091, 27.3734954 ], [ 94.8130055, 27.3735573 ], [ 94.8132992, 27.3736085 ], [ 94.8135781, 27.3736407 ], [ 94.8138969, 27.3736599 ], [ 94.8141874, 27.3736885 ], [ 94.8144788, 27.3737083 ], [ 94.8147708, 27.3737193 ], [ 94.8150712, 27.3737216 ], [ 94.8153714, 27.3737147 ], [ 94.8156712, 27.3736985 ], [ 94.8159703, 27.3736731 ], [ 94.8162681, 27.3736386 ], [ 94.8165644, 27.3735949 ], [ 94.8168588, 27.3735421 ], [ 94.8171406, 27.3734702 ] ] } },
{ "type": "Feature", "properties": { "name": "", "type": "unclassified" }, "geometry": { "type": "LineString", "coordinates": [ [ 94.8966343, 27.480653 ], [ 94.8961519, 27.4806552 ], [ 94.8956453, 27.4806786 ], [ 94.8953681, 27.4806862 ], [ 94.8951692, 27.4806736 ], [ 94.8951291, 27.4806685 ], [ 94.8951156, 27.4806668 ], [ 94.8950568, 27.4806491 ], [ 94.8949914, 27.4806307 ], [ 94.8948903, 27.4805738 ], [ 94.8947775, 27.4805093 ], [ 94.8947007, 27.4804381 ], [ 94.8943287, 27.4800615 ], [ 94.8937858, 27.4794538 ], [ 94.8937399, 27.4793995 ], [ 94.893634, 27.4792642 ], [ 94.8935857, 27.4791801 ], [ 94.8935582, 27.4791281 ], [ 94.8935187, 27.4790462 ], [ 94.8933926, 27.4786725 ], [ 94.8933832, 27.4786404 ], [ 94.8933054, 27.4783905 ], [ 94.8932628, 27.4782634 ], [ 94.8932189, 27.4781427 ], [ 94.8931377, 27.4780055 ], [ 94.8931191, 27.4779695 ], [ 94.8930666, 27.47792 ], [ 94.8929755, 27.4778475 ], [ 94.8928627, 27.4777599 ], [ 94.8927763, 27.4776965 ], [ 94.8927195, 27.4776484 ], [ 94.8919536, 27.4770133 ] ] } },
{ "type": "Feature", "properties": { "name": "", "type": "unclassified" }, "geometry": { "type": "LineString", "coordinates": [ [ 94.7775771, 27.6492675 ], [ 94.7779687, 27.6491297 ], [ 94.7780481, 27.649113 ], [ 94.7782128, 27.6490656 ], [ 94.7784622, 27.648999 ], [ 94.7786178, 27.6488588 ] ] } },
{ "type": "Feature", "properties": { "name": "", "type": "unclassified" }, "geometry": { "type": "LineString", "coordinates": [ [ 94.7764398, 27.6496999 ], [ 94.7773169, 27.6493625 ] ] } },
{ "type": "Feature", "properties": { "name": "Bogibeel Bridge North Block Hut - Murkongselek", "type": "rail" }, "geometry": { "type": "LineString", "coordinates": [ [ 94.7624956, 27.6311354 ], [ 94.7669069, 27.6358644 ] ] } },
{ "type": "Feature", "properties": { "name": "Bogibeel Bridge North Block Hut - Murkongselek", "type": "rail" }, "geometry": { "type": "LineString", "coordinates": [ [ 94.7551611, 27.6232855 ], [ 94.756801, 27.6250214 ], [ 94.7591522, 27.6275619 ], [ 94.7604042, 27.6289064 ] ] } },
{ "type": "Feature", "properties": { "name": "Bogibeel Bridge North Block Hut - Murkongselek", "type": "rail" }, "geometry": { "type": "LineString", "coordinates": [ [ 94.7332401, 27.6040726 ], [ 94.7387534, 27.6081196 ], [ 94.7405083, 27.6094149 ], [ 94.7442609, 27.6121798 ], [ 94.7451434, 27.612841 ], [ 94.745585, 27.6131928 ], [ 94.7460041, 27.6135624 ], [ 94.7464809, 27.6140175 ], [ 94.7469246, 27.6144812 ], [ 94.7521302, 27.6200339 ], [ 94.7548084, 27.6229057 ] ] } },
{ "type": "Feature", "properties": { "name": "Balipara - Harmuti - Bogibeel", "type": "rail" }, "geometry": { "type": "LineString", "coordinates": [ [ 94.6661524, 27.5630724 ], [ 94.6667214, 27.5626166 ], [ 94.6671149, 27.5622437 ], [ 94.6675354, 27.5618743 ], [ 94.6680947, 27.5614442 ], [ 94.6684266, 27.56122 ], [ 94.6687947, 27.5610211 ], [ 94.6691776, 27.5608348 ], [ 94.6695795, 27.5606765 ], [ 94.6699186, 27.5605673 ], [ 94.6702766, 27.5604706 ], [ 94.6707317, 27.5603891 ] ] } },
{ "type": "Feature", "properties": { "name": "Bogibeel Bridge North Block Hut - Tangani", "type": "rail" }, "geometry": { "type": "LineString", "coordinates": [ [ 94.7206324, 27.4466663 ], [ 94.7188832, 27.4483724 ], [ 94.7184971, 27.448737 ], [ 94.7181861, 27.4490518 ], [ 94.7148266, 27.4522819 ], [ 94.7121299, 27.4548799 ], [ 94.7117545, 27.4552252 ] ] } },
{ "type": "Feature", "properties": { "name": "Bogibeel Bridge North Block Hut - Tangani", "type": "rail" }, "geometry": { "type": "LineString", "coordinates": [ [ 94.6740374, 27.5587482 ], [ 94.6712989, 27.5594402 ], [ 94.670714, 27.5596338 ] ] } },
{ "type": "Feature", "properties": { "name": "Bogibeel Bridge North Block Hut - Tangani", "type": "rail" }, "geometry": { "type": "LineString", "coordinates": [ [ 94.6706221, 27.5596636 ], [ 94.6699112, 27.5599991 ], [ 94.6692426, 27.5603583 ], [ 94.6685905, 27.5608112 ], [ 94.6680898, 27.5612753 ], [ 94.6677509, 27.561563 ], [ 94.6674769, 27.5618552 ], [ 94.6671846, 27.562136 ], [ 94.6668819, 27.5624249 ], [ 94.6665428, 27.5627221 ], [ 94.6661524, 27.5630724 ] ] } },
{ "type": "Feature", "properties": { "name": "", "type": "trunk" }, "geometry": { "type": "LineString", "coordinates": [ [ 94.6581041, 27.5694636 ], [ 94.658261, 27.5693114 ], [ 94.6586375, 27.5688643 ], [ 94.6587827, 27.5686623 ], [ 94.6588964, 27.5685081 ], [ 94.6589678, 27.5683414 ], [ 94.6590041, 27.5681704 ], [ 94.659063, 27.5678159 ], [ 94.6591064, 27.5675145 ], [ 94.6592601, 27.5657948 ], [ 94.6593017, 27.5653062 ], [ 94.6593973, 27.5648154 ], [ 94.6595029, 27.5645251 ], [ 94.6596374, 27.5642307 ], [ 94.6598351, 27.5639635 ], [ 94.6598794, 27.5639035 ], [ 94.6603786, 27.5633802 ], [ 94.6607441, 27.5630144 ] ] } },
{ "type": "Feature", "properties": { "name": "", "type": "trunk" }, "geometry": { "type": "LineString", "coordinates": [ [ 94.6658932, 27.5600442 ], [ 94.6671406, 27.5600148 ], [ 94.6677668, 27.5600156 ] ] } },
{ "type": "Feature", "properties": { "name": "", "type": "trunk" }, "geometry": { "type": "LineString", "coordinates": [ [ 94.6624355, 27.5614227 ], [ 94.6628512, 27.5610541 ], [ 94.6628929, 27.5610166 ], [ 94.6630528, 27.5608728 ], [ 94.6632757, 27.5607218 ], [ 94.6635316, 27.560578 ], [ 94.6638441, 27.5604503 ], [ 94.6642464, 27.5603164 ], [ 94.6646896, 27.5601925 ], [ 94.6650993, 27.5600965 ], [ 94.6654677, 27.5600539 ], [ 94.6657457, 27.5600465 ] ] } },
{ "type": "Feature", "properties": { "name": "", "type": "unclassified" }, "geometry": { "type": "LineString", "coordinates": [ [ 94.6730268, 27.569373 ], [ 94.6721238, 27.5684495 ], [ 94.6711481, 27.5674152 ], [ 94.6708645, 27.5671146 ], [ 94.6700218, 27.5662038 ], [ 94.6695967, 27.5657437 ], [ 94.6691386, 27.5653392 ], [ 94.6686904, 27.5649703 ], [ 94.6681121, 27.5644942 ], [ 94.6675488, 27.5640555 ], [ 94.6672632, 27.5638427 ], [ 94.6670099, 27.5636877 ], [ 94.6669798, 27.5636795 ] ] } },
{ "type": "Feature", "properties": { "name": "Balipara - Harmuti - Bogibeel", "type": "rail" }, "geometry": { "type": "LineString", "coordinates": [ [ 94.6762387, 27.5621753 ], [ 94.6784808, 27.5638136 ] ] } },
{ "type": "Feature", "properties": { "name": "", "type": "unclassified" }, "geometry": { "type": "LineString", "coordinates": [ [ 94.5657809, 27.5144729 ], [ 94.5657621, 27.5142422 ], [ 94.565746, 27.5140733 ] ] } },
{ "type": "Feature", "properties": { "name": "", "type": "unclassified" }, "geometry": { "type": "LineString", "coordinates": [ [ 94.5657541, 27.5139306 ], [ 94.5658158, 27.5137093 ], [ 94.5658453, 27.5135499 ] ] } },
{ "type": "Feature", "properties": { "name": "Balipara - Harmuti - Bogibeel", "type": "rail" }, "geometry": { "type": "LineString", "coordinates": [ [ 94.6583935, 27.5703108 ], [ 94.6595777, 27.5692123 ], [ 94.6616183, 27.5672884 ], [ 94.66285, 27.5661772 ], [ 94.6635728, 27.5654881 ] ] } },
{ "type": "Feature", "properties": { "name": "Balipara - Harmuti - Bogibeel", "type": "rail" }, "geometry": { "type": "LineString", "coordinates": [ [ 94.6563456, 27.5720108 ], [ 94.6566916, 27.5718051 ], [ 94.6569987, 27.5715745 ], [ 94.6572616, 27.571364 ], [ 94.6575051, 27.5711408 ], [ 94.6583935, 27.5703108 ] ] } },
{ "type": "Feature", "properties": { "name": "Bogibeel Bridge North Block Hut - Tangani", "type": "rail" }, "geometry": { "type": "LineString", "coordinates": [ [ 94.6853475, 27.5223016 ], [ 94.6850759, 27.5290968 ], [ 94.6850644, 27.5296145 ], [ 94.6848265, 27.5357587 ], [ 94.6847431, 27.5375561 ], [ 94.6847323, 27.538142 ] ] } },
{ "type": "Feature", "properties": { "name": "Bogibeel Bridge North Block Hut - Tangani", "type": "rail" }, "geometry": { "type": "LineString", "coordinates": [ [ 94.6847323, 27.538142 ], [ 94.6847181, 27.5386953 ], [ 94.6845827, 27.5426449 ], [ 94.6844987, 27.5445134 ], [ 94.6844451, 27.5451983 ], [ 94.6843244, 27.5458856 ] ] } },
{ "type": "Feature", "properties": { "name": "", "type": "trunk" }, "geometry": { "type": "LineString", "coordinates": [ [ 94.6853057, 27.5288525 ], [ 94.6855743, 27.5288069 ], [ 94.6858619, 27.5287715 ], [ 94.686203, 27.5287485 ], [ 94.6864672, 27.5287458 ], [ 94.6866808, 27.5287934 ], [ 94.6868284, 27.5288776 ], [ 94.6869674, 27.5290086 ], [ 94.687104, 27.5292296 ], [ 94.6884982, 27.5313256 ], [ 94.6889417, 27.5319368 ] ] } },
{ "type": "Feature", "properties": { "name": "", "type": "trunk" }, "geometry": { "type": "LineString", "coordinates": [ [ 94.6804995, 27.5299104 ], [ 94.6828746, 27.5293776 ] ] } },
{ "type": "Feature", "properties": { "name": "", "type": "trunk" }, "geometry": { "type": "LineString", "coordinates": [ [ 94.6831509, 27.5293253 ], [ 94.6840803, 27.5291469 ], [ 94.6849169, 27.5289268 ] ] } },
{ "type": "Feature", "properties": { "name": "Bogibeel Bridge North Block Hut - Tangani", "type": "rail" }, "geometry": { "type": "LineString", "coordinates": [ [ 94.7217529, 27.4455951 ], [ 94.7209688, 27.4463382 ] ] } },
{ "type": "Feature", "properties": { "name": "Bogibeel Bridge North Block Hut - Tangani", "type": "rail" }, "geometry": { "type": "LineString", "coordinates": [ [ 94.7219972, 27.4453598 ], [ 94.7217529, 27.4455951 ] ] } },
{ "type": "Feature", "properties": { "name": "Bogibeel Bridge North Block Hut - Tangani", "type": "rail" }, "geometry": { "type": "LineString", "coordinates": [ [ 94.7209688, 27.4463382 ], [ 94.7206324, 27.4466663 ] ] } },
{ "type": "Feature", "properties": { "name": "Bogibeel Bridge North Block Hut - Tangani", "type": "rail" }, "geometry": { "type": "LineString", "coordinates": [ [ 94.7430316, 27.4249625 ], [ 94.7390579, 27.4289018 ], [ 94.7219972, 27.4453598 ] ] } },
{ "type": "Feature", "properties": { "name": "Bogibeel Bridge North Block Hut - Tangani", "type": "rail" }, "geometry": { "type": "LineString", "coordinates": [ [ 94.7050507, 27.4649635 ], [ 94.7047046, 27.4656701 ], [ 94.7044098, 27.4662726 ], [ 94.7038988, 27.4673775 ] ] } },
{ "type": "Feature", "properties": { "name": "Bogibeel Bridge North Block Hut - Tangani", "type": "rail" }, "geometry": { "type": "LineString", "coordinates": [ [ 94.7038516, 27.4674607 ], [ 94.7035567, 27.4680828 ], [ 94.7030319, 27.4691788 ] ] } },
{ "type": "Feature", "properties": { "name": "Bogibeel Bridge North Block Hut - Tangani", "type": "rail" }, "geometry": { "type": "LineString", "coordinates": [ [ 94.7020936, 27.471007 ], [ 94.7018928, 27.4714413 ], [ 94.6977867, 27.4796666 ] ] } },
{ "type": "Feature", "properties": { "name": "Bogibeel Bridge North Block Hut - Tangani", "type": "rail" }, "geometry": { "type": "LineString", "coordinates": [ [ 94.6977559, 27.4797288 ], [ 94.6902034, 27.494971 ] ] } },
{ "type": "Feature", "properties": { "name": "Bogibeel Bridge North Block Hut - Tangani", "type": "rail" }, "geometry": { "type": "LineString", "coordinates": [ [ 94.690158, 27.4950407 ], [ 94.6895663, 27.496228 ] ] } },
{ "type": "Feature", "properties": { "name": "Bogibeel Bridge North Block Hut - Tangani", "type": "rail" }, "geometry": { "type": "LineString", "coordinates": [ [ 94.6895397, 27.4962815 ], [ 94.687199, 27.5010002 ], [ 94.6865718, 27.5023469 ], [ 94.6862939, 27.503103 ], [ 94.6861279, 27.5038195 ], [ 94.6860425, 27.5045213 ], [ 94.6860094, 27.5053849 ], [ 94.6858788, 27.508699 ] ] } },
{ "type": "Feature", "properties": { "name": "Bogibeel Bridge North Block Hut - Tangani", "type": "rail" }, "geometry": { "type": "LineString", "coordinates": [ [ 94.6858666, 27.508949 ], [ 94.685542, 27.5175435 ], [ 94.6853516, 27.5222011 ] ] } },
{ "type": "Feature", "properties": { "name": "", "type": "tertiary" }, "geometry": { "type": "LineString", "coordinates": [ [ 94.7216806, 27.4453039 ], [ 94.7187561, 27.4422097 ], [ 94.7172064, 27.4405903 ], [ 94.7165479, 27.4399297 ], [ 94.7160827, 27.4395524 ], [ 94.7155497, 27.4391039 ], [ 94.7147671, 27.4385379 ], [ 94.7141108, 27.4381195 ], [ 94.7135443, 27.4377921 ], [ 94.7116902, 27.4367557 ], [ 94.7071639, 27.434431 ], [ 94.702958, 27.4322474 ], [ 94.7024267, 27.4319612 ], [ 94.7022788, 27.4318816 ] ] } },
{ "type": "Feature", "properties": { "name": "", "type": "tertiary" }, "geometry": { "type": "LineString", "coordinates": [ [ 94.736766, 27.4590709 ], [ 94.73888, 27.4615736 ], [ 94.7390224, 27.46181 ], [ 94.739072, 27.4619203 ], [ 94.7390981, 27.4620421 ], [ 94.7390833, 27.4621798 ], [ 94.7389866, 27.4623949 ], [ 94.7388587, 27.46266 ], [ 94.7388303, 27.462838 ], [ 94.738833, 27.4630046 ], [ 94.7388742, 27.4631797 ], [ 94.7397852, 27.4645991 ], [ 94.7398797, 27.4648971 ], [ 94.7399269, 27.4658404 ], [ 94.7399372, 27.466046 ], [ 94.7402365, 27.4678002 ], [ 94.7419554, 27.4724131 ], [ 94.7421268, 27.4727048 ], [ 94.7422823, 27.4729261 ], [ 94.7442806, 27.475432 ], [ 94.7445863, 27.4757842 ], [ 94.7452184, 27.476328 ], [ 94.7452944, 27.4763934 ], [ 94.7455949, 27.4767313 ], [ 94.7460562, 27.4773262 ], [ 94.746598, 27.4782495 ], [ 94.7467589, 27.4786445 ], [ 94.7468501, 27.4789681 ], [ 94.7468555, 27.479287 ], [ 94.7464102, 27.4814239 ], [ 94.7463137, 27.4816475 ], [ 94.7458899, 27.482428 ], [ 94.7457612, 27.4826041 ], [ 94.7456109, 27.4827849 ], [ 94.7447097, 27.4837082 ], [ 94.7425693, 27.4856403 ], [ 94.7420275, 27.4861353 ], [ 94.7417217, 27.4863399 ], [ 94.7402787, 27.4872869 ], [ 94.740032, 27.4874773 ], [ 94.7397208, 27.4878627 ], [ 94.7395438, 27.488153 ], [ 94.7394472, 27.4884481 ], [ 94.7394191, 27.4886121 ], [ 94.7393829, 27.488824 ], [ 94.7393721, 27.4890715 ], [ 94.7394365, 27.4893237 ], [ 94.7405308, 27.491408 ], [ 94.7408169, 27.4920685 ], [ 94.7409761, 27.4924359 ], [ 94.7411746, 27.4927785 ], [ 94.741652, 27.4935256 ], [ 94.7419202, 27.4938444 ], [ 94.7422314, 27.4941252 ], [ 94.742521, 27.4943203 ], [ 94.7455037, 27.4962808 ], [ 94.7457987, 27.496533 ], [ 94.7462064, 27.4969755 ], [ 94.7464102, 27.4973324 ], [ 94.7482449, 27.5004776 ], [ 94.7487249, 27.5014322 ], [ 94.7498167, 27.5036038 ], [ 94.7503853, 27.504622 ], [ 94.7504979, 27.5047886 ], [ 94.7506535, 27.5049598 ], [ 94.7509593, 27.5052834 ], [ 94.7514152, 27.5059352 ], [ 94.7515279, 27.5061684 ], [ 94.7517371, 27.5065823 ], [ 94.751882, 27.5068012 ], [ 94.7520536, 27.5069963 ], [ 94.7524881, 27.5075339 ], [ 94.7529012, 27.5082714 ], [ 94.7531158, 27.508595 ], [ 94.7541726, 27.5101318 ], [ 94.7544108, 27.5103871 ], [ 94.755047, 27.5110691 ], [ 94.7552186, 27.5111975 ], [ 94.7553796, 27.5112832 ], [ 94.7574049, 27.5123465 ], [ 94.7595792, 27.513488 ], [ 94.7596287, 27.5135139 ], [ 94.7603074, 27.5138687 ], [ 94.7639251, 27.5157602 ], [ 94.7643006, 27.5159124 ], [ 94.7644991, 27.5159362 ], [ 94.7651106, 27.5158268 ], [ 94.7653413, 27.5157506 ], [ 94.7660279, 27.5154795 ], [ 94.7690213, 27.5138523 ], [ 94.7692198, 27.5137191 ], [ 94.7692949, 27.5135241 ], [ 94.769429, 27.512739 ], [ 94.769488, 27.5126225 ], [ 94.7695819, 27.5125416 ], [ 94.7697294, 27.5124845 ], [ 94.7714031, 27.5118018 ], [ 94.7715479, 27.5117542 ], [ 94.7716927, 27.5117494 ], [ 94.7718966, 27.5118018 ], [ 94.7721863, 27.5120111 ], [ 94.77283, 27.5128913 ], [ 94.7730553, 27.5133623 ], [ 94.7735274, 27.5146374 ], [ 94.7736132, 27.5147373 ], [ 94.7737902, 27.5148562 ], [ 94.7742455, 27.514998 ], [ 94.7772878, 27.5159457 ], [ 94.7775882, 27.5160599 ], [ 94.7799861, 27.517216 ], [ 94.7881615, 27.5220686 ], [ 94.7887338, 27.5224426 ], [ 94.7891282, 27.5227814 ], [ 94.7892578, 27.5229016 ], [ 94.7896705, 27.5232841 ] ] } },
{ "type": "Feature", "properties": { "name": "old NH52B", "type": "trunk" }, "geometry": { "type": "LineString", "coordinates": [ [ 94.792618, 27.3769087 ], [ 94.7865834, 27.3827449 ], [ 94.7835125, 27.3857149 ], [ 94.7834219, 27.3857583 ], [ 94.7833796, 27.3857916 ], [ 94.783343, 27.3858803 ], [ 94.7833093, 27.385909 ], [ 94.7832511, 27.3859294 ], [ 94.7831776, 27.3859952 ], [ 94.7829959, 27.3861856 ] ] } },
{ "type": "Feature", "properties": { "name": "", "type": "residential" }, "geometry": { "type": "LineString", "coordinates": [ [ 94.772476, 27.3479921 ], [ 94.7721779, 27.3481308 ], [ 94.7711011, 27.3486814 ], [ 94.7702669, 27.3491198 ], [ 94.7694757, 27.3496177 ], [ 94.7691779, 27.3498845 ], [ 94.7691429, 27.3499588 ], [ 94.7691322, 27.3500359 ], [ 94.7691362, 27.3501408 ], [ 94.7691955, 27.350241 ], [ 94.769701, 27.3507731 ], [ 94.7700255, 27.3511639 ], [ 94.770252, 27.3515188 ], [ 94.7707256, 27.3522836 ], [ 94.7712593, 27.3531412 ], [ 94.7721901, 27.354573 ], [ 94.7724932, 27.3550351 ], [ 94.7729146, 27.3556548 ], [ 94.7730537, 27.3558594 ], [ 94.773676, 27.3567027 ], [ 94.774309, 27.3576294 ], [ 94.774832, 27.3583631 ], [ 94.7755696, 27.3593374 ], [ 94.7757655, 27.3595923 ], [ 94.7760095, 27.3599568 ], [ 94.776455, 27.3606444 ], [ 94.776613, 27.3609525 ], [ 94.7767766, 27.3612694 ], [ 94.7770046, 27.3617315 ], [ 94.7772568, 27.3622031 ], [ 94.7774794, 27.362701 ], [ 94.7777101, 27.3631608 ], [ 94.7779219, 27.3635967 ], [ 94.7782358, 27.3643566 ], [ 94.7785415, 27.3650069 ], [ 94.7787615, 27.365488 ], [ 94.7787907, 27.3656116 ], [ 94.7788032, 27.3657116 ], [ 94.7788071, 27.3658382 ], [ 94.7787914, 27.3661755 ], [ 94.7787883, 27.3662431 ], [ 94.7787561, 27.3666314 ], [ 94.7787674, 27.3672043 ], [ 94.7787736, 27.3672383 ], [ 94.7787885, 27.3672806 ], [ 94.7788048, 27.3673086 ], [ 94.7788617, 27.3674012 ], [ 94.778896, 27.3674492 ], [ 94.7789245, 27.3674894 ], [ 94.7789568, 27.3675269 ], [ 94.7789931, 27.3675673 ], [ 94.7791344, 27.3677224 ], [ 94.7792697, 27.367864 ], [ 94.7794052, 27.3679987 ], [ 94.77977, 27.3683346 ], [ 94.7799739, 27.3685296 ], [ 94.7803771, 27.3689217 ], [ 94.7804101, 27.3689538 ], [ 94.7804612, 27.3690067 ], [ 94.7805671, 27.3691074 ], [ 94.7807263, 27.369244 ], [ 94.7808643, 27.3693564 ], [ 94.7811272, 27.3695517 ], [ 94.7818836, 27.3699948 ], [ 94.781973, 27.3700447 ], [ 94.7821538, 27.3701456 ], [ 94.7825407, 27.3703616 ], [ 94.7827675, 27.3704732 ], [ 94.7830879, 27.3706308 ], [ 94.7831855, 27.3706923 ], [ 94.7832667, 27.3707568 ], [ 94.7833236, 27.370805 ], [ 94.7833588, 27.3708404 ], [ 94.7834024, 27.3709372 ], [ 94.7834066, 27.3709494 ], [ 94.783444, 27.3710577 ], [ 94.7834929, 27.3712263 ], [ 94.7836458, 27.3717741 ], [ 94.7837692, 27.3720909 ], [ 94.7838979, 27.3724267 ], [ 94.7840223, 27.3726617 ], [ 94.7841903, 27.3729793 ], [ 94.7845121, 27.3735557 ], [ 94.7847643, 27.373994 ], [ 94.7848501, 27.3741277 ] ] } },
{ "type": "Feature", "properties": { "name": "", "type": "unclassified" }, "geometry": { "type": "LineString", "coordinates": [ [ 94.792542, 27.3766299 ], [ 94.7925072, 27.3765585 ], [ 94.7924077, 27.3763514 ], [ 94.7909653, 27.3740597 ], [ 94.7908916, 27.3739427 ], [ 94.7902504, 27.3729239 ] ] } },
{ "type": "Feature", "properties": { "name": "", "type": "unclassified" }, "geometry": { "type": "LineString", "coordinates": [ [ 94.7902504, 27.3729239 ], [ 94.7899543, 27.3724506 ], [ 94.7897451, 27.3721219 ], [ 94.7896375, 27.3719725 ], [ 94.7895493, 27.3717765 ], [ 94.7894447, 27.3714787 ], [ 94.7892596, 27.3709023 ], [ 94.7889512, 27.3698995 ], [ 94.788683, 27.3690253 ], [ 94.7883852, 27.3680702 ], [ 94.7880339, 27.3669268 ], [ 94.787981, 27.3667664 ], [ 94.7877871, 27.3661788 ], [ 94.7873821, 27.3648044 ], [ 94.7871782, 27.3641493 ], [ 94.7870577, 27.3637367 ], [ 94.7870313, 27.3636462 ], [ 94.7869369, 27.3633227 ], [ 94.7867974, 27.3628892 ], [ 94.7865828, 27.3624175 ], [ 94.7863682, 27.3620007 ], [ 94.7859471, 27.3611741 ], [ 94.7853865, 27.360064 ], [ 94.7852044, 27.3596951 ], [ 94.7850271, 27.3594089 ], [ 94.7847804, 27.3590539 ], [ 94.7844236, 27.3586085 ], [ 94.7839837, 27.3581654 ], [ 94.7831281, 27.3572697 ], [ 94.7825756, 27.3566932 ], [ 94.7817334, 27.355857 ], [ 94.7810387, 27.35519 ], [ 94.7806632, 27.3548922 ], [ 94.7802206, 27.3544991 ], [ 94.7795715, 27.3539679 ], [ 94.7792733, 27.3537061 ], [ 94.7791128, 27.3535652 ], [ 94.7786166, 27.3531602 ], [ 94.777981, 27.3525933 ], [ 94.777187, 27.351931 ], [ 94.7762268, 27.351121 ], [ 94.7753229, 27.3503538 ], [ 94.7743251, 27.3495033 ], [ 94.7738264, 27.3490689 ], [ 94.7734067, 27.3487229 ], [ 94.7732397, 27.3485805 ], [ 94.7730788, 27.3484346 ], [ 94.7727641, 27.3481477 ], [ 94.7726235, 27.3480591 ], [ 94.7725658, 27.348026 ], [ 94.772476, 27.3479921 ] ] } },
{ "type": "Feature", "properties": { "name": "", "type": "track" }, "geometry": { "type": "LineString", "coordinates": [ [ 94.7785259, 27.3903265 ], [ 94.7788064, 27.3900307 ], [ 94.7792569, 27.3896484 ], [ 94.7796332, 27.3893226 ], [ 94.7803333, 27.388651 ], [ 94.7809582, 27.3880676 ], [ 94.7816261, 27.3874269 ], [ 94.7819694, 27.3870887 ], [ 94.7829447, 27.386112 ], [ 94.7830777, 27.3859944 ] ] } },
{ "type": "Feature", "properties": { "name": "", "type": "service" }, "geometry": { "type": "LineString", "coordinates": [ [ 94.7832601, 27.3867144 ], [ 94.7824495, 27.387496 ], [ 94.7818728, 27.3880699 ], [ 94.7805532, 27.3894155 ], [ 94.779329, 27.3905781 ], [ 94.7779461, 27.3919971 ], [ 94.77766, 27.392257 ], [ 94.7776064, 27.3922838 ], [ 94.7775384, 27.3922829 ] ] } },
{ "type": "Feature", "properties": { "name": "", "type": "primary" }, "geometry": { "type": "LineString", "coordinates": [ [ 94.7985887, 27.3861197 ], [ 94.7985728, 27.3860952 ], [ 94.7980686, 27.3853194 ], [ 94.7977277, 27.3847815 ], [ 94.796712, 27.3831705 ], [ 94.7963711, 27.3826578 ], [ 94.796182, 27.3823482 ], [ 94.795987, 27.3820448 ], [ 94.7957817, 27.3817357 ], [ 94.7956822, 27.3815733 ], [ 94.7953761, 27.3810742 ], [ 94.7949711, 27.3804397 ], [ 94.7945684, 27.3797963 ], [ 94.7938878, 27.3787456 ], [ 94.793199, 27.3774446 ] ] } },
{ "type": "Feature", "properties": { "name": "Bogibeel Bridge North Block Hut - Tangani", "type": "rail" }, "geometry": { "type": "LineString", "coordinates": [ [ 94.7928321, 27.3770649 ], [ 94.788065, 27.3816744 ], [ 94.7832809, 27.3862496 ] ] } },
{ "type": "Feature", "properties": { "name": "", "type": "unclassified" }, "geometry": { "type": "LineString", "coordinates": [ [ 94.772476, 27.3479921 ], [ 94.7721273, 27.3478991 ], [ 94.7717924, 27.3478135 ], [ 94.7714735, 27.3477277 ], [ 94.7710216, 27.3476193 ], [ 94.7707007, 27.3475419 ], [ 94.7702754, 27.3474347 ], [ 94.7698967, 27.3473097 ], [ 94.7694036, 27.3471705 ], [ 94.768719, 27.3470201 ], [ 94.7684262, 27.3469606 ], [ 94.768299, 27.3469173 ], [ 94.7681392, 27.346838 ] ] } },
{ "type": "Feature", "properties": { "name": "", "type": "track" }, "geometry": { "type": "LineString", "coordinates": [ [ 94.7681392, 27.346838 ], [ 94.7679273, 27.3467748 ], [ 94.7677288, 27.346739 ], [ 94.7673292, 27.3466652 ], [ 94.7666264, 27.3464674 ], [ 94.7662456, 27.3463483 ], [ 94.7654516, 27.3461744 ], [ 94.7649125, 27.3460457 ], [ 94.7643581, 27.3458862 ], [ 94.7641628, 27.3458142 ], [ 94.76405, 27.345761 ], [ 94.7638477, 27.3456502 ], [ 94.7631846, 27.3453071 ], [ 94.7627453, 27.3450641 ], [ 94.7622812, 27.344864 ], [ 94.7619218, 27.344671 ], [ 94.7615275, 27.3444757 ], [ 94.7609649, 27.3442184 ], [ 94.7605164, 27.3440039 ], [ 94.7599853, 27.3437776 ], [ 94.7595534, 27.3435775 ], [ 94.7588346, 27.3432463 ], [ 94.7584666, 27.3430657 ], [ 94.7581211, 27.3428698 ], [ 94.7576679, 27.3426006 ], [ 94.7572118, 27.3423148 ], [ 94.7566486, 27.3419525 ], [ 94.7561765, 27.3416428 ], [ 94.7556481, 27.3413069 ], [ 94.7552136, 27.3410543 ], [ 94.754932, 27.3408995 ], [ 94.7546419, 27.3407576 ] ] } },
{ "type": "Feature", "properties": { "name": "", "type": "service" }, "geometry": { "type": "LineString", "coordinates": [ [ 94.7764789, 27.3915939 ], [ 94.7771736, 27.3919923 ], [ 94.7775384, 27.3922829 ], [ 94.7780023, 27.3927561 ] ] } },
{ "type": "Feature", "properties": { "name": "", "type": "service" }, "geometry": { "type": "LineString", "coordinates": [ [ 94.7734748, 27.387612 ], [ 94.7733889, 27.3881073 ], [ 94.7734962, 27.3888028 ], [ 94.7738717, 27.389422 ], [ 94.7748373, 27.3902507 ], [ 94.7764789, 27.3915939 ] ] } },
{ "type": "Feature", "properties": { "name": "", "type": "service" }, "geometry": { "type": "LineString", "coordinates": [ [ 94.7780023, 27.3927561 ], [ 94.7789894, 27.3934324 ], [ 94.7805558, 27.3944421 ], [ 94.7817038, 27.3950327 ], [ 94.7835062, 27.3957281 ], [ 94.7845684, 27.3959948 ], [ 94.7852014, 27.396071 ], [ 94.7856842, 27.3960424 ], [ 94.7862421, 27.3959567 ], [ 94.7867571, 27.3958614 ], [ 94.7873686, 27.3956233 ], [ 94.78783, 27.3953375 ], [ 94.7880982, 27.3950994 ], [ 94.7884415, 27.3947565 ], [ 94.788699, 27.3944898 ], [ 94.7888277, 27.3942421 ], [ 94.788935, 27.3940135 ] ] } },
{ "type": "Feature", "properties": { "name": "old NH52B", "type": "trunk" }, "geometry": { "type": "LineString", "coordinates": [ [ 94.8090469, 27.3657223 ], [ 94.8088309, 27.3657519 ] ] } },
{ "type": "Feature", "properties": { "name": "old NH52B", "type": "trunk" }, "geometry": { "type": "LineString", "coordinates": [ [ 94.8032248, 27.3675547 ], [ 94.8028876, 27.3677317 ], [ 94.8025777, 27.3679025 ], [ 94.8023182, 27.3680572 ], [ 94.8021244, 27.3681759 ], [ 94.8018319, 27.3683681 ], [ 94.8015423, 27.3685767 ], [ 94.8012176, 27.3688293 ], [ 94.8009711, 27.3690291 ], [ 94.8006667, 27.3692799 ], [ 94.8004568, 27.3694554 ], [ 94.8002903, 27.3695951 ], [ 94.8001494, 27.3697194 ], [ 94.7999591, 27.3698963 ], [ 94.7996211, 27.3702159 ], [ 94.798776, 27.3710157 ], [ 94.7980113, 27.371726 ], [ 94.7977671, 27.3719647 ], [ 94.7958538, 27.3738095 ], [ 94.7927251, 27.3768091 ] ] } },
{ "type": "Feature", "properties": { "name": "", "type": "residential" }, "geometry": { "type": "LineString", "coordinates": [ [ 95.342028, 27.4805354 ], [ 95.3420822, 27.4808721 ], [ 95.3421098, 27.4809703 ], [ 95.342153, 27.4810605 ], [ 95.3424053, 27.4815007 ] ] } },
{ "type": "Feature", "properties": { "name": "", "type": "rail" }, "geometry": { "type": "LineString", "coordinates": [ [ 95.3514839, 27.4674346 ], [ 95.3514414, 27.4675806 ], [ 95.3513897, 27.4677243 ], [ 95.3513288, 27.4678651 ], [ 95.351259, 27.4680027 ], [ 95.3511805, 27.4681364 ], [ 95.3510935, 27.468266 ], [ 95.3509983, 27.468391 ], [ 95.3508953, 27.468511 ], [ 95.3507848, 27.4686256 ], [ 95.3506671, 27.4687344 ], [ 95.3505426, 27.4688371 ], [ 95.3504117, 27.4689333 ], [ 95.3502697, 27.469026 ], [ 95.3501217, 27.469111 ], [ 95.3499684, 27.4691882 ], [ 95.3498102, 27.4692572 ], [ 95.3496477, 27.4693178 ], [ 95.3494814, 27.4693697 ], [ 95.349312, 27.4694129 ], [ 95.34914, 27.4694471 ], [ 95.348966, 27.4694723 ], [ 95.3483313, 27.4695765 ] ] } },
{ "type": "Feature", "properties": { "name": "", "type": "trunk" }, "geometry": { "type": "LineString", "coordinates": [ [ 95.3331499, 27.5174036 ], [ 95.33335, 27.5176965 ], [ 95.3335042, 27.5179213 ], [ 95.3336652, 27.5181401 ], [ 95.3338033, 27.5183019 ], [ 95.3339776, 27.5184934 ], [ 95.3341761, 27.5186884 ], [ 95.3344256, 27.5189168 ], [ 95.3347072, 27.5191475 ], [ 95.3349608, 27.5193454 ], [ 95.3350304, 27.5193997 ], [ 95.3352825, 27.5195876 ], [ 95.3355454, 27.519766 ], [ 95.3358901, 27.5199694 ], [ 95.3362052, 27.5201478 ], [ 95.3364788, 27.5202739 ], [ 95.3368087, 27.5204011 ], [ 95.3371413, 27.5205177 ], [ 95.3374068, 27.5206033 ], [ 95.3376348, 27.5206592 ], [ 95.3381029, 27.5207532 ], [ 95.3383952, 27.5208114 ], [ 95.3385454, 27.520834 ], [ 95.3386822, 27.5208459 ], [ 95.3389277, 27.5208483 ], [ 95.3392535, 27.5208281 ], [ 95.3395231, 27.5207936 ], [ 95.3401065, 27.5207294 ], [ 95.3407636, 27.5206544 ], [ 95.3414784, 27.5205724 ], [ 95.3422013, 27.5204891 ], [ 95.3425473, 27.5204487 ], [ 95.342951, 27.5204011 ], [ 95.343297, 27.5203654 ], [ 95.3436752, 27.5203274 ], [ 95.3440909, 27.5202893 ], [ 95.3445563, 27.5202542 ], [ 95.3451772, 27.5202132 ], [ 95.3455395, 27.5201938 ], [ 95.3456895, 27.5201858 ], [ 95.3462715, 27.5201644 ], [ 95.3468557, 27.5201581 ], [ 95.3473927, 27.5201466 ], [ 95.3475871, 27.5201478 ], [ 95.347787, 27.520149 ], [ 95.3482483, 27.5201502 ], [ 95.3488354, 27.5201591 ], [ 95.3488978, 27.52016 ], [ 95.348908, 27.5201597 ], [ 95.3489577, 27.5201582 ], [ 95.3497826, 27.5201204 ], [ 95.35037, 27.5201026 ], [ 95.3515729, 27.5200717 ], [ 95.352796, 27.5200455 ], [ 95.3528824, 27.5200437 ], [ 95.3531849, 27.5200372 ], [ 95.3536476, 27.5200277 ], [ 95.3542685, 27.5200181 ], [ 95.3551805, 27.5200062 ], [ 95.355847, 27.5200081 ], [ 95.3558805, 27.5200082 ], [ 95.3560415, 27.5200086 ], [ 95.3576294, 27.520017 ] ] } },
{ "type": "Feature", "properties": { "name": "", "type": "rail" }, "geometry": { "type": "LineString", "coordinates": [ [ 95.3482592, 27.4695877 ], [ 95.3478961, 27.4696442 ], [ 95.3470985, 27.4697675 ], [ 95.3449694, 27.4700971 ], [ 95.3434959, 27.4703252 ], [ 95.3432999, 27.4703552 ], [ 95.3423821, 27.4704958 ], [ 95.3418597, 27.4705757 ], [ 95.3414593, 27.4706379 ], [ 95.3411981, 27.4706785 ], [ 95.3405947, 27.4707721 ] ] } },
{ "type": "Feature", "properties": { "name": "", "type": "rail" }, "geometry": { "type": "LineString", "coordinates": [ [ 95.3382389, 27.4711419 ], [ 95.3376689, 27.4712455 ], [ 95.3364619, 27.4714299 ], [ 95.3362168, 27.4714658 ], [ 95.3353582, 27.4715917 ], [ 95.3332754, 27.4719332 ], [ 95.3326612, 27.4720177 ], [ 95.3313094, 27.4722247 ], [ 95.3305919, 27.4723413 ], [ 95.3299992, 27.4724481 ], [ 95.3297845, 27.472496 ], [ 95.3295874, 27.4725555 ], [ 95.3292211, 27.4726784 ], [ 95.3285067, 27.4729399 ], [ 95.3281484, 27.4730791 ], [ 95.3277789, 27.4732246 ], [ 95.3273963, 27.4733873 ], [ 95.3271238, 27.4735377 ], [ 95.3268985, 27.4737085 ], [ 95.3266689, 27.4738848 ], [ 95.3264736, 27.4740798 ], [ 95.3263835, 27.4741785 ], [ 95.3262841, 27.4742998 ], [ 95.3260874, 27.4746271 ] ] } },
{ "type": "Feature", "properties": { "name": "", "type": "tertiary" }, "geometry": { "type": "LineString", "coordinates": [ [ 95.4966166, 27.5238917 ], [ 95.496736, 27.5237525 ], [ 95.4970243, 27.5234362 ] ] } },
{ "type": "Feature", "properties": { "name": "", "type": "tertiary" }, "geometry": { "type": "LineString", "coordinates": [ [ 95.4978595, 27.5225314 ], [ 95.4981468, 27.5222088 ], [ 95.498297, 27.5220375 ] ] } },
{ "type": "Feature", "properties": { "name": "Makum Junction - Dangari", "type": "rail" }, "geometry": { "type": "LineString", "coordinates": [ [ 95.4774326, 27.5095763 ], [ 95.4772853, 27.5093696 ] ] } },
{ "type": "Feature", "properties": { "name": "Makum Junction - Dangari", "type": "rail" }, "geometry": { "type": "LineString", "coordinates": [ [ 95.4768407, 27.508759 ], [ 95.4766788, 27.5085235 ] ] } },
{ "type": "Feature", "properties": { "name": "Makum Junction - Dangari", "type": "rail" }, "geometry": { "type": "LineString", "coordinates": [ [ 95.4772395, 27.5093053 ], [ 95.4769761, 27.5089493 ] ] } },
{ "type": "Feature", "properties": { "name": "", "type": "rail" }, "geometry": { "type": "LineString", "coordinates": [ [ 94.8175414, 27.3733604 ], [ 94.8178191, 27.3732807 ], [ 94.8180937, 27.373193 ], [ 94.818365, 27.3730974 ], [ 94.8186326, 27.3729941 ], [ 94.8188963, 27.3728831 ], [ 94.8191558, 27.3727646 ], [ 94.8194108, 27.3726386 ], [ 94.8196611, 27.3725053 ], [ 94.819908, 27.372364 ], [ 94.8201496, 27.3722155 ], [ 94.8203855, 27.3720601 ], [ 94.8206156, 27.371898 ], [ 94.8208397, 27.3717293 ], [ 94.8210573, 27.3715541 ], [ 94.8212685, 27.3713727 ], [ 94.8214728, 27.3711853 ], [ 94.8216701, 27.370992 ], [ 94.8218602, 27.3707932 ], [ 94.8220429, 27.3705889 ], [ 94.822218, 27.3703794 ], [ 94.8223852, 27.3701649 ], [ 94.8225992, 27.3698577 ] ] } },
{ "type": "Feature", "properties": { "name": "", "type": "unclassified" }, "geometry": { "type": "LineString", "coordinates": [ [ 94.9470946, 27.3422684 ], [ 94.9474158, 27.3422621 ], [ 94.947588, 27.3422624 ], [ 94.9477914, 27.342262 ], [ 94.947934, 27.3422542 ], [ 94.9481296, 27.3422509 ], [ 94.9482651, 27.3422542 ], [ 94.948459, 27.3422652 ], [ 94.9486094, 27.342283 ], [ 94.9487369, 27.3422989 ], [ 94.9489025, 27.3423377 ], [ 94.9490373, 27.3423994 ], [ 94.9491775, 27.3424676 ], [ 94.9492935, 27.3425307 ], [ 94.9494522, 27.3426005 ], [ 94.9496216, 27.3426812 ], [ 94.9498065, 27.3427661 ], [ 94.9499821, 27.3428468 ], [ 94.9501885, 27.3429426 ], [ 94.950395, 27.3430452 ], [ 94.9506784, 27.3431698 ], [ 94.9507565, 27.343199 ], [ 94.9508941, 27.3432505 ], [ 94.9511497, 27.3433124 ], [ 94.9518972, 27.3434356 ], [ 94.9522545, 27.3434978 ], [ 94.95243, 27.3435443 ], [ 94.9526327, 27.3436326 ], [ 94.9528499, 27.3437509 ], [ 94.9530834, 27.3438919 ], [ 94.9534911, 27.3441363 ], [ 94.9540414, 27.344493 ], [ 94.9546822, 27.3448679 ], [ 94.9555727, 27.3454071 ], [ 94.9561642, 27.3457711 ], [ 94.9571317, 27.3463513 ], [ 94.9583375, 27.3471015 ], [ 94.9587432, 27.3473286 ], [ 94.9593411, 27.3476634 ], [ 94.9603432, 27.3481529 ], [ 94.9608985, 27.3484149 ], [ 94.961517, 27.3487082 ], [ 94.9620869, 27.3489788 ], [ 94.9625695, 27.349225 ], [ 94.9628797, 27.3494291 ], [ 94.9631729, 27.3496453 ], [ 94.9635461, 27.3499055 ], [ 94.9643651, 27.3504748 ], [ 94.9647413, 27.350684 ], [ 94.96511, 27.350847 ], [ 94.9658407, 27.3511261 ], [ 94.9683195, 27.3520661 ], [ 94.9693012, 27.3524774 ], [ 94.9710139, 27.3532011 ], [ 94.9717442, 27.3535151 ], [ 94.9721436, 27.3536869 ], [ 94.9729811, 27.3540471 ], [ 94.9736811, 27.3544454 ], [ 94.9755249, 27.3555274 ], [ 94.9767494, 27.3561796 ], [ 94.9771422, 27.3563846 ], [ 94.978248, 27.3569617 ], [ 94.9789071, 27.3573105 ], [ 94.9791142, 27.357398 ], [ 94.9795486, 27.3575326 ], [ 94.9797655, 27.3575853 ], [ 94.9808811, 27.3578014 ], [ 94.9810633, 27.3578514 ], [ 94.9811928, 27.3579005 ], [ 94.9813298, 27.3580005 ], [ 94.9820537, 27.3588709 ], [ 94.982664, 27.3596055 ], [ 94.9827281, 27.3597173 ], [ 94.9827715, 27.359846 ], [ 94.9830073, 27.360675 ], [ 94.9833844, 27.362001 ], [ 94.9840138, 27.3639813 ], [ 94.9844094, 27.3648037 ], [ 94.985758, 27.3669516 ], [ 94.9861953, 27.367542 ], [ 94.9863218, 27.367697 ], [ 94.9872313, 27.368548 ], [ 94.9873494, 27.3686923 ], [ 94.9876911, 27.369355 ], [ 94.9880312, 27.3700971 ], [ 94.9890487, 27.3723172 ], [ 94.9910327, 27.3767371 ], [ 94.9913069, 27.3771312 ], [ 94.9921684, 27.3777687 ], [ 94.9931343, 27.3784178 ], [ 94.9953402, 27.3803998 ], [ 94.9955456, 27.3805858 ], [ 94.9964775, 27.3813913 ], [ 94.9971842, 27.3820449 ], [ 94.9977929, 27.3825746 ], [ 94.9979522, 27.3826907 ], [ 94.9980859, 27.3827528 ], [ 94.9987363, 27.3829426 ], [ 94.9991499, 27.3830992 ], [ 94.9995343, 27.3832273 ], [ 95.0016922, 27.3838096 ], [ 95.0020838, 27.3838668 ], [ 95.0022125, 27.383862 ], [ 95.0023426, 27.3838477 ], [ 95.0027275, 27.3837453 ], [ 95.0029501, 27.38365 ], [ 95.0031379, 27.3835667 ], [ 95.0041423, 27.3829613 ], [ 95.0043594, 27.382834 ], [ 95.0045837, 27.3826874 ] ] } },
{ "type": "Feature", "properties": { "name": "", "type": "unclassified" }, "geometry": { "type": "LineString", "coordinates": [ [ 95.0299322, 27.3247983 ], [ 95.0297071, 27.3256895 ], [ 95.0296692, 27.3258581 ], [ 95.0295516, 27.3263524 ], [ 95.0294567, 27.3267097 ], [ 95.0294163, 27.3268104 ], [ 95.0293652, 27.3269039 ], [ 95.0292706, 27.327026 ], [ 95.0291563, 27.3271254 ], [ 95.0288415, 27.3273063 ], [ 95.0286533, 27.3274435 ], [ 95.0284446, 27.3275956 ], [ 95.0283132, 27.3277389 ], [ 95.02821, 27.32791 ], [ 95.0279027, 27.3286121 ], [ 95.027714, 27.3290416 ], [ 95.0276667, 27.329122 ], [ 95.0276223, 27.3291525 ], [ 95.0275497, 27.3291679 ], [ 95.0274306, 27.3291792 ], [ 95.0268603, 27.3291704 ], [ 95.0267649, 27.329169 ], [ 95.0262397, 27.3291459 ], [ 95.0257683, 27.3291372 ], [ 95.0252543, 27.3291327 ], [ 95.0248112, 27.3291571 ], [ 95.0246035, 27.3291841 ], [ 95.024002, 27.3292623 ], [ 95.0235518, 27.3293411 ], [ 95.0231552, 27.3294509 ], [ 95.0223829, 27.329744 ], [ 95.0222486, 27.3297725 ], [ 95.0221264, 27.329779 ], [ 95.0214708, 27.3297559 ], [ 95.0208847, 27.3297518 ], [ 95.0193729, 27.3297388 ], [ 95.0187735, 27.3297567 ], [ 95.0183314, 27.3297944 ], [ 95.0180404, 27.3298453 ], [ 95.0178819, 27.329873 ], [ 95.0174324, 27.3300208 ], [ 95.0169971, 27.3302283 ], [ 95.0166998, 27.330354 ], [ 95.0164485, 27.3303949 ], [ 95.01613, 27.3304043 ], [ 95.0158186, 27.3304043 ], [ 95.0154859, 27.3304264 ], [ 95.0151638, 27.3304672 ], [ 95.0145798, 27.3306056 ], [ 95.0143277, 27.3306709 ], [ 95.0137552, 27.3308194 ], [ 95.0132031, 27.3309923 ], [ 95.0124103, 27.3312627 ], [ 95.012244, 27.3313193 ], [ 95.0121024, 27.331423 ], [ 95.0120214, 27.331549 ], [ 95.0118336, 27.3318535 ], [ 95.0115305, 27.3323706 ], [ 95.0113776, 27.3326065 ], [ 95.0112784, 27.3327375 ] ] } },
{ "type": "Feature", "properties": { "name": "Bogibeel Bridge North Block Hut - Tangani", "type": "rail" }, "geometry": { "type": "LineString", "coordinates": [ [ 94.8249469, 27.3805094 ], [ 94.8180324, 27.3767582 ] ] } },
{ "type": "Feature", "properties": { "name": "old NH52B", "type": "trunk" }, "geometry": { "type": "LineString", "coordinates": [ [ 94.8151323, 27.3661624 ], [ 94.8148561, 27.36609 ], [ 94.8142429, 27.365958 ], [ 94.8137771, 27.3658774 ], [ 94.8134808, 27.3658361 ], [ 94.8130875, 27.3657861 ], [ 94.8126583, 27.3657394 ], [ 94.8123214, 27.3657081 ], [ 94.8119775, 27.3656792 ], [ 94.8116769, 27.3656577 ], [ 94.8114183, 27.3656454 ], [ 94.8110508, 27.365643 ] ] } },
{ "type": "Feature", "properties": { "name": "", "type": "unclassified" }, "geometry": { "type": "LineString", "coordinates": [ [ 94.6627844, 27.381749 ], [ 94.6627025, 27.381672 ], [ 94.662569, 27.3814861 ], [ 94.6615249, 27.3802342 ], [ 94.6614559, 27.3801329 ], [ 94.6612308, 27.3797626 ], [ 94.6611003, 27.3795814 ], [ 94.6609458, 27.3793855 ], [ 94.6605068, 27.3788139 ], [ 94.6599964, 27.3781065 ], [ 94.6595587, 27.3775244 ], [ 94.6591749, 27.3770048 ], [ 94.6588139, 27.3764798 ], [ 94.6551414, 27.3708372 ], [ 94.655104, 27.3707691 ], [ 94.654743, 27.3701224 ], [ 94.6546995, 27.3700358 ], [ 94.6544803, 27.3696616 ] ] } },
{ "type": "Feature", "properties": { "name": "", "type": "tertiary" }, "geometry": { "type": "LineString", "coordinates": [ [ 94.6797684, 27.4221825 ], [ 94.6796983, 27.4219619 ], [ 94.6794677, 27.4216143 ], [ 94.6785829, 27.42008 ], [ 94.6784762, 27.4198536 ], [ 94.6782534, 27.4193559 ], [ 94.6780183, 27.4185697 ], [ 94.6778369, 27.4180049 ], [ 94.6777082, 27.4170659 ], [ 94.6775472, 27.4158906 ], [ 94.6775129, 27.4155891 ], [ 94.6771932, 27.4127763 ], [ 94.6771932, 27.4119191 ], [ 94.6775365, 27.4108238 ], [ 94.6771932, 27.4074141 ], [ 94.6773648, 27.4063664 ], [ 94.6771288, 27.4057377 ], [ 94.6769571, 27.405071 ], [ 94.6770644, 27.4042614 ], [ 94.6774506, 27.403347 ], [ 94.6774489, 27.4032279 ], [ 94.6774185, 27.4027707 ], [ 94.6773876, 27.4024838 ], [ 94.6773823, 27.4024219 ], [ 94.6773742, 27.402029 ], [ 94.6773702, 27.4019837 ], [ 94.6773729, 27.4015134 ], [ 94.6773715, 27.4014551 ], [ 94.6773487, 27.4012038 ], [ 94.6773501, 27.4011574 ], [ 94.6773608, 27.4011181 ], [ 94.6775056, 27.400805 ], [ 94.6775325, 27.4007621 ], [ 94.6776277, 27.4005835 ], [ 94.6776505, 27.4005466 ], [ 94.6779133, 27.4002275 ], [ 94.6781306, 27.3999668 ], [ 94.6785074, 27.3994798 ], [ 94.6788132, 27.3990988 ], [ 94.67884, 27.3990619 ], [ 94.6790425, 27.3987309 ], [ 94.6790533, 27.3986928 ], [ 94.679056, 27.3986392 ], [ 94.6790556, 27.3986058 ], [ 94.6790519, 27.398307 ], [ 94.6790195, 27.397658 ], [ 94.679013, 27.3975295 ], [ 94.6789956, 27.3970222 ], [ 94.6789902, 27.3966055 ], [ 94.6789674, 27.3961006 ], [ 94.6789607, 27.3960459 ], [ 94.6789178, 27.3958518 ], [ 94.6789004, 27.3958065 ], [ 94.678553, 27.3949349 ], [ 94.6783613, 27.3944491 ], [ 94.6782017, 27.3941122 ], [ 94.6781762, 27.3940717 ], [ 94.6780448, 27.3939086 ], [ 94.6780193, 27.3938728 ], [ 94.6776317, 27.3934775 ], [ 94.6771941, 27.3930424 ], [ 94.6770282, 27.3928691 ], [ 94.6768163, 27.39265 ], [ 94.6767788, 27.3926166 ], [ 94.6766728, 27.3924844 ], [ 94.6764596, 27.3922904 ], [ 94.6764126, 27.3922558 ], [ 94.6761739, 27.392076 ], [ 94.6761377, 27.3920427 ], [ 94.6759151, 27.391845 ], [ 94.6758749, 27.3918129 ], [ 94.6756536, 27.3916688 ], [ 94.675604, 27.3916402 ], [ 94.6752579, 27.391464 ], [ 94.6747684, 27.3912354 ], [ 94.6743044, 27.3910532 ], [ 94.6742535, 27.3910365 ], [ 94.6739866, 27.3909067 ], [ 94.673941, 27.3908781 ], [ 94.6737532, 27.3907638 ], [ 94.6737076, 27.3907341 ], [ 94.6733777, 27.3904745 ], [ 94.6731471, 27.3903173 ], [ 94.673088, 27.3902685 ], [ 94.6725865, 27.3899005 ], [ 94.6725449, 27.3898696 ], [ 94.672168, 27.3895695 ], [ 94.6719266, 27.3893361 ], [ 94.6718864, 27.3892908 ], [ 94.671413, 27.3888693 ], [ 94.6712923, 27.3887502 ], [ 94.6708913, 27.3883668 ], [ 94.6702516, 27.3877762 ], [ 94.6697702, 27.3873153 ], [ 94.6694148, 27.386976 ], [ 94.6690366, 27.3866187 ], [ 94.6686101, 27.386202 ], [ 94.6681058, 27.3857411 ], [ 94.6676083, 27.3853231 ], [ 94.6671228, 27.3848813 ], [ 94.6655497, 27.383494 ], [ 94.665201, 27.3831999 ], [ 94.6643606, 27.3825013 ], [ 94.6640495, 27.3822913 ], [ 94.6639236, 27.3822007 ], [ 94.6637227, 27.3821243 ], [ 94.663379, 27.381987 ], [ 94.6631962, 27.3819168 ], [ 94.6629764, 27.3818474 ] ] } },
{ "type": "Feature", "properties": { "name": "", "type": "unclassified" }, "geometry": { "type": "LineString", "coordinates": [ [ 94.9253691, 27.4956986 ], [ 94.9253587, 27.4957573 ], [ 94.9253674, 27.4957899 ], [ 94.925406, 27.4958349 ], [ 94.9254916, 27.4958792 ], [ 94.9255557, 27.4959121 ], [ 94.9256264, 27.4959316 ], [ 94.9257074, 27.495954 ], [ 94.9265937, 27.4961989 ], [ 94.9267781, 27.4962498 ], [ 94.9269375, 27.4963098 ], [ 94.9270222, 27.4963616 ], [ 94.9270897, 27.4964187 ], [ 94.9271161, 27.4964651 ], [ 94.927168, 27.4965849 ] ] } },
{ "type": "Feature", "properties": { "name": "", "type": "unclassified" }, "geometry": { "type": "LineString", "coordinates": [ [ 94.9270573, 27.4972415 ], [ 94.9271228, 27.4972867 ], [ 94.9293462, 27.4985444 ], [ 94.9293905, 27.4985695 ], [ 94.9295971, 27.4986754 ], [ 94.929821, 27.4987587 ], [ 94.9300142, 27.4988158 ], [ 94.9302261, 27.4988539 ], [ 94.9309409, 27.4990026 ], [ 94.9314223, 27.4991025 ], [ 94.9317643, 27.4991822 ], [ 94.9321157, 27.4992774 ], [ 94.932223, 27.4993083 ], [ 94.9323075, 27.4993404 ], [ 94.9325153, 27.4994344 ], [ 94.9327916, 27.4996045 ], [ 94.9332958, 27.4999245 ], [ 94.9339288, 27.5003373 ], [ 94.9343419, 27.5006251 ], [ 94.9345317, 27.5007643 ], [ 94.9346074, 27.5008369 ], [ 94.9346745, 27.5009154 ], [ 94.934755, 27.5010225 ], [ 94.9349307, 27.5013294 ], [ 94.9350594, 27.5015506 ], [ 94.9358252, 27.502755 ], [ 94.9358768, 27.5028282 ], [ 94.9359123, 27.502871 ], [ 94.9359553, 27.5029043 ], [ 94.9360324, 27.5029501 ], [ 94.9361792, 27.5030239 ], [ 94.9362684, 27.5030619 ], [ 94.9363334, 27.5030851 ], [ 94.9363891, 27.503103 ], [ 94.9364944, 27.5031399 ], [ 94.9365883, 27.5031702 ], [ 94.936656, 27.5031916 ], [ 94.9367405, 27.5032083 ], [ 94.9368236, 27.5032178 ], [ 94.9369269, 27.5032249 ], [ 94.9370831, 27.5032219 ], [ 94.9372434, 27.5032112 ], [ 94.9374767, 27.5032011 ], [ 94.9375304, 27.5031976 ], [ 94.9375699, 27.503194 ], [ 94.937637, 27.5031839 ], [ 94.9377969, 27.5031467 ], [ 94.9381989, 27.5030459 ], [ 94.9385945, 27.5029222 ], [ 94.9390063, 27.5027735 ], [ 94.9392322, 27.5027188 ], [ 94.939306, 27.5027107 ], [ 94.9393747, 27.5027131 ], [ 94.9401033, 27.5028187 ], [ 94.9401529, 27.5028258 ], [ 94.9405459, 27.5028984 ], [ 94.9407477, 27.5029317 ], [ 94.9409489, 27.5029662 ], [ 94.9415182, 27.503056 ], [ 94.9417086, 27.5030792 ], [ 94.9427024, 27.50321 ], [ 94.9437042, 27.5033682 ], [ 94.9438691, 27.5034027 ], [ 94.9439657, 27.5034432 ], [ 94.9440515, 27.5035158 ], [ 94.9442406, 27.5037703 ], [ 94.9442889, 27.5038155 ], [ 94.9443298, 27.5038417 ], [ 94.944394, 27.5038707 ], [ 94.9445222, 27.5039178 ], [ 94.944604, 27.5039404 ], [ 94.944718, 27.503963 ], [ 94.9449132, 27.5039951 ], [ 94.9451143, 27.5040332 ], [ 94.9451693, 27.5040421 ], [ 94.9452263, 27.5040415 ], [ 94.945296, 27.5040332 ], [ 94.9453598, 27.5040136 ], [ 94.945581, 27.5038964 ], [ 94.9458419, 27.5037352 ], [ 94.9459002, 27.5037085 ], [ 94.9459599, 27.5036972 ], [ 94.9460276, 27.5036942 ], [ 94.946379, 27.5037471 ], [ 94.9468558, 27.5038238 ], [ 94.948115, 27.5040284 ], [ 94.949322, 27.5042223 ], [ 94.9503306, 27.5043782 ], [ 94.9506216, 27.5044257 ], [ 94.9508053, 27.5044674 ], [ 94.9509106, 27.5044941 ], [ 94.9510427, 27.5045429 ], [ 94.951207, 27.5046161 ], [ 94.9512814, 27.5046541 ], [ 94.9514055, 27.5047671 ], [ 94.9514624, 27.5048314 ], [ 94.9518279, 27.5053191 ], [ 94.9523658, 27.5060544 ], [ 94.9528581, 27.5067302 ], [ 94.9529888, 27.5068719 ], [ 94.9530642, 27.5069445 ], [ 94.95319, 27.5070509 ], [ 94.9532575, 27.5071034 ], [ 94.9533125, 27.5071384 ], [ 94.9533749, 27.5071612 ], [ 94.9535078, 27.5071861 ] ] } },
{ "type": "Feature", "properties": { "name": "", "type": "dyke" }, "geometry": { "type": "LineString", "coordinates": [ [ 94.9777914, 27.5130566 ], [ 94.9781538, 27.5132408 ], [ 94.9786708, 27.513492 ], [ 94.978763, 27.5135061 ], [ 94.978858, 27.5134966 ], [ 94.9792864, 27.5133978 ], [ 94.9798527, 27.5132816 ], [ 94.9801629, 27.513233 ], [ 94.9804305, 27.5132016 ], [ 94.9813462, 27.5131624 ], [ 94.9824186, 27.513087 ], [ 94.983767, 27.5130148 ], [ 94.9852057, 27.5129465 ], [ 94.9855604, 27.5129391 ], [ 94.9857897, 27.5129845 ], [ 94.986045, 27.5130863 ], [ 94.9872142, 27.5137085 ], [ 94.9884281, 27.5143206 ], [ 94.9885761, 27.5143986 ], [ 94.9895713, 27.5149233 ], [ 94.9906504, 27.5154437 ], [ 94.9917974, 27.516025 ], [ 94.9927457, 27.5164902 ], [ 94.9949161, 27.5175831 ], [ 94.9964415, 27.51836 ], [ 94.9965169, 27.5183822 ], [ 94.9965853, 27.5183703 ], [ 94.9966397, 27.5183347 ], [ 94.9973805, 27.5164531 ], [ 94.9974161, 27.5163801 ], [ 94.9974694, 27.516325 ] ] } },
{ "type": "Feature", "properties": { "name": "", "type": "tertiary" }, "geometry": { "type": "LineString", "coordinates": [ [ 94.9047813, 27.4859829 ], [ 94.9047286, 27.4859658 ], [ 94.902875, 27.4853624 ], [ 94.902383, 27.4851644 ], [ 94.9022962, 27.485108 ], [ 94.9021387, 27.484966 ], [ 94.902048, 27.4849317 ], [ 94.9015965, 27.4847885 ], [ 94.901379, 27.4847103 ], [ 94.901281, 27.4846719 ], [ 94.9004039, 27.4843459 ], [ 94.8999403, 27.4841799 ], [ 94.8998049, 27.4841406 ], [ 94.8990821, 27.483967 ], [ 94.8983901, 27.4837359 ], [ 94.8983598, 27.4837223 ], [ 94.8982283, 27.4836634 ], [ 94.8981818, 27.4836426 ], [ 94.8981131, 27.483582 ], [ 94.8980513, 27.483501 ], [ 94.8978666, 27.4830329 ], [ 94.8976859, 27.4826948 ], [ 94.897605, 27.4825565 ], [ 94.8972926, 27.4820315 ], [ 94.8971083, 27.4817235 ], [ 94.8970619, 27.4816459 ], [ 94.8970358, 27.4815923 ], [ 94.8969064, 27.4813721 ], [ 94.8968205, 27.481099 ], [ 94.8967051, 27.480779 ], [ 94.8966343, 27.480653 ], [ 94.8966374, 27.4806207 ], [ 94.8966428, 27.4805827 ], [ 94.8966488, 27.4805089 ], [ 94.8966441, 27.4804554 ], [ 94.896585, 27.4801543 ], [ 94.8965714, 27.4800312 ], [ 94.8965601, 27.4798582 ], [ 94.8965803, 27.4797941 ], [ 94.8966183, 27.4797671 ], [ 94.8966739, 27.4797495 ], [ 94.8972475, 27.479699 ], [ 94.8975065, 27.479696 ] ] } },
{ "type": "Feature", "properties": { "name": "", "type": "unclassified" }, "geometry": { "type": "LineString", "coordinates": [ [ 94.963489, 27.3255788 ], [ 94.9634756, 27.3257132 ], [ 94.9634827, 27.3258783 ], [ 94.9635128, 27.3260371 ], [ 94.9635765, 27.3262446 ], [ 94.9636437, 27.3265134 ], [ 94.9637039, 27.326787 ], [ 94.9637534, 27.3269269 ], [ 94.9638242, 27.3270464 ], [ 94.9639269, 27.3271706 ], [ 94.96401, 27.3273073 ], [ 94.964072, 27.3274347 ], [ 94.9641304, 27.3276139 ], [ 94.9642107, 27.3280364 ], [ 94.964294, 27.3283831 ], [ 94.9643835, 27.3288039 ], [ 94.9644478, 27.3292499 ], [ 94.9645085, 27.3297913 ], [ 94.9645705, 27.3302142 ], [ 94.9646172, 27.330375 ], [ 94.9646985, 27.330561 ], [ 94.9648083, 27.3307271 ], [ 94.9652595, 27.3312353 ], [ 94.965758, 27.3317415 ], [ 94.9668955, 27.3328748 ], [ 94.96794, 27.3339094 ], [ 94.9687498, 27.33468 ], [ 94.9687717, 27.3347001 ], [ 94.9690628, 27.3349671 ], [ 94.9691848, 27.3351043 ], [ 94.9692966, 27.3352343 ], [ 94.9695019, 27.3355196 ], [ 94.9696664, 27.3357775 ], [ 94.9697926, 27.3359686 ], [ 94.9699234, 27.3361718 ], [ 94.9700308, 27.3363987 ], [ 94.970248, 27.3368086 ], [ 94.970324, 27.3369282 ], [ 94.9704354, 27.3370603 ], [ 94.9707168, 27.3373841 ], [ 94.970961, 27.3376495 ], [ 94.971132, 27.3378014 ], [ 94.9713122, 27.3379423 ], [ 94.9715402, 27.3380997 ], [ 94.9718452, 27.338331 ], [ 94.9720039, 27.3384843 ], [ 94.9721089, 27.3386167 ], [ 94.9722211, 27.3387812 ], [ 94.9723058, 27.338914 ], [ 94.9724183, 27.3390754 ], [ 94.9726016, 27.3393532 ], [ 94.9727264, 27.339527 ], [ 94.9727973, 27.3396611 ], [ 94.972845, 27.3398034 ], [ 94.9728715, 27.3399625 ], [ 94.9729045, 27.3401285 ], [ 94.9729837, 27.3404247 ], [ 94.9730283, 27.3406669 ], [ 94.9730561, 27.340957 ], [ 94.9730748, 27.3412221 ], [ 94.9730828, 27.3415277 ], [ 94.9730668, 27.3417604 ], [ 94.9730084, 27.3420244 ], [ 94.9729436, 27.3424404 ], [ 94.9729313, 27.3426375 ], [ 94.9729529, 27.3428017 ], [ 94.972996, 27.3430261 ], [ 94.9730733, 27.343243 ], [ 94.9737141, 27.3445187 ], [ 94.9739092, 27.3445023 ], [ 94.9744436, 27.3444291 ], [ 94.9748553, 27.34436 ], [ 94.974968, 27.3443284 ], [ 94.9750364, 27.3443016 ], [ 94.9751222, 27.3442552 ], [ 94.9752463, 27.3442099 ], [ 94.9753227, 27.3441956 ], [ 94.9760322, 27.3440937 ], [ 94.9761924, 27.3440979 ], [ 94.9762326, 27.3441051 ], [ 94.9763983, 27.3441199 ], [ 94.9767154, 27.3441003 ], [ 94.9769005, 27.3440753 ], [ 94.9786595, 27.3437571 ], [ 94.9788685, 27.3437338 ] ] } },
{ "type": "Feature", "properties": { "name": "", "type": "tertiary" }, "geometry": { "type": "LineString", "coordinates": [ [ 94.9047813, 27.4859829 ], [ 94.9050951, 27.4860805 ], [ 94.9054786, 27.4861567 ], [ 94.9059373, 27.4862733 ], [ 94.9062542, 27.486373 ], [ 94.906906, 27.4866776 ], [ 94.9072976, 27.4868727 ], [ 94.907464, 27.4869549 ], [ 94.9079869, 27.4872134 ], [ 94.9087111, 27.4875846 ], [ 94.9097454, 27.4881131 ], [ 94.9098822, 27.4881797 ], [ 94.910019, 27.4882416 ], [ 94.9101951, 27.4883135 ], [ 94.9102228, 27.4883249 ], [ 94.9107812, 27.488544 ], [ 94.9109287, 27.4886083 ] ] } },
{ "type": "Feature", "properties": { "name": "", "type": "unclassified" }, "geometry": { "type": "LineString", "coordinates": [ [ 94.8919536, 27.4770133 ], [ 94.8918353, 27.4769624 ], [ 94.8918041, 27.4769501 ], [ 94.8917823, 27.4769449 ], [ 94.8916728, 27.4769226 ], [ 94.8915774, 27.4769017 ], [ 94.8914955, 27.4768809 ], [ 94.8913085, 27.4768376 ], [ 94.8910921, 27.4767877 ], [ 94.8908278, 27.4767243 ], [ 94.8905775, 27.4766643 ], [ 94.8901369, 27.4765436 ], [ 94.8892668, 27.4763053 ], [ 94.8889282, 27.4761866 ], [ 94.8886741, 27.4760845 ], [ 94.888497, 27.4759864 ], [ 94.8880383, 27.4756676 ], [ 94.8876146, 27.4753725 ], [ 94.8870271, 27.4750012 ], [ 94.8861662, 27.4744373 ] ] } },
{ "type": "Feature", "properties": { "name": "", "type": "unclassified" }, "geometry": { "type": "LineString", "coordinates": [ [ 94.8861662, 27.4744373 ], [ 94.8859968, 27.4743183 ], [ 94.8859233, 27.4742404 ], [ 94.8858841, 27.4741731 ], [ 94.8858646, 27.4741267 ], [ 94.8858528, 27.4740833 ], [ 94.8858319, 27.4739989 ], [ 94.8858097, 27.4738724 ], [ 94.8857875, 27.4737258 ], [ 94.8857071, 27.4731974 ], [ 94.8856409, 27.4726783 ], [ 94.8855993, 27.4723273 ], [ 94.8855788, 27.4722017 ], [ 94.8855706, 27.4720821 ], [ 94.8855629, 27.4719892 ], [ 94.8855606, 27.4719029 ], [ 94.8856122, 27.4718219 ], [ 94.8856805, 27.4716834 ] ] } },
{ "type": "Feature", "properties": { "name": "", "type": "unclassified" }, "geometry": { "type": "LineString", "coordinates": [ [ 94.7738277, 27.2937137 ], [ 94.7735447, 27.2932842 ], [ 94.7728806, 27.2922763 ], [ 94.7721396, 27.2910671 ], [ 94.7713742, 27.2898579 ], [ 94.7705603, 27.2888971 ], [ 94.7699822, 27.2882751 ], [ 94.769637, 27.2879038 ], [ 94.76842, 27.2866499 ], [ 94.7673794, 27.285678 ] ] } },
{ "type": "Feature", "properties": { "name": "", "type": "unclassified" }, "geometry": { "type": "LineString", "coordinates": [ [ 94.7567291, 27.2743027 ], [ 94.755972, 27.273363 ], [ 94.7551627, 27.2721564 ], [ 94.7544056, 27.2708801 ], [ 94.7540141, 27.2702536 ], [ 94.7537831, 27.2699641 ], [ 94.7537397, 27.2698735 ], [ 94.7535441, 27.2688498 ], [ 94.7534789, 27.2683625 ], [ 94.7527871, 27.2661232 ], [ 94.7525732, 27.2652455 ], [ 94.7523724, 27.2648736 ], [ 94.7520213, 27.264583 ], [ 94.7515021, 27.2641595 ], [ 94.7507992, 27.2638322 ], [ 94.749865, 27.2634531 ], [ 94.7497825, 27.2634111 ], [ 94.7497056, 27.2633607 ], [ 94.7495467, 27.2631603 ] ] } },
{ "type": "Feature", "properties": { "name": "", "type": "unclassified" }, "geometry": { "type": "LineString", "coordinates": [ [ 94.7567291, 27.2743027 ], [ 94.7580575, 27.2758768 ], [ 94.7594599, 27.2773727 ], [ 94.7595651, 27.2775129 ], [ 94.7600781, 27.2781968 ], [ 94.7603575, 27.2785693 ], [ 94.7609789, 27.2793033 ], [ 94.7614234, 27.2798283 ], [ 94.7621849, 27.2808527 ], [ 94.7624613, 27.2812244 ], [ 94.7637375, 27.282421 ], [ 94.7650278, 27.2835678 ], [ 94.766248, 27.2846023 ], [ 94.7673794, 27.285678 ] ] } },
{ "type": "Feature", "properties": { "name": "", "type": "residential" }, "geometry": { "type": "LineString", "coordinates": [ [ 94.7239952, 27.2688743 ], [ 94.7242677, 27.2691551 ], [ 94.7246064, 27.269504 ], [ 94.7248961, 27.2697875 ], [ 94.7252257, 27.2700508 ], [ 94.7258126, 27.270443 ], [ 94.7266384, 27.2709611 ], [ 94.7270998, 27.2711878 ], [ 94.7274439, 27.2713208 ], [ 94.7279404, 27.2714749 ], [ 94.7282611, 27.2715452 ], [ 94.7285468, 27.2715708 ], [ 94.7290922, 27.2716368 ], [ 94.7296593, 27.2717178 ], [ 94.7302088, 27.2718144 ], [ 94.7310149, 27.2719272 ], [ 94.7310491, 27.271932 ], [ 94.732171, 27.2720798 ], [ 94.7328919, 27.272205 ], [ 94.7345129, 27.272368 ], [ 94.7353874, 27.2724438 ], [ 94.7359975, 27.2725411 ] ] } },
{ "type": "Feature", "properties": { "name": "", "type": "residential" }, "geometry": { "type": "LineString", "coordinates": [ [ 94.7239952, 27.2688743 ], [ 94.7232933, 27.2681909 ], [ 94.72299, 27.2679222 ], [ 94.7226345, 27.267558 ], [ 94.7221982, 27.2671207 ], [ 94.7220423, 27.266931 ], [ 94.7217525, 27.2663847 ], [ 94.7212344, 27.2655162 ], [ 94.7205983, 27.2646716 ], [ 94.7203986, 27.2643397 ], [ 94.719976, 27.2636663 ], [ 94.7196313, 27.2632771 ], [ 94.7193964, 27.2629917 ], [ 94.7191845, 27.2627017 ], [ 94.7187108, 27.2617925 ], [ 94.7184179, 27.2612519 ], [ 94.7182291, 27.2609073 ], [ 94.7175381, 27.259307 ], [ 94.7174781, 27.2591533 ], [ 94.7174359, 27.2590019 ], [ 94.7173852, 27.258766 ], [ 94.7173393, 27.2582745 ], [ 94.7173132, 27.2578554 ], [ 94.7173031, 27.2577193 ], [ 94.7173163, 27.2575627 ], [ 94.7176145, 27.2564497 ], [ 94.7178018, 27.2558435 ], [ 94.7178991, 27.255558 ], [ 94.7181214, 27.2550729 ], [ 94.7183682, 27.2542005 ], [ 94.7184825, 27.2539591 ], [ 94.7186121, 27.2537267 ], [ 94.7189491, 27.2532716 ] ] } },
{ "type": "Feature", "properties": { "name": "", "type": "residential" }, "geometry": { "type": "LineString", "coordinates": [ [ 94.7210322, 27.2506203 ], [ 94.7212592, 27.2503771 ], [ 94.7214547, 27.2501676 ], [ 94.7219368, 27.2500312 ], [ 94.7220046, 27.2500069 ], [ 94.7220646, 27.2499799 ], [ 94.7221351, 27.2499404 ], [ 94.7222099, 27.2498897 ], [ 94.72233, 27.249779 ], [ 94.7229055, 27.2490556 ], [ 94.7231265, 27.2487556 ], [ 94.723373, 27.2484761 ], [ 94.72352, 27.2483149 ], [ 94.7236177, 27.2482139 ], [ 94.7237307, 27.2481243 ], [ 94.7241022, 27.2479215 ], [ 94.7242451, 27.2478366 ], [ 94.7243363, 27.2477808 ], [ 94.7244149, 27.2477186 ], [ 94.7246061, 27.2475546 ] ] } },
{ "type": "Feature", "properties": { "name": "", "type": "track" }, "geometry": { "type": "LineString", "coordinates": [ [ 94.7546419, 27.3407576 ], [ 94.7541136, 27.3404741 ], [ 94.7534507, 27.3401404 ], [ 94.7531519, 27.3400014 ], [ 94.752849, 27.3398985 ], [ 94.7525083, 27.3398069 ], [ 94.7519028, 27.3396348 ], [ 94.7515094, 27.3395157 ], [ 94.7509098, 27.339308 ], [ 94.7504699, 27.3391459 ], [ 94.7501983, 27.3390336 ], [ 94.7499503, 27.3389252 ], [ 94.7496538, 27.3387894 ], [ 94.7490217, 27.33848 ], [ 94.7475285, 27.3376685 ], [ 94.7455433, 27.3368258 ], [ 94.7450514, 27.3363732 ], [ 94.7431365, 27.3336733 ], [ 94.7424609, 27.3327802 ] ] } },
{ "type": "Feature", "properties": { "name": "", "type": "residential" }, "geometry": { "type": "LineString", "coordinates": [ [ 94.7756772, 27.3362338 ], [ 94.7757329, 27.3367443 ], [ 94.7757277, 27.3368651 ], [ 94.7757079, 27.3370248 ], [ 94.775652, 27.3372657 ], [ 94.7755832, 27.3375066 ], [ 94.7752138, 27.3389215 ], [ 94.7745566, 27.3414328 ], [ 94.7745426, 27.341593 ], [ 94.7745502, 27.3417504 ], [ 94.7749171, 27.3425841 ], [ 94.775164, 27.3429625 ], [ 94.7755404, 27.3433931 ], [ 94.7760666, 27.3438749 ], [ 94.7769491, 27.3446299 ], [ 94.7779029, 27.3454769 ] ] } },
{ "type": "Feature", "properties": { "name": "", "type": "residential" }, "geometry": { "type": "LineString", "coordinates": [ [ 94.7958371, 27.3413955 ], [ 94.7957956, 27.3408589 ], [ 94.795788, 27.3403168 ], [ 94.7958332, 27.3398148 ], [ 94.7958517, 27.3396097 ], [ 94.7958516, 27.3394707 ], [ 94.7958355, 27.3394025 ], [ 94.7958067, 27.3393354 ], [ 94.7957051, 27.3391455 ], [ 94.795449, 27.3387507 ], [ 94.794914, 27.3383022 ], [ 94.7945297, 27.3380211 ], [ 94.7942284, 27.3376731 ], [ 94.7935427, 27.3366758 ], [ 94.7930078, 27.33606 ], [ 94.7928194, 27.3358592 ], [ 94.7921865, 27.3355112 ], [ 94.7913878, 27.3351431 ], [ 94.7907022, 27.3349088 ] ] } },
{ "type": "Feature", "properties": { "name": "", "type": "track" }, "geometry": { "type": "LineString", "coordinates": [ [ 94.814341, 27.2855254 ], [ 94.8166761, 27.2839005 ], [ 94.8167953, 27.2837857 ], [ 94.8169079, 27.2836773 ], [ 94.8181058, 27.2834626 ], [ 94.8185695, 27.2832566 ], [ 94.8189269, 27.2830419 ], [ 94.8202407, 27.2826899 ], [ 94.8210619, 27.2823808 ], [ 94.8217671, 27.2818743 ], [ 94.8226365, 27.2812561 ], [ 94.8239986, 27.2802515 ], [ 94.8247038, 27.2796419 ], [ 94.8258148, 27.2789121 ], [ 94.8268967, 27.278105 ], [ 94.8273798, 27.2775298 ] ] } },
{ "type": "Feature", "properties": { "name": "", "type": "track" }, "geometry": { "type": "LineString", "coordinates": [ [ 94.8289518, 27.2916112 ], [ 94.8293645, 27.2916648 ], [ 94.8299716, 27.2919094 ], [ 94.8308055, 27.2923627 ], [ 94.8318093, 27.2931576 ], [ 94.8322262, 27.2936288 ], [ 94.8327403, 27.2943699 ], [ 94.8329089, 27.2947191 ], [ 94.8329542, 27.2949114 ], [ 94.8329458, 27.2951418 ], [ 94.8328399, 27.2956568 ], [ 94.8326522, 27.2963543 ] ] } },
{ "type": "Feature", "properties": { "name": "", "type": "unclassified" }, "geometry": { "type": "LineString", "coordinates": [ [ 94.9126595, 27.4893172 ], [ 94.9127568, 27.4893562 ], [ 94.9129055, 27.4894085 ], [ 94.9129613, 27.4894308 ], [ 94.913029, 27.4894569 ], [ 94.9137616, 27.4897497 ], [ 94.9139489, 27.4898388 ], [ 94.9141171, 27.489928 ], [ 94.9143571, 27.4900565 ], [ 94.9154606, 27.4908534 ], [ 94.9155285, 27.4908971 ], [ 94.9159634, 27.4911427 ], [ 94.9163868, 27.4913685 ], [ 94.9165525, 27.4914614 ], [ 94.9167804, 27.4915755 ], [ 94.9170638, 27.4916947 ], [ 94.9172201, 27.4917414 ], [ 94.9173168, 27.4917607 ], [ 94.9174337, 27.4917799 ], [ 94.9175844, 27.4917768 ], [ 94.9176631, 27.491758 ], [ 94.9177183, 27.491732 ], [ 94.9177734, 27.4917076 ], [ 94.9178805, 27.4916538 ], [ 94.9179343, 27.4916233 ], [ 94.9180034, 27.4915901 ], [ 94.9181573, 27.4915171 ], [ 94.9183635, 27.4914251 ], [ 94.9184235, 27.4914046 ], [ 94.9184927, 27.4913867 ], [ 94.9186681, 27.4913596 ], [ 94.9187497, 27.491353 ], [ 94.9188621, 27.4913517 ], [ 94.9189325, 27.4913609 ], [ 94.9190276, 27.4913865 ], [ 94.9192672, 27.491465 ], [ 94.9196014, 27.4915836 ], [ 94.9212176, 27.4921745 ], [ 94.9216897, 27.4923575 ], [ 94.9220158, 27.4925139 ], [ 94.9224872, 27.4927842 ] ] } },
{ "type": "Feature", "properties": { "name": "", "type": "unclassified" }, "geometry": { "type": "LineString", "coordinates": [ [ 94.9224872, 27.4927842 ], [ 94.9227912, 27.492958 ], [ 94.922908, 27.4930202 ], [ 94.9238748, 27.4935704 ], [ 94.9247274, 27.4940497 ], [ 94.9251698, 27.4943083 ], [ 94.9252476, 27.4943735 ], [ 94.9253265, 27.4944466 ], [ 94.9253768, 27.494525 ], [ 94.9254071, 27.4945871 ], [ 94.9254266, 27.4946628 ], [ 94.9254319, 27.4948153 ], [ 94.9254276, 27.4949909 ], [ 94.9253944, 27.4953648 ], [ 94.9253691, 27.4956986 ] ] } },
{ "type": "Feature", "properties": { "name": "", "type": "unclassified" }, "geometry": { "type": "LineString", "coordinates": [ [ 95.0102946, 27.4064959 ], [ 95.0107189, 27.406917 ], [ 95.0109816, 27.407204 ], [ 95.011313, 27.4075474 ], [ 95.0126917, 27.409114 ], [ 95.0142426, 27.4106883 ], [ 95.0142766, 27.4107227 ], [ 95.0151143, 27.4116085 ], [ 95.0151657, 27.4116412 ], [ 95.0152666, 27.4116773 ], [ 95.0168156, 27.4120466 ], [ 95.018254, 27.4123651 ], [ 95.018321, 27.4123888 ], [ 95.0183689, 27.4124248 ], [ 95.0184106, 27.4124734 ], [ 95.0185909, 27.4129703 ], [ 95.0187736, 27.413474 ], [ 95.0190505, 27.4143486 ] ] } },
{ "type": "Feature", "properties": { "name": "", "type": "residential" }, "geometry": { "type": "LineString", "coordinates": [ [ 94.9783083, 27.3486373 ], [ 94.9784496, 27.348673 ], [ 94.9786185, 27.3487931 ], [ 94.97879, 27.3489527 ], [ 94.9788585, 27.3490574 ], [ 94.9789547, 27.3493323 ], [ 94.9791956, 27.3501425 ], [ 94.9792741, 27.3502845 ], [ 94.9794112, 27.3504144 ], [ 94.9796019, 27.3505443 ], [ 94.9805646, 27.3511422 ], [ 94.9807224, 27.3512628 ], [ 94.9811282, 27.3517026 ], [ 94.9815615, 27.3520877 ], [ 94.9817576, 27.3521951 ], [ 94.9819878, 27.3522818 ], [ 94.9821409, 27.3523685 ], [ 94.9823102, 27.352512 ], [ 94.9824641, 27.3526556 ], [ 94.9828994, 27.3533316 ], [ 94.9830487, 27.3535108 ], [ 94.9831938, 27.3536698 ], [ 94.983869, 27.3542501 ], [ 94.9841407, 27.3545188 ], [ 94.9842574, 27.354662 ], [ 94.9846441, 27.3552284 ], [ 94.9847889, 27.3554262 ], [ 94.985092, 27.3557287 ], [ 94.9853997, 27.3560478 ], [ 94.9855026, 27.3561499 ], [ 94.985789, 27.3565064 ], [ 94.9859153, 27.356718 ], [ 94.9863442, 27.3575146 ], [ 94.9868058, 27.3583719 ], [ 94.9869098, 27.3585808 ], [ 94.9874834, 27.3597846 ], [ 94.9880337, 27.3612384 ], [ 94.9881209, 27.3614319 ], [ 94.9882378, 27.3616593 ], [ 94.9884151, 27.3620019 ], [ 94.9885162, 27.3621907 ], [ 94.988658, 27.3624053 ], [ 94.9890673, 27.3630571 ], [ 94.9894643, 27.3637795 ], [ 94.9900774, 27.3648644 ], [ 94.990865, 27.3663702 ], [ 94.9912348, 27.3671282 ], [ 94.9914994, 27.3676428 ], [ 94.9920354, 27.368925 ], [ 94.9926808, 27.3706736 ], [ 94.9930637, 27.3716838 ], [ 94.9934028, 27.3724804 ], [ 94.9936943, 27.3731296 ], [ 94.9941138, 27.3736655 ], [ 94.9945035, 27.3740541 ], [ 94.9949779, 27.3744426 ], [ 94.9954486, 27.3747126 ], [ 94.9960252, 27.374945 ], [ 94.9965771, 27.3750914 ], [ 94.997129, 27.3751958 ], [ 94.9977817, 27.3753253 ], [ 94.9980738, 27.3753691 ], [ 94.9984173, 27.3754053 ], [ 94.9987867, 27.3754313 ], [ 94.9991475, 27.3754382 ], [ 94.9993859, 27.3754275 ], [ 94.9998111, 27.3754101 ], [ 95.000524, 27.3753758 ], [ 95.0008947, 27.3753316 ], [ 95.0010597, 27.3752971 ], [ 95.0012333, 27.3752588 ], [ 95.0013974, 27.3752056 ], [ 95.0015347, 27.3751511 ], [ 95.0016689, 27.3750874 ], [ 95.001809, 27.3750205 ], [ 95.0022738, 27.374744 ], [ 95.0023555, 27.3746807 ], [ 95.0024245, 27.374606 ], [ 95.0025301, 27.3744588 ], [ 95.0027624, 27.3740545 ], [ 95.0028806, 27.3738304 ], [ 95.0029222, 27.373687 ], [ 95.0029231, 27.3735598 ], [ 95.0028834, 27.3733782 ], [ 95.0028215, 27.3732067 ], [ 95.002751, 27.3730063 ], [ 95.0026518, 27.3727788 ], [ 95.0025758, 27.3726461 ], [ 95.0024844, 27.3725405 ], [ 95.0020356, 27.3720759 ], [ 95.0014584, 27.3715172 ], [ 95.0013347, 27.3714012 ], [ 95.0008964, 27.3709901 ], [ 95.0005346, 27.3706758 ], [ 95.0003566, 27.3705247 ], [ 94.9996897, 27.3699096 ], [ 94.9990274, 27.3693123 ] ] } },
{ "type": "Feature", "properties": { "name": "", "type": "unclassified" }, "geometry": { "type": "LineString", "coordinates": [ [ 95.0045837, 27.3826874 ], [ 95.0047221, 27.3825618 ], [ 95.004846, 27.3824298 ], [ 95.0051372, 27.3820953 ], [ 95.0068939, 27.3797463 ], [ 95.007188, 27.3793524 ], [ 95.0073788, 27.3791294 ], [ 95.0074289, 27.3790712 ], [ 95.0075551, 27.3789321 ], [ 95.0081192, 27.378281 ], [ 95.008552, 27.3778131 ], [ 95.0096135, 27.3766092 ], [ 95.0101435, 27.3759992 ], [ 95.0103044, 27.3758217 ], [ 95.0103999, 27.3757303 ], [ 95.0104955, 27.3756656 ] ] } },
{ "type": "Feature", "properties": { "name": "", "type": "track" }, "geometry": { "type": "LineString", "coordinates": [ [ 95.0230002, 27.3568192 ], [ 95.0229731, 27.3567057 ], [ 95.0229947, 27.3566298 ], [ 95.0230469, 27.3565426 ], [ 95.0231242, 27.3564121 ], [ 95.0232995, 27.3561637 ], [ 95.0235691, 27.3559153 ], [ 95.0244819, 27.3551803 ], [ 95.0248317, 27.354862 ], [ 95.0250134, 27.354694 ], [ 95.0251322, 27.3545261 ], [ 95.0253225, 27.3541901 ], [ 95.0256022, 27.3538754 ], [ 95.0259762, 27.3535606 ], [ 95.0268344, 27.3529451 ], [ 95.0270176, 27.3527678 ], [ 95.0271063, 27.3525486 ], [ 95.0271187, 27.3522639 ], [ 95.0272377, 27.3520716 ], [ 95.0288897, 27.3508854 ], [ 95.0290335, 27.3508164 ], [ 95.0292011, 27.350821 ], [ 95.0299867, 27.351041 ], [ 95.0313764, 27.3514414 ], [ 95.0317533, 27.3515252 ], [ 95.0319168, 27.351509 ], [ 95.03203, 27.3514112 ], [ 95.0323684, 27.3507553 ], [ 95.0324931, 27.3505237 ], [ 95.0325258, 27.35035 ], [ 95.032477, 27.3502158 ], [ 95.032328, 27.3501329 ], [ 95.0319065, 27.3500816 ], [ 95.0311923, 27.3499155 ], [ 95.031072, 27.3498066 ], [ 95.0310289, 27.349645 ], [ 95.0310492, 27.3495009 ], [ 95.0312057, 27.3493542 ], [ 95.0327668, 27.3483503 ], [ 95.0356042, 27.3464966 ], [ 95.0370406, 27.3455508 ], [ 95.0384169, 27.3445944 ], [ 95.0403052, 27.343346 ], [ 95.0431266, 27.3413308 ], [ 95.0435882, 27.3409253 ], [ 95.0461309, 27.338333 ], [ 95.0474399, 27.3368939 ], [ 95.0479602, 27.3362267 ], [ 95.0483947, 27.3355596 ], [ 95.048421, 27.3354047 ], [ 95.0484038, 27.3352511 ], [ 95.0474613, 27.3331102 ], [ 95.0474412, 27.3329411 ], [ 95.047515, 27.3322047 ], [ 95.0475499, 27.3320294 ], [ 95.0477714, 27.3313678 ], [ 95.0478164, 27.3311133 ], [ 95.0478073, 27.3310226 ], [ 95.0477822, 27.3309106 ], [ 95.0477892, 27.3308177 ], [ 95.0478661, 27.3305686 ], [ 95.048006, 27.330083 ], [ 95.0480389, 27.3299591 ], [ 95.048167, 27.3296387 ], [ 95.0482344, 27.3294904 ] ] } },
{ "type": "Feature", "properties": { "name": "", "type": "unclassified" }, "geometry": { "type": "LineString", "coordinates": [ [ 95.061576, 27.3030696 ], [ 95.0616491, 27.303104 ], [ 95.0626361, 27.3030169 ], [ 95.0632464, 27.3030303 ], [ 95.0640978, 27.3030906 ], [ 95.0644369, 27.3031441 ], [ 95.0649115, 27.3030437 ], [ 95.0650396, 27.3030839 ], [ 95.065567, 27.3035525 ], [ 95.0659588, 27.3037199 ], [ 95.0668554, 27.3040078 ], [ 95.0686185, 27.3046016 ], [ 95.0702172, 27.30514 ], [ 95.0710728, 27.3055014 ], [ 95.0726155, 27.3065108 ], [ 95.0744668, 27.3076823 ], [ 95.0746592, 27.307847 ], [ 95.0771455, 27.3099752 ], [ 95.0776081, 27.3103803 ], [ 95.0778525, 27.3105845 ], [ 95.0781228, 27.3108038 ], [ 95.0782895, 27.3108742 ], [ 95.0783717, 27.3109161 ], [ 95.0793486, 27.3114579 ], [ 95.0794264, 27.311501 ], [ 95.080097, 27.3117856 ], [ 95.0805925, 27.3119413 ], [ 95.0809695, 27.3120733 ], [ 95.0811199, 27.3121095 ], [ 95.0820312, 27.3124255 ], [ 95.0821374, 27.3124397 ], [ 95.0831653, 27.3127344 ], [ 95.0833549, 27.3127887 ], [ 95.0836314, 27.3128873 ], [ 95.0836946, 27.3129098 ], [ 95.0842361, 27.3131441 ], [ 95.0846697, 27.3134098 ], [ 95.0848812, 27.313533 ], [ 95.0855916, 27.3139208 ], [ 95.0860806, 27.3141765 ], [ 95.086211, 27.3142447 ], [ 95.0868905, 27.3146283 ], [ 95.0877435, 27.3150481 ], [ 95.0883628, 27.315317 ], [ 95.0884012, 27.3153281 ], [ 95.0891213, 27.315536 ], [ 95.0897329, 27.3157219 ], [ 95.0905214, 27.3158673 ], [ 95.0909467, 27.3159282 ], [ 95.0911839, 27.3159459 ], [ 95.0914538, 27.3159274 ], [ 95.0923427, 27.3158065 ], [ 95.0932546, 27.3156171 ], [ 95.0935979, 27.3155527 ], [ 95.094011, 27.3154526 ], [ 95.0943531, 27.3153375 ], [ 95.0949793, 27.3150904 ], [ 95.0954781, 27.3148116 ], [ 95.0958389, 27.3145868 ], [ 95.0960977, 27.3143802 ], [ 95.0963472, 27.3141181 ], [ 95.0967173, 27.3137344 ], [ 95.097522, 27.312905 ], [ 95.0981684, 27.3117778 ], [ 95.0984102, 27.3113468 ], [ 95.0984312, 27.3113093 ], [ 95.0984555, 27.311266 ] ] } },
{ "type": "Feature", "properties": { "name": "", "type": "tertiary" }, "geometry": { "type": "LineString", "coordinates": [ [ 95.1738005, 27.3323684 ], [ 95.1738792, 27.3322958 ], [ 95.1743664, 27.3318824 ], [ 95.1753228, 27.3312902 ], [ 95.1760623, 27.3309017 ], [ 95.1772935, 27.3304235 ], [ 95.1775382, 27.3303584 ], [ 95.1777011, 27.3303381 ], [ 95.1778634, 27.3303223 ], [ 95.178098, 27.3303318 ], [ 95.1783417, 27.3303477 ], [ 95.179071, 27.3305007 ], [ 95.180037, 27.3308955 ], [ 95.1819884, 27.3318996 ], [ 95.1841427, 27.3330753 ], [ 95.1863066, 27.334251 ], [ 95.1873789, 27.3350148 ], [ 95.1880521, 27.3354967 ], [ 95.1885761, 27.3359323 ], [ 95.1887933, 27.3361879 ], [ 95.1891293, 27.3365808 ], [ 95.1892621, 27.3367689 ], [ 95.1893786, 27.3369714 ], [ 95.1895332, 27.3373833 ], [ 95.1895414, 27.337479 ], [ 95.1895226, 27.3375892 ], [ 95.1893063, 27.3382554 ], [ 95.1892477, 27.3385158 ], [ 95.1892589, 27.3385946 ], [ 95.1892904, 27.3386654 ], [ 95.1896833, 27.3391648 ], [ 95.1903143, 27.3401261 ], [ 95.1910873, 27.3414227 ], [ 95.191975, 27.34299 ], [ 95.1921071, 27.3432296 ], [ 95.1922248, 27.3434851 ], [ 95.1922981, 27.3437758 ], [ 95.1923569, 27.3441017 ], [ 95.1924436, 27.3448169 ], [ 95.1925349, 27.3461472 ], [ 95.1925512, 27.3463294 ], [ 95.1925747, 27.3465501 ], [ 95.1926649, 27.3469338 ], [ 95.1927707, 27.3472331 ], [ 95.1929126, 27.3475229 ], [ 95.1930221, 27.3477031 ], [ 95.1934339, 27.3482939 ], [ 95.1935916, 27.3484788 ], [ 95.1939974, 27.34888 ], [ 95.1943067, 27.3491903 ], [ 95.1948615, 27.3497125 ], [ 95.1951117, 27.3499261 ], [ 95.1952418, 27.3500398 ], [ 95.1956205, 27.3503657 ], [ 95.1962576, 27.3508917 ], [ 95.196396, 27.351006 ], [ 95.1965776, 27.3511442 ], [ 95.1967808, 27.3512824 ], [ 95.1969677, 27.3514043 ], [ 95.1971655, 27.3515332 ], [ 95.1974043, 27.3516777 ], [ 95.1974182, 27.3516861 ], [ 95.1977214, 27.3518423 ], [ 95.1981402, 27.3520297 ], [ 95.198348, 27.3521147 ], [ 95.1991215, 27.3524309 ], [ 95.1994372, 27.35252 ], [ 95.1999382, 27.3526614 ], [ 95.2001586, 27.3527236 ], [ 95.2004959, 27.3528187 ], [ 95.2015105, 27.3530109 ], [ 95.2016035, 27.3530162 ], [ 95.2016875, 27.3530113 ], [ 95.2020661, 27.3529777 ], [ 95.2029376, 27.3529705 ], [ 95.2033757, 27.3529186 ], [ 95.2035217, 27.3529013 ], [ 95.2041992, 27.3526315 ], [ 95.20482, 27.3523793 ], [ 95.205161, 27.3521907 ], [ 95.2054853, 27.3518026 ], [ 95.2055613, 27.3516966 ], [ 95.2059408, 27.3511676 ], [ 95.2063275, 27.350693 ], [ 95.2067148, 27.3502451 ], [ 95.2070886, 27.3496363 ], [ 95.2074079, 27.3488823 ], [ 95.2076273, 27.3482354 ], [ 95.2077302, 27.3478015 ], [ 95.2077511, 27.3476797 ], [ 95.2077809, 27.3473268 ], [ 95.2078047, 27.3463954 ], [ 95.2076736, 27.3452312 ], [ 95.2076379, 27.3446067 ], [ 95.2077247, 27.3439361 ], [ 95.2080461, 27.3427968 ], [ 95.2080699, 27.3427115 ], [ 95.2081161, 27.3425667 ], [ 95.2082139, 27.3423348 ], [ 95.2082986, 27.3421773 ], [ 95.2083446, 27.3420961 ], [ 95.2084027, 27.3419936 ], [ 95.2085517, 27.3417492 ], [ 95.2087855, 27.3413384 ], [ 95.2088414, 27.3412373 ], [ 95.2088885, 27.3411469 ], [ 95.2089859, 27.3409281 ], [ 95.2092698, 27.3402685 ], [ 95.2095558, 27.3395896 ] ] } },
{ "type": "Feature", "properties": { "name": "", "type": "unclassified" }, "geometry": { "type": "LineString", "coordinates": [ [ 95.0912439, 27.325564 ], [ 95.0903337, 27.3255489 ], [ 95.0893483, 27.3254588 ], [ 95.0891107, 27.3254382 ], [ 95.0887396, 27.3254061 ], [ 95.0885658, 27.3253859 ], [ 95.0882512, 27.3253014 ], [ 95.0874791, 27.3250941 ], [ 95.0864144, 27.32477 ], [ 95.0860827, 27.3246746 ], [ 95.0857943, 27.3246229 ], [ 95.0856448, 27.3246003 ], [ 95.0854684, 27.3245799 ], [ 95.085372, 27.3245687 ], [ 95.0840012, 27.3244098 ], [ 95.0827466, 27.324177 ], [ 95.0819129, 27.3239513 ], [ 95.0818587, 27.3239313 ], [ 95.0815624, 27.3238219 ], [ 95.0804995, 27.3234293 ], [ 95.0803252, 27.3233699 ], [ 95.0793583, 27.3230401 ], [ 95.0784245, 27.3227431 ], [ 95.0776057, 27.3219602 ], [ 95.077364, 27.3217291 ], [ 95.0768899, 27.321256 ], [ 95.0764137, 27.3207808 ], [ 95.076049, 27.3204168 ], [ 95.075681, 27.3200495 ], [ 95.0756026, 27.320004 ], [ 95.0753812, 27.3198754 ], [ 95.0741593, 27.3192404 ] ] } },
{ "type": "Feature", "properties": { "name": "", "type": "unclassified" }, "geometry": { "type": "LineString", "coordinates": [ [ 94.9912519, 27.3429541 ], [ 94.9919615, 27.342717 ], [ 94.9922105, 27.3426397 ], [ 94.9924124, 27.3425742 ], [ 94.9932923, 27.3423105 ], [ 94.9936357, 27.3422044 ], [ 94.9939554, 27.3421404 ], [ 94.994779, 27.3420573 ], [ 94.9955493, 27.3419779 ], [ 94.9959622, 27.3419127 ], [ 94.9963697, 27.3418603 ], [ 94.9967202, 27.3418594 ], [ 94.9972173, 27.341914 ], [ 94.9979887, 27.341989 ], [ 94.9982734, 27.3420056 ], [ 94.9984399, 27.3420364 ], [ 94.9986147, 27.342105 ], [ 94.9987997, 27.3422007 ], [ 94.9989867, 27.3422783 ], [ 94.9991859, 27.3423379 ], [ 94.9996087, 27.3424427 ], [ 95.0002825, 27.3425815 ], [ 95.0005119, 27.3426288 ], [ 95.0010445, 27.3427463 ], [ 95.0012451, 27.3427906 ], [ 95.0017378, 27.342915 ], [ 95.0021044, 27.3430477 ], [ 95.002485, 27.3431888 ], [ 95.002843, 27.3433471 ], [ 95.002973, 27.3434045 ], [ 95.0037964, 27.3437918 ], [ 95.0045609, 27.3441614 ], [ 95.0047566, 27.3442444 ], [ 95.0048277, 27.3442718 ], [ 95.0048971, 27.3442939 ], [ 95.0055398, 27.3444827 ], [ 95.006168, 27.3446784 ], [ 95.0063337, 27.3447412 ], [ 95.0064732, 27.3448007 ], [ 95.0067629, 27.3449163 ], [ 95.007348, 27.3451627 ], [ 95.007589, 27.3452641 ], [ 95.0077926, 27.3453296 ], [ 95.0081281, 27.3454178 ], [ 95.0084741, 27.3454993 ], [ 95.0091738, 27.345665 ], [ 95.0099482, 27.3458819 ], [ 95.0103986, 27.346048 ], [ 95.01064, 27.3461349 ], [ 95.0108167, 27.346185 ], [ 95.0109485, 27.3462171 ], [ 95.0110531, 27.3462255 ], [ 95.011159, 27.3462231 ], [ 95.0112266, 27.3462175 ], [ 95.0113337, 27.3461852 ], [ 95.0113937, 27.3461635 ], [ 95.0114582, 27.3461002 ], [ 95.0115548, 27.3456721 ], [ 95.0114388, 27.3450457 ] ] } },
{ "type": "Feature", "properties": { "name": "", "type": "unclassified" }, "geometry": { "type": "LineString", "coordinates": [ [ 95.0114388, 27.3450457 ], [ 95.0110884, 27.3439437 ], [ 95.0109469, 27.3435743 ], [ 95.0108247, 27.3432772 ], [ 95.0105929, 27.3426831 ], [ 95.0103965, 27.3421942 ], [ 95.0102019, 27.3417399 ], [ 95.0100921, 27.3415277 ], [ 95.0098528, 27.3409958 ], [ 95.0097401, 27.3407397 ], [ 95.0096147, 27.3404126 ], [ 95.0095135, 27.3400916 ], [ 95.0094867, 27.3400261 ], [ 95.0094451, 27.3399809 ], [ 95.0093941, 27.3399511 ], [ 95.0093499, 27.3399022 ], [ 95.009319, 27.3398374 ], [ 95.0090473, 27.3391425 ], [ 95.0089025, 27.3387566 ], [ 95.0088193, 27.338398 ], [ 95.008777, 27.3381516 ], [ 95.0087533, 27.3380135 ], [ 95.0087362, 27.3377412 ], [ 95.0087174, 27.3372947 ], [ 95.0087499, 27.3368505 ], [ 95.008819, 27.3364677 ], [ 95.0089247, 27.3361137 ], [ 95.0090955, 27.3356081 ], [ 95.0092305, 27.3351385 ], [ 95.0092854, 27.3349693 ], [ 95.0094179, 27.33456 ], [ 95.0096254, 27.3341805 ], [ 95.0097192, 27.3340266 ], [ 95.0097926, 27.3339291 ], [ 95.0099416, 27.3337771 ], [ 95.0100684, 27.3336633 ], [ 95.0101811, 27.3335749 ], [ 95.0103038, 27.3334989 ], [ 95.0104123, 27.3334317 ], [ 95.0106408, 27.333291 ], [ 95.0108805, 27.3331407 ], [ 95.0111345, 27.3329091 ], [ 95.0112784, 27.3327375 ] ] } },
{ "type": "Feature", "properties": { "name": "", "type": "unclassified" }, "geometry": { "type": "LineString", "coordinates": [ [ 95.0741593, 27.3192404 ], [ 95.0734417, 27.3188066 ], [ 95.0728524, 27.3183689 ], [ 95.0722535, 27.3178196 ], [ 95.0720506, 27.3177509 ], [ 95.0716255, 27.3177852 ], [ 95.0714414, 27.3178047 ], [ 95.0703311, 27.3179226 ], [ 95.0684183, 27.3183088 ], [ 95.0677402, 27.318567 ], [ 95.066322, 27.319107 ], [ 95.0660495, 27.3191937 ], [ 95.0659114, 27.3192572 ], [ 95.0657993, 27.3193947 ], [ 95.064815, 27.3211669 ], [ 95.064786, 27.32139 ] ] } },
{ "type": "Feature", "properties": { "name": "", "type": "track" }, "geometry": { "type": "LineString", "coordinates": [ [ 95.064786, 27.32139 ], [ 95.0645686, 27.321633 ], [ 95.0633344, 27.3238945 ], [ 95.0629347, 27.3246234 ], [ 95.0628582, 27.3247305 ], [ 95.0624649, 27.3250907 ], [ 95.0621561, 27.3254301 ], [ 95.062078, 27.3255558 ], [ 95.061494, 27.3270043 ], [ 95.0608068, 27.3284947 ], [ 95.0604373, 27.3290133 ], [ 95.0601299, 27.3294586 ], [ 95.0578989, 27.3313428 ], [ 95.057704, 27.3315933 ], [ 95.0576285, 27.3316724 ], [ 95.0575124, 27.3317057 ], [ 95.0572494, 27.3317145 ], [ 95.0528023, 27.3320198 ], [ 95.0526619, 27.332016 ], [ 95.052557, 27.3319905 ], [ 95.0497079, 27.3308531 ], [ 95.0495464, 27.3308486 ], [ 95.0492898, 27.3308823 ], [ 95.0482166, 27.3313297 ], [ 95.0480674, 27.3313598 ], [ 95.0479228, 27.3313728 ], [ 95.0477714, 27.3313678 ] ] } },
{ "type": "Feature", "properties": { "name": "", "type": "unclassified" }, "geometry": { "type": "LineString", "coordinates": [ [ 95.1681444, 27.3566907 ], [ 95.1681783, 27.3565754 ], [ 95.168217, 27.3564814 ], [ 95.168279, 27.3563676 ], [ 95.1685292, 27.3559559 ], [ 95.1689339, 27.3551107 ], [ 95.1689967, 27.3548726 ], [ 95.168996, 27.3546346 ], [ 95.1688245, 27.3534882 ], [ 95.1688152, 27.3533841 ], [ 95.1688171, 27.353275 ], [ 95.1688901, 27.3519726 ], [ 95.1689542, 27.3517832 ], [ 95.169105, 27.3515937 ], [ 95.1694305, 27.3513243 ], [ 95.1696359, 27.3511792 ], [ 95.1706403, 27.3506638 ], [ 95.1711372, 27.3504967 ], [ 95.1714134, 27.3504039 ], [ 95.1722756, 27.350127 ], [ 95.1730796, 27.3499031 ], [ 95.1741716, 27.3496997 ], [ 95.1745312, 27.3496568 ], [ 95.1747775, 27.3496475 ], [ 95.1750694, 27.3496671 ], [ 95.1751591, 27.3496856 ], [ 95.1753716, 27.3497293 ], [ 95.175508, 27.3497574 ], [ 95.1760546, 27.3498971 ], [ 95.178225, 27.350452 ], [ 95.1784724, 27.3505152 ], [ 95.1800655, 27.3509295 ], [ 95.180628, 27.3510669 ], [ 95.180914, 27.3511235 ], [ 95.1812102, 27.3511619 ], [ 95.1820516, 27.351257 ], [ 95.1823177, 27.3512944 ], [ 95.1826094, 27.3513454 ], [ 95.1829086, 27.3514127 ], [ 95.1832106, 27.3514904 ], [ 95.183945, 27.3516835 ], [ 95.1842943, 27.3517845 ], [ 95.1846335, 27.3519105 ], [ 95.1847929, 27.3520005 ], [ 95.1849319, 27.3521041 ], [ 95.1851601, 27.3523533 ], [ 95.185373, 27.352616 ], [ 95.1860093, 27.3534937 ], [ 95.1865461, 27.3542603 ], [ 95.1868967, 27.354878 ], [ 95.1871886, 27.3555592 ], [ 95.1874709, 27.3562877 ], [ 95.1874934, 27.3563738 ], [ 95.187498, 27.3564349 ], [ 95.1875186, 27.3565716 ], [ 95.1875367, 27.3566757 ], [ 95.1875499, 27.3567366 ], [ 95.187574, 27.3567974 ], [ 95.1875845, 27.356824 ], [ 95.1882762, 27.3585759 ], [ 95.1887553, 27.3598289 ], [ 95.1889881, 27.3604377 ], [ 95.1890565, 27.3605813 ], [ 95.1891612, 27.3607582 ], [ 95.1893093, 27.3609464 ], [ 95.1894372, 27.3611001 ], [ 95.1895805, 27.3612539 ], [ 95.1899898, 27.3616293 ], [ 95.1902587, 27.3618845 ], [ 95.190444, 27.3620716 ], [ 95.1906466, 27.3623033 ], [ 95.1908568, 27.3625481 ] ] } },
{ "type": "Feature", "properties": { "name": "", "type": "unclassified" }, "geometry": { "type": "LineString", "coordinates": [ [ 95.2145661, 27.3627828 ], [ 95.2147653, 27.3611977 ], [ 95.2148233, 27.3606381 ], [ 95.2148112, 27.3605839 ], [ 95.214784, 27.3605288 ], [ 95.21469, 27.3604396 ], [ 95.214155, 27.3601052 ], [ 95.212789, 27.3592913 ], [ 95.2115897, 27.3585651 ], [ 95.2115638, 27.3585076 ], [ 95.211557, 27.3584575 ], [ 95.2115717, 27.3584178 ], [ 95.2116277, 27.3583817 ], [ 95.2129514, 27.3579814 ], [ 95.2130266, 27.3579587 ], [ 95.2139859, 27.3576838 ], [ 95.2140541, 27.3576612 ], [ 95.2141204, 27.357633 ], [ 95.2145131, 27.3574034 ], [ 95.214941, 27.3571242 ], [ 95.2159249, 27.3565254 ], [ 95.2168825, 27.3556886 ], [ 95.2174252, 27.3552181 ], [ 95.2174577, 27.3551637 ], [ 95.2174849, 27.3551061 ], [ 95.2176683, 27.3546617 ], [ 95.2179106, 27.354033 ], [ 95.2180295, 27.353636 ], [ 95.2181663, 27.3530075 ], [ 95.2182794, 27.3523987 ], [ 95.2183346, 27.352284 ], [ 95.2183861, 27.3522447 ], [ 95.2184375, 27.3522303 ], [ 95.2201838, 27.3519972 ], [ 95.2212686, 27.3518397 ], [ 95.2218188, 27.351774 ], [ 95.2226948, 27.3517455 ], [ 95.2231334, 27.3516963 ], [ 95.2235295, 27.3516363 ], [ 95.2239108, 27.3515445 ], [ 95.2241594, 27.3515077 ], [ 95.2246973, 27.351458 ], [ 95.2249268, 27.3513763 ], [ 95.2251245, 27.3512468 ], [ 95.2264326, 27.3500477 ], [ 95.2265842, 27.3498289 ], [ 95.2269669, 27.3488634 ], [ 95.2270098, 27.3487937 ], [ 95.227036, 27.3487675 ], [ 95.2270769, 27.3487432 ], [ 95.2275222, 27.3486086 ], [ 95.2299667, 27.3480257 ] ] } },
{ "type": "Feature", "properties": { "name": "", "type": "unclassified" }, "geometry": { "type": "LineString", "coordinates": [ [ 95.2300753, 27.3479699 ], [ 95.2311849, 27.347678 ], [ 95.2317767, 27.3475366 ], [ 95.2319736, 27.3474895 ], [ 95.2322962, 27.3474068 ], [ 95.2325673, 27.3472936 ], [ 95.2336601, 27.3467134 ], [ 95.2342155, 27.3463746 ], [ 95.2345056, 27.3462154 ], [ 95.2359921, 27.3453999 ], [ 95.2361209, 27.3453303 ], [ 95.2366471, 27.3450361 ], [ 95.2367912, 27.3449364 ], [ 95.2371934, 27.3446583 ], [ 95.2373815, 27.3445283 ], [ 95.2379716, 27.3440883 ], [ 95.2382142, 27.343905 ], [ 95.2384864, 27.3436573 ], [ 95.2385291, 27.3436051 ], [ 95.2387334, 27.3433551 ], [ 95.2392087, 27.3426017 ], [ 95.2392384, 27.3425541 ], [ 95.2398126, 27.3416348 ], [ 95.2400538, 27.3412544 ], [ 95.2404382, 27.3406482 ], [ 95.2406603, 27.3403174 ], [ 95.2407914, 27.3401671 ], [ 95.2410121, 27.3399386 ], [ 95.2417928, 27.3392277 ], [ 95.2422531, 27.3388016 ], [ 95.2424882, 27.3385839 ], [ 95.2431493, 27.337963 ], [ 95.2436088, 27.3375103 ], [ 95.2440249, 27.3370734 ], [ 95.2447328, 27.336362 ], [ 95.2450866, 27.3360089 ], [ 95.2453718, 27.3357625 ], [ 95.2456238, 27.3356342 ], [ 95.2459358, 27.3355059 ], [ 95.2480405, 27.3346017 ], [ 95.2486836, 27.334282 ], [ 95.249196, 27.3340273 ], [ 95.2493891, 27.3339261 ], [ 95.2500351, 27.3335874 ], [ 95.2508192, 27.3332575 ], [ 95.2520989, 27.3327572 ], [ 95.2521947, 27.3327198 ], [ 95.254308, 27.332068 ], [ 95.2557778, 27.3317677 ], [ 95.2592301, 27.3311797 ], [ 95.2592754, 27.331172 ], [ 95.2602393, 27.3309635 ], [ 95.2624673, 27.330257 ], [ 95.2630606, 27.3299293 ], [ 95.2641195, 27.3293373 ], [ 95.2648146, 27.3289138 ], [ 95.2658093, 27.3283079 ], [ 95.267401, 27.3271177 ], [ 95.2681804, 27.326535 ], [ 95.2686094, 27.3262372 ], [ 95.2695148, 27.3256701 ], [ 95.2698509, 27.3254968 ], [ 95.270353, 27.3252721 ], [ 95.2706084, 27.325144 ], [ 95.2707831, 27.3250286 ], [ 95.2709216, 27.3249004 ], [ 95.2712767, 27.3244209 ], [ 95.2727938, 27.3223315 ] ] } },
{ "type": "Feature", "properties": { "name": "", "type": "unclassified" }, "geometry": { "type": "LineString", "coordinates": [ [ 95.0130613, 27.3741952 ], [ 95.0135464, 27.3737113 ], [ 95.0143805, 27.3728508 ], [ 95.0145639, 27.3726621 ], [ 95.0146163, 27.3725787 ], [ 95.0146674, 27.372462 ], [ 95.0146837, 27.3723567 ], [ 95.0146785, 27.3722666 ], [ 95.0146385, 27.3720597 ], [ 95.0141819, 27.3704809 ], [ 95.01354, 27.3683827 ], [ 95.0133149, 27.3676545 ], [ 95.0129767, 27.3665806 ], [ 95.0128722, 27.3661818 ], [ 95.0128567, 27.3659245 ], [ 95.0128989, 27.3656736 ], [ 95.013, 27.3654311 ], [ 95.0131517, 27.365195 ], [ 95.0132737, 27.3650256 ], [ 95.0134281, 27.3648978 ], [ 95.0136399, 27.3647715 ], [ 95.013877, 27.3646644 ], [ 95.0142112, 27.3645519 ], [ 95.0143784, 27.3644911 ], [ 95.0153447, 27.3641482 ], [ 95.0154589, 27.3641077 ], [ 95.0175085, 27.3633576 ], [ 95.0176141, 27.363319 ], [ 95.0185924, 27.3629614 ], [ 95.019963, 27.3624475 ], [ 95.0209499, 27.3619392 ], [ 95.0211546, 27.3617043 ], [ 95.0219566, 27.3595448 ], [ 95.0227927, 27.3571959 ], [ 95.0228208, 27.3570835 ], [ 95.0228128, 27.3569894 ] ] } },
{ "type": "Feature", "properties": { "name": "", "type": "track" }, "geometry": { "type": "LineString", "coordinates": [ [ 94.7480026, 27.4403416 ], [ 94.748907, 27.4398133 ], [ 94.7499161, 27.4389866 ], [ 94.7503923, 27.4384337 ], [ 94.7508078, 27.4378592 ], [ 94.7510798, 27.4373241 ], [ 94.7512148, 27.4369979 ], [ 94.7513038, 27.4366581 ], [ 94.7513931, 27.4361887 ], [ 94.7514467, 27.4357056 ], [ 94.7514279, 27.4349294 ], [ 94.7513435, 27.4342939 ], [ 94.7511856, 27.4337986 ], [ 94.7508601, 27.4329087 ], [ 94.7500855, 27.4314965 ], [ 94.7492977, 27.4302814 ], [ 94.7485084, 27.4291867 ], [ 94.7468877, 27.4274406 ], [ 94.7451791, 27.4256902 ], [ 94.7446964, 27.4253093 ] ] } },
{ "type": "Feature", "properties": { "name": "Simaluguri Junction - Dibrugarh", "type": "rail" }, "geometry": { "type": "LineString", "coordinates": [ [ 94.8259689, 27.3811565 ], [ 94.8342195, 27.3856784 ], [ 94.8346488, 27.3859276 ], [ 94.835422, 27.3863526 ], [ 94.842298, 27.3901434 ], [ 94.842554, 27.3902828 ], [ 94.8431221, 27.390534 ] ] } },
{ "type": "Feature", "properties": { "name": "Simaluguri Junction - Dibrugarh", "type": "rail" }, "geometry": { "type": "LineString", "coordinates": [ [ 94.8256177, 27.3809633 ], [ 94.8249078, 27.3805432 ] ] } },
{ "type": "Feature", "properties": { "name": "Bogibeel Bridge North Block Hut - Tangani", "type": "rail" }, "geometry": { "type": "LineString", "coordinates": [ [ 94.7117545, 27.4552252 ], [ 94.7121519, 27.4549289 ], [ 94.7149426, 27.4522562 ], [ 94.7178527, 27.4494365 ], [ 94.7194142, 27.4479299 ], [ 94.7206659, 27.446703 ] ] } },
{ "type": "Feature", "properties": { "name": "Bogibeel Bridge North Block Hut - Tangani", "type": "rail" }, "geometry": { "type": "LineString", "coordinates": [ [ 94.8179986, 27.3767778 ], [ 94.8249078, 27.3805432 ] ] } },
{ "type": "Feature", "properties": { "name": "Bogibeel Bridge North Block Hut - Tangani", "type": "rail" }, "geometry": { "type": "LineString", "coordinates": [ [ 94.7929704, 27.3769931 ], [ 94.7966863, 27.373396 ], [ 94.7970752, 27.3730134 ], [ 94.7975272, 27.3726033 ], [ 94.7979459, 27.3722453 ], [ 94.7983205, 27.3719495 ], [ 94.7986742, 27.3717207 ], [ 94.7990105, 27.3715189 ], [ 94.7994201, 27.3712985 ], [ 94.799938, 27.3710521 ], [ 94.8003933, 27.3708758 ], [ 94.8008863, 27.3707203 ], [ 94.8015186, 27.3705357 ], [ 94.8020925, 27.3704171 ], [ 94.8027532, 27.3703337 ], [ 94.8033875, 27.3702859 ], [ 94.804039, 27.3702816 ], [ 94.8046264, 27.37032 ], [ 94.8050699, 27.3703702 ], [ 94.8055305, 27.3704345 ], [ 94.8059846, 27.3705354 ], [ 94.8063744, 27.3706352 ], [ 94.8068401, 27.3707786 ], [ 94.8072994, 27.3709458 ], [ 94.807713, 27.3711278 ], [ 94.8081603, 27.3713379 ], [ 94.8085542, 27.3715509 ], [ 94.8100954, 27.3724009 ], [ 94.8111, 27.3729501 ], [ 94.8177001, 27.3766136 ] ] } },
{ "type": "Feature", "properties": { "name": "Bogibeel Bridge North Block Hut - Tangani", "type": "rail" }, "geometry": { "type": "LineString", "coordinates": [ [ 94.7928642, 27.3770941 ], [ 94.788073, 27.3817304 ], [ 94.7832459, 27.3863424 ] ] } },
{ "type": "Feature", "properties": { "name": "Bogibeel Bridge North Block Hut - Tangani", "type": "rail" }, "geometry": { "type": "LineString", "coordinates": [ [ 94.7220436, 27.4453838 ], [ 94.7391042, 27.4289329 ], [ 94.7430502, 27.42501 ] ] } },
{ "type": "Feature", "properties": { "name": "Bogibeel Bridge North Block Hut - Tangani", "type": "rail" }, "geometry": { "type": "LineString", "coordinates": [ [ 94.7220436, 27.4453838 ], [ 94.7217995, 27.4456261 ] ] } },
{ "type": "Feature", "properties": { "name": "Bogibeel Bridge North Block Hut - Tangani", "type": "rail" }, "geometry": { "type": "LineString", "coordinates": [ [ 94.7217995, 27.4456261 ], [ 94.7210024, 27.4463764 ] ] } },
{ "type": "Feature", "properties": { "name": "Bogibeel Bridge North Block Hut - Tangani", "type": "rail" }, "geometry": { "type": "LineString", "coordinates": [ [ 94.7210024, 27.4463764 ], [ 94.7206659, 27.446703 ] ] } },
{ "type": "Feature", "properties": { "name": "Bogibeel Bridge North Block Hut - Tangani", "type": "rail" }, "geometry": { "type": "LineString", "coordinates": [ [ 94.7117545, 27.4552252 ], [ 94.7113037, 27.4556446 ], [ 94.7100314, 27.456888 ], [ 94.7091678, 27.4577234 ], [ 94.7088001, 27.4581234 ], [ 94.7083953, 27.4585742 ], [ 94.7080187, 27.4590796 ], [ 94.7074431, 27.4601391 ], [ 94.7068584, 27.4613505 ], [ 94.705403, 27.46428 ] ] } },
{ "type": "Feature", "properties": { "name": "Simaluguri Junction - Dibrugarh", "type": "rail" }, "geometry": { "type": "LineString", "coordinates": [ [ 94.8256488, 27.3809187 ], [ 94.8249469, 27.3805094 ] ] } },
{ "type": "Feature", "properties": { "name": "Simaluguri Junction - Dibrugarh", "type": "rail" }, "geometry": { "type": "LineString", "coordinates": [ [ 94.8431221, 27.390534 ], [ 94.8423411, 27.3901054 ], [ 94.8354491, 27.3863103 ], [ 94.834672, 27.3858828 ], [ 94.8337367, 27.3853588 ], [ 94.826, 27.3811119 ] ] } },
{ "type": "Feature", "properties": { "name": "Bogibeel Bridge North Block Hut - Tangani", "type": "rail" }, "geometry": { "type": "LineString", "coordinates": [ [ 94.8177339, 27.376594 ], [ 94.8111137, 27.3729082 ] ] } },
{ "type": "Feature", "properties": { "name": "Balipara - Harmuti - Bogibeel", "type": "rail" }, "geometry": { "type": "LineString", "coordinates": [ [ 94.6709647, 27.5603634 ], [ 94.6716077, 27.5603283 ], [ 94.6721958, 27.5603563 ], [ 94.6726216, 27.5604092 ], [ 94.6730303, 27.5604872 ], [ 94.6734772, 27.5606041 ], [ 94.6739211, 27.5607471 ], [ 94.6743596, 27.560937 ], [ 94.6747731, 27.5611403 ], [ 94.6754432, 27.5615862 ], [ 94.6762387, 27.5621753 ] ] } },
{ "type": "Feature", "properties": { "name": "Balipara - Harmuti - Bogibeel", "type": "rail" }, "geometry": { "type": "LineString", "coordinates": [ [ 94.6707317, 27.5603891 ], [ 94.6709647, 27.5603634 ] ] } },
{ "type": "Feature", "properties": { "name": "", "type": "embankment" }, "geometry": { "type": "LineString", "coordinates": [ [ 94.6075286, 27.4760676 ], [ 94.6086806, 27.4795473 ], [ 94.6089486, 27.4805793 ], [ 94.6093047, 27.4817315 ], [ 94.6096078, 27.4827088 ], [ 94.6097077, 27.4832347 ], [ 94.6096744, 27.4834625 ], [ 94.6093341, 27.4842497 ], [ 94.6091406, 27.4846077 ], [ 94.6088733, 27.4849913 ], [ 94.608428, 27.4855253 ], [ 94.6076554, 27.4863927 ], [ 94.6064802, 27.4879526 ], [ 94.6060119, 27.4882427 ], [ 94.6036791, 27.48876 ], [ 94.6031818, 27.488947 ], [ 94.6010459, 27.490096 ], [ 94.6001358, 27.4908607 ], [ 94.5982802, 27.4923187 ], [ 94.5979865, 27.4927112 ], [ 94.5977072, 27.4931798 ], [ 94.5971138, 27.4942861 ], [ 94.5963726, 27.4960553 ], [ 94.5961492, 27.49662 ], [ 94.5957316, 27.4978334 ], [ 94.5954437, 27.4985141 ], [ 94.5948518, 27.4994748 ] ] } },
{ "type": "Feature", "properties": { "name": "Bogibeel Bridge", "type": "rail" }, "geometry": { "type": "LineString", "coordinates": [ [ 94.7430502, 27.42501 ], [ 94.743515, 27.424553 ] ] } },
{ "type": "Feature", "properties": { "name": "Bogibeel Bridge", "type": "rail" }, "geometry": { "type": "LineString", "coordinates": [ [ 94.7434765, 27.4245228 ], [ 94.7430316, 27.4249625 ] ] } },
{ "type": "Feature", "properties": { "name": "Balipara - Harmuti - Bogibeel", "type": "rail" }, "geometry": { "type": "LineString", "coordinates": [ [ 94.6652905, 27.5639036 ], [ 94.6659569, 27.5632495 ], [ 94.6661524, 27.5630724 ] ] } },
{ "type": "Feature", "properties": { "name": "", "type": "rail" }, "geometry": { "type": "LineString", "coordinates": [ [ 94.7121519, 27.4549289 ], [ 94.7114278, 27.4556134 ] ] } },
{ "type": "Feature", "properties": { "name": "", "type": "service" }, "geometry": { "type": "LineString", "coordinates": [ [ 94.6492272, 27.53124 ], [ 94.6492199, 27.5318428 ], [ 94.6493384, 27.532564 ], [ 94.6495238, 27.533296 ], [ 94.6496549, 27.5340564 ], [ 94.6500531, 27.5358079 ], [ 94.6504525, 27.5373578 ], [ 94.6506755, 27.537946 ], [ 94.6508397, 27.5384449 ], [ 94.6509863, 27.5390126 ], [ 94.6512306, 27.5398952 ], [ 94.6514503, 27.5407811 ], [ 94.6517524, 27.5420236 ], [ 94.6518375, 27.5422772 ], [ 94.6518568, 27.5423347 ], [ 94.6518568, 27.5424557 ], [ 94.6519307, 27.5444249 ], [ 94.65198, 27.5456862 ], [ 94.6521014, 27.5464732 ], [ 94.6523693, 27.5473605 ], [ 94.6527502, 27.5485352 ], [ 94.6531311, 27.5498622 ], [ 94.6533796, 27.550398 ], [ 94.6537623, 27.5510037 ], [ 94.6540086, 27.5513505 ], [ 94.6541589, 27.5516257 ], [ 94.6545526, 27.5522418 ], [ 94.6549095, 27.5527518 ], [ 94.6553377, 27.5534157 ], [ 94.6558325, 27.554039 ], [ 94.6560754, 27.5543425 ], [ 94.6563685, 27.5547086 ], [ 94.6566597, 27.5550679 ], [ 94.6569968, 27.5555143 ], [ 94.6572428, 27.5557835 ], [ 94.6573053, 27.5558502 ], [ 94.657453, 27.5560078 ], [ 94.6585007, 27.5569804 ], [ 94.6590068, 27.5574941 ], [ 94.6595845, 27.5579521 ], [ 94.6599417, 27.5582981 ], [ 94.6600914, 27.5584431 ], [ 94.6603853, 27.5587357 ], [ 94.6606145, 27.5589627 ], [ 94.6607262, 27.5590657 ], [ 94.6611948, 27.559459 ], [ 94.6616113, 27.559917 ], [ 94.662205, 27.5604084 ], [ 94.6625362, 27.5606926 ], [ 94.6628929, 27.5610166 ] ] } },
{ "type": "Feature", "properties": { "name": "", "type": "unclassified" }, "geometry": { "type": "LineString", "coordinates": [ [ 95.0104955, 27.3756656 ], [ 95.0107407, 27.3755366 ], [ 95.0110133, 27.3754061 ], [ 95.0115432, 27.3751791 ], [ 95.0117974, 27.3750656 ], [ 95.0120226, 27.3749521 ], [ 95.0122468, 27.3748221 ], [ 95.0124005, 27.3747221 ], [ 95.0124248, 27.3747063 ], [ 95.0130613, 27.3741952 ] ] } },
{ "type": "Feature", "properties": { "name": "", "type": "unclassified" }, "geometry": { "type": "LineString", "coordinates": [ [ 94.9788685, 27.3437338 ], [ 94.9794567, 27.3436464 ], [ 94.9795341, 27.34362 ], [ 94.9795894, 27.3436012 ], [ 94.9797047, 27.3435227 ], [ 94.9798858, 27.3433546 ], [ 94.9802184, 27.3430448 ], [ 94.9804863, 27.342861 ], [ 94.9807548, 27.3427375 ], [ 94.9810706, 27.342632 ], [ 94.981431, 27.342518 ], [ 94.9816925, 27.342445 ], [ 94.9818092, 27.3424155 ], [ 94.9819416, 27.342382 ], [ 94.9820911, 27.3423446 ], [ 94.9822755, 27.3423197 ], [ 94.9824927, 27.3423467 ], [ 94.9835429, 27.342599 ], [ 94.9841547, 27.3427565 ], [ 94.9844784, 27.342842 ], [ 94.9849998, 27.3429741 ], [ 94.9850985, 27.3429956 ], [ 94.9855266, 27.343089 ], [ 94.9862075, 27.3432231 ], [ 94.9863534, 27.3432536 ], [ 94.9871724, 27.3433787 ], [ 94.9884332, 27.3436058 ], [ 94.9886559, 27.3436176 ], [ 94.9890316, 27.3436 ], [ 94.989332, 27.3435593 ], [ 94.9895894, 27.3435023 ], [ 94.9899437, 27.3434029 ], [ 94.9902068, 27.3433073 ], [ 94.9904887, 27.3432048 ], [ 94.9911103, 27.3430006 ], [ 94.9912519, 27.3429541 ] ] } },
{ "type": "Feature", "properties": { "name": "old NH52B", "type": "trunk" }, "geometry": { "type": "LineString", "coordinates": [ [ 94.8153362, 27.3662172 ], [ 94.8151323, 27.3661624 ] ] } },
{ "type": "Feature", "properties": { "name": "old NH52B", "type": "trunk" }, "geometry": { "type": "LineString", "coordinates": [ [ 94.8219353, 27.3692409 ], [ 94.8188131, 27.3675101 ], [ 94.8172468, 27.3668295 ], [ 94.8170085, 27.366738 ], [ 94.816803, 27.3666639 ], [ 94.8162802, 27.3665015 ], [ 94.8158006, 27.3663477 ], [ 94.8153362, 27.3662172 ] ] } },
{ "type": "Feature", "properties": { "name": "old NH52B", "type": "trunk" }, "geometry": { "type": "LineString", "coordinates": [ [ 94.8110508, 27.365643 ], [ 94.810654, 27.365646 ] ] } },
{ "type": "Feature", "properties": { "name": "old NH52B", "type": "trunk" }, "geometry": { "type": "LineString", "coordinates": [ [ 94.810654, 27.365646 ], [ 94.8101202, 27.3656524 ], [ 94.8098121, 27.3656675 ], [ 94.8096056, 27.3656761 ], [ 94.8093753, 27.3656924 ], [ 94.8090469, 27.3657223 ] ] } },
{ "type": "Feature", "properties": { "name": "old NH52B", "type": "trunk" }, "geometry": { "type": "LineString", "coordinates": [ [ 94.8033884, 27.3674643 ], [ 94.8032248, 27.3675547 ] ] } },
{ "type": "Feature", "properties": { "name": "old NH52B", "type": "trunk" }, "geometry": { "type": "LineString", "coordinates": [ [ 94.805672, 27.3665124 ], [ 94.805418, 27.3665931 ], [ 94.8052102, 27.3666593 ], [ 94.80499, 27.3667342 ], [ 94.804739, 27.3668269 ], [ 94.8045128, 27.3669187 ], [ 94.8043228, 27.3669996 ], [ 94.8041184, 27.3671006 ], [ 94.8037182, 27.3672956 ], [ 94.8033884, 27.3674643 ] ] } },
{ "type": "Feature", "properties": { "name": "old NH52B", "type": "trunk" }, "geometry": { "type": "LineString", "coordinates": [ [ 94.805832, 27.3664561 ], [ 94.805672, 27.3665124 ] ] } },
{ "type": "Feature", "properties": { "name": "old NH52B", "type": "trunk" }, "geometry": { "type": "LineString", "coordinates": [ [ 94.8088309, 27.3657519 ], [ 94.8082096, 27.3658507 ], [ 94.8076789, 27.3659568 ], [ 94.8073193, 27.3660328 ], [ 94.8070796, 27.3660823 ], [ 94.8068937, 27.3661281 ], [ 94.8066937, 27.3661822 ], [ 94.806501, 27.3662382 ], [ 94.8061747, 27.3663383 ], [ 94.805832, 27.3664561 ] ] } },
{ "type": "Feature", "properties": { "name": "", "type": "residential" }, "geometry": { "type": "LineString", "coordinates": [ [ 94.7189491, 27.2532716 ], [ 94.7197075, 27.2523596 ], [ 94.7201761, 27.2517069 ], [ 94.7209271, 27.250727 ], [ 94.7209893, 27.2506578 ] ] } },
{ "type": "Feature", "properties": { "name": "", "type": "tertiary" }, "geometry": { "type": "LineString", "coordinates": [ [ 94.6055977, 27.3135714 ], [ 94.6055349, 27.3137308 ], [ 94.605543, 27.3149198 ], [ 94.6057001, 27.315945 ], [ 94.6057715, 27.3164107 ], [ 94.605674, 27.3168252 ], [ 94.603822, 27.3208123 ], [ 94.6032716, 27.3219929 ], [ 94.6029891, 27.3231117 ], [ 94.6027363, 27.3244048 ], [ 94.6025741, 27.3252341 ], [ 94.6025576, 27.3254353 ], [ 94.6025898, 27.3258225 ], [ 94.6027238, 27.3263287 ], [ 94.6028581, 27.3267352 ], [ 94.6029991, 27.3270053 ], [ 94.6032543, 27.3275759 ], [ 94.6035079, 27.3279643 ], [ 94.6036971, 27.3282261 ], [ 94.6038712, 27.3283801 ], [ 94.6056834, 27.3292981 ], [ 94.6066592, 27.3297615 ], [ 94.610227, 27.3314559 ], [ 94.6106295, 27.3317592 ], [ 94.6114244, 27.3324244 ], [ 94.6124379, 27.3332513 ], [ 94.6129186, 27.3336358 ], [ 94.6136391, 27.3342316 ], [ 94.6140513, 27.3346147 ], [ 94.615589, 27.336253 ], [ 94.6156702, 27.3363519 ], [ 94.6161505, 27.337012 ], [ 94.6162071, 27.337139 ], [ 94.6162312, 27.3372428 ], [ 94.6162147, 27.3373519 ], [ 94.6160391, 27.3377812 ], [ 94.6158896, 27.3380785 ], [ 94.6157588, 27.3382852 ], [ 94.6156059, 27.3385025 ], [ 94.615115, 27.3393129 ], [ 94.6148823, 27.3397203 ], [ 94.6146682, 27.3400881 ], [ 94.6145039, 27.3403256 ], [ 94.6143023, 27.3404935 ], [ 94.6141374, 27.3406036 ], [ 94.6132165, 27.3412188 ], [ 94.6128589, 27.3414459 ], [ 94.6126092, 27.3416415 ], [ 94.612511, 27.3418171 ], [ 94.6124895, 27.3418996 ], [ 94.6124511, 27.3422679 ], [ 94.6124862, 27.3426838 ], [ 94.6125949, 27.343181 ], [ 94.6128408, 27.3438465 ], [ 94.6129791, 27.3441645 ], [ 94.6134273, 27.3447131 ], [ 94.6137081, 27.345017 ], [ 94.6138394, 27.345263 ], [ 94.6138504, 27.3455666 ], [ 94.6137588, 27.3460227 ], [ 94.6136915, 27.3466148 ], [ 94.6137162, 27.3469876 ], [ 94.6138604, 27.3473799 ], [ 94.6141678, 27.3478395 ], [ 94.6145505, 27.3482258 ], [ 94.6148055, 27.3483493 ] ] } },
{ "type": "Feature", "properties": { "name": "", "type": "unclassified" }, "geometry": { "type": "LineString", "coordinates": [ [ 94.5845434, 27.2906928 ], [ 94.584732, 27.2908393 ], [ 94.5849423, 27.2909804 ], [ 94.5851166, 27.2910842 ], [ 94.5853414, 27.2911986 ], [ 94.5857724, 27.291479 ], [ 94.5873078, 27.2926548 ], [ 94.5884784, 27.2934905 ], [ 94.5892768, 27.2940778 ], [ 94.5894139, 27.294158 ], [ 94.5895474, 27.2942157 ], [ 94.5896665, 27.2942542 ], [ 94.5898722, 27.2942927 ], [ 94.5903666, 27.2943793 ], [ 94.5909656, 27.2945043 ], [ 94.5914059, 27.294639 ], [ 94.5916766, 27.2947288 ], [ 94.592438, 27.2950912 ], [ 94.5933258, 27.2955017 ], [ 94.5938274, 27.295723 ], [ 94.5940944, 27.2958545 ], [ 94.5945699, 27.2961475 ], [ 94.5966955, 27.29749 ], [ 94.5974266, 27.297985 ], [ 94.5977151, 27.2981803 ], [ 94.5991283, 27.29899 ], [ 94.6003336, 27.2996602 ], [ 94.6014415, 27.3003272 ], [ 94.6026035, 27.3010359 ], [ 94.6033578, 27.3015069 ], [ 94.6044264, 27.3021666 ], [ 94.6051602, 27.3026357 ], [ 94.605852, 27.3030455 ], [ 94.6060433, 27.3031962 ], [ 94.606332, 27.3034656 ], [ 94.606682, 27.3038953 ], [ 94.6070862, 27.3044384 ], [ 94.6071187, 27.3044821 ], [ 94.6071766, 27.3045528 ], [ 94.6076199, 27.3050941 ], [ 94.6079963, 27.3055606 ], [ 94.6085113, 27.3062164 ], [ 94.608966, 27.3068481 ], [ 94.6093124, 27.3073066 ], [ 94.6096408, 27.3078357 ], [ 94.6098501, 27.3081788 ], [ 94.6099078, 27.3082878 ], [ 94.6099439, 27.3084289 ], [ 94.6099692, 27.3085796 ], [ 94.60998, 27.308958 ], [ 94.6099656, 27.3093588 ], [ 94.6099367, 27.3095127 ], [ 94.6098718, 27.3097051 ], [ 94.6098104, 27.3098109 ], [ 94.6097382, 27.3099039 ], [ 94.6093918, 27.310247 ], [ 94.6090887, 27.310558 ], [ 94.6089191, 27.3107152 ], [ 94.6084896, 27.3110615 ], [ 94.6082731, 27.3112058 ], [ 94.6080277, 27.31135 ], [ 94.6076343, 27.3116098 ], [ 94.607175, 27.3119671 ], [ 94.6068103, 27.3122798 ], [ 94.6062953, 27.3127945 ], [ 94.6058404, 27.3132635 ], [ 94.6056541, 27.3134611 ], [ 94.6055977, 27.3135714 ] ] } },
{ "type": "Feature", "properties": { "name": "", "type": "unclassified" }, "geometry": { "type": "LineString", "coordinates": [ [ 94.6368994, 27.3543278 ], [ 94.6373294, 27.3542075 ], [ 94.637958, 27.3540008 ], [ 94.6380871, 27.3539751 ], [ 94.6381274, 27.3540348 ], [ 94.6381539, 27.3540942 ], [ 94.638569, 27.3547685 ], [ 94.6387329, 27.3550829 ], [ 94.6387555, 27.3551263 ], [ 94.6388283, 27.355266 ], [ 94.6389796, 27.3555156 ], [ 94.6391499, 27.3557967 ], [ 94.6394279, 27.3561956 ], [ 94.6395275, 27.3563385 ], [ 94.6396866, 27.356615 ], [ 94.6398677, 27.35693 ], [ 94.6399182, 27.3570325 ], [ 94.6400607, 27.3573224 ], [ 94.6403096, 27.3579489 ], [ 94.6403677, 27.3580705 ], [ 94.6406374, 27.3586565 ], [ 94.6408366, 27.3590268 ], [ 94.6408719, 27.3590877 ], [ 94.6409383, 27.3591614 ], [ 94.640986, 27.3592 ], [ 94.6413864, 27.3594691 ], [ 94.6419673, 27.3598247 ], [ 94.6426893, 27.3602595 ], [ 94.6434113, 27.360687 ], [ 94.6438926, 27.3609966 ], [ 94.643961, 27.3610389 ], [ 94.6441748, 27.3611582 ], [ 94.6443158, 27.361214 ], [ 94.6443697, 27.3612306 ], [ 94.644822, 27.36126 ], [ 94.645156, 27.3612895 ], [ 94.6452328, 27.3612914 ], [ 94.6455442, 27.3612805 ], [ 94.6460253, 27.3612637 ], [ 94.6466373, 27.3612711 ], [ 94.6472328, 27.3612914 ], [ 94.6473261, 27.3613006 ], [ 94.6475149, 27.3613356 ], [ 94.6476, 27.3613595 ], [ 94.6480813, 27.3616599 ], [ 94.6482467, 27.3617767 ], [ 94.6485056, 27.3619596 ], [ 94.6487099, 27.3621039 ], [ 94.649463, 27.3626069 ], [ 94.6497555, 27.3628299 ], [ 94.6498178, 27.3628907 ], [ 94.6499319, 27.363027 ], [ 94.6502804, 27.3634858 ], [ 94.6506746, 27.3640128 ], [ 94.6509319, 27.3643168 ], [ 94.6511851, 27.3646189 ], [ 94.6514381, 27.3649469 ], [ 94.6515003, 27.3650354 ], [ 94.6517659, 27.3654463 ], [ 94.6518032, 27.3655144 ], [ 94.652019, 27.3658884 ], [ 94.6520563, 27.3659474 ], [ 94.6525273, 27.366642 ], [ 94.6525854, 27.3667231 ], [ 94.652909, 27.3672353 ], [ 94.653326, 27.3678783 ], [ 94.6536912, 27.3684071 ], [ 94.6537555, 27.3685011 ], [ 94.6541185, 27.3690888 ], [ 94.6544803, 27.3696616 ] ] } },
{ "type": "Feature", "properties": { "name": "", "type": "service" }, "geometry": { "type": "LineString", "coordinates": [ [ 94.8413638, 27.3816418 ], [ 94.8421575, 27.3804255 ] ] } },
{ "type": "Feature", "properties": { "name": "", "type": "service" }, "geometry": { "type": "LineString", "coordinates": [ [ 94.8411829, 27.3819273 ], [ 94.8413226, 27.3817128 ] ] } },
{ "type": "Feature", "properties": { "name": "", "type": "tertiary" }, "geometry": { "type": "LineString", "coordinates": [ [ 94.9109287, 27.4886083 ], [ 94.9122232, 27.4891767 ], [ 94.912636, 27.4893169 ], [ 94.912648, 27.4893187 ], [ 94.9126595, 27.4893172 ] ] } },
{ "type": "Feature", "properties": { "name": "", "type": "rail" }, "geometry": { "type": "LineString", "coordinates": [ [ 94.8135781, 27.3736407 ], [ 94.813094, 27.3735442 ], [ 94.8121552, 27.373281 ] ] } },
{ "type": "Feature", "properties": { "name": "", "type": "track" }, "geometry": { "type": "LineString", "coordinates": [ [ 94.6380871, 27.3539751 ], [ 94.6380649, 27.3539353 ], [ 94.6379684, 27.3539114 ], [ 94.6378164, 27.3538844 ], [ 94.6376716, 27.3538257 ], [ 94.6373229, 27.3536446 ], [ 94.6370654, 27.3534874 ], [ 94.6368768, 27.3533645 ], [ 94.6367659, 27.3532803 ], [ 94.6365961, 27.3531056 ], [ 94.636394, 27.3528801 ], [ 94.6359819, 27.3523819 ], [ 94.6356635, 27.351976 ], [ 94.6354507, 27.3516822 ], [ 94.635254, 27.3514582 ], [ 94.6349072, 27.3510686 ], [ 94.6347856, 27.35094 ], [ 94.6345209, 27.350635 ], [ 94.6342902, 27.3503587 ], [ 94.6340288, 27.3500113 ], [ 94.6338571, 27.3497937 ], [ 94.6337659, 27.3496857 ], [ 94.6337212, 27.3496047 ], [ 94.6336104, 27.3494808 ], [ 94.633501, 27.3493381 ], [ 94.6333669, 27.3491348 ], [ 94.6333114, 27.34903 ], [ 94.6332685, 27.3489157 ], [ 94.6331827, 27.3487886 ], [ 94.633104, 27.3486009 ], [ 94.6330146, 27.3483944 ], [ 94.6329592, 27.348207 ], [ 94.6328984, 27.348045 ], [ 94.6327535, 27.3476171 ] ] } },
{ "type": "Feature", "properties": { "name": "", "type": "track" }, "geometry": { "type": "LineString", "coordinates": [ [ 94.6327535, 27.3476171 ], [ 94.6326987, 27.3474704 ], [ 94.6326298, 27.3473751 ], [ 94.6325388, 27.3473273 ], [ 94.6323682, 27.3472532 ], [ 94.6320702, 27.3471417 ], [ 94.6318316, 27.3470685 ], [ 94.6314464, 27.3469437 ], [ 94.6312787, 27.3468935 ], [ 94.6311717, 27.3468679 ], [ 94.6310615, 27.3468552 ], [ 94.6309216, 27.3468049 ], [ 94.6307836, 27.3467735 ], [ 94.6306705, 27.3467428 ], [ 94.6304856, 27.3466713 ], [ 94.630361, 27.3466185 ], [ 94.6302738, 27.3465668 ], [ 94.6300908, 27.3464153 ], [ 94.6299519, 27.3462995 ], [ 94.6298292, 27.3461957 ], [ 94.6296984, 27.3460731 ], [ 94.6295911, 27.3459624 ], [ 94.6294703, 27.3458262 ], [ 94.6293707, 27.3457173 ], [ 94.6292662, 27.3455932 ], [ 94.6291742, 27.345463 ], [ 94.6290918, 27.3453132 ], [ 94.6290087, 27.3451869 ], [ 94.6288937, 27.344986 ], [ 94.6288419, 27.3448771 ], [ 94.6287729, 27.3447902 ], [ 94.6286991, 27.3446664 ], [ 94.6285909, 27.3444809 ], [ 94.6284989, 27.3443353 ], [ 94.6284548, 27.3442791 ], [ 94.628338, 27.3441184 ], [ 94.6282604, 27.344012 ], [ 94.6281185, 27.3438562 ] ] } },
{ "type": "Feature", "properties": { "name": "", "type": "path" }, "geometry": { "type": "LineString", "coordinates": [ [ 94.6281185, 27.3438562 ], [ 94.6280522, 27.3437957 ], [ 94.6278256, 27.343619 ], [ 94.6275671, 27.3433945 ], [ 94.6272115, 27.3431095 ], [ 94.6269225, 27.3428928 ], [ 94.6266692, 27.3426866 ], [ 94.6265094, 27.3426027 ], [ 94.6263816, 27.342595 ], [ 94.6259618, 27.3426505 ], [ 94.6256612, 27.3426724 ], [ 94.6255697, 27.3426363 ], [ 94.6254114, 27.342555 ], [ 94.625254, 27.3424354 ], [ 94.6250362, 27.3422625 ], [ 94.6248677, 27.3421438 ], [ 94.624782, 27.342051 ], [ 94.6246948, 27.3419542 ], [ 94.624598, 27.3417784 ], [ 94.6245079, 27.3415978 ], [ 94.62446, 27.3414959 ], [ 94.6243859, 27.3413707 ], [ 94.6243206, 27.3412804 ], [ 94.6242189, 27.3412107 ], [ 94.6240766, 27.3411553 ], [ 94.6238863, 27.3410882 ], [ 94.6235763, 27.3409593 ], [ 94.6233207, 27.3408702 ], [ 94.623187, 27.3407915 ], [ 94.6231275, 27.3406819 ], [ 94.6231028, 27.3405296 ], [ 94.6230607, 27.3403282 ], [ 94.6230113, 27.3401515 ], [ 94.6229706, 27.3400057 ], [ 94.6229358, 27.3398947 ], [ 94.6229009, 27.3397477 ], [ 94.6228733, 27.3396368 ], [ 94.6228123, 27.3395232 ], [ 94.6226941, 27.3392691 ], [ 94.6225953, 27.3390446 ], [ 94.622514, 27.3388833 ], [ 94.6223968, 27.3386532 ], [ 94.622285, 27.3384054 ], [ 94.6222312, 27.338248 ], [ 94.622208, 27.3381433 ] ] } },
{ "type": "Feature", "properties": { "name": "", "type": "service" }, "geometry": { "type": "LineString", "coordinates": [ [ 94.6614286, 27.5931793 ], [ 94.6616395, 27.5934285 ], [ 94.6617713, 27.5935788 ], [ 94.6619421, 27.5937598 ], [ 94.6621426, 27.5939436 ], [ 94.6628264, 27.5945932 ], [ 94.6631009, 27.5948703 ], [ 94.6634706, 27.5952261 ], [ 94.6638346, 27.5955699 ], [ 94.6639928, 27.5957507 ], [ 94.6641198, 27.5958832 ], [ 94.6641889, 27.5960333 ], [ 94.6642679, 27.5962146 ], [ 94.664385, 27.5964909 ], [ 94.6644457, 27.5967047 ], [ 94.6645303, 27.5969223 ], [ 94.6646545, 27.5972657 ], [ 94.6647279, 27.597482 ], [ 94.6648392, 27.5978985 ], [ 94.6649041, 27.5981273 ], [ 94.664969, 27.5984107 ], [ 94.6650014, 27.5987758 ], [ 94.6650141, 27.5990976 ], [ 94.6650282, 27.5993739 ], [ 94.6650607, 27.5999011 ], [ 94.665055, 27.6002552 ], [ 94.6650691, 27.6006553 ], [ 94.6650762, 27.6011145 ], [ 94.6650847, 27.6012796 ], [ 94.6650945, 27.6017473 ], [ 94.6651101, 27.6020862 ], [ 94.6651284, 27.6024411 ], [ 94.6651481, 27.6026424 ], [ 94.6651369, 27.6028212 ], [ 94.6651397, 27.6032936 ], [ 94.6651608, 27.6038786 ], [ 94.6651877, 27.6044887 ], [ 94.6651961, 27.6050985 ], [ 94.6652173, 27.6059153 ], [ 94.665261, 27.6066159 ], [ 94.6652737, 27.6072736 ], [ 94.6652921, 27.6074324 ], [ 94.6652878, 27.6078879 ], [ 94.665309, 27.6085473 ], [ 94.6653287, 27.6090408 ], [ 94.6653471, 27.6094021 ], [ 94.6653443, 27.6098053 ], [ 94.6653581, 27.6101436 ], [ 94.6653668, 27.6103578 ], [ 94.6653823, 27.6107954 ], [ 94.6654176, 27.6111713 ], [ 94.6654275, 27.6113963 ], [ 94.6654303, 27.6119702 ], [ 94.665443, 27.6121659 ], [ 94.6654557, 27.6123616 ], [ 94.6654614, 27.6127192 ], [ 94.6654839, 27.6135638 ], [ 94.6655009, 27.6140722 ], [ 94.6655192, 27.6143972 ], [ 94.6655418, 27.6149981 ], [ 94.6655573, 27.6156854 ], [ 94.6655658, 27.6162182 ], [ 94.6656039, 27.6170733 ], [ 94.6656194, 27.6177191 ], [ 94.6656321, 27.6182663 ], [ 94.6656476, 27.6188085 ], [ 94.6656659, 27.6195799 ], [ 94.665697, 27.6206538 ], [ 94.6657153, 27.6216279 ], [ 94.6657294, 27.6227013 ], [ 94.6657054, 27.623132 ], [ 94.6656659, 27.623217 ] ] } },
{ "type": "Feature", "properties": { "name": "", "type": "service" }, "geometry": { "type": "LineString", "coordinates": [ [ 94.6656659, 27.623217 ], [ 94.6652727, 27.6231676 ], [ 94.6648557, 27.6231259 ], [ 94.6644283, 27.6231056 ], [ 94.664346, 27.623086 ], [ 94.6642655, 27.6234574 ], [ 94.6640324, 27.6243734 ], [ 94.6639512, 27.6246782 ], [ 94.6639276, 27.6248127 ], [ 94.6637715, 27.6253754 ], [ 94.6635427, 27.6263901 ], [ 94.6633246, 27.6272352 ], [ 94.6632776, 27.6274512 ], [ 94.6632562, 27.6275933 ], [ 94.6630381, 27.6285662 ], [ 94.6629803, 27.6290133 ], [ 94.6629675, 27.6293126 ], [ 94.6629119, 27.6295324 ], [ 94.6628306, 27.6296612 ], [ 94.6625694, 27.6298185 ], [ 94.6624774, 27.6298867 ], [ 94.6620027, 27.6301728 ], [ 94.6617548, 27.6303528 ], [ 94.661682, 27.6304172 ], [ 94.66162, 27.6305309 ], [ 94.6615067, 27.6310141 ], [ 94.661481, 27.6311278 ], [ 94.6613634, 27.6314953 ], [ 94.6612864, 27.6316526 ], [ 94.6610811, 27.6319821 ], [ 94.6609571, 27.6321356 ], [ 94.6607155, 27.6323629 ], [ 94.6605658, 27.6325187 ], [ 94.6604631, 27.632765 ], [ 94.6603733, 27.6329943 ], [ 94.6602514, 27.6332955 ], [ 94.6602343, 27.6333359 ], [ 94.6598751, 27.6335783 ], [ 94.6592314, 27.6339004 ], [ 94.6590898, 27.6339497 ], [ 94.6588127, 27.6340031 ] ] } },
{ "type": "Feature", "properties": { "name": "", "type": "embankment" }, "geometry": { "type": "LineString", "coordinates": [ [ 94.6730853, 27.6221125 ], [ 94.6726663, 27.622512 ], [ 94.6722074, 27.6229945 ], [ 94.6718403, 27.6234047 ], [ 94.6714053, 27.6238183 ], [ 94.6707788, 27.6244865 ] ] } },
{ "type": "Feature", "properties": { "name": "", "type": "embankment" }, "geometry": { "type": "LineString", "coordinates": [ [ 94.6780171, 27.6211829 ], [ 94.679184, 27.6222283 ] ] } },
{ "type": "Feature", "properties": { "name": "", "type": "service" }, "geometry": { "type": "LineString", "coordinates": [ [ 94.6199516, 27.583253 ], [ 94.61989, 27.5833885 ], [ 94.6199131, 27.58365 ], [ 94.6199142, 27.5837836 ], [ 94.6198878, 27.5838693 ], [ 94.6197876, 27.5840703 ], [ 94.6196379, 27.5842752 ], [ 94.6195305, 27.5843833 ], [ 94.6193937, 27.5844546 ], [ 94.6192945, 27.5844768 ], [ 94.6192292, 27.584579 ], [ 94.6191827, 27.5847385 ], [ 94.6191684, 27.5847924 ], [ 94.6190987, 27.5849762 ], [ 94.6190298, 27.5851407 ], [ 94.6189521, 27.5852889 ], [ 94.6188895, 27.5854363 ], [ 94.6188063, 27.5855949 ], [ 94.6187294, 27.5857344 ], [ 94.6185542, 27.585951 ], [ 94.6183646, 27.5862133 ], [ 94.6182322, 27.5863882 ], [ 94.6181106, 27.5866116 ], [ 94.6178987, 27.5870248 ], [ 94.6177672, 27.5872868 ], [ 94.6177046, 27.5873613 ], [ 94.6176223, 27.5874476 ], [ 94.6175517, 27.587574 ], [ 94.6174677, 27.5877769 ], [ 94.6173979, 27.5879353 ], [ 94.6172987, 27.5881731 ], [ 94.6172495, 27.588326 ], [ 94.6171413, 27.588555 ], [ 94.6169875, 27.5888821 ], [ 94.6168078, 27.5892361 ], [ 94.6167846, 27.5893304 ], [ 94.6167265, 27.5894714 ], [ 94.6165977, 27.5896743 ], [ 94.6164493, 27.5899283 ], [ 94.6163313, 27.5900765 ], [ 94.6161821, 27.5903336 ] ] } },
{ "type": "Feature", "properties": { "name": "", "type": "embankment" }, "geometry": { "type": "LineString", "coordinates": [ [ 94.6431054, 27.6044749 ], [ 94.6422837, 27.6050009 ], [ 94.6417824, 27.6053013 ], [ 94.6413162, 27.605567 ], [ 94.6410861, 27.6056981 ], [ 94.6409033, 27.6059019 ], [ 94.6406026, 27.6063057 ], [ 94.6404198, 27.6066952 ], [ 94.6400829, 27.6073534 ], [ 94.6399021, 27.6076209 ], [ 94.6396598, 27.6080585 ], [ 94.6394687, 27.6083661 ] ] } },
{ "type": "Feature", "properties": { "name": "", "type": "service" }, "geometry": { "type": "LineString", "coordinates": [ [ 94.6390876, 27.6059539 ], [ 94.6387123, 27.6062842 ], [ 94.6381061, 27.6068501 ], [ 94.6378322, 27.607128 ], [ 94.6376452, 27.6074282 ], [ 94.6373186, 27.6082188 ], [ 94.6370489, 27.6088969 ], [ 94.6369229, 27.6091671 ], [ 94.6365827, 27.6098399 ], [ 94.6364071, 27.6101655 ], [ 94.6363285, 27.6104248 ], [ 94.6362742, 27.6105514 ], [ 94.636178, 27.6105946 ], [ 94.6359992, 27.610597 ], [ 94.6357173, 27.6105694 ], [ 94.6351073, 27.610526 ], [ 94.6350591, 27.6105226 ] ] } },
{ "type": "Feature", "properties": { "name": "", "type": "embankment" }, "geometry": { "type": "LineString", "coordinates": [ [ 94.6348214, 27.6112875 ], [ 94.6349488, 27.6108912 ], [ 94.6351073, 27.610526 ] ] } },
{ "type": "Feature", "properties": { "name": "", "type": "embankment" }, "geometry": { "type": "LineString", "coordinates": [ [ 94.6354931, 27.6263362 ], [ 94.6354975, 27.6264629 ], [ 94.6355173, 27.6265517 ], [ 94.6354413, 27.6266882 ], [ 94.6353511, 27.6268306 ], [ 94.6352168, 27.6271002 ], [ 94.6351717, 27.6272016 ] ] } },
{ "type": "Feature", "properties": { "name": "", "type": "track" }, "geometry": { "type": "LineString", "coordinates": [ [ 94.66357, 27.5655907 ], [ 94.6640038, 27.565956 ], [ 94.664526, 27.5664201 ], [ 94.664863, 27.5667451 ], [ 94.66516, 27.5671356 ], [ 94.6653752, 27.5674226 ], [ 94.6654436, 27.5676341 ], [ 94.6654569, 27.5679181 ], [ 94.6654269, 27.5682156 ], [ 94.6653952, 27.5685765 ], [ 94.6654035, 27.5687405 ], [ 94.6653718, 27.5689432 ], [ 94.6653568, 27.5693484 ], [ 94.6653168, 27.5698662 ], [ 94.6652534, 27.5702108 ], [ 94.66521, 27.5704813 ], [ 94.6651499, 27.5706868 ], [ 94.6650715, 27.5709575 ], [ 94.6650432, 27.5710901 ], [ 94.6648997, 27.571343 ], [ 94.6646928, 27.5715826 ], [ 94.6646257, 27.5716575 ], [ 94.6644142, 27.5718936 ], [ 94.6641923, 27.5721495 ], [ 94.6641631, 27.5721754 ], [ 94.6640521, 27.5722737 ], [ 94.6638803, 27.5724965 ], [ 94.6636745, 27.5727299 ], [ 94.66363, 27.5727804 ], [ 94.6633981, 27.5730155 ], [ 94.6632146, 27.5732262 ], [ 94.6629126, 27.5735338 ], [ 94.6628192, 27.5736662 ], [ 94.662644, 27.5738185 ], [ 94.6624555, 27.5740448 ], [ 94.6622736, 27.57424 ], [ 94.6622503, 27.5742799 ], [ 94.661995, 27.5744839 ], [ 94.6615818, 27.574796 ], [ 94.6612114, 27.5750356 ], [ 94.6604367, 27.5754853 ], [ 94.6600863, 27.5757456 ], [ 94.6597584, 27.5759955 ], [ 94.6593997, 27.5763446 ], [ 94.6591144, 27.5766545 ], [ 94.6588257, 27.5770419 ], [ 94.6584654, 27.577684 ], [ 94.6582918, 27.5781183 ], [ 94.6582068, 27.5783165 ], [ 94.6581384, 27.5785499 ], [ 94.6580349, 27.5790808 ], [ 94.6580082, 27.5794815 ], [ 94.6579799, 27.5795599 ], [ 94.6579465, 27.5796087 ], [ 94.6579598, 27.5798557 ], [ 94.6579665, 27.5801501 ], [ 94.6579565, 27.5806145 ], [ 94.6579498, 27.5808193 ], [ 94.6579315, 27.5817464 ], [ 94.6579164, 27.5821275 ], [ 94.6579026, 27.5825647 ], [ 94.6578672, 27.5826027 ] ] } },
{ "type": "Feature", "properties": { "name": "", "type": "service" }, "geometry": { "type": "LineString", "coordinates": [ [ 94.642136, 27.6018172 ], [ 94.642021, 27.6019396 ], [ 94.6419018, 27.6021486 ], [ 94.641609, 27.6026539 ], [ 94.6413942, 27.6030269 ], [ 94.6410595, 27.6034088 ], [ 94.6405938, 27.6039791 ], [ 94.6400973, 27.6046134 ], [ 94.6396091, 27.6052041 ], [ 94.6393438, 27.6056035 ], [ 94.6391391, 27.6059061 ] ] } },
{ "type": "Feature", "properties": { "name": "", "type": "embankment" }, "geometry": { "type": "LineString", "coordinates": [ [ 94.5955601, 27.6015941 ], [ 94.5956245, 27.6010326 ], [ 94.5956889, 27.6003111 ], [ 94.5957497, 27.5996008 ], [ 94.5958123, 27.5992664 ], [ 94.5958373, 27.5990208 ], [ 94.5958462, 27.598861 ], [ 94.5958695, 27.5986011 ], [ 94.5958963, 27.5981779 ], [ 94.5959267, 27.5977085 ], [ 94.5959428, 27.5975389 ], [ 94.5959457, 27.5972581 ], [ 94.5959523, 27.5971508 ], [ 94.5959413, 27.5969479 ], [ 94.5959699, 27.5965938 ], [ 94.5959853, 27.5958832 ], [ 94.5959985, 27.5953408 ] ] } },
{ "type": "Feature", "properties": { "name": "", "type": "embankment" }, "geometry": { "type": "LineString", "coordinates": [ [ 94.5943766, 27.59986 ], [ 94.5945411, 27.5997837 ], [ 94.5945876, 27.5997625 ], [ 94.5946626, 27.5997408 ], [ 94.5947275, 27.599709 ], [ 94.5947806, 27.5996896 ], [ 94.5948972, 27.5996105 ], [ 94.5950236, 27.5995137 ], [ 94.595097, 27.5994658 ], [ 94.5951702, 27.5994084 ], [ 94.5952728, 27.5993328 ], [ 94.5954213, 27.5992402 ], [ 94.5955315, 27.5991553 ], [ 94.595634, 27.5990755 ], [ 94.5957203, 27.5990042 ], [ 94.5957435, 27.5989588 ], [ 94.5957519, 27.5989192 ] ] } },
{ "type": "Feature", "properties": { "name": "", "type": "embankment" }, "geometry": { "type": "LineString", "coordinates": [ [ 94.6014791, 27.6174364 ], [ 94.6010453, 27.6171216 ] ] } },
{ "type": "Feature", "properties": { "name": "", "type": "embankment" }, "geometry": { "type": "LineString", "coordinates": [ [ 94.5897958, 27.5666492 ], [ 94.5897773, 27.5666629 ], [ 94.5895791, 27.5667839 ], [ 94.5890973, 27.5670575 ], [ 94.588668, 27.5673288 ], [ 94.5884333, 27.5675379 ], [ 94.5883035, 27.5677213 ], [ 94.588277, 27.5677799 ], [ 94.5880415, 27.5682346 ], [ 94.5879094, 27.5685187 ], [ 94.5878302, 27.5686514 ], [ 94.5876959, 27.5688173 ], [ 94.5876166, 27.5690241 ] ] } },
{ "type": "Feature", "properties": { "name": "", "type": "embankment" }, "geometry": { "type": "LineString", "coordinates": [ [ 94.5876166, 27.5690241 ], [ 94.5873811, 27.5697403 ], [ 94.5872842, 27.5699765 ], [ 94.5871741, 27.570197 ], [ 94.5869914, 27.5704839 ], [ 94.5868461, 27.5707415 ], [ 94.5865346, 27.5712856 ] ] } },
{ "type": "Feature", "properties": { "name": "", "type": "embankment" }, "geometry": { "type": "LineString", "coordinates": [ [ 94.5935146, 27.5015736 ], [ 94.5931422, 27.502343 ], [ 94.5928205, 27.5033981 ], [ 94.5928629, 27.5035762 ], [ 94.5946697, 27.5052935 ], [ 94.5958768, 27.5061995 ], [ 94.5962391, 27.5072732 ], [ 94.597052, 27.5080961 ], [ 94.5978458, 27.5085896 ], [ 94.5999679, 27.5097732 ], [ 94.6001358, 27.5099309 ], [ 94.6003655, 27.5103218 ], [ 94.6009664, 27.5107529 ], [ 94.6012876, 27.5108177 ] ] } },
{ "type": "Feature", "properties": { "name": "", "type": "service" }, "geometry": { "type": "LineString", "coordinates": [ [ 94.6101076, 27.5153507 ], [ 94.6099987, 27.5150874 ], [ 94.6096583, 27.5145197 ], [ 94.6091222, 27.5136917 ], [ 94.6087548, 27.5134921 ], [ 94.6077909, 27.5130602 ], [ 94.6067936, 27.5127052 ] ] } },
{ "type": "Feature", "properties": { "name": "", "type": "service" }, "geometry": { "type": "LineString", "coordinates": [ [ 94.6598351, 27.5639635 ], [ 94.6593874, 27.5637157 ], [ 94.6583664, 27.5632128 ], [ 94.6574855, 27.5627425 ], [ 94.6561272, 27.5620256 ], [ 94.655303, 27.5615849 ], [ 94.6546557, 27.5612595 ], [ 94.653833, 27.5608037 ], [ 94.6532658, 27.5604606 ], [ 94.652485, 27.5599813 ], [ 94.6517222, 27.5595103 ], [ 94.6513752, 27.5592292 ], [ 94.6510415, 27.5589038 ], [ 94.6509247, 27.55875 ], [ 94.6508079, 27.5584986 ], [ 94.6506578, 27.5580447 ], [ 94.6504609, 27.5574441 ], [ 94.6503875, 27.5571868 ], [ 94.6501539, 27.5564073 ], [ 94.6499704, 27.5557535 ], [ 94.6497668, 27.555014 ], [ 94.6495299, 27.5541809 ], [ 94.6493464, 27.553462 ], [ 94.6492063, 27.5529111 ], [ 94.6490227, 27.5523638 ], [ 94.6489527, 27.5521212 ], [ 94.6488926, 27.5518401 ], [ 94.6486523, 27.5509362 ], [ 94.6484688, 27.5502913 ], [ 94.6480918, 27.5489416 ], [ 94.6478882, 27.5483292 ], [ 94.6475913, 27.5474824 ], [ 94.6471859, 27.5463464 ], [ 94.6469556, 27.545728 ], [ 94.6466153, 27.5447828 ], [ 94.6461915, 27.5436548 ], [ 94.6458979, 27.542853 ], [ 94.6457991, 27.542658 ], [ 94.6456802, 27.5424412 ] ] } },
{ "type": "Feature", "properties": { "name": "", "type": "track" }, "geometry": { "type": "LineString", "coordinates": [ [ 94.6446712, 27.5368344 ], [ 94.6445523, 27.5360282 ], [ 94.644451, 27.5353307 ], [ 94.644407, 27.5350574 ], [ 94.6442243, 27.5339833 ], [ 94.6441714, 27.53371 ], [ 94.644068, 27.5330694 ], [ 94.6439997, 27.5326126 ], [ 94.6439381, 27.5320156 ], [ 94.6438853, 27.5316583 ], [ 94.6437928, 27.5309149 ], [ 94.6437356, 27.5303839 ], [ 94.6436695, 27.5297928 ], [ 94.6435837, 27.5292033 ], [ 94.6435308, 27.5286155 ], [ 94.6434758, 27.5280982 ], [ 94.6434053, 27.5272005 ], [ 94.6433085, 27.5264581 ], [ 94.643238, 27.5259115 ], [ 94.6431852, 27.5253145 ], [ 94.6431434, 27.5248615 ], [ 94.6430983, 27.5245226 ], [ 94.6430366, 27.523892 ], [ 94.6429574, 27.5231433 ], [ 94.6428825, 27.5226279 ], [ 94.6428385, 27.5220049 ] ] } },
{ "type": "Feature", "properties": { "name": "", "type": "path" }, "geometry": { "type": "LineString", "coordinates": [ [ 94.6428385, 27.5220049 ], [ 94.6427879, 27.5213704 ], [ 94.6427218, 27.5205461 ], [ 94.6426866, 27.5200346 ], [ 94.6426316, 27.519416 ], [ 94.6425941, 27.5188264 ], [ 94.6425831, 27.5184724 ], [ 94.6425325, 27.5178652 ], [ 94.6425523, 27.5175466 ], [ 94.6425413, 27.5172694 ], [ 94.6425567, 27.5170917 ], [ 94.6425809, 27.5167247 ], [ 94.6426272, 27.5162609 ], [ 94.6426184, 27.5159466 ], [ 94.6426492, 27.5157806 ], [ 94.6426426, 27.5155483 ], [ 94.6426272, 27.514791 ], [ 94.6426162, 27.5141545 ], [ 94.6426051, 27.513382 ], [ 94.6426051, 27.5129681 ], [ 94.6425963, 27.5120037 ], [ 94.6425809, 27.5107001 ], [ 94.6425765, 27.510126 ], [ 94.6425545, 27.5093422 ], [ 94.6425105, 27.5088247 ], [ 94.6424356, 27.5080177 ], [ 94.6422727, 27.5068253 ], [ 94.6421957, 27.5064211 ], [ 94.6419843, 27.5052798 ], [ 94.6418941, 27.5045533 ], [ 94.6418082, 27.5040436 ], [ 94.6416475, 27.5032438 ], [ 94.6415705, 27.5029587 ] ] } },
{ "type": "Feature", "properties": { "name": "", "type": "service" }, "geometry": { "type": "LineString", "coordinates": [ [ 94.6456802, 27.5424412 ], [ 94.6450979, 27.5415989 ], [ 94.6446404, 27.541003 ], [ 94.6441935, 27.5403882 ], [ 94.6439293, 27.5400216 ], [ 94.6436299, 27.5396097 ], [ 94.6435682, 27.5394711 ], [ 94.6435132, 27.5393153 ], [ 94.6434978, 27.5392158 ], [ 94.6435308, 27.539003 ], [ 94.6435638, 27.5388312 ], [ 94.6436805, 27.5386243 ], [ 94.6437268, 27.5385365 ], [ 94.6438941, 27.5382768 ], [ 94.6442045, 27.5377434 ], [ 94.6444466, 27.5372964 ], [ 94.6446712, 27.5368344 ] ] } },
{ "type": "Feature", "properties": { "name": "", "type": "service" }, "geometry": { "type": "LineString", "coordinates": [ [ 94.6607909, 27.5629704 ], [ 94.6614305, 27.5635648 ], [ 94.6623155, 27.5644193 ], [ 94.6630281, 27.5651008 ] ] } },
{ "type": "Feature", "properties": { "name": "", "type": "embankment" }, "geometry": { "type": "LineString", "coordinates": [ [ 94.6630281, 27.5651008 ], [ 94.6634523, 27.5654832 ] ] } },
{ "type": "Feature", "properties": { "name": "", "type": "embankment" }, "geometry": { "type": "LineString", "coordinates": [ [ 94.6686904, 27.5649703 ], [ 94.6668892, 27.5648085 ], [ 94.6661053, 27.5643781 ], [ 94.6652905, 27.5639036 ] ] } },
{ "type": "Feature", "properties": { "name": "", "type": "unclassified" }, "geometry": { "type": "LineString", "coordinates": [ [ 94.6656109, 27.5630448 ], [ 94.6650684, 27.5626692 ], [ 94.6635056, 27.5616099 ], [ 94.6630694, 27.5612636 ], [ 94.6629254, 27.5611225 ], [ 94.6628512, 27.5610541 ] ] } },
{ "type": "Feature", "properties": { "name": "", "type": "embankment" }, "geometry": { "type": "LineString", "coordinates": [ [ 94.6711513, 27.5924392 ], [ 94.6710782, 27.592343 ], [ 94.671051, 27.5922876 ], [ 94.6710628, 27.5921184 ], [ 94.6710994, 27.591811 ], [ 94.6711253, 27.5915293 ], [ 94.6711537, 27.5913191 ], [ 94.6711572, 27.5910674 ], [ 94.6711572, 27.5908262 ], [ 94.6711993, 27.5905919 ], [ 94.671224, 27.5905095 ], [ 94.6712603, 27.5902621 ], [ 94.6712908, 27.5900368 ], [ 94.6712879, 27.5898661 ], [ 94.6712385, 27.5897464 ], [ 94.6711528, 27.5895868 ], [ 94.671086, 27.5894542 ], [ 94.6710497, 27.589288 ], [ 94.6710119, 27.589028 ], [ 94.6710192, 27.5889636 ], [ 94.6710642, 27.588826 ], [ 94.6711268, 27.5886897 ], [ 94.6711518, 27.5885502 ], [ 94.6712555, 27.588056 ], [ 94.6713181, 27.5879277 ], [ 94.6713593, 27.5878342 ], [ 94.6713989, 27.5876892 ], [ 94.6714011, 27.5875624 ], [ 94.6714033, 27.5872424 ], [ 94.6713637, 27.586842 ], [ 94.6713262, 27.5866215 ], [ 94.6712822, 27.5864146 ], [ 94.6712778, 27.5862527 ], [ 94.67128, 27.5860183 ], [ 94.6713438, 27.5856222 ], [ 94.6713945, 27.5854212 ] ] } },
{ "type": "Feature", "properties": { "name": "", "type": "embankment" }, "geometry": { "type": "LineString", "coordinates": [ [ 94.6717329, 27.5938432 ], [ 94.671681, 27.5937638 ], [ 94.6716315, 27.5936142 ], [ 94.6715548, 27.59336 ], [ 94.6715324, 27.5931665 ], [ 94.6714757, 27.5929783 ], [ 94.6713931, 27.5928124 ], [ 94.6712941, 27.5926368 ], [ 94.6711513, 27.5924392 ] ] } },
{ "type": "Feature", "properties": { "name": "", "type": "embankment" }, "geometry": { "type": "LineString", "coordinates": [ [ 94.6715222, 27.6037805 ], [ 94.6714354, 27.6032735 ], [ 94.6712403, 27.6019787 ], [ 94.6711888, 27.6012858 ], [ 94.6711021, 27.6006926 ], [ 94.6711048, 27.6004375 ], [ 94.6711373, 27.6000267 ], [ 94.6712159, 27.5994698 ], [ 94.6713324, 27.5988765 ], [ 94.6714165, 27.5982533 ], [ 94.6714165, 27.5980155 ], [ 94.6713894, 27.5977609 ], [ 94.6712349, 27.5971966 ], [ 94.6711346, 27.5967979 ], [ 94.6709991, 27.5960116 ], [ 94.6709937, 27.5958387 ], [ 94.6712294, 27.595327 ], [ 94.6715167, 27.5947025 ], [ 94.6715737, 27.5944948 ], [ 94.6716821, 27.5941105 ], [ 94.6717329, 27.5938432 ] ] } },
{ "type": "Feature", "properties": { "name": "", "type": "embankment" }, "geometry": { "type": "LineString", "coordinates": [ [ 94.6767151, 27.6110314 ], [ 94.6766663, 27.6109161 ], [ 94.6765281, 27.61074 ], [ 94.6764522, 27.6106776 ], [ 94.6763059, 27.6106535 ], [ 94.6762164, 27.6105503 ], [ 94.6760348, 27.6102669 ], [ 94.6757963, 27.6099667 ], [ 94.6753464, 27.6096216 ], [ 94.6750266, 27.609415 ], [ 94.6747312, 27.6093165 ], [ 94.6746526, 27.6092733 ], [ 94.6743761, 27.6088794 ] ] } },
{ "type": "Feature", "properties": { "name": "", "type": "path" }, "geometry": { "type": "LineString", "coordinates": [ [ 94.6446712, 27.5368344 ], [ 94.6447698, 27.536741 ], [ 94.6449371, 27.5364345 ], [ 94.6452167, 27.5359895 ], [ 94.6452542, 27.5359094 ] ] } },
{ "type": "Feature", "properties": { "name": "", "type": "service" }, "geometry": { "type": "LineString", "coordinates": [ [ 94.6490403, 27.5253267 ], [ 94.6491393, 27.5258181 ], [ 94.6492261, 27.5268952 ], [ 94.6492861, 27.5276586 ], [ 94.6493295, 27.5283325 ], [ 94.6493462, 27.5286639 ], [ 94.6493362, 27.5291077 ], [ 94.6492928, 27.5298238 ], [ 94.6492528, 27.5304225 ], [ 94.6492227, 27.5309285 ], [ 94.6492272, 27.53124 ] ] } },
{ "type": "Feature", "properties": { "name": "", "type": "track" }, "geometry": { "type": "LineString", "coordinates": [ [ 94.6490403, 27.5253267 ], [ 94.6489505, 27.5249337 ], [ 94.6489206, 27.524751 ], [ 94.6488285, 27.5244121 ], [ 94.6487336, 27.524084 ], [ 94.6486225, 27.5236802 ], [ 94.6484924, 27.5231346 ], [ 94.6483976, 27.5227111 ], [ 94.6483054, 27.5223121 ], [ 94.6482512, 27.5219059 ], [ 94.6481889, 27.5212905 ], [ 94.6481428, 27.5208507 ], [ 94.6481157, 27.5201168 ], [ 94.6480886, 27.5195519 ], [ 94.6480669, 27.5191446 ], [ 94.6480479, 27.5186735 ], [ 94.6480127, 27.5179791 ], [ 94.6479829, 27.5176066 ], [ 94.6479531, 27.5171523 ], [ 94.6478203, 27.5163478 ], [ 94.6477904, 27.5154161 ], [ 94.6478176, 27.5149114 ], [ 94.6478934, 27.5143578 ], [ 94.6479558, 27.5139011 ], [ 94.6480208, 27.5134925 ], [ 94.6480371, 27.5132384 ] ] } },
{ "type": "Feature", "properties": { "name": "", "type": "path" }, "geometry": { "type": "LineString", "coordinates": [ [ 94.6480371, 27.5132384 ], [ 94.6480425, 27.5124884 ], [ 94.6479937, 27.5118519 ], [ 94.6479558, 27.5113038 ], [ 94.6479368, 27.511037 ], [ 94.6478663, 27.5105658 ], [ 94.6477877, 27.5101523 ], [ 94.6476631, 27.5096878 ], [ 94.647533, 27.5091951 ], [ 94.6473243, 27.5081452 ], [ 94.6471346, 27.5073037 ], [ 94.6470343, 27.5067628 ], [ 94.6469503, 27.5061886 ] ] } },
{ "type": "Feature", "properties": { "name": "", "type": "unclassified" }, "geometry": { "type": "LineString", "coordinates": [ [ 94.6669798, 27.5636795 ], [ 94.6668676, 27.5636489 ], [ 94.6667261, 27.5636276 ], [ 94.6665137, 27.563567 ], [ 94.6662131, 27.5634219 ], [ 94.6660623, 27.5633205 ] ] } },
{ "type": "Feature", "properties": { "name": "", "type": "embankment" }, "geometry": { "type": "LineString", "coordinates": [ [ 94.6652423, 27.563853 ], [ 94.6646215, 27.5633514 ], [ 94.6642406, 27.5630431 ], [ 94.6634811, 27.5624158 ], [ 94.6627149, 27.5617916 ], [ 94.6625652, 27.561655 ], [ 94.6624331, 27.5615515 ] ] } },
{ "type": "Feature", "properties": { "name": "", "type": "embankment" }, "geometry": { "type": "LineString", "coordinates": [ [ 94.6017793, 27.5107764 ], [ 94.6021579, 27.5112566 ], [ 94.6026099, 27.5116776 ], [ 94.6030666, 27.5120234 ], [ 94.6036261, 27.5123516 ], [ 94.6048543, 27.5124291 ], [ 94.6067936, 27.5127052 ] ] } },
{ "type": "Feature", "properties": { "name": "", "type": "embankment" }, "geometry": { "type": "LineString", "coordinates": [ [ 94.5942537, 27.595076 ], [ 94.5942775, 27.5953413 ], [ 94.5943115, 27.5954744 ], [ 94.5943526, 27.5955378 ], [ 94.5943884, 27.595636 ], [ 94.5944009, 27.5957359 ], [ 94.5943902, 27.5958311 ], [ 94.5943401, 27.596045 ], [ 94.5942722, 27.596297 ], [ 94.5942185, 27.5964931 ], [ 94.5941989, 27.5966468 ], [ 94.5942185, 27.5968164 ], [ 94.5942346, 27.5969321 ], [ 94.5941649, 27.5971603 ], [ 94.5941077, 27.597295 ], [ 94.5940236, 27.5974868 ], [ 94.5939199, 27.5977315 ], [ 94.5938984, 27.5979169 ], [ 94.5938984, 27.5981134 ], [ 94.5938609, 27.5984121 ], [ 94.5938233, 27.5986102 ], [ 94.5938198, 27.5987592 ], [ 94.5937786, 27.5990652 ], [ 94.5937536, 27.5993061 ], [ 94.5937107, 27.5994614 ], [ 94.5936374, 27.5998496 ] ] } },
{ "type": "Feature", "properties": { "name": "", "type": "track" }, "geometry": { "type": "LineString", "coordinates": [ [ 94.5880143, 27.606168 ], [ 94.5880181, 27.6062444 ], [ 94.5879961, 27.6063807 ], [ 94.5879635, 27.6065879 ], [ 94.5879271, 27.606725 ], [ 94.5878964, 27.6068889 ], [ 94.5878657, 27.6070971 ], [ 94.5878734, 27.6072066 ], [ 94.5878907, 27.6073017 ], [ 94.5879089, 27.6073646 ] ] } },
{ "type": "Feature", "properties": { "name": "", "type": "track" }, "geometry": { "type": "LineString", "coordinates": [ [ 94.5880143, 27.606168 ], [ 94.5880657, 27.6060325 ], [ 94.5881301, 27.6058218 ], [ 94.5882266, 27.6055343 ], [ 94.5882821, 27.6053203 ], [ 94.5883017, 27.6052158 ], [ 94.5882982, 27.6050827 ], [ 94.5882606, 27.604853 ], [ 94.5881766, 27.6046533 ], [ 94.5881354, 27.6044394 ], [ 94.5880961, 27.6042556 ], [ 94.5880514, 27.6040983 ], [ 94.5880496, 27.6040175 ], [ 94.5880961, 27.6037339 ], [ 94.5881408, 27.6035168 ], [ 94.5881891, 27.6031613 ], [ 94.5882177, 27.6029236 ], [ 94.588232, 27.6028047 ], [ 94.5882123, 27.6026041 ], [ 94.5881748, 27.6023949 ], [ 94.5881193, 27.6021969 ], [ 94.5880746, 27.601956 ], [ 94.5880049, 27.6016284 ], [ 94.5879638, 27.6013226 ], [ 94.5878797, 27.6009141 ], [ 94.5878189, 27.6006574 ], [ 94.587776, 27.6004181 ], [ 94.5876777, 27.5999806 ], [ 94.5876205, 27.5997761 ], [ 94.5875847, 27.5996129 ], [ 94.5875293, 27.5994798 ], [ 94.5873969, 27.5992203 ], [ 94.587329, 27.5991427 ], [ 94.5872539, 27.5989985 ], [ 94.5872092, 27.5987893 ], [ 94.5871859, 27.59857 ], [ 94.5871931, 27.598448 ], [ 94.5872038, 27.5983576 ], [ 94.5871919, 27.5983116 ] ] } },
{ "type": "Feature", "properties": { "name": "", "type": "track" }, "geometry": { "type": "LineString", "coordinates": [ [ 94.5864372, 27.5949093 ], [ 94.5865727, 27.5952213 ], [ 94.5866889, 27.5955376 ], [ 94.5867765, 27.5960115 ], [ 94.5868516, 27.5963662 ], [ 94.5869285, 27.5966118 ], [ 94.5870001, 27.5970309 ], [ 94.5870519, 27.5974049 ], [ 94.5870966, 27.5977133 ], [ 94.5871592, 27.5980952 ], [ 94.5871919, 27.5983116 ] ] } },
{ "type": "Feature", "properties": { "name": "", "type": "track" }, "geometry": { "type": "LineString", "coordinates": [ [ 94.5879089, 27.6073646 ], [ 94.5878922, 27.6075131 ], [ 94.5879285, 27.6078606 ], [ 94.5879793, 27.6082981 ], [ 94.5880592, 27.6085852 ], [ 94.5881289, 27.6089093 ], [ 94.5881565, 27.6091191 ], [ 94.5882524, 27.6093289 ], [ 94.588386, 27.6096241 ], [ 94.5885094, 27.6099047 ], [ 94.588585, 27.6100944 ], [ 94.5886242, 27.6104522 ], [ 94.5886503, 27.6109892 ], [ 94.5886271, 27.6112401 ], [ 94.588601, 27.6115078 ], [ 94.5885442, 27.6125005 ], [ 94.5885075, 27.6131658 ], [ 94.5885209, 27.6140154 ] ] } },
{ "type": "Feature", "properties": { "name": "", "type": "embankment" }, "geometry": { "type": "LineString", "coordinates": [ [ 94.5905649, 27.5660943 ], [ 94.5901625, 27.5664111 ], [ 94.5898301, 27.5666239 ], [ 94.5898143, 27.5666355 ] ] } },
{ "type": "Feature", "properties": { "name": "", "type": "embankment" }, "geometry": { "type": "LineString", "coordinates": [ [ 94.5864479, 27.5714238 ], [ 94.5862279, 27.5717408 ], [ 94.5859472, 27.5721463 ], [ 94.5858488, 27.5722858 ], [ 94.585729, 27.5723746 ], [ 94.5854393, 27.5725486 ], [ 94.5850978, 27.5727578 ], [ 94.5848117, 27.5729369 ] ] } },
{ "type": "Feature", "properties": { "name": "", "type": "embankment" }, "geometry": { "type": "LineString", "coordinates": [ [ 94.584649, 27.5730764 ], [ 94.5844934, 27.5732936 ], [ 94.5843217, 27.5736613 ], [ 94.5840821, 27.5741259 ], [ 94.5839605, 27.5743653 ], [ 94.5837406, 27.5749082 ], [ 94.5836512, 27.5751143 ] ] } },
{ "type": "Feature", "properties": { "name": "", "type": "embankment" }, "geometry": { "type": "LineString", "coordinates": [ [ 94.5835564, 27.5753584 ], [ 94.5834902, 27.5755026 ], [ 94.5833508, 27.5756152 ] ] } },
{ "type": "Feature", "properties": { "name": "", "type": "embankment" }, "geometry": { "type": "LineString", "coordinates": [ [ 94.5832649, 27.5756786 ], [ 94.5827464, 27.5760764 ], [ 94.5825372, 27.5762238 ], [ 94.58225, 27.5764172 ], [ 94.5818762, 27.5767009 ], [ 94.5813559, 27.5771216 ], [ 94.5810126, 27.5774624 ], [ 94.5806675, 27.577812 ], [ 94.5805119, 27.5780402 ], [ 94.580342, 27.5783799 ], [ 94.5801936, 27.5785669 ], [ 94.5798986, 27.5788776 ], [ 94.5795219, 27.5793149 ], [ 94.5792054, 27.579727 ] ] } },
{ "type": "Feature", "properties": { "name": "", "type": "embankment" }, "geometry": { "type": "LineString", "coordinates": [ [ 94.5789426, 27.5801802 ], [ 94.5787405, 27.5805036 ], [ 94.5785796, 27.5808422 ], [ 94.578542, 27.5809627 ], [ 94.5784777, 27.5811038 ], [ 94.5782774, 27.5814128 ], [ 94.5780235, 27.5817605 ], [ 94.5777999, 27.5820664 ], [ 94.5775907, 27.5823845 ], [ 94.5774262, 27.5827601 ], [ 94.5772707, 27.5831337 ], [ 94.5772456, 27.5831908 ], [ 94.5772492, 27.5832811 ], [ 94.5772063, 27.5834174 ], [ 94.5771061, 27.5835268 ], [ 94.5770328, 27.5837364 ], [ 94.5769917, 27.5838473 ], [ 94.5768397, 27.5842531 ], [ 94.5767557, 27.5845526 ], [ 94.5766537, 27.5849567 ] ] } },
{ "type": "Feature", "properties": { "name": "", "type": "embankment" }, "geometry": { "type": "LineString", "coordinates": [ [ 94.6107884, 27.45063 ], [ 94.6108995, 27.4508777 ], [ 94.6109212, 27.4509811 ], [ 94.610764, 27.4511592 ], [ 94.610371, 27.4514935 ], [ 94.6092487, 27.4525117 ], [ 94.6083307, 27.4533318 ], [ 94.6082711, 27.4534328 ], [ 94.6080787, 27.4542531 ], [ 94.6079919, 27.4548952 ], [ 94.6078998, 27.4552161 ], [ 94.6077832, 27.4555312 ], [ 94.6073483, 27.4567171 ], [ 94.6070854, 27.4573136 ], [ 94.6067656, 27.4581607 ], [ 94.6064756, 27.4589352 ], [ 94.6062718, 27.4594881 ], [ 94.6058679, 27.4603689 ], [ 94.6055888, 27.4610639 ], [ 94.6052635, 27.4618075 ], [ 94.6049654, 27.4625145 ], [ 94.6046673, 27.4633895 ], [ 94.6044857, 27.4640508 ], [ 94.6042255, 27.4650749 ], [ 94.6040466, 27.4657771 ], [ 94.6038786, 27.4665122 ], [ 94.6038352, 27.4668007 ], [ 94.6037973, 27.4672745 ], [ 94.6038081, 27.4676184 ], [ 94.6038704, 27.4681876 ], [ 94.603949, 27.4686902 ], [ 94.604052, 27.4694296 ], [ 94.6041198, 27.4699658 ], [ 94.6042011, 27.4707442 ], [ 94.6042797, 27.4711987 ], [ 94.6043583, 27.4718893 ], [ 94.6044369, 27.4722091 ], [ 94.6045507, 27.4725963 ], [ 94.6047106, 27.4730075 ], [ 94.6048489, 27.4732991 ], [ 94.6049844, 27.4734481 ], [ 94.605212, 27.4736213 ], [ 94.6055445, 27.4737968 ], [ 94.6058779, 27.4739651 ], [ 94.6059266, 27.4740854 ], [ 94.6059863, 27.4743114 ], [ 94.6061548, 27.4749248 ], [ 94.6062382, 27.4751854 ], [ 94.606395, 27.4753571 ], [ 94.6066687, 27.4755495 ], [ 94.6072593, 27.4758959 ], [ 94.6075286, 27.4760676 ] ] } },
{ "type": "Feature", "properties": { "name": "", "type": "embankment" }, "geometry": { "type": "LineString", "coordinates": [ [ 94.6148285, 27.4352866 ], [ 94.6148439, 27.4353843 ], [ 94.6147845, 27.435486 ], [ 94.6145556, 27.4356638 ], [ 94.6143053, 27.4358225 ], [ 94.6141551, 27.4359653 ], [ 94.6139414, 27.4362525 ], [ 94.6137233, 27.4366509 ], [ 94.6135194, 27.4370466 ], [ 94.6133746, 27.4372561 ], [ 94.6129931, 27.4376482 ], [ 94.6127696, 27.4379687 ], [ 94.6126122, 27.4382378 ], [ 94.6123672, 27.438733 ], [ 94.6122277, 27.4390615 ], [ 94.6119208, 27.4396822 ], [ 94.611676, 27.4401398 ], [ 94.6115973, 27.4402271 ], [ 94.6113881, 27.4403334 ], [ 94.6110662, 27.4405222 ], [ 94.6108262, 27.4406725 ], [ 94.6106045, 27.4408709 ], [ 94.6104793, 27.4410518 ], [ 94.6103899, 27.4413486 ], [ 94.6103023, 27.4416402 ], [ 94.6102647, 27.4419306 ], [ 94.6102772, 27.4420973 ], [ 94.610322, 27.4424115 ], [ 94.6103166, 27.4425591 ], [ 94.610111, 27.4430241 ], [ 94.6098655, 27.4435737 ], [ 94.6097564, 27.4438212 ], [ 94.6096474, 27.4440944 ], [ 94.6096062, 27.4443325 ], [ 94.6095758, 27.4445054 ], [ 94.6095562, 27.4449418 ], [ 94.6095705, 27.4454903 ], [ 94.6095508, 27.4458807 ], [ 94.6095454, 27.4462114 ], [ 94.6095131, 27.446452 ] ] } },
{ "type": "Feature", "properties": { "name": "", "type": "unclassified" }, "geometry": { "type": "LineString", "coordinates": [ [ 94.6095131, 27.446452 ], [ 94.6095186, 27.4466494 ], [ 94.6094668, 27.4471398 ], [ 94.6094328, 27.4475456 ], [ 94.6094131, 27.4479486 ], [ 94.609397, 27.4484185 ], [ 94.6093595, 27.4487962 ], [ 94.609313, 27.4492013 ], [ 94.6092879, 27.4494345 ], [ 94.6093577, 27.4495377 ], [ 94.6095186, 27.4497138 ], [ 94.6097636, 27.449928 ], [ 94.6100926, 27.4502367 ], [ 94.6103966, 27.4505223 ], [ 94.6104931, 27.4506111 ], [ 94.6106112, 27.4506666 ], [ 94.6107202, 27.4506428 ], [ 94.6107884, 27.45063 ] ] } },
{ "type": "Feature", "properties": { "name": "", "type": "unclassified" }, "geometry": { "type": "LineString", "coordinates": [ [ 94.5935146, 27.5015736 ], [ 94.594133, 27.500651 ], [ 94.5948518, 27.4994748 ] ] } },
{ "type": "Feature", "properties": { "name": "", "type": "unclassified" }, "geometry": { "type": "LineString", "coordinates": [ [ 94.6289874, 27.4275907 ], [ 94.6265563, 27.4301525 ], [ 94.6243125, 27.4325169 ] ] } },
{ "type": "Feature", "properties": { "name": "", "type": "unclassified" }, "geometry": { "type": "LineString", "coordinates": [ [ 94.6330115, 27.4166731 ], [ 94.6333166, 27.4170932 ], [ 94.6338023, 27.4176956 ], [ 94.634537, 27.4184977 ], [ 94.6352033, 27.4192328 ], [ 94.636131, 27.4201558 ], [ 94.6364548, 27.4206864 ], [ 94.6365607, 27.4210623 ], [ 94.6366728, 27.4216104 ], [ 94.6367101, 27.4219862 ], [ 94.6367599, 27.4224671 ], [ 94.6367848, 27.4230087 ], [ 94.6367786, 27.4236554 ], [ 94.6367413, 27.4243519 ], [ 94.636679, 27.4245454 ], [ 94.6364735, 27.4247775 ], [ 94.6361684, 27.4251423 ], [ 94.6358758, 27.425496 ], [ 94.6352967, 27.4259215 ], [ 94.6350352, 27.4260818 ], [ 94.6345495, 27.4264687 ], [ 94.6341012, 27.426745 ], [ 94.6334471, 27.4269495 ], [ 94.6322391, 27.4271153 ], [ 94.6300847, 27.4273972 ], [ 94.6289874, 27.4275907 ] ] } },
{ "type": "Feature", "properties": { "name": "", "type": "tertiary" }, "geometry": { "type": "LineString", "coordinates": [ [ 94.6233574, 27.3533494 ], [ 94.6239557, 27.3541164 ], [ 94.6251697, 27.3552879 ], [ 94.6261405, 27.3566471 ], [ 94.6261768, 27.3567154 ], [ 94.6263881, 27.3571134 ], [ 94.626403, 27.3571892 ], [ 94.6264137, 27.3572594 ], [ 94.6263903, 27.3574593 ], [ 94.6263625, 27.3575759 ], [ 94.6261789, 27.3579399 ], [ 94.6259634, 27.3582906 ], [ 94.6243595, 27.3604043 ], [ 94.6242801, 27.3607456 ], [ 94.6242668, 27.3610385 ], [ 94.624043, 27.3630919 ], [ 94.6238535, 27.364586 ] ] } },
{ "type": "Feature", "properties": { "name": "", "type": "tertiary" }, "geometry": { "type": "LineString", "coordinates": [ [ 94.6148055, 27.3483493 ], [ 94.6149969, 27.3483692 ], [ 94.6157282, 27.3480554 ], [ 94.6160938, 27.3479386 ], [ 94.6163403, 27.3479131 ], [ 94.6168456, 27.3481977 ], [ 94.617396, 27.3486064 ], [ 94.6179465, 27.3487304 ], [ 94.6185258, 27.3489202 ], [ 94.618916, 27.3491537 ], [ 94.61991, 27.3498105 ], [ 94.6205631, 27.3503615 ], [ 94.6210931, 27.3508504 ], [ 94.6220051, 27.3515174 ], [ 94.6224282, 27.3520501 ], [ 94.6226121, 27.3523556 ], [ 94.6233574, 27.3533494 ] ] } },
{ "type": "Feature", "properties": { "name": "", "type": "unclassified" }, "geometry": { "type": "LineString", "coordinates": [ [ 94.6238535, 27.364586 ], [ 94.6238073, 27.3652957 ], [ 94.6237272, 27.3655358 ], [ 94.6236609, 27.3656577 ], [ 94.6234468, 27.3659514 ], [ 94.6232896, 27.3662884 ], [ 94.6231758, 27.3668588 ], [ 94.623089, 27.3675223 ], [ 94.6231161, 27.367698 ], [ 94.6232029, 27.367982 ], [ 94.6232516, 27.3680718 ], [ 94.6233194, 27.3683967 ], [ 94.6234956, 27.3687 ], [ 94.6236609, 27.3688757 ], [ 94.6238289, 27.3690274 ], [ 94.624081, 27.369268 ], [ 94.62439, 27.3695883 ], [ 94.624699, 27.3698675 ], [ 94.624951, 27.3701467 ], [ 94.6250757, 27.3704451 ], [ 94.6253413, 27.3713285 ], [ 94.6256909, 27.3723568 ], [ 94.6258725, 27.3729005 ], [ 94.6260162, 27.3731075 ], [ 94.6262438, 27.3733241 ], [ 94.6266531, 27.3736394 ], [ 94.6272095, 27.3740585 ], [ 94.6277543, 27.3744508 ], [ 94.6282665, 27.3748383 ], [ 94.6286579, 27.3751576 ], [ 94.6290428, 27.3754272 ], [ 94.6295794, 27.3757064 ], [ 94.6300852, 27.3759773 ], [ 94.6305757, 27.3762348 ], [ 94.6310636, 27.3764971 ], [ 94.6314674, 27.3767306 ], [ 94.631668, 27.3768276 ], [ 94.6317574, 27.376895 ], [ 94.6319011, 27.3772079 ], [ 94.6321694, 27.377901 ], [ 94.6324323, 27.3786937 ], [ 94.6326952, 27.3794109 ], [ 94.6327548, 27.379552 ], [ 94.6328334, 27.3798624 ], [ 94.6329202, 27.3804665 ], [ 94.6330232, 27.3812587 ], [ 94.6330448, 27.3814729 ], [ 94.633015, 27.3816871 ], [ 94.6329446, 27.3819229 ], [ 94.6327548, 27.382291 ], [ 94.6323591, 27.3830033 ], [ 94.6319228, 27.3837394 ], [ 94.6314729, 27.3844579 ], [ 94.6312398, 27.384944 ], [ 94.6310175, 27.3852876 ], [ 94.630966, 27.3854993 ], [ 94.6309064, 27.3858459 ], [ 94.6308766, 27.3861636 ], [ 94.6309633, 27.3867401 ], [ 94.631088, 27.3873537 ], [ 94.6312181, 27.3881484 ], [ 94.63134, 27.3885936 ], [ 94.6315379, 27.3892536 ], [ 94.6317195, 27.3897902 ], [ 94.631874, 27.3903211 ], [ 94.6320122, 27.390528 ], [ 94.6322263, 27.3907615 ], [ 94.6325272, 27.3910599 ], [ 94.6334765, 27.3919254 ], [ 94.6338506, 27.3922671 ], [ 94.6339563, 27.3924531 ], [ 94.6340023, 27.3926721 ], [ 94.6340538, 27.3932834 ], [ 94.6340457, 27.393803 ], [ 94.6340159, 27.3940942 ], [ 94.6339861, 27.3944985 ], [ 94.6339807, 27.394679 ], [ 94.6340728, 27.3949648 ], [ 94.6341975, 27.395345 ], [ 94.6342354, 27.3955615 ], [ 94.6342707, 27.3957492 ], [ 94.634314, 27.3960376 ], [ 94.6343791, 27.396709 ], [ 94.6344387, 27.3972744 ], [ 94.6344441, 27.3974549 ], [ 94.6345201, 27.3980245 ], [ 94.6345852, 27.3986862 ], [ 94.6346421, 27.3994559 ], [ 94.6347017, 27.3999709 ], [ 94.6347966, 27.4006433 ], [ 94.6348969, 27.4011967 ], [ 94.6349728, 27.401382 ], [ 94.6350595, 27.401567 ], [ 94.6351029, 27.4019086 ], [ 94.6351571, 27.4023899 ], [ 94.6351408, 27.4026086 ], [ 94.6351923, 27.4031909 ], [ 94.6352817, 27.4040917 ], [ 94.6353061, 27.4045802 ], [ 94.6353034, 27.405371 ], [ 94.6352872, 27.4056694 ], [ 94.635092, 27.4060062 ], [ 94.634886, 27.4063239 ], [ 94.6347153, 27.4066583 ], [ 94.6346123, 27.4068532 ], [ 94.6344849, 27.407154 ], [ 94.6343873, 27.4074473 ], [ 94.6343711, 27.4077769 ], [ 94.634409, 27.4080777 ], [ 94.6344795, 27.4084379 ], [ 94.6346204, 27.408895 ], [ 94.6347993, 27.4093798 ], [ 94.6350243, 27.4099067 ], [ 94.6352086, 27.4103257 ], [ 94.6352248, 27.4104267 ], [ 94.6351923, 27.4106312 ], [ 94.6350974, 27.4108863 ], [ 94.6347885, 27.4115906 ], [ 94.6345472, 27.4121176 ], [ 94.6343792, 27.4124417 ], [ 94.6342464, 27.4126149 ], [ 94.634035, 27.4128098 ], [ 94.6338073, 27.4130071 ], [ 94.6334767, 27.4132573 ], [ 94.6331229, 27.4135387 ], [ 94.6329711, 27.4136831 ], [ 94.6329034, 27.4137697 ], [ 94.6328654, 27.4139068 ], [ 94.6328627, 27.414044 ], [ 94.6328952, 27.4149451 ], [ 94.6329332, 27.4153715 ], [ 94.6329332, 27.4154509 ] ] } },
{ "type": "Feature", "properties": { "name": "", "type": "unclassified" }, "geometry": { "type": "LineString", "coordinates": [ [ 94.6329332, 27.4154509 ], [ 94.6329463, 27.4158265 ], [ 94.6329011, 27.4161219 ], [ 94.6328765, 27.4163772 ], [ 94.6329381, 27.4165449 ], [ 94.6330115, 27.4166731 ] ] } },
{ "type": "Feature", "properties": { "name": "", "type": "service" }, "geometry": { "type": "LineString", "coordinates": [ [ 94.7381144, 27.4215488 ], [ 94.7376582, 27.4216833 ], [ 94.7373819, 27.4217571 ], [ 94.7369984, 27.4217881 ], [ 94.7361213, 27.4218357 ], [ 94.7357029, 27.4218333 ], [ 94.7352228, 27.4218333 ], [ 94.7347534, 27.4218333 ], [ 94.7344395, 27.4218714 ], [ 94.7342116, 27.4219667 ], [ 94.7335088, 27.4224285 ], [ 94.732275, 27.4233809 ], [ 94.7315803, 27.4239689 ], [ 94.7303224, 27.4251617 ], [ 94.7294641, 27.425864 ], [ 94.7285816, 27.4266116 ], [ 94.728013, 27.4271472 ] ] } },
{ "type": "Feature", "properties": { "name": "", "type": "tertiary" }, "geometry": { "type": "LineString", "coordinates": [ [ 94.494823, 27.1382293 ], [ 94.4952269, 27.1384147 ], [ 94.4958088, 27.1383016 ], [ 94.4962431, 27.1384245 ], [ 94.497762, 27.1391574 ], [ 94.4992442, 27.1406881 ], [ 94.5011898, 27.1433669 ], [ 94.501533, 27.1439286 ], [ 94.5019612, 27.1449355 ], [ 94.502741, 27.1473845 ], [ 94.5028327, 27.1480716 ], [ 94.5029111, 27.1511361 ], [ 94.5031054, 27.1521192 ], [ 94.5056308, 27.155392 ], [ 94.5059784, 27.1586159 ], [ 94.5099416, 27.1628861 ], [ 94.5154759, 27.1685148 ], [ 94.5164339, 27.1725261 ], [ 94.5175468, 27.1736312 ], [ 94.5188148, 27.1762789 ], [ 94.5186016, 27.1797673 ], [ 94.5186833, 27.1802358 ], [ 94.5189192, 27.181115 ], [ 94.5178904, 27.1819189 ], [ 94.5173915, 27.1824926 ], [ 94.5143006, 27.1925055 ], [ 94.5134477, 27.1962362 ], [ 94.5131968, 27.1977177 ], [ 94.5132169, 27.1984228 ], [ 94.5136634, 27.2013054 ], [ 94.5137938, 27.2018899 ], [ 94.5140748, 27.2024388 ], [ 94.5152739, 27.2036748 ], [ 94.5171789, 27.2053443 ], [ 94.5272443, 27.21012 ], [ 94.5286297, 27.2108556 ], [ 94.5355508, 27.2145306 ], [ 94.5356934, 27.2146063 ], [ 94.5361572, 27.2168204 ], [ 94.5363986, 27.2177745 ], [ 94.5367577, 27.2185181 ], [ 94.5379249, 27.2206294 ], [ 94.5409906, 27.2256979 ], [ 94.5427072, 27.2288461 ], [ 94.5437586, 27.2305633 ], [ 94.5439989, 27.2313934 ], [ 94.5443466, 27.2326033 ], [ 94.5460131, 27.240756 ], [ 94.5467976, 27.2440142 ], [ 94.5472019, 27.2456671 ], [ 94.5476187, 27.2473477 ], [ 94.5477465, 27.2478629 ], [ 94.5482435, 27.2496541 ], [ 94.5489037, 27.2517535 ], [ 94.5489872, 27.251876 ], [ 94.5491189, 27.2519805 ], [ 94.5492762, 27.2520669 ], [ 94.5524926, 27.2525693 ], [ 94.5534068, 27.252719 ], [ 94.5536464, 27.2527829 ], [ 94.553826, 27.2528884 ], [ 94.5547146, 27.2542049 ], [ 94.5557692, 27.2557673 ], [ 94.5573175, 27.2581157 ], [ 94.5576303, 27.2585502 ], [ 94.5586347, 27.2598489 ], [ 94.5595427, 27.2609443 ], [ 94.5606813, 27.261911 ], [ 94.5615946, 27.262539 ], [ 94.5628542, 27.2632553 ], [ 94.5630875, 27.2630233 ], [ 94.564223, 27.2640699 ], [ 94.5651386, 27.264598 ], [ 94.5658692, 27.2649691 ], [ 94.5664526, 27.2652655 ], [ 94.567518, 27.2658059 ], [ 94.5682023, 27.2660951 ], [ 94.5686911, 27.2663118 ], [ 94.5689904, 27.2664644 ], [ 94.5692183, 27.2666063 ], [ 94.5694125, 27.2667756 ], [ 94.5695852, 27.26698 ], [ 94.5709195, 27.2684775 ], [ 94.5721689, 27.2699005 ], [ 94.5726233, 27.2704502 ], [ 94.5731778, 27.2709935 ], [ 94.5737588, 27.2716618 ], [ 94.5763459, 27.2747539 ], [ 94.5769007, 27.2753641 ], [ 94.5775334, 27.275983 ], [ 94.5782736, 27.2766598 ], [ 94.5799944, 27.2781197 ], [ 94.5801428, 27.2782961 ], [ 94.5802119, 27.2784403 ], [ 94.580269, 27.2786446 ], [ 94.5804043, 27.2796436 ], [ 94.5805291, 27.2801684 ], [ 94.5805777, 27.2803728 ], [ 94.5809564, 27.281965 ], [ 94.5812677, 27.283647 ], [ 94.58243, 27.2874398 ], [ 94.5833051, 27.2892315 ], [ 94.5838777, 27.2901234 ], [ 94.5845434, 27.2906928 ] ] } },
{ "type": "Feature", "properties": { "name": "", "type": "service" }, "geometry": { "type": "LineString", "coordinates": [ [ 94.7771736, 27.3919923 ], [ 94.7771671, 27.3919415 ], [ 94.7771725, 27.3919057 ], [ 94.7771993, 27.3918307 ], [ 94.7772972, 27.3917128 ], [ 94.7776242, 27.3914446 ], [ 94.7779112, 27.3911159 ], [ 94.7783362, 27.3906078 ], [ 94.7785259, 27.3903265 ] ] } },
{ "type": "Feature", "properties": { "name": "", "type": "tertiary" }, "geometry": { "type": "LineString", "coordinates": [ [ 94.8615988, 27.453783 ], [ 94.8619916, 27.4540941 ], [ 94.862064, 27.4541569 ], [ 94.8621544, 27.4542382 ], [ 94.8625515, 27.4546471 ], [ 94.8629339, 27.4550761 ], [ 94.8631426, 27.4552643 ], [ 94.8634007, 27.4554753 ], [ 94.8641996, 27.4560546 ], [ 94.8645784, 27.4563293 ], [ 94.8653911, 27.456904 ], [ 94.865629, 27.4570869 ], [ 94.8660933, 27.4573965 ], [ 94.8672212, 27.4582033 ], [ 94.8677309, 27.4585709 ], [ 94.8691332, 27.4595892 ], [ 94.8696546, 27.4599642 ], [ 94.8707667, 27.460764 ], [ 94.871538, 27.4613148 ], [ 94.871893, 27.4615754 ], [ 94.872309, 27.4618808 ], [ 94.8729537, 27.4623251 ], [ 94.8731958, 27.4624778 ], [ 94.8733319, 27.4625542 ], [ 94.8734894, 27.4626268 ], [ 94.8736418, 27.4626889 ], [ 94.8738113, 27.4627509 ], [ 94.8741547, 27.4628636 ], [ 94.8778565, 27.4642495 ], [ 94.8779799, 27.4642973 ], [ 94.8780872, 27.464354 ], [ 94.8789693, 27.4650095 ], [ 94.8811796, 27.4665831 ], [ 94.8815134, 27.4668207 ], [ 94.8826267, 27.4676066 ], [ 94.8827438, 27.4676964 ], [ 94.8841008, 27.4687793 ], [ 94.8846173, 27.4693974 ], [ 94.8849809, 27.4698152 ], [ 94.8850303, 27.4698805 ], [ 94.8850831, 27.4699476 ], [ 94.8851475, 27.470055 ], [ 94.8852004, 27.4701583 ], [ 94.8852471, 27.4702502 ], [ 94.8852946, 27.4703379 ], [ 94.8855709, 27.4709356 ] ] } },
{ "type": "Feature", "properties": { "name": "Simaluguri Junction - Dibrugarh", "type": "rail" }, "geometry": { "type": "LineString", "coordinates": [ [ 94.8462536, 27.3922613 ], [ 94.8461844, 27.3922237 ] ] } },
{ "type": "Feature", "properties": { "name": "Simaluguri Junction - Dibrugarh", "type": "rail" }, "geometry": { "type": "LineString", "coordinates": [ [ 94.8461844, 27.3922237 ], [ 94.8436915, 27.3908465 ] ] } },
{ "type": "Feature", "properties": { "name": "Simaluguri Junction - Dibrugarh", "type": "rail" }, "geometry": { "type": "LineString", "coordinates": [ [ 94.8436915, 27.3908465 ], [ 94.8436148, 27.3908044 ] ] } },
{ "type": "Feature", "properties": { "name": "Simaluguri Junction - Dibrugarh", "type": "rail" }, "geometry": { "type": "LineString", "coordinates": [ [ 94.8481787, 27.393309 ], [ 94.8462536, 27.3922613 ] ] } },
{ "type": "Feature", "properties": { "name": "", "type": "service" }, "geometry": { "type": "LineString", "coordinates": [ [ 94.8393401, 27.3846899 ], [ 94.8410901, 27.3820442 ] ] } },
{ "type": "Feature", "properties": { "name": "", "type": "service" }, "geometry": { "type": "LineString", "coordinates": [ [ 94.838219, 27.3864111 ], [ 94.839274, 27.3848027 ] ] } },
{ "type": "Feature", "properties": { "name": "old NH52B", "type": "trunk" }, "geometry": { "type": "LineString", "coordinates": [ [ 95.1598647, 27.1048511 ], [ 95.1588797, 27.1075265 ], [ 95.1585236, 27.1086159 ] ] } },
{ "type": "Feature", "properties": { "name": "old NH52B", "type": "trunk" }, "geometry": { "type": "LineString", "coordinates": [ [ 95.1582493, 27.1095888 ], [ 95.157271, 27.1130882 ] ] } },
{ "type": "Feature", "properties": { "name": "", "type": "service" }, "geometry": { "type": "LineString", "coordinates": [ [ 94.728013, 27.4271472 ], [ 94.7276924, 27.4273864 ] ] } },
{ "type": "Feature", "properties": { "name": "", "type": "service" }, "geometry": { "type": "LineString", "coordinates": [ [ 94.7438402, 27.4246454 ], [ 94.7435036, 27.4243468 ], [ 94.7428657, 27.4237684 ], [ 94.7417189, 27.4228312 ], [ 94.7407094, 27.4219837 ], [ 94.7403563, 27.4217468 ], [ 94.7400132, 27.4215833 ], [ 94.7396537, 27.4214859 ], [ 94.7392568, 27.4214143 ], [ 94.738951, 27.4214191 ], [ 94.7385856, 27.4214522 ], [ 94.7381144, 27.4215488 ] ] } },
{ "type": "Feature", "properties": { "name": "", "type": "dyke" }, "geometry": { "type": "LineString", "coordinates": [ [ 94.7438402, 27.4246454 ], [ 94.7446964, 27.4253093 ] ] } },
{ "type": "Feature", "properties": { "name": "", "type": "embankment" }, "geometry": { "type": "LineString", "coordinates": [ [ 94.7222087, 27.4454642 ], [ 94.7241949, 27.443567 ] ] } },
{ "type": "Feature", "properties": { "name": "", "type": "embankment" }, "geometry": { "type": "LineString", "coordinates": [ [ 94.724101, 27.4435147 ], [ 94.7231367, 27.4444037 ], [ 94.7220853, 27.4454118 ] ] } },
{ "type": "Feature", "properties": { "name": "", "type": "embankment" }, "geometry": { "type": "LineString", "coordinates": [ [ 94.743566, 27.4245611 ], [ 94.7422126, 27.4259795 ], [ 94.7414455, 27.4268413 ], [ 94.7401875, 27.4280745 ], [ 94.7389537, 27.4292375 ], [ 94.7379599, 27.4302862 ], [ 94.738082, 27.4303873 ], [ 94.7379532, 27.4305004 ], [ 94.7371271, 27.4312848 ], [ 94.736073, 27.4323061 ], [ 94.734453, 27.4338738 ], [ 94.7333466, 27.4349498 ], [ 94.7320189, 27.436221 ], [ 94.7305959, 27.4376064 ], [ 94.7292884, 27.4388538 ], [ 94.7280103, 27.4401071 ], [ 94.7267228, 27.4413176 ], [ 94.725422, 27.4425887 ], [ 94.7240514, 27.4439134 ], [ 94.7228363, 27.4450774 ], [ 94.7226231, 27.4452845 ] ] } },
{ "type": "Feature", "properties": { "name": "", "type": "embankment" }, "geometry": { "type": "LineString", "coordinates": [ [ 94.7219351, 27.4453202 ], [ 94.7253656, 27.4419948 ], [ 94.7284073, 27.4390788 ], [ 94.7313121, 27.4362436 ], [ 94.7339916, 27.4336893 ], [ 94.7366416, 27.4311325 ], [ 94.739517, 27.4283733 ], [ 94.7417244, 27.4261688 ], [ 94.7434734, 27.4244852 ] ] } },
{ "type": "Feature", "properties": { "name": "Simaluguri Junction - Dibrugarh", "type": "rail" }, "geometry": { "type": "LineString", "coordinates": [ [ 94.8436148, 27.3908044 ], [ 94.8431221, 27.390534 ] ] } },
{ "type": "Feature", "properties": { "name": "old NH52B", "type": "trunk" }, "geometry": { "type": "LineString", "coordinates": [ [ 94.8296583, 27.3736038 ], [ 94.8269283, 27.3721026 ], [ 94.8236334, 27.3702292 ] ] } }
]
}
