{
"type": "FeatureCollection",
"name": "hotspots",
"crs": { "type": "name", "properties": { "name": "urn:ogc:def:crs:OGC:1.3:CRS84" } },
"features": [
{ "type": "Feature", "properties": { "rank": 1, "class": "Bank erosion (stable land to water)", "source": "change", "area_ha": 57.48, "mean_soil_loss_t_ha_yr": null, "max_retreat_m": 500.0, "retreat_m_per_yr": 83.3, "mean_probability": null, "model_agreement": null, "confidence": "High", "confidence_score": 0.99, "population": 2864.0, "built_ha": 0.74, "crop_ha": 106.74, "road_km": 10.79, "embankment_km": 2.08, "facilities": 0.0, "nearest_place": "Dibrugarh", "nearest_place_km": 4.7, "exposure_index": 0.711, "hazard_score": 4.028, "priority_score": 3.213, "lat": 27.461268, "lon": 94.862736 }, "geometry": { "type": "Polygon", "coordinates": [ [ [ 94.864930772617441, 27.465690428949717 ], [ 94.863913124632148, 27.465343048025375 ], [ 94.863907051517714, 27.464982120064231 ], [ 94.863094761270176, 27.464812487988805 ], [ 94.863088690958449, 27.464451559831744 ], [ 94.862684065238909, 27.464456973943207 ], [ 94.863085655845012, 27.46427109574573 ], [ 94.862871204473919, 27.463551946450639 ], [ 94.863275826845808, 27.463546531959334 ], [ 94.863266721027159, 27.463005139673754 ], [ 94.860216914174842, 27.462143396666075 ], [ 94.859800178467921, 27.461426944057244 ], [ 94.858785611948335, 27.461259987276332 ], [ 94.858776528950614, 27.460718593428673 ], [ 94.857550586989205, 27.460012933603167 ], [ 94.857541510506636, 27.459471539278411 ], [ 94.856931572790373, 27.459299169635813 ], [ 94.856306520068401, 27.458224472577538 ], [ 94.855699613205331, 27.458232562063362 ], [ 94.855690546451797, 27.45769116703093 ], [ 94.855083642296407, 27.457699253688698 ], [ 94.855077599908896, 27.457338323518211 ], [ 94.855684502090241, 27.45733023698439 ], [ 94.855678457841321, 27.456969306917905 ], [ 94.856686933896441, 27.456775358759629 ], [ 94.853649418608754, 27.45663532084366 ], [ 94.853235765102227, 27.456099310213176 ], [ 94.851605313167383, 27.455398977151876 ], [ 94.849748487762028, 27.453257585412146 ], [ 94.850775025483784, 27.454146475048063 ], [ 94.85260775036042, 27.45484412801391 ], [ 94.853429008924266, 27.455555221888702 ], [ 94.85505947342196, 27.45625553288713 ], [ 94.857493106884206, 27.456584102121983 ], [ 94.859123609661665, 27.45728436338776 ], [ 94.857909807919597, 27.457300563756334 ], [ 94.857918885361428, 27.457841958136452 ], [ 94.859543352387746, 27.458181284030598 ], [ 94.859549409533699, 27.458542213241355 ], [ 94.859954014382012, 27.458536809305937 ], [ 94.85976079888961, 27.459080905137064 ], [ 94.861584560437663, 27.459237039354456 ], [ 94.861590624502966, 27.459597968091074 ], [ 94.862197536808466, 27.459589852567305 ], [ 94.862203602961031, 27.459950781159598 ], [ 94.862810516986428, 27.459942662869153 ], [ 94.862816585226312, 27.460303591317068 ], [ 94.863828111327038, 27.460290054753784 ], [ 94.864438063442805, 27.460462393343196 ], [ 94.864444137117175, 27.460823321429196 ], [ 94.865253361097714, 27.460812483121675 ], [ 94.865464782681784, 27.461351164590926 ], [ 94.866476316814854, 27.461337608320971 ], [ 94.867089319467894, 27.461690398531765 ], [ 94.868300119686324, 27.461493652163803 ], [ 94.868508513678691, 27.461851864560668 ], [ 94.86891312854118, 27.461846434000588 ], [ 94.868919217147635, 27.462207361092283 ], [ 94.869930757098146, 27.462193779345807 ], [ 94.869936849108868, 27.462554706209403 ], [ 94.870540727706327, 27.462366090146396 ], [ 94.870344512912851, 27.462729734754905 ], [ 94.870755225369052, 27.463085225368683 ], [ 94.871184229870494, 27.464523494192925 ], [ 94.871588853867834, 27.464518055373979 ], [ 94.87159800093221, 27.465059444967363 ], [ 94.872204939677232, 27.465051284349062 ], [ 94.870997158141691, 27.465428529438491 ], [ 94.870178762787035, 27.464898012793803 ], [ 94.869571824177498, 27.464906164540235 ], [ 94.869363420477001, 27.464547954342994 ], [ 94.867539566402996, 27.464391927084026 ], [ 94.866531045742207, 27.464585956189051 ], [ 94.866340894962391, 27.465310523349729 ], [ 94.864930772617441, 27.465690428949717 ] ], [ [ 94.856493704604432, 27.457319450829459 ], [ 94.85669902897429, 27.457497218479268 ], [ 94.856696005162576, 27.457316753556835 ], [ 94.856493704604432, 27.457319450829459 ] ], [ [ 94.856696005162576, 27.457316753556835 ], [ 94.857909807919597, 27.457300563756334 ], [ 94.857903756432663, 27.456939634144661 ], [ 94.856689957623644, 27.456955823697015 ], [ 94.856696005162576, 27.457316753556835 ] ] ] } },
{ "type": "Feature", "properties": { "rank": 2, "class": "Vegetation loss", "source": "change", "area_ha": 89.72, "mean_soil_loss_t_ha_yr": null, "max_retreat_m": null, "retreat_m_per_yr": null, "mean_probability": null, "model_agreement": null, "confidence": "Not assessed", "confidence_score": null, "population": 1933.0, "built_ha": 9.2, "crop_ha": 145.23, "road_km": 14.01, "embankment_km": 0.0, "facilities": 0.0, "nearest_place": "Bhatiu", "nearest_place_km": 2.2, "exposure_index": 0.726, "hazard_score": 2.705, "priority_score": 2.186, "lat": 27.464174, "lon": 95.156215 }, "geometry": { "type": "Polygon", "coordinates": [ [ [ 95.155390509764445, 27.470159824637769 ], [ 95.15537295037899, 27.469257667050805 ], [ 95.154769605305432, 27.469447494533728 ], [ 95.154762583688594, 27.469086631329542 ], [ 95.15536592685379, 27.468896803980375 ], [ 95.151927084057959, 27.468950011575828 ], [ 95.152139888736215, 27.469488179814231 ], [ 95.151930590211833, 27.469130443521156 ], [ 95.15011352282194, 27.469339010278279 ], [ 95.149897225314191, 27.468620406152162 ], [ 95.149297374374413, 27.468990642501762 ], [ 95.149893722547858, 27.468439973952115 ], [ 95.149454134217265, 27.466641899319608 ], [ 95.152083787884834, 27.466601268624323 ], [ 95.151867484438512, 27.465882667726436 ], [ 95.152038212099143, 27.464255652323079 ], [ 95.151633658907002, 27.464261905804815 ], [ 95.151602115592539, 27.462638016661245 ], [ 95.152017178982504, 27.463173059893943 ], [ 95.15199965228328, 27.462270899396373 ], [ 95.151598610943054, 27.46245758450873 ], [ 95.151588097190498, 27.461916288020671 ], [ 95.152400692210151, 27.462084213201024 ], [ 95.152407704041991, 27.462445077329665 ], [ 95.153429592606329, 27.462970732548897 ], [ 95.153422577289959, 27.462609868690443 ], [ 95.152812250395513, 27.462438821979532 ], [ 95.152801730723681, 27.461897525922701 ], [ 95.153813091103089, 27.461881882771841 ], [ 95.153572235009278, 27.459900260443199 ], [ 95.1539872962761, 27.460435298036497 ], [ 95.153973263658031, 27.459713570301894 ], [ 95.153362952377663, 27.459542525071612 ], [ 95.15335243131446, 27.459001228986192 ], [ 95.152951403982982, 27.459187917267634 ], [ 95.153345417435673, 27.4586403649038 ], [ 95.153749949652109, 27.458634107626182 ], [ 95.153516119763836, 27.457013348004736 ], [ 95.153735919656313, 27.457912379592102 ], [ 95.155964341109907, 27.458058376395936 ], [ 95.155772608773233, 27.458602803635046 ], [ 95.154963545517077, 27.458615328752106 ], [ 95.154576558498633, 27.459523748998855 ], [ 95.155378607941458, 27.459150362176874 ], [ 95.155183361117878, 27.459514357001641 ], [ 95.15620172157459, 27.459859561164961 ], [ 95.156173628711727, 27.458416107603178 ], [ 95.156979177091955, 27.458223143918836 ], [ 95.158621903732438, 27.459461085807128 ], [ 95.159835504749182, 27.459442263964995 ], [ 95.160250593054457, 27.459977281261281 ], [ 95.161059663426997, 27.459964724862981 ], [ 95.161098381701052, 27.461949466578879 ], [ 95.161311214033617, 27.46248761949731 ], [ 95.161914508760205, 27.462297766299056 ], [ 95.161932116192148, 27.463199920888609 ], [ 95.161534611382862, 27.463567064784403 ], [ 95.161119502431887, 27.463032052709639 ], [ 95.161133583574937, 27.463753776694961 ], [ 95.161538132375554, 27.463747495724981 ], [ 95.161137103942679, 27.463934207678555 ], [ 95.161161747435088, 27.465197224421146 ], [ 95.161566301497771, 27.465190943066212 ], [ 95.161165268065176, 27.465377655363998 ], [ 95.161172309423733, 27.465738517234435 ], [ 95.16238949984016, 27.46590009999813 ], [ 95.161782665143804, 27.465909525400683 ], [ 95.161789708672572, 27.466270387096181 ], [ 95.161580386846069, 27.465912666614596 ], [ 95.161378108515535, 27.46591580753504 ], [ 95.161381629605714, 27.466096238433462 ], [ 95.161179350913471, 27.46609937908449 ], [ 95.161182871707553, 27.466279810001879 ], [ 95.160576034447345, 27.466289230266291 ], [ 95.160987633682296, 27.466643812251107 ], [ 95.161388671884453, 27.466457100215031 ], [ 95.16119695521175, 27.4670015336205 ], [ 95.161995509737821, 27.466447676356715 ], [ 95.161399235548572, 27.46699839284917 ], [ 95.161416842311397, 27.467900547137557 ], [ 95.160802955438697, 27.467549107087532 ], [ 95.160203149930751, 27.46791938808488 ], [ 95.160192591695449, 27.467378095094158 ], [ 95.161001716133185, 27.467365535925214 ], [ 95.160991154245821, 27.466824243177275 ], [ 95.160583074160385, 27.466650092230129 ], [ 95.160387833536589, 27.46701409377097 ], [ 95.159983272502288, 27.467020372085297 ], [ 95.159976234631628, 27.466659509997559 ], [ 95.159571674781901, 27.466665787041773 ], [ 95.159780991935961, 27.467023510802232 ], [ 95.159379948702735, 27.467210218464007 ], [ 95.159390502892521, 27.467751511758525 ], [ 95.15979154800101, 27.467564803967786 ], [ 95.159394021021313, 27.467931942846509 ], [ 95.159610377456502, 27.468650528801206 ], [ 95.159003526581287, 27.468659942959651 ], [ 95.158996491410079, 27.468299080723181 ], [ 95.158591925311896, 27.468305355265159 ], [ 95.158577857994217, 27.467583630538854 ], [ 95.157967496787819, 27.467412608595854 ], [ 95.158166262249949, 27.467229041224783 ], [ 95.157953434072382, 27.466690883479394 ], [ 95.15796046536461, 27.467051746047801 ], [ 95.157154855971953, 27.467244718787828 ], [ 95.157161884829193, 27.467605581517837 ], [ 95.15675732077311, 27.467611850584674 ], [ 95.156562065710517, 27.467975847531548 ], [ 95.156359782942758, 27.467978981379243 ], [ 95.15634924345683, 27.467437687019036 ], [ 95.156146961643174, 27.467440820501217 ], [ 95.156157500142285, 27.467982114933434 ], [ 95.155752934443171, 27.467988381161319 ], [ 95.156161013040759, 27.468162546400656 ], [ 95.156168038935888, 27.468523409319832 ], [ 95.155554163456188, 27.468171945374237 ], [ 95.155564699387398, 27.468713239961353 ], [ 95.1561750649619, 27.468884272218627 ], [ 95.155568211429895, 27.468893671480206 ], [ 95.155390509764445, 27.470159824637769 ] ], [ [ 95.158574341246677, 27.467403199344549 ], [ 95.158780139743925, 27.467580493510738 ], [ 95.15877662266746, 27.467400062340463 ], [ 95.158574341246677, 27.467403199344549 ] ], [ [ 95.155941167358122, 27.467263522178321 ], [ 95.156146961643174, 27.467440820501217 ], [ 95.156143448875582, 27.467260389013632 ], [ 95.155941167358122, 27.467263522178321 ] ], [ [ 95.156551525237759, 27.467434553243365 ], [ 95.156952574618131, 27.46724785341997 ], [ 95.156739752164768, 27.466709693481352 ], [ 95.156335191267047, 27.466715961134145 ], [ 95.156551525237759, 27.467434553243365 ] ], [ [ 95.158166262249949, 27.467229041224783 ], [ 95.158372059793152, 27.467406336055141 ], [ 95.158368543407306, 27.467225904831711 ], [ 95.158166262249949, 27.467229041224783 ] ], [ [ 95.159174150040371, 27.467032925192125 ], [ 95.159379948702735, 27.467210218464007 ], [ 95.159376430705009, 27.467029787355646 ], [ 95.159174150040371, 27.467032925192125 ] ], [ [ 95.155927117930631, 27.466541796081046 ], [ 95.156136423438539, 27.466899526023177 ], [ 95.156331678301413, 27.466535529650194 ], [ 95.155927117930631, 27.466541796081046 ] ], [ [ 95.160973551756086, 27.46592208849551 ], [ 95.161179350913471, 27.46609937908449 ], [ 95.161175830152217, 27.465918948162006 ], [ 95.160973551756086, 27.46592208849551 ] ], [ [ 95.15227204348551, 27.465876413226574 ], [ 95.152477829545475, 27.466053717496415 ], [ 95.152474322960003, 27.465873285536432 ], [ 95.15227204348551, 27.465876413226574 ] ], [ [ 95.152062752221042, 27.465518676592161 ], [ 95.15227204348551, 27.465876413226574 ], [ 95.152265031070385, 27.465515549243406 ], [ 95.152062752221042, 27.465518676592161 ] ], [ [ 95.152034706498071, 27.464075220264281 ], [ 95.152240488646243, 27.464252525142022 ], [ 95.152236982716275, 27.464072093107184 ], [ 95.152034706498071, 27.464075220264281 ] ], [ [ 95.154245706553482, 27.463319078164837 ], [ 95.154667804663106, 27.464214976079912 ], [ 95.154650255607422, 27.463312817293101 ], [ 95.154245706553482, 27.463319078164837 ] ], [ [ 95.155675673426643, 27.464018886538337 ], [ 95.156268450515185, 27.463287762068472 ], [ 95.155651093696108, 27.462755865005203 ], [ 95.155835809410576, 27.461850574463263 ], [ 95.154217635026114, 27.461875623457523 ], [ 95.154412888725957, 27.461511629680455 ], [ 95.153997821082797, 27.460976593784004 ], [ 95.154242197498164, 27.463138646344238 ], [ 95.154625688302602, 27.462049794777769 ], [ 95.154636216951374, 27.462591090172019 ], [ 95.155445309405167, 27.462578565291068 ], [ 95.155455842294458, 27.463119860351647 ], [ 95.155260589675464, 27.463483855480256 ], [ 95.154852530085364, 27.46330968641707 ], [ 95.15486306040728, 27.463850981632465 ], [ 95.155466375478085, 27.463661155366403 ], [ 95.155675673426643, 27.464018886538337 ] ], [ [ 95.153841157368788, 27.463325337862802 ], [ 95.154245706553482, 27.463319078164837 ], [ 95.154242197498164, 27.463138646344238 ], [ 95.153834140606278, 27.462964474120596 ], [ 95.153841157368788, 27.463325337862802 ] ], [ [ 95.161318255000523, 27.462848481482595 ], [ 95.161524048601621, 27.463025771932134 ], [ 95.161520527740123, 27.462845340971182 ], [ 95.161318255000523, 27.462848481482595 ] ], [ [ 95.152411210006889, 27.462625509386353 ], [ 95.152620496214325, 27.462983245884224 ], [ 95.152613483528825, 27.462622381834041 ], [ 95.152411210006889, 27.462625509386353 ] ], [ [ 95.15501970229424, 27.461502237771924 ], [ 95.155832297986038, 27.461670142793846 ], [ 95.15582527523506, 27.46130927943976 ], [ 95.156233328547913, 27.461483446032553 ], [ 95.156226304547062, 27.461122582764276 ], [ 95.155821763908648, 27.461128847755077 ], [ 95.155797185539612, 27.459865825819772 ], [ 95.155190381241837, 27.459875220601504 ], [ 95.155601939043052, 27.460229821190612 ], [ 95.154792863819353, 27.460242345997777 ], [ 95.15501970229424, 27.461502237771924 ] ], [ [ 95.154587085774381, 27.460065044606893 ], [ 95.154792863819353, 27.460242345997777 ], [ 95.154789354333246, 27.460061914162594 ], [ 95.154587085774381, 27.460065044606893 ] ], [ [ 95.154785844879825, 27.459881482322327 ], [ 95.154991622859399, 27.460058783424902 ], [ 95.154988113077181, 27.459878351608612 ], [ 95.154785844879825, 27.459881482322327 ] ], [ [ 95.153565220146177, 27.459539396459643 ], [ 95.153962739537604, 27.459172274447504 ], [ 95.153753457232725, 27.458814539621983 ], [ 95.153551190812067, 27.458817668431454 ], [ 95.153565220146177, 27.459539396459643 ] ], [ [ 95.154157989976042, 27.458808281122877 ], [ 95.154363764898349, 27.45898558335201 ], [ 95.154360256298673, 27.458805151433243 ], [ 95.154157989976042, 27.458808281122877 ] ], [ [ 95.154360256298673, 27.458805151433243 ], [ 95.154764788845867, 27.458798891173814 ], [ 95.154956526508457, 27.458254465033004 ], [ 95.154353239197363, 27.45844428758042 ], [ 95.154360256298673, 27.458805151433243 ] ] ] } },
{ "type": "Feature", "properties": { "rank": 3, "class": "Bank erosion (stable land to water)", "source": "change", "area_ha": 63.2, "mean_soil_loss_t_ha_yr": null, "max_retreat_m": 820.0, "retreat_m_per_yr": 136.6, "mean_probability": null, "model_agreement": null, "confidence": "High", "confidence_score": 0.988, "population": 513.0, "built_ha": 1.02, "crop_ha": 232.89, "road_km": 0.94, "embankment_km": 0.0, "facilities": 0.0, "nearest_place": "Nakapur", "nearest_place_km": 1.3, "exposure_index": 0.286, "hazard_score": 4.112, "priority_score": 2.057, "lat": 27.560385, "lon": 95.190009 }, "geometry": { "type": "Polygon", "coordinates": [ [ [ 95.188818584668596, 27.564211011241866 ], [ 95.189010296253059, 27.563666544898275 ], [ 95.191024077208354, 27.563093342747763 ], [ 95.191617093393901, 27.562362059882979 ], [ 95.191009740931065, 27.562371643431458 ], [ 95.188967327484022, 27.561501443960157 ], [ 95.188157529010908, 27.561514205625834 ], [ 95.188768458132742, 27.561685059949248 ], [ 95.18857316807356, 27.562049100832194 ], [ 95.187557336307691, 27.561884624330151 ], [ 95.18734773000503, 27.561526962577204 ], [ 95.185713829690755, 27.560830760300949 ], [ 95.1826164067284, 27.557811279292963 ], [ 95.181188598741713, 27.55729226315545 ], [ 95.179569054609686, 27.557317687535672 ], [ 95.179561925613214, 27.556956834823492 ], [ 95.18016925292892, 27.5569473030361 ], [ 95.180154991368781, 27.556225597841799 ], [ 95.181774518843753, 27.556200167557499 ], [ 95.18176738297602, 27.555839315318416 ], [ 95.184807554225088, 27.555972009206897 ], [ 95.185436317880985, 27.557045008804572 ], [ 95.186249660457065, 27.557212690446658 ], [ 95.186256811395324, 27.557573541533376 ], [ 95.187272601720693, 27.557738030067398 ], [ 95.187279756163008, 27.558098880879808 ], [ 95.189307770463671, 27.558247409448853 ], [ 95.189716238739734, 27.558421451648563 ], [ 95.189723401379283, 27.558782301834913 ], [ 95.190533178957395, 27.558769532204625 ], [ 95.190543927132168, 27.559310807152983 ], [ 95.192167074054694, 27.559465677942573 ], [ 95.192174245025413, 27.559826527481722 ], [ 95.192781583007047, 27.559816939655395 ], [ 95.19299837656358, 27.560535441750112 ], [ 95.194014200951486, 27.560699878706874 ], [ 95.194021378338064, 27.561060727734592 ], [ 95.198478823520219, 27.561170717298477 ], [ 95.198486015648996, 27.561531565218917 ], [ 95.200506897721482, 27.561319077991996 ], [ 95.201931233869331, 27.561657463249638 ], [ 95.200922593192089, 27.561853932777939 ], [ 95.200524894986629, 27.562221196503891 ], [ 95.199509050198216, 27.562056808619502 ], [ 95.199519843901058, 27.56259808004819 ], [ 95.198312334528282, 27.562978161622713 ], [ 95.198319526665117, 27.563339009489731 ], [ 95.196088964023048, 27.563193820576213 ], [ 95.196099741471315, 27.563735093161494 ], [ 95.193471442052555, 27.563957114035148 ], [ 95.191244452134256, 27.56399227233679 ], [ 95.191443320982856, 27.563808652853925 ], [ 95.191233698384522, 27.563450998007241 ], [ 95.190839544442767, 27.563998660924529 ], [ 95.188818584668596, 27.564211011241866 ] ], [ [ 95.187951500447667, 27.561336970072304 ], [ 95.188157529010908, 27.561514205625834 ], [ 95.188153949818698, 27.561333780416874 ], [ 95.187951500447667, 27.561336970072304 ] ] ] } },
{ "type": "Feature", "properties": { "rank": 4, "class": "Bank erosion (stable land to water)", "source": "change", "area_ha": 13.2, "mean_soil_loss_t_ha_yr": null, "max_retreat_m": 243.0, "retreat_m_per_yr": 40.5, "mean_probability": null, "model_agreement": null, "confidence": "High", "confidence_score": 0.981, "population": 3217.0, "built_ha": 0.6, "crop_ha": 125.22, "road_km": 6.85, "embankment_km": 0.77, "facilities": 0.0, "nearest_place": "Lengeri Gaon", "nearest_place_km": 6.1, "exposure_index": 0.686, "hazard_score": 2.603, "priority_score": 2.031, "lat": 27.330821, "lon": 95.03316 }, "geometry": { "type": "Polygon", "coordinates": [ [ [ 95.037812417128677, 27.337281488118162 ], [ 95.037600452815155, 27.336743090770604 ], [ 95.03719633395454, 27.336748986567116 ], [ 95.036576957134898, 27.336036033213169 ], [ 95.03556006982285, 27.3356898650772 ], [ 95.035146062915743, 27.335154408060397 ], [ 95.03474194919886, 27.335160296442869 ], [ 95.032082286883025, 27.333394049737571 ], [ 95.032075703220045, 27.333033151131541 ], [ 95.03084035433308, 27.33178763864742 ], [ 95.030406652239336, 27.330169467991634 ], [ 95.030771278970278, 27.32799819848432 ], [ 95.031172078097327, 27.32781187346027 ], [ 95.0319539276162, 27.32635652329212 ], [ 95.033345165916145, 27.32507279768928 ], [ 95.033947988411242, 27.324883524426046 ], [ 95.034156614839461, 27.325241481107081 ], [ 95.034345476453097, 27.324516741837872 ], [ 95.03575314614568, 27.324135240541263 ], [ 95.036968664723247, 27.324298018656044 ], [ 95.034951589247754, 27.324507913706963 ], [ 95.034958179822254, 27.32486881210728 ], [ 95.034361948220678, 27.325418988140324 ], [ 95.033957869604279, 27.325424872328149 ], [ 95.032964133629235, 27.32634182465933 ], [ 95.032970718285853, 27.326702723411429 ], [ 95.031973672155075, 27.327439220166106 ], [ 95.031002928368039, 27.329619306741492 ], [ 95.031436636309905, 27.331237475307514 ], [ 95.032267880327794, 27.332488863273547 ], [ 95.034927522734421, 27.334255107679205 ], [ 95.03573904129955, 27.334423777894735 ], [ 95.036159645390171, 27.335320130788276 ], [ 95.036563759329795, 27.335314238273554 ], [ 95.036779015365738, 27.336033086427317 ], [ 95.037183131735034, 27.336027191979809 ], [ 95.037193033353461, 27.336568537927832 ], [ 95.037597151560448, 27.336562642176641 ], [ 95.038007873491694, 27.336917642349928 ], [ 95.037812417128677, 27.337281488118162 ] ] ] } },
{ "type": "Feature", "properties": { "rank": 5, "class": "Vegetation loss", "source": "change", "area_ha": 516.24, "mean_soil_loss_t_ha_yr": null, "max_retreat_m": null, "retreat_m_per_yr": null, "mean_probability": null, "model_agreement": null, "confidence": "Medium", "confidence_score": 0.768, "population": 7153.0, "built_ha": 2.42, "crop_ha": 291.33, "road_km": 0.32, "embankment_km": 0.15, "facilities": 0.0, "nearest_place": "Dibrugarh", "nearest_place_km": 2.0, "exposure_index": 0.562, "hazard_score": 2.879, "priority_score": 1.997, "lat": 27.502179, "lon": 94.905654 }, "geometry": { "type": "Polygon", "coordinates": [ [ [ 94.927584691688125, 27.519348092448308 ], [ 94.925731595968969, 27.517568774842125 ], [ 94.922262501192762, 27.515992279798397 ], [ 94.9212316804404, 27.514923526605116 ], [ 94.92021341892243, 27.514576591899271 ], [ 94.920001617745996, 27.514038016219832 ], [ 94.919599957843786, 27.51422406181867 ], [ 94.919590556606522, 27.513682691122739 ], [ 94.919388160384031, 27.513685484991242 ], [ 94.919391293770701, 27.513865941916283 ], [ 94.918986500578356, 27.513871528813368 ], [ 94.919179498106388, 27.513327364657652 ], [ 94.917747075138948, 27.512444625534844 ], [ 94.91592239896444, 27.512289277253682 ], [ 94.914116474116526, 27.513216649828749 ], [ 94.913506162268519, 27.513044548963268 ], [ 94.912702823782396, 27.513416602317545 ], [ 94.912509793650571, 27.513960759106673 ], [ 94.91250354934084, 27.513599843800389 ], [ 94.911896358518206, 27.513608193565513 ], [ 94.911497805501668, 27.513974674123709 ], [ 94.908869749175977, 27.514191276771477 ], [ 94.909065914420879, 27.51382758214039 ], [ 94.908256323305068, 27.513838694649579 ], [ 94.907633558842591, 27.512944735060607 ], [ 94.904989965846994, 27.512258971447917 ], [ 94.903168406692075, 27.512283913293224 ], [ 94.903165299988586, 27.512103454614959 ], [ 94.9066091275715, 27.512236780912133 ], [ 94.906805297402329, 27.511873089173545 ], [ 94.907210086166202, 27.511867538093995 ], [ 94.907200746522676, 27.511326163287414 ], [ 94.906391172837701, 27.511337264014802 ], [ 94.90577777060399, 27.510984669611165 ], [ 94.902340192223704, 27.51121223825486 ], [ 94.901941613897506, 27.511578692698681 ], [ 94.900717938902048, 27.511053919383176 ], [ 94.90071173384608, 27.510693001443123 ], [ 94.901119622901064, 27.510867927242867 ], [ 94.901720594199546, 27.510498707538879 ], [ 94.899488074078249, 27.510168216445102 ], [ 94.899086389501676, 27.510354203898281 ], [ 94.898877798059047, 27.509996049265311 ], [ 94.902520847762702, 27.509946257911242 ], [ 94.902505321362469, 27.509043963826517 ], [ 94.903317986636196, 27.509213345302964 ], [ 94.903507949264466, 27.508488740315954 ], [ 94.903100065897064, 27.508313821214916 ], [ 94.90309385379166, 27.507952903633083 ], [ 94.902486690636294, 27.507961210759628 ], [ 94.901867111272736, 27.50724767950641 ], [ 94.901462338156421, 27.507253214185528 ], [ 94.899815340025881, 27.505651208539831 ], [ 94.899008903461947, 27.505842723475581 ], [ 94.899201989640545, 27.505298582184714 ], [ 94.898594839680058, 27.505306871592129 ], [ 94.898186975234779, 27.505131937011502 ], [ 94.89818077999989, 27.504771018233342 ], [ 94.896757911768262, 27.504429426233617 ], [ 94.89654934005199, 27.504071266872018 ], [ 94.89614457730768, 27.5040767854946 ], [ 94.896138389014197, 27.503715866233783 ], [ 94.895736720946502, 27.503901843270569 ], [ 94.89593291448459, 27.503538165402631 ], [ 94.894914827758598, 27.503191035480572 ], [ 94.894503885121708, 27.502835629537625 ], [ 94.894494611243587, 27.502294250027184 ], [ 94.894292232895381, 27.50229700633335 ], [ 94.894092945122821, 27.502480222229433 ], [ 94.893678917874453, 27.501944353619862 ], [ 94.893274162238001, 27.501949863500965 ], [ 94.89286014095363, 27.501413992114024 ], [ 94.891842082436639, 27.501066838116166 ], [ 94.891428071402444, 27.500530961883637 ], [ 94.890618569300642, 27.500541966855337 ], [ 94.890406940730202, 27.50000333639289 ], [ 94.889189610189547, 27.499839372425114 ], [ 94.889177281321665, 27.499117530536385 ], [ 94.888766372028698, 27.498762105745531 ], [ 94.887956881621875, 27.498773094583893 ], [ 94.887950721431125, 27.498412173337112 ], [ 94.887346684394899, 27.498600872441102 ], [ 94.887340526239598, 27.498239951058185 ], [ 94.886935782670093, 27.498245441822579 ], [ 94.886724176791489, 27.497706804462659 ], [ 94.886117064103303, 27.497715037332618 ], [ 94.885908539896661, 27.497356859307423 ], [ 94.884688168348077, 27.49701239309282 ], [ 94.883657881914118, 27.495943331203872 ], [ 94.883253145884623, 27.495948810836978 ], [ 94.883240857779597, 27.495226966071414 ], [ 94.882621473784582, 27.494513337967057 ], [ 94.883228570132303, 27.494505121225885 ], [ 94.883237785824861, 27.495046504867531 ], [ 94.883636373415897, 27.494680103105331 ], [ 94.883642518558034, 27.495041025444191 ], [ 94.884050324449973, 27.495216005964767 ], [ 94.884445835901843, 27.49466914089836 ], [ 94.884853641507547, 27.494844119076845 ], [ 94.885660028771937, 27.494652688767662 ], [ 94.884240396806305, 27.494491420777127 ], [ 94.883624083474999, 27.493958258367627 ], [ 94.883020061718895, 27.494146937938918 ], [ 94.883216282942755, 27.49378327630038 ], [ 94.881778248296484, 27.492539214153961 ], [ 94.881772109887947, 27.492178291297741 ], [ 94.880334112554849, 27.49093421208423 ], [ 94.880327979274554, 27.490573288844772 ], [ 94.879926328072827, 27.490759219476786 ], [ 94.879941658334957, 27.491661527722353 ], [ 94.878506751117072, 27.490597889940638 ], [ 94.877467399871705, 27.488987389466107 ], [ 94.877445968381934, 27.487724155605267 ], [ 94.877841489216962, 27.487177308471722 ], [ 94.878255382884845, 27.487713231942148 ], [ 94.878862443462523, 27.487705036108594 ], [ 94.87927327944297, 27.488060494358621 ], [ 94.879469503783355, 27.48769683762972 ], [ 94.877623827994213, 27.486277729156967 ], [ 94.876992290486982, 27.484842222403245 ], [ 94.875965254250389, 27.483953554576217 ], [ 94.877381682295635, 27.483934452554138 ], [ 94.87820331839346, 27.484645378683091 ], [ 94.879251828192764, 27.486797261640795 ], [ 94.880064300775189, 27.486966789563137 ], [ 94.880288115737258, 27.488227287301147 ], [ 94.880692824223715, 27.488221817701906 ], [ 94.880263586728617, 27.48678359362383 ], [ 94.880864507563984, 27.486414465943071 ], [ 94.88045980572457, 27.486419935711289 ], [ 94.879224250068901, 27.485173104929597 ], [ 94.878819552385281, 27.485178569702335 ], [ 94.878810362167769, 27.484637183916465 ], [ 94.878399540995545, 27.484281723422196 ], [ 94.878390353182652, 27.483740337435872 ], [ 94.878798108943883, 27.483915336132032 ], [ 94.878791982503131, 27.483554412209841 ], [ 94.881431679412273, 27.484060257682685 ], [ 94.88265496677171, 27.484585222305771 ], [ 94.886303365406931, 27.484896819964455 ], [ 94.889964105214673, 27.485930163879868 ], [ 94.890571151916475, 27.485921917472592 ], [ 94.890966599624917, 27.485375036465662 ], [ 94.89137129519095, 27.48536953634212 ], [ 94.891990678236795, 27.486083126098176 ], [ 94.892392290471122, 27.485897162380443 ], [ 94.892603897170645, 27.486435791727168 ], [ 94.893008596230487, 27.486430286648488 ], [ 94.892796987611646, 27.485891658016023 ], [ 94.893201684637191, 27.485886152476031 ], [ 94.893207858661825, 27.486247073275873 ], [ 94.89402343177899, 27.48659697911161 ], [ 94.89443739845089, 27.487132850628782 ], [ 94.894842099628846, 27.487127340091124 ], [ 94.894636659577444, 27.486949635282127 ], [ 94.894835920045011, 27.486766419678762 ], [ 94.895249891185742, 27.487302288534302 ], [ 94.895654592792411, 27.487296775603163 ], [ 94.896099490460159, 27.489637241977626 ], [ 94.897770945935207, 27.492682988077995 ], [ 94.897363130479519, 27.492508048359984 ], [ 94.894131543975504, 27.492913086568461 ], [ 94.893129000970305, 27.493468238874645 ], [ 94.894950260981048, 27.493443444069094 ], [ 94.895367351290517, 27.4941597707741 ], [ 94.894355534157071, 27.494173551967869 ], [ 94.894766442381538, 27.49452896041679 ], [ 94.895974441225135, 27.494151498529906 ], [ 94.898608258169062, 27.494296081186373 ], [ 94.898819913210929, 27.494834698117273 ], [ 94.898225206090601, 27.495564821515512 ], [ 94.898234495562733, 27.496106200377419 ], [ 94.898626840117075, 27.49537883882158 ], [ 94.899227739514288, 27.495009632956744 ], [ 94.899221543553963, 27.494648713871904 ], [ 94.900245760801198, 27.495356734808098 ], [ 94.901083130919616, 27.496969809575091 ], [ 94.901335128389093, 27.499854391575052 ], [ 94.900958296197473, 27.501484056235618 ], [ 94.900998620550425, 27.503830025256317 ], [ 94.900590758347903, 27.503655097609933 ], [ 94.899983617897462, 27.503663392622634 ], [ 94.899986718295267, 27.50384385185388 ], [ 94.900391479283968, 27.503838322097188 ], [ 94.901213410709175, 27.504549095421346 ], [ 94.902673551924494, 27.507056147757488 ], [ 94.903701016686753, 27.507944593859087 ], [ 94.906145220880617, 27.508813620614504 ], [ 94.905544274390934, 27.50918285831942 ], [ 94.907160277748616, 27.508980205271364 ], [ 94.908583230827986, 27.509321685980918 ], [ 94.912023848674522, 27.509274424343726 ], [ 94.912030090269681, 27.509635339975688 ], [ 94.912845893179195, 27.509985122506265 ], [ 94.911226770318038, 27.510007383962055 ], [ 94.911239248811711, 27.510729215466473 ], [ 94.913269411310608, 27.511062300149092 ], [ 94.916501425611131, 27.510656794679729 ], [ 94.91568873430586, 27.510487491883858 ], [ 94.915682480545101, 27.510126577069418 ], [ 94.917102340154187, 27.510287511132287 ], [ 94.917500861035862, 27.509921015945331 ], [ 94.917918162156781, 27.510637262796777 ], [ 94.918942645056902, 27.511345130808145 ], [ 94.918724593383971, 27.510445638169305 ], [ 94.91912310912295, 27.51007913858458 ], [ 94.917896248901073, 27.509374062537546 ], [ 94.915464458123424, 27.509227077690408 ], [ 94.914053985795732, 27.509607498873013 ], [ 94.911815218802502, 27.508916291098839 ], [ 94.911413561664574, 27.509102312922931 ], [ 94.911407322222786, 27.50874139713315 ], [ 94.91282091647598, 27.508541460619966 ], [ 94.915025299860375, 27.507247619480182 ], [ 94.916840506776722, 27.506861611855896 ], [ 94.917640654008324, 27.506309080095964 ], [ 94.919054202087239, 27.506109082289942 ], [ 94.921729079308477, 27.508599150402034 ], [ 94.923360728418487, 27.509298594286687 ], [ 94.924578195570902, 27.509462250930405 ], [ 94.924786866718932, 27.509820362824804 ], [ 94.927408477289404, 27.50924255362008 ], [ 94.929033870625361, 27.509581016435241 ], [ 94.930472639759316, 27.510824548516929 ], [ 94.930276551617766, 27.511188269630772 ], [ 94.92946384043637, 27.511019048672789 ], [ 94.929675680070417, 27.511557608085102 ], [ 94.931497198930842, 27.511532319758803 ], [ 94.931895673628958, 27.511165785578854 ], [ 94.93290762393184, 27.511151723485391 ], [ 94.934134591853478, 27.511856660929354 ], [ 94.936560122165247, 27.511642404532612 ], [ 94.937578399631576, 27.511989218363432 ], [ 94.940007089030487, 27.511955356842694 ], [ 94.940822987490904, 27.512304969622686 ], [ 94.941442837656624, 27.513018312378843 ], [ 94.941446006943892, 27.513198766970199 ], [ 94.941243614220042, 27.513201592592324 ], [ 94.941246783206907, 27.513382047200285 ], [ 94.942258748180464, 27.513367916039464 ], [ 94.942265089541664, 27.513728825024039 ], [ 94.942666705288886, 27.513542715967215 ], [ 94.942673048028695, 27.513903624855207 ], [ 94.944112020951124, 27.5151470041891 ], [ 94.944741433742152, 27.516401692557128 ], [ 94.944134239084107, 27.516410183832186 ], [ 94.944127890898358, 27.516049275387839 ], [ 94.943517524895242, 27.515877309590135 ], [ 94.943533390484404, 27.516779581013225 ], [ 94.944140587388077, 27.516771092256448 ], [ 94.94435250996429, 27.517309624616122 ], [ 94.944959709482887, 27.517301132133429 ], [ 94.94475413442764, 27.517123509125668 ], [ 94.944950182845901, 27.516759769794614 ], [ 94.94515575748251, 27.516937392539834 ], [ 94.944962885087676, 27.517481586236322 ], [ 94.945370861573124, 27.517656377121138 ], [ 94.945389919959794, 27.518739101342899 ], [ 94.943767526175478, 27.518581293974961 ], [ 94.94254042483729, 27.517876449247527 ], [ 94.940317178619765, 27.51808799186102 ], [ 94.939096435104361, 27.517744024654057 ], [ 94.936648645055371, 27.516695146831221 ], [ 94.934412771930056, 27.516184773558951 ], [ 94.932569093494223, 27.514946915664463 ], [ 94.931759505364667, 27.514958165381891 ], [ 94.929722931492179, 27.514264445862487 ], [ 94.929514235501586, 27.513906342846532 ], [ 94.928290418659117, 27.513381820456306 ], [ 94.927664353978329, 27.512307502654217 ], [ 94.927259568461452, 27.512313113334095 ], [ 94.928508554574933, 27.514281293441936 ], [ 94.930152932298796, 27.515702473658035 ], [ 94.930557729531415, 27.515696853923494 ], [ 94.931585490060755, 27.516585077277842 ], [ 94.931591797450793, 27.516945988378694 ], [ 94.932401400215326, 27.516934738891326 ], [ 94.930178142911913, 27.517146119346137 ], [ 94.928973183196803, 27.51770433995673 ], [ 94.927584691688125, 27.519348092448308 ] ], [ [ 94.943716748883844, 27.515694026129005 ], [ 94.943922319561182, 27.515871650929704 ], [ 94.943919145872101, 27.515691196673323 ], [ 94.943716748883844, 27.515694026129005 ] ], [ [ 94.939235514093895, 27.51413210670249 ], [ 94.94003875836853, 27.513759904344695 ], [ 94.940032424265041, 27.513398994884451 ], [ 94.941044390123679, 27.513384872549835 ], [ 94.940228482850415, 27.513035261568834 ], [ 94.940623764177687, 27.512488248952032 ], [ 94.939811031381311, 27.512319089837906 ], [ 94.940022923330929, 27.512857630656445 ], [ 94.939618138760395, 27.512863277401191 ], [ 94.939422078378158, 27.513227009952264 ], [ 94.939823697679074, 27.513040908945214 ], [ 94.940029257257521, 27.513218540146799 ], [ 94.939023623056769, 27.513593564704525 ], [ 94.939235514093895, 27.51413210670249 ] ], [ [ 94.930323817004549, 27.513895106591271 ], [ 94.93052936389735, 27.514072752527639 ], [ 94.930526212306958, 27.513892296791905 ], [ 94.930323817004549, 27.513895106591271 ] ], [ [ 94.929511085590065, 27.513725886998291 ], [ 94.930323817004549, 27.513895106591271 ], [ 94.92990327374838, 27.512998446230927 ], [ 94.928881858512952, 27.512471119506586 ], [ 94.928891304750621, 27.513012487334979 ], [ 94.929501636031475, 27.513184519423483 ], [ 94.929511085590065, 27.513725886998291 ] ], [ [ 94.922832031191632, 27.51381840577362 ], [ 94.923844011179298, 27.513804408372867 ], [ 94.924040125169029, 27.513440695139597 ], [ 94.922623357805065, 27.51346029120073 ], [ 94.922832031191632, 27.51381840577362 ] ], [ [ 94.919182631104789, 27.513507821614091 ], [ 94.919388160384031, 27.513685484991242 ], [ 94.91938502702655, 27.513505028061193 ], [ 94.919182631104789, 27.513507821614091 ] ], [ [ 94.941038052839218, 27.513023963285658 ], [ 94.941243614220042, 27.513201592592324 ], [ 94.941240445262679, 27.513021137979354 ], [ 94.941038052839218, 27.513023963285658 ] ], [ [ 94.940626932056901, 27.512668703644927 ], [ 94.94083249211819, 27.512846333636521 ], [ 94.940829323879598, 27.51266587897026 ], [ 94.940626932056901, 27.512668703644927 ] ], [ [ 94.920580590535621, 27.512405519649455 ], [ 94.920982242190178, 27.512219471593038 ], [ 94.920975970692965, 27.511858557989925 ], [ 94.920163265255624, 27.511689282186509 ], [ 94.920356253762137, 27.511145116726553 ], [ 94.922171500728737, 27.510759037367965 ], [ 94.923392122567464, 27.511103160234377 ], [ 94.923784343928872, 27.510375734886683 ], [ 94.920147593766913, 27.51078699763811 ], [ 94.919755346517903, 27.511514413981722 ], [ 94.919148169726668, 27.511522794817552 ], [ 94.919562354470273, 27.512058578764254 ], [ 94.92016953405539, 27.512050195970783 ], [ 94.920580590535621, 27.512405519649455 ] ], [ [ 94.926854782827419, 27.512318722837165 ], [ 94.927256422442568, 27.512132657204443 ], [ 94.926437418454526, 27.511602506271334 ], [ 94.924410359854093, 27.51145007294258 ], [ 94.925229353709298, 27.51198023638791 ], [ 94.926238171136163, 27.511785766159331 ], [ 94.926854782827419, 27.512318722837165 ] ], [ [ 94.928473924660466, 27.512296277764047 ], [ 94.929681979878723, 27.511918519853964 ], [ 94.927851011943162, 27.511402416496619 ], [ 94.927636034925172, 27.510683397693242 ], [ 94.927234401130548, 27.510869464156457 ], [ 94.927224963864731, 27.510328095632097 ], [ 94.926620940991825, 27.510516964981313 ], [ 94.9268170404508, 27.510153248435209 ], [ 94.925805095645316, 27.510167265756973 ], [ 94.925811382450064, 27.51052817842201 ], [ 94.926418551400289, 27.510519768782761 ], [ 94.926016915905535, 27.51070583180665 ], [ 94.926023203545611, 27.511066744398683 ], [ 94.927038301964416, 27.511233181250802 ], [ 94.928473924660466, 27.512296277764047 ] ], [ [ 94.918942645056902, 27.511345130808145 ], [ 94.919148169726668, 27.511522794817552 ], [ 94.91914503704912, 27.511342337805974 ], [ 94.918942645056902, 27.511345130808145 ] ], [ [ 94.923600793427724, 27.511461273867905 ], [ 94.924005576699386, 27.51145567399363 ], [ 94.924002436104885, 27.511275217495729 ], [ 94.923392122567464, 27.511103160234377 ], [ 94.923600793427724, 27.511461273867905 ] ], [ [ 94.907197633366152, 27.511145705008534 ], [ 94.907403139871462, 27.511323387370059 ], [ 94.907400026385048, 27.511142929112427 ], [ 94.907197633366152, 27.511145705008534 ] ], [ [ 94.907396912927638, 27.510962470849787 ], [ 94.907602419374967, 27.51114015292212 ], [ 94.907599305587667, 27.510959694680729 ], [ 94.907396912927638, 27.510962470849787 ] ], [ [ 94.902941160906963, 27.51084301340244 ], [ 94.903349053643325, 27.51101793244937 ], [ 94.903342840010481, 27.510657015060143 ], [ 94.90314044740208, 27.510659785008631 ], [ 94.903143553874159, 27.51084024372695 ], [ 94.902941160906963, 27.51084301340244 ] ], [ [ 94.90759619182937, 27.510779236434324 ], [ 94.907801698218719, 27.510956918217467 ], [ 94.907798584130532, 27.510776459992311 ], [ 94.90759619182937, 27.510779236434324 ] ], [ [ 94.902536374885784, 27.510848551870815 ], [ 94.902941160906963, 27.51084301340244 ], [ 94.903137340958921, 27.510479326285306 ], [ 94.902527058525195, 27.510307175510096 ], [ 94.902536374885784, 27.510848551870815 ] ], [ [ 94.903339733237459, 27.510476556358018 ], [ 94.903545232589948, 27.510654244817463 ], [ 94.90354212548705, 27.51047378613654 ], [ 94.903339733237459, 27.510476556358018 ] ], [ [ 94.903539018413085, 27.510293327450615 ], [ 94.903744517707722, 27.510471015620865 ], [ 94.903741410303894, 27.51029055695615 ], [ 94.903539018413085, 27.510293327450615 ] ], [ [ 94.904943323798264, 27.509552093611411 ], [ 94.905547384589838, 27.509363316823254 ], [ 94.905544274390934, 27.50918285831942 ], [ 94.904734715612605, 27.509193948613735 ], [ 94.904943323798264, 27.509552093611411 ] ], [ [ 94.899575757743378, 27.503488461881986 ], [ 94.899983617897462, 27.503663392622634 ], [ 94.899980517528505, 27.503482933386387 ], [ 94.899575757743378, 27.503488461881986 ] ], [ [ 94.894086763942724, 27.502119302456411 ], [ 94.894292232895381, 27.50229700633335 ], [ 94.894289141989972, 27.502116546465437 ], [ 94.894086763942724, 27.502119302456411 ] ], [ [ 94.893884385866684, 27.502122058153287 ], [ 94.894077492388405, 27.501577922759346 ], [ 94.893062517854588, 27.501411237971958 ], [ 94.893065606666497, 27.501591697986434 ], [ 94.89367582801583, 27.501763893678653 ], [ 94.893884385866684, 27.502122058153287 ] ], [ [ 94.892449211506246, 27.50105857934545 ], [ 94.892654675900204, 27.501236285900365 ], [ 94.892651587805275, 27.501055825833717 ], [ 94.892449211506246, 27.50105857934545 ] ], [ [ 94.892243747771701, 27.500880872449308 ], [ 94.892449211506246, 27.50105857934545 ], [ 94.892446123769759, 27.500878119252732 ], [ 94.892243747771701, 27.500880872449308 ] ], [ [ 94.891630446856055, 27.500528209905514 ], [ 94.891835908970762, 27.500705917799269 ], [ 94.891832822280932, 27.500525457633323 ], [ 94.891630446856055, 27.500528209905514 ] ], [ [ 94.891424985400789, 27.50035050167055 ], [ 94.891630446856055, 27.500528209905514 ], [ 94.89162736052468, 27.500347749713491 ], [ 94.891424985400789, 27.50035050167055 ] ], [ [ 94.891020235066762, 27.500356004702422 ], [ 94.891421899427854, 27.50017004145246 ], [ 94.891010979212439, 27.499814623906765 ], [ 94.89060623074171, 27.499820125635988 ], [ 94.891020235066762, 27.500356004702422 ] ], [ [ 94.89040077222505, 27.499642415721105 ], [ 94.89060623074171, 27.499820125635988 ], [ 94.890603146173802, 27.49963966531865 ], [ 94.89040077222505, 27.499642415721105 ] ], [ [ 94.889171117059945, 27.498756609562008 ], [ 94.88937965445362, 27.499114781961453 ], [ 94.889373489532517, 27.498753861029162 ], [ 94.889171117059945, 27.498756609562008 ] ], [ [ 94.888965662800544, 27.498578897285075 ], [ 94.889171117059945, 27.498756609562008 ], [ 94.889168034972144, 27.498576149067326 ], [ 94.888965662800544, 27.498578897285075 ] ], [ [ 94.888355465373181, 27.498406679590165 ], [ 94.888757127829436, 27.498220724120245 ], [ 94.88814077206051, 27.497687584141215 ], [ 94.887533659974409, 27.497695823186099 ], [ 94.887539818617, 27.498056744556976 ], [ 94.888355465373181, 27.498406679590165 ] ], [ [ 94.886721098831856, 27.497526343685657 ], [ 94.88692654763021, 27.497704059584589 ], [ 94.886923469340928, 27.497523598828597 ], [ 94.886721098831856, 27.497526343685657 ] ], [ [ 94.886316357727722, 27.497531832517641 ], [ 94.886718020900886, 27.497345882903641 ], [ 94.886304048813116, 27.496809989191526 ], [ 94.885899310231636, 27.496815476679291 ], [ 94.886316357727722, 27.497531832517641 ] ], [ [ 94.885693864729859, 27.496637759075089 ], [ 94.885899310231636, 27.496815476679291 ], [ 94.885896233733931, 27.496635015793256 ], [ 94.885693864729859, 27.496637759075089 ] ], [ [ 94.88548841988738, 27.496460041129851 ], [ 94.885693864729859, 27.496637759075089 ], [ 94.885690788590452, 27.496457298163044 ], [ 94.88548841988738, 27.496460041129851 ] ], [ [ 94.88666877790358, 27.494458509711553 ], [ 94.892132620274779, 27.494384305021349 ], [ 94.893947717821433, 27.49399860227329 ], [ 94.893536814153819, 27.493643191147068 ], [ 94.892322637886579, 27.493659711442341 ], [ 94.892111016476491, 27.493121082824331 ], [ 94.891706292744146, 27.493126586523097 ], [ 94.891715549364847, 27.493667967621104 ], [ 94.89130465374916, 27.493312549459059 ], [ 94.890903013349643, 27.493498511298331 ], [ 94.890691399075607, 27.492959880143971 ], [ 94.889872704632765, 27.492429496323215 ], [ 94.890302091765719, 27.493867682251953 ], [ 94.88666877790358, 27.494458509711553 ] ], [ [ 94.8939446285694, 27.493818142154172 ], [ 94.894150081033629, 27.493995847231616 ], [ 94.894146991452018, 27.493815387133591 ], [ 94.8939446285694, 27.493818142154172 ] ], [ [ 94.889268703439996, 27.492618202120006 ], [ 94.889670343783322, 27.492432245001563 ], [ 94.888636976738553, 27.491182758896333 ], [ 94.887628261482774, 27.491376950639946 ], [ 94.887622104302835, 27.491016028941139 ], [ 94.887217387217177, 27.49102151920005 ], [ 94.88702426147826, 27.491565646618437 ], [ 94.888039138384855, 27.49173238071581 ], [ 94.888250737268663, 27.492271016764867 ], [ 94.889060179979438, 27.492260028603077 ], [ 94.889268703439996, 27.492618202120006 ] ], [ [ 94.885601593008303, 27.491223929539231 ], [ 94.887018106218335, 27.491204724803517 ], [ 94.887011951073049, 27.490843802968605 ], [ 94.88640795270193, 27.491032496190332 ], [ 94.885380784590112, 27.490143905324036 ], [ 94.8849760701696, 27.490149388905845 ], [ 94.885184576378393, 27.4905075695149 ], [ 94.884776786735102, 27.4903325914268 ], [ 94.884782934458414, 27.490693513753762 ], [ 94.885601593008303, 27.491223929539231 ] ], [ [ 94.879723969116213, 27.490761953540737 ], [ 94.88012562070459, 27.490576023475708 ], [ 94.879917130258221, 27.49021783446949 ], [ 94.8795124142937, 27.490223302177828 ], [ 94.879723969116213, 27.490761953540737 ] ], [ [ 94.8785006238829, 27.490236966304444 ], [ 94.8795124142937, 27.490223302177828 ], [ 94.879886472732167, 27.488413217453722 ], [ 94.879481763358243, 27.48841868474339 ], [ 94.879503218713324, 27.489681916999952 ], [ 94.879104633652076, 27.490048306947518 ], [ 94.878289076066494, 27.489698312693381 ], [ 94.8785006238829, 27.490236966304444 ] ], [ [ 94.879708641215686, 27.489859645065579 ], [ 94.880119488197636, 27.490215100174385 ], [ 94.880110289651384, 27.489673715184932 ], [ 94.879708641215686, 27.489859645065579 ] ], [ [ 94.884148204605495, 27.489077585033442 ], [ 94.8843413411754, 27.488533460932405 ], [ 94.883936632400108, 27.488538941197007 ], [ 94.88393356018571, 27.488358479892103 ], [ 94.883731206084661, 27.488361219562528 ], [ 94.884148204605495, 27.489077585033442 ] ], [ [ 94.880294248275007, 27.488588210670514 ], [ 94.880499669832759, 27.48876593763222 ], [ 94.880496603191531, 27.488585475975974 ], [ 94.880294248275007, 27.488588210670514 ] ], [ [ 94.880091893329919, 27.48859094507111 ], [ 94.880288115737258, 27.488227287301147 ], [ 94.879475633513721, 27.488057761196544 ], [ 94.879478698421721, 27.488238222972466 ], [ 94.879883407136589, 27.48823275572467 ], [ 94.880091893329919, 27.48859094507111 ] ], [ [ 94.88332649779673, 27.488366698021579 ], [ 94.883731206084661, 27.488361219562528 ], [ 94.883721990601657, 27.487819835554905 ], [ 94.882701014326855, 27.487292144816283 ], [ 94.88332649779673, 27.488366698021579 ] ], [ [ 94.88107299304329, 27.486772653919846 ], [ 94.88148076403229, 27.486947643905854 ], [ 94.881477696029236, 27.486767182304384 ], [ 94.88107299304329, 27.486772653919846 ] ], [ [ 94.880867574521432, 27.486594927617389 ], [ 94.88107299304329, 27.486772653919846 ], [ 94.881069925727786, 27.486592192271473 ], [ 94.880867574521432, 27.486594927617389 ] ] ] } },
{ "type": "Feature", "properties": { "rank": 6, "class": "Vegetation loss", "source": "change", "area_ha": 39.76, "mean_soil_loss_t_ha_yr": null, "max_retreat_m": null, "retreat_m_per_yr": null, "mean_probability": null, "model_agreement": null, "confidence": "Not assessed", "confidence_score": null, "population": 4484.0, "built_ha": 30.58, "crop_ha": 64.01, "road_km": 20.78, "embankment_km": 0.0, "facilities": 1.0, "nearest_place": "Changamari Habi", "nearest_place_km": 6.5, "exposure_index": 0.825, "hazard_score": 2.225, "priority_score": 1.952, "lat": 27.402653, "lon": 94.88631 }, "geometry": { "type": "Polygon", "coordinates": [ [ [ 94.887599905729175, 27.40654064569911 ], [ 94.887795974611322, 27.406176981853122 ], [ 94.887391567086226, 27.406182457054669 ], [ 94.887183229841511, 27.405824268013351 ], [ 94.886781889506395, 27.406010204519337 ], [ 94.886775757436737, 27.405649278222626 ], [ 94.885562539566678, 27.405665691147487 ], [ 94.884952867206934, 27.405493430311083 ], [ 94.884946741214577, 27.405132503606684 ], [ 94.884548461506526, 27.40549889714352 ], [ 94.884340134589735, 27.405140703290158 ], [ 94.883935730030416, 27.405146168281348 ], [ 94.883923484950216, 27.404424314393278 ], [ 94.883730466723179, 27.404968436852101 ], [ 94.883123860568816, 27.404976631200643 ], [ 94.882710278461531, 27.404440701834424 ], [ 94.883525204072114, 27.404790705083055 ], [ 94.883512961844943, 27.404068850987382 ], [ 94.883914301439773, 27.403882923924858 ], [ 94.8835037804742, 27.403527460363268 ], [ 94.883301581047405, 27.40353019164511 ], [ 94.883102441364315, 27.403713386222343 ], [ 94.883310761433933, 27.404071582332101 ], [ 94.882903301025081, 27.403896580543627 ], [ 94.883093262133187, 27.403171995442559 ], [ 94.882688864449236, 27.403177456458053 ], [ 94.882070035695136, 27.40246379092293 ], [ 94.882066977762847, 27.402283327194997 ], [ 94.88246831377748, 27.402097404455159 ], [ 94.882250826101185, 27.401197815470407 ], [ 94.881858665309892, 27.401925128767417 ], [ 94.881451215013897, 27.40175012216962 ], [ 94.881442044597065, 27.40120873072258 ], [ 94.880835458169699, 27.401216914086842 ], [ 94.880627151792453, 27.400858713465489 ], [ 94.881028485481849, 27.400672794974074 ], [ 94.881236792729197, 27.401030994956923 ], [ 94.881230679973555, 27.400670067248786 ], [ 94.882636864809228, 27.400109573812525 ], [ 94.88325262332269, 27.40064277388986 ], [ 94.883657011650271, 27.400637311704031 ], [ 94.883448697642649, 27.400279115676117 ], [ 94.884658796321148, 27.40008226058389 ], [ 94.887293435283553, 27.400407636088779 ], [ 94.887688621489104, 27.399860772630191 ], [ 94.888500458325822, 27.400030284775362 ], [ 94.888696514033768, 27.399666620072463 ], [ 94.889110104664141, 27.400202531458845 ], [ 94.889511420295662, 27.400016589361435 ], [ 94.889315366784686, 27.400380255089559 ], [ 94.889517559777431, 27.400377515379073 ], [ 94.890957487366478, 27.401802031899521 ], [ 94.891361878113557, 27.401796547163745 ], [ 94.892801847719781, 27.403221042221819 ], [ 94.893206243199657, 27.403215551877775 ], [ 94.895672656996041, 27.405528594589612 ], [ 94.896683664796157, 27.405514844661166 ], [ 94.896086303627982, 27.406064482029716 ], [ 94.895262094159506, 27.40517316796182 ], [ 94.894658569690122, 27.405361874860571 ], [ 94.894851533947659, 27.404817739973794 ], [ 94.893619869060018, 27.403751447848851 ], [ 94.893215471726492, 27.403756939490769 ], [ 94.891775489695689, 27.402332449431594 ], [ 94.891371097094989, 27.402337935465052 ], [ 94.891368024072534, 27.402157472702939 ], [ 94.89116582805724, 27.402160215259347 ], [ 94.891162755391463, 27.401979752471199 ], [ 94.890960559675563, 27.40198249471371 ], [ 94.890957487366478, 27.401802031899521 ], [ 94.890755291949972, 27.401804773828143 ], [ 94.890752219997566, 27.401624310987934 ], [ 94.890550024880454, 27.401627052602667 ], [ 94.890546953284712, 27.401446589736423 ], [ 94.890344758466995, 27.401449331037281 ], [ 94.890350901031013, 27.401810256806844 ], [ 94.890148705528588, 27.401812997856929 ], [ 94.890151776525514, 27.401993460755268 ], [ 94.889949580666411, 27.401996201533532 ], [ 94.889952651363942, 27.402176664447914 ], [ 94.890164060799592, 27.402715312298728 ], [ 94.890764507979043, 27.40234616231885 ], [ 94.890366257942262, 27.402712571143471 ], [ 94.890577670530831, 27.403251218174351 ], [ 94.890170203108454, 27.403076238040523 ], [ 94.890176345531842, 27.403437163762369 ], [ 94.889775019134689, 27.403623108258071 ], [ 94.890164060799592, 27.402715312298728 ], [ 94.889961863628315, 27.402718053161131 ], [ 94.889952651363942, 27.402176664447914 ], [ 94.889548258903758, 27.402182145167956 ], [ 94.889545188862314, 27.40200168221152 ], [ 94.889140796943721, 27.402007161718107 ], [ 94.889349132372743, 27.402365348061181 ], [ 94.889753525546283, 27.402359867884783 ], [ 94.889765807425022, 27.403081719556589 ], [ 94.889563609540375, 27.403084459875334 ], [ 94.889364481512217, 27.403267662848748 ], [ 94.888953946514235, 27.402912216079805 ], [ 94.889150005185655, 27.402548550698608 ], [ 94.888745611184305, 27.40255402915993 ], [ 94.888555688260638, 27.403278620107713 ], [ 94.88815129146316, 27.403284096979998 ], [ 94.88856182549226, 27.40363954615599 ], [ 94.888188108695729, 27.405449653474697 ], [ 94.888595582312007, 27.405624639064833 ], [ 94.888610927465535, 27.406526953823853 ], [ 94.887599905729175, 27.40654064569911 ] ], [ [ 94.887180163164771, 27.405643804904503 ], [ 94.887385432990726, 27.405821530893942 ], [ 94.887382365985886, 27.405641067806094 ], [ 94.887180163164771, 27.405643804904503 ] ], [ [ 94.886775757436737, 27.405649278222626 ], [ 94.887180163164771, 27.405643804904503 ], [ 94.887376232061982, 27.405280141615435 ], [ 94.887174029897039, 27.405282878671837 ], [ 94.887170963306076, 27.405102415548029 ], [ 94.88696876144067, 27.405105152290538 ], [ 94.886775757436737, 27.405649278222626 ] ], [ [ 94.887373165142904, 27.405099678512624 ], [ 94.887578434198304, 27.405277404266144 ], [ 94.88757536695114, 27.405096941184336 ], [ 94.887373165142904, 27.405099678512624 ] ], [ [ 94.886564357624067, 27.405110624896889 ], [ 94.88696876144067, 27.405105152290538 ], [ 94.886965695206371, 27.404924689140735 ], [ 94.886558226496447, 27.404749698508311 ], [ 94.886564357624067, 27.405110624896889 ] ], [ [ 94.885951622525738, 27.404757905095209 ], [ 94.886156888771211, 27.404935633097899 ], [ 94.886153823877891, 27.404755169859126 ], [ 94.885951622525738, 27.404757905095209 ] ], [ [ 94.885749421145022, 27.404760640038408 ], [ 94.885948557989067, 27.404577441830462 ], [ 94.886356025201465, 27.40475243433016 ], [ 94.886141564590318, 27.404033316854182 ], [ 94.885749421145022, 27.404760640038408 ] ], [ [ 94.886346829708671, 27.404211044646903 ], [ 94.886552095483168, 27.404388772099775 ], [ 94.88654903001941, 27.404208308888027 ], [ 94.886346829708671, 27.404211044646903 ] ], [ [ 94.886545964584229, 27.404027845671298 ], [ 94.88675123030157, 27.404205572836275 ], [ 94.886748164538304, 27.404025109640539 ], [ 94.886545964584229, 27.404027845671298 ] ], [ [ 94.88309632184837, 27.403352459040807 ], [ 94.883301581047405, 27.40353019164511 ], [ 94.883298520975615, 27.403349728072801 ], [ 94.88309632184837, 27.403352459040807 ] ], [ [ 94.889352202143399, 27.40254581102867 ], [ 94.889563609540375, 27.403084459875334 ], [ 94.889554399072523, 27.402543071065875 ], [ 94.889352202143399, 27.40254581102867 ] ], [ [ 94.888540345682259, 27.402376304899725 ], [ 94.888745611184305, 27.40255402915993 ], [ 94.888742542397807, 27.40237356612937 ], [ 94.888540345682259, 27.402376304899725 ] ], [ [ 94.889146935743057, 27.402368087710094 ], [ 94.889352202143399, 27.40254581102867 ], [ 94.889349132372743, 27.402365348061181 ], [ 94.889146935743057, 27.402368087710094 ] ], [ [ 94.882269175064366, 27.402280597817018 ], [ 94.88247443092574, 27.402458331832214 ], [ 94.882471372337363, 27.402277868146182 ], [ 94.882269175064366, 27.402280597817018 ] ], [ [ 94.888935531912779, 27.401829438007628 ], [ 94.889140796943721, 27.402007161718107 ], [ 94.88913772758697, 27.401826698714629 ], [ 94.888935531912779, 27.401829438007628 ] ], [ [ 94.88974431443782, 27.401818479078546 ], [ 94.889949580666411, 27.401996201533532 ], [ 94.889946509997515, 27.401815738614161 ], [ 94.88974431443782, 27.401818479078546 ] ], [ [ 94.889940368745627, 27.401454812760456 ], [ 94.890344758466995, 27.401449331037281 ], [ 94.890341687227917, 27.401268868145003 ], [ 94.890139492709594, 27.401271609131985 ], [ 94.890136421827194, 27.401091146213695 ], [ 94.889934227608251, 27.401093886886795 ], [ 94.889940368745627, 27.401454812760456 ] ], [ [ 94.882247768040457, 27.401017351728516 ], [ 94.882453021405922, 27.401195085925252 ], [ 94.88244996301718, 27.401014622204315 ], [ 94.882247768040457, 27.401017351728516 ] ], [ [ 94.88952983908446, 27.401099367354487 ], [ 94.889931157082501, 27.400913423942484 ], [ 94.889728963162952, 27.400916164301716 ], [ 94.889725892993866, 27.400735701331389 ], [ 94.889523699373711, 27.40073844137676 ], [ 94.889520629561261, 27.400557978380412 ], [ 94.889318436240487, 27.400560718111919 ], [ 94.88952983908446, 27.401099367354487 ] ], [ [ 94.888914049513104, 27.400566196696445 ], [ 94.889318436240487, 27.400560718111919 ], [ 94.889315366784686, 27.400380255089559 ], [ 94.889113173763306, 27.400382994507211 ], [ 94.889110104664141, 27.400202531458845 ], [ 94.888907911942155, 27.400205270562651 ], [ 94.888914049513104, 27.400566196696445 ] ], [ [ 94.888500458325822, 27.400030284775362 ], [ 94.888907911942155, 27.400205270562651 ], [ 94.888904843199612, 27.400024807488265 ], [ 94.888500458325822, 27.400030284775362 ] ] ] } },
{ "type": "Feature", "properties": { "rank": 7, "class": "Bank erosion (stable land to water)", "source": "change", "area_ha": 23.12, "mean_soil_loss_t_ha_yr": null, "max_retreat_m": 996.0, "retreat_m_per_yr": 166.0, "mean_probability": null, "model_agreement": null, "confidence": "Medium", "confidence_score": 0.873, "population": 1286.0, "built_ha": 0.25, "crop_ha": 144.52, "road_km": 2.89, "embankment_km": 2.37, "facilities": 0.0, "nearest_place": "Changamari Habi", "nearest_place_km": 9.5, "exposure_index": 0.575, "hazard_score": 2.779, "priority_score": 1.952, "lat": 27.357716, "lon": 94.769737 }, "geometry": { "type": "Polygon", "coordinates": [ [ [ 94.773721520484926, 27.367962342153834 ], [ 94.773715765098061, 27.367601391034793 ], [ 94.773314349051077, 27.367787004388845 ], [ 94.773282703253088, 27.365801772500681 ], [ 94.772653268043641, 27.364365670485189 ], [ 94.773054673298489, 27.364180059482443 ], [ 94.773225173758021, 27.362192258443308 ], [ 94.773017285302473, 27.36183387473503 ], [ 94.772613013029172, 27.361839009470337 ], [ 94.772604387638694, 27.361297581983891 ], [ 94.772202991671193, 27.361483191304416 ], [ 94.772188619697047, 27.360580811888958 ], [ 94.772991403961484, 27.360209592497164 ], [ 94.772982777330739, 27.359668164995512 ], [ 94.772578512915672, 27.359673299257473 ], [ 94.772584262666356, 27.360034251009072 ], [ 94.771980737811461, 27.360222426254918 ], [ 94.771969242239038, 27.359500522515106 ], [ 94.771351354941572, 27.358786314969016 ], [ 94.771339864155806, 27.358064410834437 ], [ 94.770716246207328, 27.35698924753455 ], [ 94.769702738198689, 27.356821587204681 ], [ 94.76847276673729, 27.35575409831096 ], [ 94.76806851554808, 27.355759218842081 ], [ 94.768057047534398, 27.355037313111257 ], [ 94.767251415726406, 27.355228026869511 ], [ 94.766197834207418, 27.352533667164749 ], [ 94.764985113905198, 27.352549003833854 ], [ 94.764777271137234, 27.352190605260002 ], [ 94.76376095404602, 27.351842422243042 ], [ 94.760330635624186, 27.352246742389376 ], [ 94.760119954368363, 27.35170785883221 ], [ 94.761130549705484, 27.351695114571942 ], [ 94.761933312302219, 27.35132395964138 ], [ 94.764361589768995, 27.351473806940511 ], [ 94.767618405239404, 27.35287671417662 ], [ 94.767624137241555, 27.353237667249228 ], [ 94.76802837937268, 27.35323254843815 ], [ 94.769261186303481, 27.354480519486135 ], [ 94.769662563113982, 27.35429491942001 ], [ 94.76946904783496, 27.354838910379957 ], [ 94.770081159552987, 27.355192175792435 ], [ 94.770294766434986, 27.355911517653741 ], [ 94.771726883696431, 27.356976424322205 ], [ 94.772564139008338, 27.358770919791919 ], [ 94.772971275532001, 27.358946261590745 ], [ 94.774284784333972, 27.365247500225831 ], [ 94.774102788615878, 27.366513398873192 ], [ 94.77349923221584, 27.366701582074462 ], [ 94.773510741249908, 27.367423484470645 ], [ 94.773915033613036, 27.367418346172549 ], [ 94.773721520484926, 27.367962342153834 ] ], [ [ 94.768663420350009, 27.355029632112132 ], [ 94.768856939911032, 27.354485642080476 ], [ 94.768452693411533, 27.354490763505517 ], [ 94.768449825900589, 27.35431028708496 ], [ 94.768045579948733, 27.354315407301339 ], [ 94.768663420350009, 27.355029632112132 ] ], [ [ 94.767840590430438, 27.354137490486536 ], [ 94.768045579948733, 27.354315407301339 ], [ 94.768042713119172, 27.354134930836505 ], [ 94.767840590430438, 27.354137490486536 ] ], [ [ 94.76864908102489, 27.354127250132464 ], [ 94.768854071745452, 27.354305165699277 ], [ 94.76885120360663, 27.354124689313135 ], [ 94.76864908102489, 27.354127250132464 ] ] ] } },
{ "type": "Feature", "properties": { "rank": 8, "class": "Vegetation loss", "source": "change", "area_ha": 49.04, "mean_soil_loss_t_ha_yr": null, "max_retreat_m": null, "retreat_m_per_yr": null, "mean_probability": null, "model_agreement": null, "confidence": "Not assessed", "confidence_score": null, "population": 2158.0, "built_ha": 13.0, "crop_ha": 165.15, "road_km": 14.74, "embankment_km": 0.0, "facilities": 0.0, "nearest_place": "Lāhoāl Pātra", "nearest_place_km": 4.8, "exposure_index": 0.75, "hazard_score": 2.348, "priority_score": 1.937, "lat": 27.421767, "lon": 95.036147 }, "geometry": { "type": "Polygon", "coordinates": [ [ [ 95.027522648381563, 27.426957469473919 ], [ 95.028865629319398, 27.42296702440068 ], [ 95.029674497920183, 27.422955245804459 ], [ 95.029465680415527, 27.422597296331684 ], [ 95.030072329665714, 27.422588460322384 ], [ 95.030267943117138, 27.422224619999113 ], [ 95.029860210939901, 27.422050064207518 ], [ 95.029853609533831, 27.421689169686111 ], [ 95.029044750247792, 27.421700948822025 ], [ 95.029439280043533, 27.421153717884653 ], [ 95.030045921415308, 27.421144882417487 ], [ 95.030456952033674, 27.421499885057123 ], [ 95.03085477614691, 27.421133097692596 ], [ 95.030861380650961, 27.421493992018288 ], [ 95.031670237516138, 27.42148220242456 ], [ 95.031660326867183, 27.420940861199746 ], [ 95.032870299875, 27.420742721476842 ], [ 95.032863689052334, 27.42038182756308 ], [ 95.031252597634136, 27.420766309316726 ], [ 95.031444901227289, 27.420222020509105 ], [ 95.031451507392987, 27.420582914749552 ], [ 95.032257052912442, 27.420390675064777 ], [ 95.032048232730673, 27.420032729531155 ], [ 95.033062595343978, 27.420198430868059 ], [ 95.03386152082895, 27.419645288431727 ], [ 95.035071474622072, 27.419447130535783 ], [ 95.03506154825007, 27.418905790298698 ], [ 95.035873694218083, 27.419074424021481 ], [ 95.035479204109535, 27.419621671207466 ], [ 95.035688034147412, 27.419979611056227 ], [ 95.036904610964825, 27.420142330319742 ], [ 95.037299095440204, 27.419595079417384 ], [ 95.037110134262832, 27.420319821218321 ], [ 95.03893666570373, 27.4206541000718 ], [ 95.03912893070563, 27.420109802712624 ], [ 95.03852561297542, 27.420299123724099 ], [ 95.038518983894932, 27.419938231058833 ], [ 95.038926719974569, 27.420112761232726 ], [ 95.038916774523514, 27.419571422348266 ], [ 95.039526719774088, 27.419742992345043 ], [ 95.040113447558142, 27.418651436347446 ], [ 95.040106813782529, 27.418290543954537 ], [ 95.039301299979073, 27.418482827518492 ], [ 95.039089146631483, 27.417944447174808 ], [ 95.040096863350968, 27.41774920532735 ], [ 95.040309021045985, 27.418287583903602 ], [ 95.040494641098647, 27.417382392716231 ], [ 95.041303463155785, 27.4173705488653 ], [ 95.042304529233533, 27.41681439950715 ], [ 95.04231449003116, 27.417355737460365 ], [ 95.041910079373835, 27.417361662901179 ], [ 95.041916718747615, 27.417722554935672 ], [ 95.042722221548814, 27.417530256776637 ], [ 95.042728863609966, 27.417891148619219 ], [ 95.042347694701718, 27.419160196976627 ], [ 95.04194327748047, 27.419166122871953 ], [ 95.04174770815969, 27.419529977359247 ], [ 95.041963197829858, 27.420248798612345 ], [ 95.041356565857953, 27.420257685667053 ], [ 95.041575374406008, 27.421156953480658 ], [ 95.040759888291845, 27.420807908295952 ], [ 95.040156570114235, 27.420997236409725 ], [ 95.039947723973498, 27.420639304201039 ], [ 95.039957674904429, 27.421180642654292 ], [ 95.040766524902651, 27.421168800411422 ], [ 95.040776480050852, 27.421710138546807 ], [ 95.040972056004961, 27.421346285145685 ], [ 95.041582013766529, 27.421517845394241 ], [ 95.041393078559935, 27.42224259146937 ], [ 95.041794186979146, 27.422056220647995 ], [ 95.041800827305607, 27.422417112465698 ], [ 95.04139971763523, 27.422603483367858 ], [ 95.041406356834315, 27.422964375246181 ], [ 95.040401914350099, 27.423340074933098 ], [ 95.040610767593691, 27.423698005973069 ], [ 95.039400781137573, 27.423896213866968 ], [ 95.039417364035302, 27.424798444483812 ], [ 95.039012925534067, 27.424804362997072 ], [ 95.039002977672524, 27.424263024505922 ], [ 95.038598541017492, 27.424268941710878 ], [ 95.03838306320047, 27.423550114876083 ], [ 95.037574194648784, 27.423561944234567 ], [ 95.035976321775806, 27.424668267985012 ], [ 95.035750928085292, 27.423408096592404 ], [ 95.036155362322049, 27.423402187818994 ], [ 95.036148740069862, 27.423041294780994 ], [ 95.035542090638145, 27.42305015736563 ], [ 95.035717824624285, 27.42160363074759 ], [ 95.035293540172958, 27.420526857875132 ], [ 95.035300158935115, 27.420887751235533 ], [ 95.034285787718289, 27.420722066734797 ], [ 95.034299018924372, 27.421443853868155 ], [ 95.033284643561771, 27.421278162284022 ], [ 95.033291256005569, 27.421639056056886 ], [ 95.033695684417012, 27.421633154768699 ], [ 95.033500083450306, 27.421996999266728 ], [ 95.033907820427714, 27.422171544102898 ], [ 95.033301174902405, 27.422180396678364 ], [ 95.033294562273696, 27.421819502935751 ], [ 95.032485703768003, 27.421831302086556 ], [ 95.032293403129827, 27.422375592087441 ], [ 95.031481236662671, 27.422206938582143 ], [ 95.031086713945086, 27.4227541748823 ], [ 95.031295536845917, 27.423112121616697 ], [ 95.030688885195119, 27.423120963103742 ], [ 95.030907615626788, 27.424020251733662 ], [ 95.030509781993487, 27.4243870396601 ], [ 95.030327373682411, 27.425472668880634 ], [ 95.029926231769323, 27.425659008312934 ], [ 95.030135057152989, 27.426016956553898 ], [ 95.029932834529177, 27.426019902612602 ], [ 95.029936135955268, 27.426200349754879 ], [ 95.029733912972347, 27.426203295543111 ], [ 95.029538291589745, 27.426567135398074 ], [ 95.027522648381563, 27.426957469473919 ] ], [ [ 95.029528389189238, 27.426025793850823 ], [ 95.029733912972347, 27.426203295543111 ], [ 95.029730611874598, 27.426022848378238 ], [ 95.029528389189238, 27.426025793850823 ] ], [ [ 95.028308454924698, 27.425682565871018 ], [ 95.029316265334501, 27.425487397369981 ], [ 95.029511885803686, 27.425123557837956 ], [ 95.028706300623554, 27.42531578364899 ], [ 95.028497481180565, 27.424957832909797 ], [ 95.028308454924698, 27.425682565871018 ] ], [ [ 95.029511885803686, 27.425123557837956 ], [ 95.030118548842481, 27.425114720879893 ], [ 95.030115247272704, 27.424934273729967 ], [ 95.029710805934243, 27.424940165283211 ], [ 95.029501984141504, 27.42458221616976 ], [ 95.029511885803686, 27.425123557837956 ] ], [ [ 95.030466857051024, 27.422041226643454 ], [ 95.030672374422096, 27.422218727365507 ], [ 95.030669072359842, 27.422038280202742 ], [ 95.030466857051024, 27.422041226643454 ] ], [ [ 95.030261340336466, 27.421863725578156 ], [ 95.030466857051024, 27.422041226643454 ], [ 95.030463555347808, 27.421860779453052 ], [ 95.030261340336466, 27.421863725578156 ] ], [ [ 95.030460253675344, 27.421680332257612 ], [ 95.030665770328341, 27.421857833034938 ], [ 95.030662468327648, 27.421677385862097 ], [ 95.030460253675344, 27.421680332257612 ] ], [ [ 95.033483550622449, 27.421094764960333 ], [ 95.033891284163147, 27.421269310048032 ], [ 95.033887977002706, 27.421088863221936 ], [ 95.033483550622449, 27.421094764960333 ] ], [ [ 95.040756570032826, 27.420627462230648 ], [ 95.041164311792429, 27.420801985507413 ], [ 95.041160992876939, 27.420621539487531 ], [ 95.040756570032826, 27.420627462230648 ] ], [ [ 95.039125615196141, 27.419929356445536 ], [ 95.039331141405796, 27.420106843899539 ], [ 95.039327825568094, 27.419926397655146 ], [ 95.039125615196141, 27.419929356445536 ] ], [ [ 95.035280303018808, 27.419805071093844 ], [ 95.035485823219673, 27.419982564572965 ], [ 95.035482513649171, 27.41980211789274 ], [ 95.035280303018808, 27.419805071093844 ] ] ] } },
{ "type": "Feature", "properties": { "rank": 9, "class": "Likely bank erosion (AI prediction)", "source": "ai", "area_ha": 41.72, "mean_soil_loss_t_ha_yr": null, "max_retreat_m": null, "retreat_m_per_yr": null, "mean_probability": 0.474, "model_agreement": 0.908, "confidence": "Medium", "confidence_score": null, "population": 2336.0, "built_ha": 8.95, "crop_ha": 64.63, "road_km": 1.79, "embankment_km": 0.56, "facilities": 0.0, "nearest_place": "Dibrugarh", "nearest_place_km": 1.2, "exposure_index": 0.75, "hazard_score": 2.312, "priority_score": 1.908, "lat": 27.487255, "lon": 94.889866 }, "geometry": { "type": "Polygon", "coordinates": [ [ [ 94.894290651459968, 27.490383889407134 ], [ 94.893475048912634, 27.490033986770833 ], [ 94.893468873021249, 27.489673066223187 ], [ 94.894079027935604, 27.489845263711736 ], [ 94.894072850124587, 27.48948434328063 ], [ 94.893462697244914, 27.489312145655536 ], [ 94.892251654330508, 27.489509123327995 ], [ 94.891031354697333, 27.489164709048929 ], [ 94.891034438588136, 27.489345169593133 ], [ 94.890832083513303, 27.489347919677343 ], [ 94.890835167103305, 27.489528380237601 ], [ 94.890430456208449, 27.48953387956632 ], [ 94.890019580683628, 27.489178456425325 ], [ 94.889823389650815, 27.489542126354841 ], [ 94.889817225794744, 27.489181205018799 ], [ 94.888808531185958, 27.489375404352845 ], [ 94.888397661190766, 27.489019976120101 ], [ 94.887597476729908, 27.489572341945962 ], [ 94.887585163631528, 27.488850498328397 ], [ 94.885754745807219, 27.488333809631506 ], [ 94.884933035100175, 27.487622932281209 ], [ 94.884531402880114, 27.487808875361438 ], [ 94.884488382246431, 27.4852824172395 ], [ 94.884083685389868, 27.485287897336519 ], [ 94.884077541360796, 27.484926974583772 ], [ 94.886303365406931, 27.484896819964455 ], [ 94.889964105214673, 27.485930163879868 ], [ 94.890571151916475, 27.485921917472592 ], [ 94.890966599624917, 27.485375036465662 ], [ 94.892990076305836, 27.485347524092457 ], [ 94.893805642002292, 27.485697431617673 ], [ 94.893995637195715, 27.484972836203948 ], [ 94.894605766391763, 27.485145032759267 ], [ 94.894692274562999, 27.490197918563009 ], [ 94.894290651459968, 27.490383889407134 ] ], [ [ 94.890626645177989, 27.489170208881294 ], [ 94.890832083513303, 27.489347919677343 ], [ 94.890828999952021, 27.489167459112078 ], [ 94.890626645177989, 27.489170208881294 ] ], [ [ 94.888802370682512, 27.489014482796392 ], [ 94.8894125159309, 27.489186701323941 ], [ 94.889409434704959, 27.489006240606326 ], [ 94.888802370682512, 27.489014482796392 ] ] ] } },
{ "type": "Feature", "properties": { "rank": 10, "class": "Vegetation loss", "source": "change", "area_ha": 128.96, "mean_soil_loss_t_ha_yr": null, "max_retreat_m": null, "retreat_m_per_yr": null, "mean_probability": null, "model_agreement": null, "confidence": "Not assessed", "confidence_score": null, "population": 2336.0, "built_ha": 0.0, "crop_ha": 94.21, "road_km": 0.0, "embankment_km": 0.0, "facilities": 0.0, "nearest_place": "Dibrugarh", "nearest_place_km": 3.8, "exposure_index": 0.5, "hazard_score": 2.92, "priority_score": 1.898, "lat": 27.482283, "lon": 94.863436 }, "geometry": { "type": "Polygon", "coordinates": [ [ [ 94.874241926496538, 27.489752888577726 ], [ 94.873834155003536, 27.489577877378082 ], [ 94.873821931650895, 27.488856028043546 ], [ 94.875039125946955, 27.489020133993755 ], [ 94.875029952714485, 27.488478747331147 ], [ 94.874214418405813, 27.488128727883272 ], [ 94.874223587513185, 27.48867011482638 ], [ 94.873818875883899, 27.488675565697427 ], [ 94.873803597475742, 27.48777325389192 ], [ 94.872776556683277, 27.486884562952135 ], [ 94.872767395349115, 27.486343175421062 ], [ 94.872565043633074, 27.486345898674866 ], [ 94.872568097053204, 27.486526361211059 ], [ 94.872163392876843, 27.486531806878627 ], [ 94.872154234678689, 27.485990419129923 ], [ 94.87153802618927, 27.485457197258043 ], [ 94.867892671865576, 27.485325674196094 ], [ 94.867086314365764, 27.485516999861403 ], [ 94.867092403158395, 27.485877926103196 ], [ 94.866276910740581, 27.485527857779044 ], [ 94.865268196988254, 27.485721886873677 ], [ 94.864869575664059, 27.486088237860539 ], [ 94.864060166838456, 27.48609908309551 ], [ 94.863419687889035, 27.484122115300689 ], [ 94.862389725043357, 27.483052877731108 ], [ 94.862383652311891, 27.482691950374349 ], [ 94.861978959795962, 27.482697365737682 ], [ 94.861988066958972, 27.483238756889758 ], [ 94.863661540015926, 27.486465430867675 ], [ 94.862655849347462, 27.486839905172374 ], [ 94.86164104444255, 27.486672981576767 ], [ 94.860000984462062, 27.485431383341947 ], [ 94.859375739394011, 27.484356712692616 ], [ 94.858977102139178, 27.484723047583888 ], [ 94.859185515269743, 27.485081272139613 ], [ 94.858578462248616, 27.485089381445231 ], [ 94.858977102139178, 27.484723047583888 ], [ 94.858768690411182, 27.484364822631495 ], [ 94.859173389761295, 27.484359416299473 ], [ 94.858560280085712, 27.484006597282455 ], [ 94.859164295926419, 27.483818024366975 ], [ 94.858753537455428, 27.483462502512037 ], [ 94.858152552281268, 27.483831537682349 ], [ 94.858140434152304, 27.483109681288546 ], [ 94.857941115816871, 27.48329284711382 ], [ 94.857128696390632, 27.48312318684297 ], [ 94.857938086656404, 27.483112382987191 ], [ 94.857723624090283, 27.482393227752812 ], [ 94.857119613031742, 27.482581794184931 ], [ 94.85609577534477, 27.481873434721482 ], [ 94.855488738844528, 27.481881529685367 ], [ 94.854467940861241, 27.481353621845752 ], [ 94.853863928939774, 27.481542174160872 ], [ 94.853655539923736, 27.481183940276232 ], [ 94.852435432720654, 27.48083917641199 ], [ 94.853444130791146, 27.480645241344128 ], [ 94.853652518019388, 27.481003475655758 ], [ 94.854464917611082, 27.481173157312856 ], [ 94.853232723860117, 27.480106541949453 ], [ 94.85322668173491, 27.479745612561121 ], [ 94.852821997880142, 27.479751000774066 ], [ 94.85220591385098, 27.479217686460295 ], [ 94.852199875300926, 27.478856756815777 ], [ 94.851792175884569, 27.478681677013093 ], [ 94.851786138820728, 27.478320747256173 ], [ 94.852187798538296, 27.478134897466926 ], [ 94.851378442011196, 27.47814566609825 ], [ 94.851366370968236, 27.477423806339683 ], [ 94.852372021323433, 27.477049415525446 ], [ 94.853184390010071, 27.477219106284331 ], [ 94.853800466760106, 27.477752416726698 ], [ 94.853806510242379, 27.478113346100887 ], [ 94.855234978030268, 27.478816331340362 ], [ 94.855657807499981, 27.479893723049784 ], [ 94.856464148518668, 27.479702464544697 ], [ 94.857083282134326, 27.480416223103855 ], [ 94.858306425988914, 27.480941409884036 ], [ 94.859112768995104, 27.480750135901406 ], [ 94.857892652635002, 27.480405420489202 ], [ 94.857068145458911, 27.47951390160809 ], [ 94.856663463333248, 27.479519300945558 ], [ 94.85645204352565, 27.478980607030142 ], [ 94.855845023005543, 27.47898870276504 ], [ 94.855838972654382, 27.478627773853812 ], [ 94.854202120729667, 27.477566561376289 ], [ 94.854196076098901, 27.477205632054762 ], [ 94.854600750337383, 27.477200240306278 ], [ 94.854797040920161, 27.476836614773759 ], [ 94.855410098476398, 27.477189453283618 ], [ 94.85519566597344, 27.476470292190172 ], [ 94.856811324143962, 27.476268242634355 ], [ 94.857424384308317, 27.476621072132744 ], [ 94.860060809698467, 27.476946872607964 ], [ 94.860879252982556, 27.477477445879149 ], [ 94.862908693390125, 27.477811305535866 ], [ 94.862914766570611, 27.478172233037604 ], [ 94.863521780173414, 27.478164106699914 ], [ 94.864137909432856, 27.478697368559537 ], [ 94.864539547508784, 27.478511484077174 ], [ 94.864545626185333, 27.478872411206936 ], [ 94.864950304130872, 27.478866989075136 ], [ 94.864956384238141, 27.479227916101866 ], [ 94.865566444004457, 27.479400244019445 ], [ 94.865578608624617, 27.480122097743813 ], [ 94.865977207213888, 27.479755745613822 ], [ 94.866191716448782, 27.480474885969279 ], [ 94.867215600629578, 27.481183168687323 ], [ 94.867641599826939, 27.482440980536317 ], [ 94.86846925791771, 27.483512894105036 ], [ 94.869689436303219, 27.483857513251934 ], [ 94.871305164502118, 27.48365529150702 ], [ 94.873138502079016, 27.484352640492169 ], [ 94.874760342066011, 27.484511303376529 ], [ 94.875986665405577, 27.485216790195413 ], [ 94.876406661719315, 27.486113644449492 ], [ 94.877013714170687, 27.486105457116228 ], [ 94.877424538289389, 27.486460921499653 ], [ 94.877433722443669, 27.48700230757489 ], [ 94.87683890720534, 27.487732345266391 ], [ 94.877068810057253, 27.489353773825705 ], [ 94.876461739812598, 27.489361962287592 ], [ 94.876464799977413, 27.489542424342254 ], [ 94.875857728487631, 27.489550610221304 ], [ 94.875860787692346, 27.489731072333651 ], [ 94.875045241577652, 27.489381058410519 ], [ 94.875048299435733, 27.489561520611414 ], [ 94.874643584738891, 27.48956697404277 ], [ 94.874241926496538, 27.489752888577726 ] ], [ [ 94.874235813388211, 27.489391964013926 ], [ 94.874643584738891, 27.48956697404277 ], [ 94.874640527539881, 27.489386511800117 ], [ 94.874235813388211, 27.489391964013926 ] ], [ [ 94.875652312420712, 27.489372876121521 ], [ 94.875857728487631, 27.489550610221304 ], [ 94.875854669311423, 27.489370148103955 ], [ 94.875652312420712, 27.489372876121521 ] ], [ [ 94.874030400087761, 27.489214227369636 ], [ 94.874235813388211, 27.489391964013926 ], [ 94.874232756876751, 27.489211501724533 ], [ 94.874030400087761, 27.489214227369636 ] ], [ [ 94.872359638826396, 27.486168159072701 ], [ 94.872565043633074, 27.486345898674866 ], [ 94.872561990241394, 27.486165436133668 ], [ 94.872359638826396, 27.486168159072701 ] ], [ [ 94.860749713412886, 27.481811285466321 ], [ 94.861776613495593, 27.482700072978542 ], [ 94.861562127314173, 27.481980924820384 ], [ 94.859115799765192, 27.480930599968701 ], [ 94.859327236606632, 27.481469288865082 ], [ 94.860749713412886, 27.481811285466321 ] ], [ [ 94.85727048647945, 27.479511201498603 ], [ 94.857475855409234, 27.479688965363042 ], [ 94.857472827471781, 27.479508501095278 ], [ 94.85727048647945, 27.479511201498603 ] ], [ [ 94.857469799562537, 27.479328036822533 ], [ 94.857675168435918, 27.479505800398123 ], [ 94.85767214019728, 27.479325336146058 ], [ 94.857469799562537, 27.479328036822533 ] ], [ [ 94.852190817686761, 27.478315362311623 ], [ 94.852396176583568, 27.47849313421769 ], [ 94.852393157077614, 27.478312669398612 ], [ 94.852190817686761, 27.478315362311623 ] ] ] } },
{ "type": "Feature", "properties": { "rank": 11, "class": "Accretion (water to land)", "source": "change", "area_ha": 1261.48, "mean_soil_loss_t_ha_yr": null, "max_retreat_m": 40.0, "retreat_m_per_yr": 6.7, "mean_probability": null, "model_agreement": null, "confidence": "High", "confidence_score": 0.974, "population": 6508.0, "built_ha": 9.56, "crop_ha": 91.75, "road_km": 9.78, "embankment_km": 2.22, "facilities": 0.0, "nearest_place": "Changamari Habi", "nearest_place_km": 5.3, "exposure_index": 0.843, "hazard_score": 2.087, "priority_score": 1.857, "lat": 27.413906, "lon": 94.775179 }, "geometry": { "type": "Polygon", "coordinates": [ [ [ 94.777302331695225, 27.452756924842724 ], [ 94.777293649884527, 27.452215505792452 ], [ 94.776889049498294, 27.452220668525335 ], [ 94.776874583642808, 27.451318303144504 ], [ 94.777267605908648, 27.450591248373854 ], [ 94.776851439675966, 27.449874518277344 ], [ 94.776449739978347, 27.450060152487062 ], [ 94.77664046616286, 27.449335679479955 ], [ 94.776230092554457, 27.448979893403866 ], [ 94.77622141737632, 27.448438473744481 ], [ 94.775822612645641, 27.448804579235084 ], [ 94.775834177187932, 27.449526472222875 ], [ 94.774837147809109, 27.450441731714417 ], [ 94.775045225066194, 27.450800100200485 ], [ 94.774640629350557, 27.450805256159271 ], [ 94.774452777165877, 27.451710200339786 ], [ 94.773033792717371, 27.451547762129405 ], [ 94.772825720239098, 27.451189390431701 ], [ 94.773019358651993, 27.45064539477201 ], [ 94.773227430612991, 27.451003766225671 ], [ 94.773834325698218, 27.450996037952006 ], [ 94.774631961258677, 27.450263836174216 ], [ 94.774626182665386, 27.449902889492716 ], [ 94.775027885177437, 27.449717260422872 ], [ 94.774814031235238, 27.44899794506718 ], [ 94.775215730209865, 27.448812315602911 ], [ 94.77520706004627, 27.448270895632096 ], [ 94.774386332456501, 27.447559312763104 ], [ 94.774380555328705, 27.447198365893374 ], [ 94.773770793671048, 27.447025622062831 ], [ 94.772331674507456, 27.44559985825552 ], [ 94.772323019610241, 27.445058437187601 ], [ 94.771704620981623, 27.444344262280598 ], [ 94.771698853372712, 27.443983314719191 ], [ 94.772302825791044, 27.443795121188991 ], [ 94.772297056370405, 27.443434173716213 ], [ 94.771690202160897, 27.443441893339898 ], [ 94.77069607074128, 27.444537596816236 ], [ 94.770519721897486, 27.446164432889585 ], [ 94.770126668193356, 27.446891470404292 ], [ 94.770146839886863, 27.44815478733155 ], [ 94.771395207447966, 27.45030504062926 ], [ 94.772831493288024, 27.451550337399265 ], [ 94.771620580738201, 27.45174625644891 ], [ 94.769814288806174, 27.452671773781521 ], [ 94.769406804006294, 27.452496441084168 ], [ 94.769178576658121, 27.450874746687376 ], [ 94.768768219707567, 27.450518937825752 ], [ 94.768753820988152, 27.449616568249386 ], [ 94.768337712350103, 27.448899809826003 ], [ 94.768314681915783, 27.447456017772499 ], [ 94.767476739354876, 27.445661546974222 ], [ 94.767453723306971, 27.444217753577323 ], [ 94.767029016910996, 27.442959566601168 ], [ 94.766974376734098, 27.439530554606133 ], [ 94.767370304517087, 27.438983999855488 ], [ 94.767526561855178, 27.436093843866129 ], [ 94.766711724945338, 27.43574315692554 ], [ 94.766107784653045, 27.435931324786786 ], [ 94.76386844435693, 27.4350571374056 ], [ 94.762857092303022, 27.435069937209668 ], [ 94.76325589534278, 27.434703868477886 ], [ 94.763045019956181, 27.434165003474842 ], [ 94.762227343090714, 27.433633813907655 ], [ 94.761418271163492, 27.433644044323216 ], [ 94.761623405313216, 27.433821962193523 ], [ 94.761426868641138, 27.43418546946987 ], [ 94.761005139774355, 27.433107732462219 ], [ 94.760196071150119, 27.433117955602935 ], [ 94.759985213832309, 27.432579085007436 ], [ 94.759583543959593, 27.432764669373693 ], [ 94.758156235518953, 27.432060640526039 ], [ 94.757147766321467, 27.432253873109389 ], [ 94.756717513295712, 27.430634693807541 ], [ 94.756703224761353, 27.429732315791334 ], [ 94.757107747545462, 27.429727215523485 ], [ 94.760155981494052, 27.430591302474841 ], [ 94.761164429212982, 27.430398049025108 ], [ 94.762788260793229, 27.430738538678344 ], [ 94.764810885354862, 27.430712936449339 ], [ 94.766639867000535, 27.431231293220421 ], [ 94.768494758738186, 27.433373894691755 ], [ 94.768919438319017, 27.434632079795975 ], [ 94.769953821933626, 27.436063029638756 ], [ 94.769962461951195, 27.436604452100685 ], [ 94.770996878484382, 27.438035392301899 ], [ 94.771005524318966, 27.438576814304668 ], [ 94.771621001173585, 27.439110520699931 ], [ 94.771424489774589, 27.439474040716071 ], [ 94.771019934580508, 27.439479184210178 ], [ 94.771236624767909, 27.440378982292863 ], [ 94.774825658100369, 27.437084116497733 ], [ 94.774819882122259, 27.436723169171565 ], [ 94.77541803182325, 27.43617401680816 ], [ 94.775822573999477, 27.436168861116798 ], [ 94.776019065393854, 27.435805335692553 ], [ 94.77683103781375, 27.435975493267215 ], [ 94.776822364510593, 27.435434072774392 ], [ 94.777226903680102, 27.435428913134512 ], [ 94.776383142333927, 27.433273548348929 ], [ 94.775770566913963, 27.432920335800286 ], [ 94.7757647888875, 27.432559388443778 ], [ 94.774739029733212, 27.431669904523769 ], [ 94.773698860191971, 27.429878042446312 ], [ 94.772878284953535, 27.429166441982307 ], [ 94.77265872552762, 27.428086170567298 ], [ 94.772251329407482, 27.427910841537223 ], [ 94.772054837790606, 27.428274361960295 ], [ 94.771427896991028, 27.427018756974647 ], [ 94.77060735777539, 27.426307141160347 ], [ 94.769775315651657, 27.424873622110024 ], [ 94.769128282318391, 27.422354682090909 ], [ 94.767493063106315, 27.421292361977674 ], [ 94.76518513360611, 27.416086779640011 ], [ 94.76457268908095, 27.415733510837764 ], [ 94.763943042728201, 27.414297387363231 ], [ 94.76312551395408, 27.413766194917006 ], [ 94.761672664287829, 27.411437909811973 ], [ 94.76145325825361, 27.410357611305578 ], [ 94.76041637874593, 27.408746101030967 ], [ 94.760610017305964, 27.408202120093595 ], [ 94.760000491489706, 27.408029303921534 ], [ 94.759376671052465, 27.406954105323827 ], [ 94.758770012015816, 27.406961759321266 ], [ 94.758758579332635, 27.406239855264335 ], [ 94.759564593326431, 27.406049173713427 ], [ 94.758955080887205, 27.405876352284157 ], [ 94.758932214600861, 27.404432544010287 ], [ 94.758319854852616, 27.404079243192349 ], [ 94.757904000030251, 27.403362437907614 ], [ 94.757878293702532, 27.401738152073282 ], [ 94.757459595952838, 27.400840868406952 ], [ 94.761566733558709, 27.404760308989491 ], [ 94.760558517061071, 27.404953555010163 ], [ 94.760168386745022, 27.405861040599483 ], [ 94.761168026429544, 27.405126369570056 ], [ 94.762381322649972, 27.405111039019801 ], [ 94.763398133164571, 27.405459206700904 ], [ 94.76400191595215, 27.405271057421885 ], [ 94.765628251213812, 27.405792007499532 ], [ 94.766841551782619, 27.405776637806632 ], [ 94.768447789318799, 27.405034228069521 ], [ 94.769458864754554, 27.405021400610561 ], [ 94.769447363563586, 27.404299500518061 ], [ 94.769034312452334, 27.403763206983498 ], [ 94.7692020291191, 27.401594940169364 ], [ 94.768786116225186, 27.400878169992787 ], [ 94.768780368777897, 27.400517219610606 ], [ 94.769378365425524, 27.399968098299837 ], [ 94.768768874204909, 27.399795318786843 ], [ 94.769138796300211, 27.397624486178252 ], [ 94.768523572697532, 27.397090754325195 ], [ 94.768122043480147, 27.397276357458736 ], [ 94.768147894638375, 27.398900635355847 ], [ 94.767746358364334, 27.399086237701315 ], [ 94.767928458222258, 27.397820347001847 ], [ 94.767518311403208, 27.397464522402391 ], [ 94.767489600011842, 27.395659768172511 ], [ 94.767073722375486, 27.394942990728282 ], [ 94.766472870000285, 27.395311626233255 ], [ 94.76718407476362, 27.389165210557888 ], [ 94.766927374831866, 27.385738733443592 ], [ 94.765073362601157, 27.383596058076833 ], [ 94.763649536468051, 27.383072528676191 ], [ 94.763045871427224, 27.383260671321924 ], [ 94.761408444583736, 27.382017767814393 ], [ 94.7585580217375, 27.380790138493886 ], [ 94.755519737263413, 27.380467376788761 ], [ 94.755511188224034, 27.379925945751406 ], [ 94.754488941636367, 27.37921675288548 ], [ 94.751037841369325, 27.378357542615483 ], [ 94.750220644530174, 27.377826256524237 ], [ 94.749821989519717, 27.378192283214869 ], [ 94.749007638154708, 27.377841467362813 ], [ 94.749001960540454, 27.377480511946739 ], [ 94.748799793373962, 27.377483046023375 ], [ 94.748600464319438, 27.377666057556819 ], [ 94.748392621177345, 27.377307635524954 ], [ 94.747376114109983, 27.376959342738299 ], [ 94.74737044200397, 27.376598386961586 ], [ 94.749167221509254, 27.375131767144296 ], [ 94.749557350423046, 27.374224309378167 ], [ 94.749306930751516, 27.371158721297757 ], [ 94.748888430496152, 27.370261399475364 ], [ 94.749494892516836, 27.370253797825306 ], [ 94.749685690554543, 27.369529351986444 ], [ 94.75070213455605, 27.369877631146142 ], [ 94.751522114878, 27.370589395282003 ], [ 94.751527798997984, 27.370950350567217 ], [ 94.752342105683397, 27.371301154034583 ], [ 94.753381335368971, 27.373093231980601 ], [ 94.753785652726847, 27.373088151010585 ], [ 94.753791344797591, 27.373449105728437 ], [ 94.754400669659347, 27.373621959255011 ], [ 94.754611371518607, 27.374160849185543 ], [ 94.756037893754964, 27.374864956000593 ], [ 94.756459320658863, 27.375942729307479 ], [ 94.75726797464506, 27.375932547392093 ], [ 94.757262270689324, 27.375571593476764 ], [ 94.757871611881129, 27.375744430986714 ], [ 94.758065215157544, 27.37520045325757 ], [ 94.762307751756879, 27.374966421975444 ], [ 94.76292281831283, 27.375500190080807 ], [ 94.762928540619143, 27.375861142899424 ], [ 94.763942216603411, 27.376028844261555 ], [ 94.763882102746422, 27.372238840843725 ], [ 94.763229857188989, 27.369358881452001 ], [ 94.762395518583659, 27.367744805860429 ], [ 94.762384081501338, 27.367022899156602 ], [ 94.761976929504215, 27.366847527265623 ], [ 94.761746202321319, 27.36504531148239 ], [ 94.761330486986608, 27.364328506740378 ], [ 94.76051335161209, 27.363797277386887 ], [ 94.760086229248571, 27.362358560172513 ], [ 94.759676243763749, 27.36200270340812 ], [ 94.758466268302726, 27.362198465499652 ], [ 94.75886483916446, 27.361832417349881 ], [ 94.758853427869127, 27.361110508661636 ], [ 94.758244166944763, 27.360937671380665 ], [ 94.758033476652884, 27.360398785612666 ], [ 94.757222085849079, 27.360228489291828 ], [ 94.757216385866059, 27.359867534555708 ], [ 94.759243433707695, 27.360203028115663 ], [ 94.759226314432595, 27.35912016502165 ], [ 94.75881634410031, 27.358764304878804 ], [ 94.759012770722933, 27.358400803431206 ], [ 94.758394969733757, 27.357686534169797 ], [ 94.758591396074152, 27.357323033286793 ], [ 94.757985007471817, 27.357330671139287 ], [ 94.758178583463518, 27.356786693425384 ], [ 94.757774326279744, 27.356791784332597 ], [ 94.757751523170612, 27.355347964987775 ], [ 94.758562878561264, 27.355518259986962 ], [ 94.758548620802571, 27.354615873151769 ], [ 94.758947165690543, 27.354249825684846 ], [ 94.758924349848812, 27.352806006725611 ], [ 94.758517256074796, 27.352630621679559 ], [ 94.760336343847428, 27.352607696914415 ], [ 94.76093414071849, 27.35205861844576 ], [ 94.761338380029287, 27.352053519201792 ], [ 94.761141971175519, 27.352417023348149 ], [ 94.761748331985544, 27.352409373049273 ], [ 94.761566204922829, 27.353675263335013 ], [ 94.762408987675002, 27.355830783492646 ], [ 94.762437567919974, 27.357635552972383 ], [ 94.763534021650756, 27.36303709193151 ], [ 94.76519122308332, 27.365543321095107 ], [ 94.765199813970696, 27.366084750424839 ], [ 94.76684276829171, 27.367688573714148 ], [ 94.767466415989276, 27.368763751687581 ], [ 94.767267134029709, 27.368946787923566 ], [ 94.766851368002179, 27.368230002394313 ], [ 94.766449937111716, 27.368415596631586 ], [ 94.76834387630754, 27.373084932648315 ], [ 94.769215671418095, 27.377045150790241 ], [ 94.7702638452934, 27.379378512996549 ], [ 94.770269592372159, 27.379739464182247 ], [ 94.769665958015167, 27.37992763418065 ], [ 94.768885994717479, 27.381742646261408 ], [ 94.768484520113802, 27.381928248167483 ], [ 94.768106007446832, 27.383557654739391 ], [ 94.768123231067449, 27.384640508853668 ], [ 94.768539072764497, 27.385357285683281 ], [ 94.769151355599092, 27.385710545861969 ], [ 94.769159973170673, 27.386251972468038 ], [ 94.769564334929143, 27.38624684352974 ], [ 94.769772262917058, 27.386605229549343 ], [ 94.768983643461866, 27.387878816226308 ], [ 94.768813054828811, 27.389866610591959 ], [ 94.769026733635172, 27.390585948215985 ], [ 94.769433984734775, 27.39076129430515 ], [ 94.769442605540846, 27.391302720436506 ], [ 94.768235208097934, 27.391679056254841 ], [ 94.768281159175828, 27.394566663267888 ], [ 94.768887747429815, 27.39455897109632 ], [ 94.769910226654318, 27.39526804587916 ], [ 94.77034050202704, 27.396887189652631 ], [ 94.771570969275032, 27.397954633593564 ], [ 94.771576725157786, 27.398315583562734 ], [ 94.771978251662333, 27.39812997059995 ], [ 94.772764021840374, 27.396675892035734 ], [ 94.773370620132653, 27.396668179827341 ], [ 94.773162660080544, 27.396309801113631 ], [ 94.77356993851609, 27.396485133676101 ], [ 94.773957047199815, 27.395397141349896 ], [ 94.774956499687221, 27.394662379177568 ], [ 94.776989999380618, 27.395358529669558 ], [ 94.779422137481632, 27.395688541453016 ], [ 94.780242492043016, 27.396400116419787 ], [ 94.781256375901194, 27.396567681274799 ], [ 94.780854871995942, 27.396753319994499 ], [ 94.779228610817881, 27.396232544040625 ], [ 94.778844441889817, 27.39750102285069 ], [ 94.779072653259902, 27.399122711738226 ], [ 94.781291099510568, 27.398733369821446 ], [ 94.782495625515196, 27.398176445830757 ], [ 94.78309353890522, 27.397627269337761 ], [ 94.78308774578619, 27.397266321593744 ], [ 94.783492144551431, 27.397261150385134 ], [ 94.783908134803397, 27.39797787315576 ], [ 94.784520534450849, 27.398331059577529 ], [ 94.784535029743537, 27.399233428056988 ], [ 94.783344990408722, 27.400692738526907 ], [ 94.782339753512304, 27.401066612487124 ], [ 94.782351336877753, 27.401788507856651 ], [ 94.782143338064174, 27.401430144631597 ], [ 94.781129408415737, 27.401262588523164 ], [ 94.780918521073616, 27.400723749215018 ], [ 94.780314795598414, 27.400911969354834 ], [ 94.780323473157821, 27.401453391499011 ], [ 94.779139135936688, 27.403273617576872 ], [ 94.779156481588757, 27.404356462147341 ], [ 94.77837652884196, 27.406171522056407 ], [ 94.77840542998625, 27.407976262907461 ], [ 94.779064134691907, 27.411217054451658 ], [ 94.779907753782851, 27.41337241499734 ], [ 94.780531807420758, 27.414447509583809 ], [ 94.780939164470013, 27.414622816451647 ], [ 94.78095074543161, 27.41534471096934 ], [ 94.780546280271892, 27.415349877941516 ], [ 94.78056654339693, 27.416613193434188 ], [ 94.781190623347726, 27.417688283420841 ], [ 94.781427617698, 27.419851380772784 ], [ 94.780416413818145, 27.419864301413721 ], [ 94.780425098891584, 27.420405722056682 ], [ 94.782476500672828, 27.422184606023013 ], [ 94.784308309685372, 27.422883207303428 ], [ 94.787758115595111, 27.423561037781116 ], [ 94.789592887404694, 27.424440039335622 ], [ 94.789800957204463, 27.424798387099223 ], [ 94.790815113350021, 27.424965868648183 ], [ 94.79122835092744, 27.425502087266509 ], [ 94.791835100563901, 27.425494287239058 ], [ 94.792456426446265, 27.426388845626935 ], [ 94.793672851702638, 27.426553703855486 ], [ 94.793880938693803, 27.4269120445989 ], [ 94.796929332265577, 27.427775317160094 ], [ 94.797345533161021, 27.428491987172993 ], [ 94.797750042483528, 27.428486769175731 ], [ 94.797755891007441, 27.428847712404522 ], [ 94.79919216416971, 27.430092740060427 ], [ 94.799198017784505, 27.430453682919612 ], [ 94.80062554027549, 27.431157279878995 ], [ 94.800836588283303, 27.431696079745684 ], [ 94.802243612847533, 27.431136360912333 ], [ 94.802642265711967, 27.430770186100155 ], [ 94.802434143209112, 27.43041186034597 ], [ 94.805063489965406, 27.430377824226319 ], [ 94.80547094147515, 27.430553054301612 ], [ 94.805476815626378, 27.430913995887096 ], [ 94.806282909787612, 27.430723039967184 ], [ 94.806493983810725, 27.431261830005969 ], [ 94.808340788080727, 27.432862452391429 ], [ 94.808346672145362, 27.433223393284614 ], [ 94.809161607066699, 27.433573831317368 ], [ 94.809777228207494, 27.434107361957224 ], [ 94.809783117257112, 27.434468302498949 ], [ 94.811627074840175, 27.435888405641261 ], [ 94.811632970354879, 27.436249345720825 ], [ 94.812242720712717, 27.436421924016585 ], [ 94.812453835682263, 27.436960702676192 ], [ 94.812858372501509, 27.436955439344143 ], [ 94.813072441872094, 27.437674686693228 ], [ 94.813476981155929, 27.437669421439708 ], [ 94.813485834168532, 27.438210830857749 ], [ 94.814309678496073, 27.439102645115181 ], [ 94.814318536113547, 27.439644054171669 ], [ 94.815775818322066, 27.442152179800324 ], [ 94.815790595002056, 27.44305452707335 ], [ 94.816204021606367, 27.443590661162954 ], [ 94.816007653174907, 27.443954237221117 ], [ 94.815603091538833, 27.443959510929734 ], [ 94.814785106364454, 27.443428646248464 ], [ 94.81052838033375, 27.442942513516662 ], [ 94.810114982768198, 27.442406361079662 ], [ 94.808077481445082, 27.441530279776959 ], [ 94.806435743100138, 27.440107510295146 ], [ 94.805805408681806, 27.438671613444292 ], [ 94.805781900685488, 27.437227848852061 ], [ 94.805169216795548, 27.436874771352151 ], [ 94.804958136747743, 27.436335979923101 ], [ 94.804154935281531, 27.436707400881417 ], [ 94.803548128446039, 27.436715257478951 ], [ 94.802932520368969, 27.436181698744146 ], [ 94.800508231108608, 27.436393558595334 ], [ 94.799687442583746, 27.435682127268883 ], [ 94.799282907462725, 27.435687352146815 ], [ 94.799101131610414, 27.436953263129251 ], [ 94.798485542356275, 27.436419683786294 ], [ 94.798057599047638, 27.434981134097839 ], [ 94.798254013778447, 27.434617580834278 ], [ 94.797843631950926, 27.434261858454317 ], [ 94.797826081799386, 27.433179029601668 ], [ 94.797406934299573, 27.432281890925676 ], [ 94.797002411067268, 27.432287108590241 ], [ 94.796996564136435, 27.43192616538996 ], [ 94.796181675780915, 27.431575653659596 ], [ 94.795557368334329, 27.430500643578245 ], [ 94.794132802094325, 27.429977464600203 ], [ 94.79330626801169, 27.428905046742226 ], [ 94.79229207281719, 27.428737585328381 ], [ 94.791881731955101, 27.428381843133327 ], [ 94.791685305602684, 27.428745388192176 ], [ 94.792089817106202, 27.428740186576221 ], [ 94.792303734597652, 27.429459473904267 ], [ 94.790468858020162, 27.428580513666443 ], [ 94.788853722036848, 27.428781766660912 ], [ 94.789067618934027, 27.429501059956539 ], [ 94.788460846473583, 27.429508848983705 ], [ 94.788047605688476, 27.428972622522313 ], [ 94.787643092442281, 27.428977812448419 ], [ 94.787987882906265, 27.437818368456373 ], [ 94.788404069224143, 27.438535065171244 ], [ 94.789837462470558, 27.439599714533188 ], [ 94.790051390750719, 27.440319003951114 ], [ 94.790875071605981, 27.441210964918344 ], [ 94.790889645126057, 27.442113324711979 ], [ 94.791091925349505, 27.44211072404152 ], [ 94.791300036459162, 27.442469066880612 ], [ 94.790889645126057, 27.442113324711979 ], [ 94.789878243601351, 27.442126323663178 ], [ 94.789681788867568, 27.442489866695091 ], [ 94.789274314515851, 27.44231459161627 ], [ 94.789280138907557, 27.442675535807936 ], [ 94.788479745773245, 27.443227342894904 ], [ 94.788086822190863, 27.443954425294887 ], [ 94.787708443465974, 27.445583867676202 ], [ 94.786515078501296, 27.446862745547836 ], [ 94.784697378247401, 27.447066557367108 ], [ 94.783087765889405, 27.447628701434663 ], [ 94.782891279633219, 27.447992236140784 ], [ 94.782686085632236, 27.447814352810905 ], [ 94.783084863142633, 27.447448228858782 ], [ 94.782472187089894, 27.447095051221726 ], [ 94.782053101692114, 27.446197864607871 ], [ 94.78103006123105, 27.445488909904814 ], [ 94.78102426299084, 27.44512796423226 ], [ 94.780619689285444, 27.445133136573109 ], [ 94.780200626921172, 27.444235943075515 ], [ 94.77979895328663, 27.44442158585306 ], [ 94.779784468564216, 27.44351922089108 ], [ 94.778576553771302, 27.443895668995683 ], [ 94.777781882714805, 27.444808363766143 ], [ 94.77737730946113, 27.444813526637365 ], [ 94.775978647616199, 27.44591442743074 ], [ 94.775993102850521, 27.446816793950855 ], [ 94.776608650533149, 27.447350474388244 ], [ 94.777623000864963, 27.447518042609357 ], [ 94.777628788625222, 27.447878988826517 ], [ 94.778030478455278, 27.447693351628917 ], [ 94.779695170432262, 27.450560249457702 ], [ 94.779305061668381, 27.451467783171115 ], [ 94.778299359349447, 27.451841647962905 ], [ 94.777906340082296, 27.452568705411295 ], [ 94.777302331695225, 27.452756924842724 ] ], [ [ 94.777076882204568, 27.451315722023757 ], [ 94.77728207451446, 27.451493613655995 ], [ 94.77727918073937, 27.451313140609479 ], [ 94.777076882204568, 27.451315722023757 ] ], [ [ 94.774582846648471, 27.447195788749401 ], [ 94.775189720446221, 27.447188055556619 ], [ 94.774964313879678, 27.445746846377997 ], [ 94.774756247339909, 27.445388477060987 ], [ 94.773126397590289, 27.444687192291926 ], [ 94.773132170018172, 27.445048139537427 ], [ 94.774571291400349, 27.446473895029467 ], [ 94.774582846648471, 27.447195788749401 ] ], [ [ 94.774340118448933, 27.444671737250026 ], [ 94.77514926514975, 27.444661428019785 ], [ 94.775747453627645, 27.444112272880925 ], [ 94.775938176543335, 27.443387800515101 ], [ 94.776545029057374, 27.443380062405122 ], [ 94.776738637543204, 27.442836062505815 ], [ 94.777547769797636, 27.442825739981519 ], [ 94.777541983547465, 27.442464793486703 ], [ 94.777949441966896, 27.442640103753476 ], [ 94.777943654455427, 27.442279157327924 ], [ 94.778746992082944, 27.44190788171203 ], [ 94.778111209662356, 27.440110896703583 ], [ 94.777700867515748, 27.439755113115364 ], [ 94.777894464963282, 27.439211111910037 ], [ 94.777487019549852, 27.439035800797015 ], [ 94.77767193863933, 27.437950379798167 ], [ 94.776859950575869, 27.437780227921102 ], [ 94.776261800195343, 27.438329386429757 ], [ 94.775452700171968, 27.43833969993479 ], [ 94.77546136786502, 27.438881120604933 ], [ 94.775053927118833, 27.438705802124538 ], [ 94.774663815506827, 27.439613324126839 ], [ 94.773663973723401, 27.440348099020596 ], [ 94.773270959529498, 27.441075144034624 ], [ 94.772901024681445, 27.443245977766988 ], [ 94.773504990804412, 27.443057779290346 ], [ 94.773311365856202, 27.443601775448219 ], [ 94.773929769985969, 27.444315942997083 ], [ 94.774334342182499, 27.444310790221667 ], [ 94.774340118448933, 27.444671737250026 ] ], [ [ 94.784228902477253, 27.443101345188079 ], [ 94.78745960484278, 27.442698908050897 ], [ 94.787837979964237, 27.441069465999831 ], [ 94.786817862289837, 27.440541025202936 ], [ 94.786190680609124, 27.439285500048229 ], [ 94.78538157798981, 27.439295871529968 ], [ 94.785188017786297, 27.439839881393805 ], [ 94.784780559744917, 27.439664592296502 ], [ 94.784589900301299, 27.440389074084422 ], [ 94.783971453737479, 27.439674955722637 ], [ 94.78380982021298, 27.442204163330501 ], [ 94.784228902477253, 27.443101345188079 ] ], [ [ 94.810906413134887, 27.441313025134733 ], [ 94.811914846654247, 27.44111940404003 ], [ 94.811498501866808, 27.440402785643389 ], [ 94.811694879894631, 27.440039215356471 ], [ 94.811266750813587, 27.438600715928668 ], [ 94.809645632611108, 27.438441274720542 ], [ 94.808423174967785, 27.437915623088358 ], [ 94.808429060568201, 27.438276563703425 ], [ 94.809455139360253, 27.439165782748994 ], [ 94.808238559482376, 27.43900107045479 ], [ 94.808050998581407, 27.439906047294972 ], [ 94.808657821359759, 27.43989817025053 ], [ 94.809481641947585, 27.440790014141207 ], [ 94.810088469080981, 27.440782130633796 ], [ 94.810906413134887, 27.441313025134733 ] ], [ [ 94.777891571706434, 27.439030638605555 ], [ 94.778096741329861, 27.439208530354449 ], [ 94.778093847744287, 27.439028057069752 ], [ 94.777891571706434, 27.439030638605555 ] ], [ [ 94.785768693129313, 27.438207851146021 ], [ 94.787788519368632, 27.438001436609717 ], [ 94.787381064603764, 27.4378261549512 ], [ 94.787372339130485, 27.437284737716912 ], [ 94.787779791841714, 27.437460019509704 ], [ 94.787773973625988, 27.437099074751558 ], [ 94.786554530340808, 27.436753697846658 ], [ 94.786360979681646, 27.437297709042785 ], [ 94.785560608232743, 27.437849498594446 ], [ 94.785768693129313, 27.438207851146021 ] ], [ [ 94.785147347449012, 27.437313264953286 ], [ 94.785548986156428, 27.437127608222841 ], [ 94.785332189063169, 27.436227837239223 ], [ 94.784927648767621, 27.436233020544144 ], [ 94.784731186662853, 27.436596557160904 ], [ 94.785147347449012, 27.437313264953286 ] ], [ [ 94.787363613901178, 27.436743320437976 ], [ 94.787568793434872, 27.436921197763827 ], [ 94.787565884723506, 27.436740725352447 ], [ 94.787363613901178, 27.436743320437976 ] ], [ [ 94.776426496564284, 27.435980651852436 ], [ 94.776631658028734, 27.436158546213967 ], [ 94.776628767202496, 27.435978072706497 ], [ 94.776426496564284, 27.435980651852436 ] ], [ [ 94.77683103781375, 27.435975493267215 ], [ 94.77723847076777, 27.436150806956764 ], [ 94.777235578955427, 27.435970333508635 ], [ 94.77683103781375, 27.435975493267215 ] ], [ [ 94.807564091405723, 27.434858125769598 ], [ 94.809188099039957, 27.435198064276641 ], [ 94.809176324555267, 27.434476183011071 ], [ 94.808153235364031, 27.433767429584204 ], [ 94.80814735179213, 27.43340648868055 ], [ 94.807742826856511, 27.433411737714255 ], [ 94.807736944708822, 27.433050796710241 ], [ 94.806916138429187, 27.432339408707691 ], [ 94.806511617108185, 27.432344653980579 ], [ 94.805896021106733, 27.431811107544419 ], [ 94.803460099986935, 27.431301130351439 ], [ 94.802064807099725, 27.432582745644005 ], [ 94.802683323045486, 27.433296780648217 ], [ 94.802486925294303, 27.433660339411794 ], [ 94.803298913130192, 27.433830341524956 ], [ 94.80391744413815, 27.434544370207689 ], [ 94.806142357343845, 27.434515545975902 ], [ 94.806552765304104, 27.434871242559499 ], [ 94.807564091405723, 27.434858125769598 ] ], [ [ 94.7842569708083, 27.432270391671015 ], [ 94.785066022693485, 27.432260029156208 ], [ 94.78565828634936, 27.431349890544407 ], [ 94.785629238432506, 27.429545162880142 ], [ 94.785005043053999, 27.428470099757138 ], [ 94.784603433831222, 27.428655753684481 ], [ 94.784395372373467, 27.428297397888858 ], [ 94.783381192350163, 27.428129870668492 ], [ 94.782985381771212, 27.4286764661517 ], [ 94.783389894948485, 27.428671289794359 ], [ 94.783600855323968, 27.429210120197517 ], [ 94.783410201957665, 27.429934600914546 ], [ 94.783820523187288, 27.43029036901655 ], [ 94.783421806557826, 27.430656492874139 ], [ 94.783826326855859, 27.430651314907021 ], [ 94.783837934517592, 27.431373206628447 ], [ 94.784239554723058, 27.431187554446183 ], [ 94.7842569708083, 27.432270391671015 ] ], [ [ 94.805679073808676, 27.430911375024472 ], [ 94.806086528193589, 27.431086603144436 ], [ 94.80608359009112, 27.430906132419441 ], [ 94.805679073808676, 27.430911375024472 ] ], [ [ 94.771404847833736, 27.425574962804752 ], [ 94.772837913344702, 27.426639804742429 ], [ 94.772612594813339, 27.425198584279698 ], [ 94.771176670291808, 27.423953264475951 ], [ 94.771404847833736, 27.425574962804752 ] ], [ [ 94.776400477056768, 27.421720649955486 ], [ 94.777015880068376, 27.422254336949305 ], [ 94.776781852465334, 27.420271702854819 ], [ 94.776163574039018, 27.419557540127936 ], [ 94.776400477056768, 27.421720649955486 ] ], [ [ 94.768498535554102, 27.420918585071423 ], [ 94.770116487277249, 27.420898046102437 ], [ 94.770307216549469, 27.420173579298933 ], [ 94.769691856184565, 27.419639860439798 ], [ 94.768649014711173, 27.417667473756779 ], [ 94.767213234756071, 27.416422105095261 ], [ 94.767224727371726, 27.417144004805674 ], [ 94.767629201991497, 27.417138876166515 ], [ 94.767435585423172, 27.417682865304453 ], [ 94.768059548278728, 27.418758019705397 ], [ 94.768498535554102, 27.420918585071423 ] ], [ [ 94.772477125625116, 27.416716292225932 ], [ 94.773286069339875, 27.416706003449889 ], [ 94.774071938935165, 27.415251915765623 ], [ 94.773788970612173, 27.410201206599456 ], [ 94.772780731796857, 27.410394542232247 ], [ 94.772370521418878, 27.410038735465573 ], [ 94.772399329740168, 27.4118434812045 ], [ 94.771997755774905, 27.412029097354836 ], [ 94.772176938800385, 27.410582730029802 ], [ 94.771766729520621, 27.410226921435992 ], [ 94.771758090421756, 27.409685497455104 ], [ 94.771154299212924, 27.409873680739125 ], [ 94.770977981977339, 27.41150052216685 ], [ 94.770764242384203, 27.410781192098042 ], [ 94.769949587041353, 27.410430514563405 ], [ 94.769730103793165, 27.409350232658799 ], [ 94.768912587186904, 27.408819073391399 ], [ 94.768106572630586, 27.409009809126935 ], [ 94.768716114437012, 27.409182588969784 ], [ 94.768926962170482, 27.409721448171183 ], [ 94.768320291147077, 27.409729144424169 ], [ 94.768109446287511, 27.409190284166577 ], [ 94.767297682702463, 27.409020065208487 ], [ 94.76669101497518, 27.409027754193065 ], [ 94.766696757720268, 27.409388704542788 ], [ 94.766084347006924, 27.409035440540563 ], [ 94.764873878752795, 27.409231280678533 ], [ 94.765090445991419, 27.410131097192739 ], [ 94.766321019888323, 27.411198580990959 ], [ 94.766725473052148, 27.411193455994418 ], [ 94.766300923470737, 27.409935254751542 ], [ 94.766497405518905, 27.409571742178052 ], [ 94.766901852720281, 27.409566616949384 ], [ 94.766921955656784, 27.410829942845194 ], [ 94.767337897954476, 27.41154671641474 ], [ 94.768155428442213, 27.412077884127548 ], [ 94.768987344419983, 27.413511420894672 ], [ 94.770417347421898, 27.414395823266826 ], [ 94.770633971663571, 27.415295627924074 ], [ 94.771243551854454, 27.415468394739399 ], [ 94.772477125625116, 27.416716292225932 ] ], [ [ 94.77523916355868, 27.412348880230333 ], [ 94.775845846615425, 27.412341153200682 ], [ 94.775634960178394, 27.411802306492927 ], [ 94.773994077937786, 27.410379107937541 ], [ 94.77421072106641, 27.411278906523194 ], [ 94.775028279995595, 27.41181003246561 ], [ 94.77523916355868, 27.412348880230333 ] ], [ [ 94.759769671029488, 27.406227097528614 ], [ 94.760174107521593, 27.406221992383475 ], [ 94.760168386745022, 27.405861040599483 ], [ 94.75996616916872, 27.405863593279363 ], [ 94.759769671029488, 27.406227097528614 ] ], [ [ 94.763195916671748, 27.405461764029081 ], [ 94.763400998737268, 27.405639682291547 ], [ 94.763398133164571, 27.405459206700904 ], [ 94.763195916671748, 27.405461764029081 ] ], [ [ 94.774300484813907, 27.404237828659404 ], [ 94.774907123882286, 27.404230107812776 ], [ 94.775302895631782, 27.403683535711732 ], [ 94.775430106437668, 27.398988623451874 ], [ 94.77600497987838, 27.396995678971106 ], [ 94.775589043280974, 27.396278929911627 ], [ 94.77479466425433, 27.39719159852773 ], [ 94.774612643807984, 27.398457494538096 ], [ 94.774014682074295, 27.399006636801705 ], [ 94.774026210339144, 27.399728535654418 ], [ 94.773624681988821, 27.399914154588092 ], [ 94.773237556888077, 27.40100214622397 ], [ 94.772443126260782, 27.401914803376002 ], [ 94.772454645745597, 27.402636702543358 ], [ 94.773064157602263, 27.402809464859221 ], [ 94.773069919528368, 27.403170414284915 ], [ 94.773474341985505, 27.403165271098935 ], [ 94.774092506207282, 27.403879452520169 ], [ 94.774496931020877, 27.403874306246909 ], [ 94.774300484813907, 27.404237828659404 ] ], [ [ 94.769375490838186, 27.399787623145535 ], [ 94.770175685102416, 27.399235932933717 ], [ 94.770169933544381, 27.398874982738139 ], [ 94.769765525977618, 27.398880115604729 ], [ 94.769762650894961, 27.398699640460116 ], [ 94.769560447399442, 27.398702206434393 ], [ 94.769771276223338, 27.399241065879099 ], [ 94.769363992756908, 27.399065722478838 ], [ 94.769375490838186, 27.399787623145535 ] ], [ [ 94.769352495104528, 27.398343821732947 ], [ 94.769560447399442, 27.398702206434393 ], [ 94.769554697970719, 27.39834125609093 ], [ 94.769352495104528, 27.398343821732947 ] ], [ [ 94.761804212396456, 27.381471232980278 ], [ 94.762410731328046, 27.381463572336425 ], [ 94.762607181601808, 27.381100065612653 ], [ 94.762202837038586, 27.381105173508118 ], [ 94.760562594407247, 27.37968178125557 ], [ 94.759551744576555, 27.379694533382668 ], [ 94.759557456966874, 27.380055486640146 ], [ 94.759961798290121, 27.380050386588927 ], [ 94.761804212396456, 27.381471232980278 ] ], [ [ 94.748594788069042, 27.377305102053029 ], [ 94.748799793373962, 27.377483046023375 ], [ 94.748796954934292, 27.377302568288471 ], [ 94.748594788069042, 27.377305102053029 ] ], [ [ 94.758181434626593, 27.356967170782141 ], [ 94.758386415022997, 27.357145102202683 ], [ 94.758383563505944, 27.356964624870432 ], [ 94.758181434626593, 27.356967170782141 ] ] ] } },
{ "type": "Feature", "properties": { "rank": 12, "class": "Vegetation loss", "source": "change", "area_ha": 41.28, "mean_soil_loss_t_ha_yr": null, "max_retreat_m": null, "retreat_m_per_yr": null, "mean_probability": null, "model_agreement": null, "confidence": "Not assessed", "confidence_score": null, "population": 2825.0, "built_ha": 13.37, "crop_ha": 146.16, "road_km": 27.77, "embankment_km": 0.0, "facilities": 0.0, "nearest_place": "Mereli Pathar", "nearest_place_km": 2.9, "exposure_index": 0.75, "hazard_score": 2.247, "priority_score": 1.853, "lat": 27.50545, "lon": 95.215432 }, "geometry": { "type": "Polygon", "coordinates": [ [ [ 95.214698623117144, 27.511641879540118 ], [ 95.214087944965755, 27.511471124276635 ], [ 95.214246931035305, 27.509302821589863 ], [ 95.214037353610209, 27.508945196831736 ], [ 95.213632653843121, 27.508951640013503 ], [ 95.213798874393333, 27.507144183819566 ], [ 95.214210794420879, 27.507498587435279 ], [ 95.217058124335907, 27.508175143227685 ], [ 95.217050887919598, 27.50781429706711 ], [ 95.218062624336142, 27.507798162661409 ], [ 95.217853038202122, 27.507440544146927 ], [ 95.217448344987446, 27.507446998104385 ], [ 95.217437488840361, 27.506905728942531 ], [ 95.218037286405604, 27.506535201802336 ], [ 95.218225151886685, 27.505810282278919 ], [ 95.213361673542778, 27.505526813764039 ], [ 95.207898381689063, 27.505613661062412 ], [ 95.208082710501472, 27.504708327072951 ], [ 95.208292260264528, 27.505065962620215 ], [ 95.209101634157065, 27.505053107818284 ], [ 95.209108843792592, 27.505413956064817 ], [ 95.212346344536044, 27.505362489041477 ], [ 95.212339124355623, 27.505001641582677 ], [ 95.211732095598393, 27.505011297233352 ], [ 95.211923610509587, 27.504466807602668 ], [ 95.211522535202263, 27.50465366751942 ], [ 95.211905564445829, 27.503564688543015 ], [ 95.211710441794935, 27.503928754290762 ], [ 95.211305759742956, 27.503935189626095 ], [ 95.210883040234307, 27.503039504033776 ], [ 95.210680700738237, 27.503042720549683 ], [ 95.210684307806034, 27.503223144534932 ], [ 95.21048196794689, 27.503226360781543 ], [ 95.210283234496558, 27.503410000763623 ], [ 95.209665397367488, 27.502878374607263 ], [ 95.209264323325684, 27.503065227931796 ], [ 95.208039476082732, 27.502543235565611 ], [ 95.208025065683159, 27.501821538232779 ], [ 95.207613186649866, 27.501467113601862 ], [ 95.207804717426129, 27.500922628557927 ], [ 95.211038482305057, 27.500690775590083 ], [ 95.211873083647902, 27.501940873913227 ], [ 95.212313854782764, 27.503738675315656 ], [ 95.212725756867641, 27.50409308452241 ], [ 95.21273658866167, 27.50463435563189 ], [ 95.213144884203516, 27.504808339628344 ], [ 95.213155718378033, 27.505349610528558 ], [ 95.215587452088627, 27.505491370100245 ], [ 95.215970442731603, 27.504402382232293 ], [ 95.216371508684432, 27.504215509969875 ], [ 95.216364275727088, 27.50385466343592 ], [ 95.216768956097411, 27.503848213405238 ], [ 95.216761721956743, 27.503487366949532 ], [ 95.217365122274373, 27.50329726668587 ], [ 95.217777037699165, 27.50365166008336 ], [ 95.21756746131949, 27.503294040422038 ], [ 95.217758944531241, 27.502749544497327 ], [ 95.217769800330927, 27.503290813864304 ], [ 95.219189793441174, 27.503448642670239 ], [ 95.21900193725007, 27.504173563114264 ], [ 95.220215979282443, 27.504154186274349 ], [ 95.220237716527038, 27.505236722937443 ], [ 95.221451769207576, 27.505217334626671 ], [ 95.221661361834251, 27.505574947380001 ], [ 95.222066047041722, 27.505568481571604 ], [ 95.222243006056004, 27.504302290571353 ], [ 95.222853653700056, 27.504473011755564 ], [ 95.222644059703967, 27.504115400852715 ], [ 95.223045111932635, 27.503928510052337 ], [ 95.223034230028162, 27.503387242675263 ], [ 95.223438906854852, 27.503380773346095 ], [ 95.223648501763662, 27.503738383015296 ], [ 95.223045111932635, 27.503928510052337 ], [ 95.223059621611355, 27.504650199816723 ], [ 95.223467931214117, 27.504824152519753 ], [ 95.223475187641711, 27.505184997261949 ], [ 95.223879870923298, 27.505178526262004 ], [ 95.223486072536431, 27.505726264336825 ], [ 95.224089471053233, 27.505536134894292 ], [ 95.224096729728188, 27.505896979446931 ], [ 95.224501415443243, 27.505890506485343 ], [ 95.224696497597975, 27.505526425159641 ], [ 95.224906101023109, 27.505884032348071 ], [ 95.225310786467787, 27.505877557035088 ], [ 95.225314417833118, 27.506057979155099 ], [ 95.223692043877989, 27.505903451232815 ], [ 95.223298242204123, 27.506451188930669 ], [ 95.222893554106506, 27.506457658513678 ], [ 95.222481612268652, 27.506103282002947 ], [ 95.223085014849332, 27.505913156707201 ], [ 95.222474358798564, 27.505742437064448 ], [ 95.219843899130808, 27.505784451767088 ], [ 95.22045455221388, 27.50595518319453 ], [ 95.220461799160816, 27.506316028617515 ], [ 95.219258598346897, 27.506876677541559 ], [ 95.219269463391967, 27.507417946036465 ], [ 95.218460077771425, 27.507430861006124 ], [ 95.218474559697171, 27.508152552656302 ], [ 95.218875634020236, 27.50796567270627 ], [ 95.218897361672703, 27.509048209762156 ], [ 95.218496283596934, 27.509235089977935 ], [ 95.218691391254453, 27.508871015725411 ], [ 95.218084343876541, 27.50888070034091 ], [ 95.217488153454184, 27.509431651303597 ], [ 95.2172785656239, 27.509074032073482 ], [ 95.216476401701229, 27.509447782410891 ], [ 95.216259582881975, 27.508729315157215 ], [ 95.215291223653665, 27.51091051596611 ], [ 95.215088870363175, 27.510913739739134 ], [ 95.215092485830922, 27.511094162981717 ], [ 95.214687778489733, 27.511100609695113 ], [ 95.214698623117144, 27.511641879540118 ] ], [ [ 95.214882901934558, 27.5107365399458 ], [ 95.215088870363175, 27.510913739739134 ], [ 95.215085254929079, 27.510733316491432 ], [ 95.214882901934558, 27.5107365399458 ] ], [ [ 95.216458314677936, 27.50854566677998 ], [ 95.216664281114845, 27.508722864381618 ], [ 95.216660663447968, 27.508542441269878 ], [ 95.216458314677936, 27.50854566677998 ] ], [ [ 95.222879044395029, 27.505735968855163 ], [ 95.223283729856391, 27.505729499470192 ], [ 95.223475187641711, 27.505184997261949 ], [ 95.222871789741902, 27.505375123995176 ], [ 95.222879044395029, 27.505735968855163 ] ], [ [ 95.222257510732788, 27.505023980690748 ], [ 95.222463478846677, 27.505201169618278 ], [ 95.222459852263569, 27.505020747125979 ], [ 95.222257510732788, 27.505023980690748 ] ], [ [ 95.218615357408694, 27.505082134596897 ], [ 95.219012799789468, 27.504714831913738 ], [ 95.21900193725007, 27.504173563114264 ], [ 95.218604496644119, 27.504540865679914 ], [ 95.218615357408694, 27.505082134596897 ] ], [ [ 95.217372358324639, 27.503658113003695 ], [ 95.217578316433901, 27.503835309817021 ], [ 95.217574698028741, 27.503654886690477 ], [ 95.217372358324639, 27.503658113003695 ] ], [ [ 95.21006646999065, 27.502691520200447 ], [ 95.21048196794689, 27.503226360781543 ], [ 95.21047114783272, 27.502685088736584 ], [ 95.21006646999065, 27.502691520200447 ] ] ] } },
{ "type": "Feature", "properties": { "rank": 13, "class": "Likely bank erosion (AI prediction)", "source": "ai", "area_ha": 72.32, "mean_soil_loss_t_ha_yr": null, "max_retreat_m": null, "retreat_m_per_yr": null, "mean_probability": 0.422, "model_agreement": 0.923, "confidence": "Medium", "confidence_score": null, "population": 2373.0, "built_ha": 0.2, "crop_ha": 64.99, "road_km": 4.78, "embankment_km": 0.92, "facilities": 0.0, "nearest_place": "Dibrugarh", "nearest_place_km": 3.7, "exposure_index": 0.695, "hazard_score": 2.355, "priority_score": 1.852, "lat": 27.468895, "lon": 94.869062 }, "geometry": { "type": "Polygon", "coordinates": [ [ [ 94.86668311870433, 27.473609136230014 ], [ 94.866673992328913, 27.473067745779321 ], [ 94.865864679496383, 27.473078596785079 ], [ 94.865855557327123, 27.472537206040105 ], [ 94.865450902716447, 27.472542629655834 ], [ 94.865849476022589, 27.472176278851844 ], [ 94.864828725770323, 27.471648444349011 ], [ 94.864427112417403, 27.471834328576655 ], [ 94.864215672572342, 27.471295647043981 ], [ 94.864411921458256, 27.47093200974189 ], [ 94.86481960921941, 27.47110705317273 ], [ 94.864804415534081, 27.470204734445812 ], [ 94.863986010832534, 27.469674182002745 ], [ 94.863931344654446, 27.466425831789088 ], [ 94.864538293543717, 27.466417704210865 ], [ 94.865332363390479, 27.465504544264604 ], [ 94.866340894962391, 27.465310523349729 ], [ 94.866531045742207, 27.464585956189051 ], [ 94.869363420477001, 27.464547954342994 ], [ 94.869571824177498, 27.464906164540235 ], [ 94.870178762787035, 27.464898012793803 ], [ 94.87161019741572, 27.465781297688668 ], [ 94.87200872629208, 27.465414931136078 ], [ 94.872618717622132, 27.465587231704433 ], [ 94.874068499354578, 27.467553267309231 ], [ 94.874362441595864, 27.472964426814293 ], [ 94.873758513871678, 27.47315306175599 ], [ 94.873543973374339, 27.472433934097953 ], [ 94.872930890299173, 27.472081176836173 ], [ 94.872921733984512, 27.471539788202012 ], [ 94.872719409332774, 27.471542510333389 ], [ 94.872520136070591, 27.471725695095788 ], [ 94.872326964469551, 27.472269805467423 ], [ 94.872320862149934, 27.471908879601177 ], [ 94.871713885878194, 27.471917042595663 ], [ 94.871707785647686, 27.471556116584381 ], [ 94.871505460825418, 27.471558836953403 ], [ 94.87150241108202, 27.471378373919432 ], [ 94.871300086560566, 27.471381093973879 ], [ 94.871119106201746, 27.472647055159285 ], [ 94.871937565337106, 27.473177562627576 ], [ 94.871741338321996, 27.473541209399347 ], [ 94.868301750911371, 27.473587419619477 ], [ 94.86849798960418, 27.473223777133455 ], [ 94.867688676475069, 27.473234638797368 ], [ 94.867897093029725, 27.47359285053464 ], [ 94.86668311870433, 27.473609136230014 ] ], [ [ 94.869914286487912, 27.473204757912239 ], [ 94.870119662223289, 27.473382502835523 ], [ 94.870116614500617, 27.473202039705644 ], [ 94.869914286487912, 27.473204757912239 ] ], [ [ 94.866876320466218, 27.473065032293512 ], [ 94.867081691330498, 27.473242781960927 ], [ 94.867078648575159, 27.473062318513943 ], [ 94.866876320466218, 27.473065032293512 ] ], [ [ 94.8697119584468, 27.473207475825088 ], [ 94.870107471502962, 27.47266065028607 ], [ 94.870095281236885, 27.471938797656751 ], [ 94.869488304027882, 27.471946950958067 ], [ 94.869696723551868, 27.47230515989262 ], [ 94.869292070677076, 27.472310594628901 ], [ 94.869083652413309, 27.471952385023616 ], [ 94.869488304027882, 27.471946950958067 ], [ 94.869880767034047, 27.47121966292513 ], [ 94.870288463527274, 27.471394689840267 ], [ 94.870291511295264, 27.471575152999229 ], [ 94.8700891862742, 27.471577871312149 ], [ 94.870092233741346, 27.471758334486946 ], [ 94.870496884413583, 27.471752897525718 ], [ 94.87028236807646, 27.471033763507361 ], [ 94.870683967716786, 27.470847862993026 ], [ 94.870070902067425, 27.470495092158561 ], [ 94.86966625589082, 27.470500527653368 ], [ 94.869669302529218, 27.470680990899751 ], [ 94.868856963197032, 27.470511395118393 ], [ 94.869062332063777, 27.470689142001547 ], [ 94.868866099246659, 27.471052785092347 ], [ 94.868249993378811, 27.470519542633152 ], [ 94.868461450754197, 27.471058217187419 ], [ 94.86785447780278, 27.47106636312709 ], [ 94.867649110026051, 27.470888614408395 ], [ 94.867845346691524, 27.47052497284108 ], [ 94.867643023305334, 27.470527687504465 ], [ 94.867639979987501, 27.470347224045017 ], [ 94.867437656902197, 27.470349938393891 ], [ 94.86724446185174, 27.470894042937193 ], [ 94.867661283807706, 27.471610468156364 ], [ 94.868065934502454, 27.471605038286292 ], [ 94.868068978677215, 27.471785501669206 ], [ 94.867462001604849, 27.471793646096117 ], [ 94.86746504482025, 27.471974109536436 ], [ 94.868479719668613, 27.472140997250264 ], [ 94.868485809533681, 27.472501923897962 ], [ 94.868887417688768, 27.472316028190232 ], [ 94.869095836094402, 27.472674238069295 ], [ 94.869497443721642, 27.472488340624924 ], [ 94.869301209553356, 27.472851984328258 ], [ 94.8697119584468, 27.473207475825088 ] ], [ [ 94.866670950260456, 27.472887282285779 ], [ 94.866876320466218, 27.473065032293512 ], [ 94.866873278068496, 27.472884568820756 ], [ 94.866670950260456, 27.472887282285779 ] ], [ [ 94.866465580713225, 27.472709531937742 ], [ 94.866670950260456, 27.472887282285779 ], [ 94.866667908220336, 27.472706818787245 ], [ 94.866465580713225, 27.472709531937742 ] ], [ [ 94.865852516660695, 27.472356742448465 ], [ 94.866263253177777, 27.472712244794494 ], [ 94.866257170499566, 27.472351317699324 ], [ 94.865852516660695, 27.472356742448465 ] ], [ [ 94.866861108761015, 27.472162714879829 ], [ 94.867259675857355, 27.471796360317622 ], [ 94.866649656574708, 27.47162403769126 ], [ 94.866655740343234, 27.471984964743214 ], [ 94.866861108761015, 27.472162714879829 ] ], [ [ 94.867262718743518, 27.471976823778736 ], [ 94.867468088064001, 27.472154572971771 ], [ 94.86746504482025, 27.471974109536436 ], [ 94.867262718743518, 27.471976823778736 ] ], [ [ 94.867256632999542, 27.471615896851517 ], [ 94.867462001604849, 27.471793646096117 ], [ 94.867458958417785, 27.471613182650803 ], [ 94.867256632999542, 27.471615896851517 ] ], [ [ 94.867051265052709, 27.47143814726661 ], [ 94.867256632999542, 27.471615896851517 ], [ 94.867253590170066, 27.471435433380417 ], [ 94.867051265052709, 27.47143814726661 ] ], [ [ 94.869883814115184, 27.471400126130732 ], [ 94.8700891862742, 27.471577871312149 ], [ 94.870086138835418, 27.471397408132361 ], [ 94.869883814115184, 27.471400126130732 ] ], [ [ 94.871704735575065, 27.471375653571258 ], [ 94.871910110441533, 27.471553395921639 ], [ 94.871907060039689, 27.471372932929352 ], [ 94.871704735575065, 27.471375653571258 ] ], [ [ 94.872311708883672, 27.471367490764379 ], [ 94.872719409332774, 27.471542510333389 ], [ 94.872716357613982, 27.471362047424496 ], [ 94.872311708883672, 27.471367490764379 ] ], [ [ 94.871091663926066, 27.471022887568353 ], [ 94.871300086560566, 27.471381093973879 ], [ 94.871293987817467, 27.4710201678493 ], [ 94.871091663926066, 27.471022887568353 ] ], [ [ 94.872713305923611, 27.47118158451061 ], [ 94.872918681936483, 27.471359325313973 ], [ 94.872915629916903, 27.471178862420942 ], [ 94.872713305923611, 27.47118158451061 ] ], [ [ 94.872507930569199, 27.471003843366834 ], [ 94.872713305923611, 27.47118158451061 ], [ 94.87271025426169, 27.471001121591737 ], [ 94.872507930569199, 27.471003843366834 ] ], [ [ 94.872302555873233, 27.470826101882643 ], [ 94.872507930569199, 27.471003843366834 ], [ 94.872504879264923, 27.470823380422114 ], [ 94.872302555873233, 27.470826101882643 ] ], [ [ 94.867848390366916, 27.470705436274741 ], [ 94.868053758086958, 27.470883184704707 ], [ 94.868050714053965, 27.470702721296835 ], [ 94.867848390366916, 27.470705436274741 ] ], [ [ 94.867033010646523, 27.470355366210498 ], [ 94.867238376447915, 27.470533115950087 ], [ 94.867235333788528, 27.470352652449051 ], [ 94.867033010646523, 27.470355366210498 ] ], [ [ 94.869258563649112, 27.470325498680307 ], [ 94.86966625589082, 27.470500527653368 ], [ 94.869663209280816, 27.470320064401996 ], [ 94.869258563649112, 27.470325498680307 ] ], [ [ 94.86642604105046, 27.470363505732546 ], [ 94.866827645503548, 27.470177616130623 ], [ 94.866012272629135, 27.469827539704823 ], [ 94.866015313228232, 27.470008003345544 ], [ 94.86642604105046, 27.470363505732546 ] ], [ [ 94.867232291157478, 27.470172188943032 ], [ 94.867437656902197, 27.470349938393891 ], [ 94.867434613941938, 27.470169474908658 ], [ 94.867232291157478, 27.470172188943032 ] ], [ [ 94.864798338258112, 27.469843806920117 ], [ 94.865006738658465, 27.470202023936007 ], [ 94.865202983161709, 27.469838385689858 ], [ 94.864798338258112, 27.469843806920117 ] ], [ [ 94.867026926071205, 27.469994439151876 ], [ 94.867232291157478, 27.470172188943032 ], [ 94.867229248554779, 27.469991725432017 ], [ 94.867026926071205, 27.469994439151876 ] ], [ [ 94.869234197058091, 27.468881792156594 ], [ 94.870671774635667, 27.470126010413988 ], [ 94.870448117810895, 27.468865486796489 ], [ 94.868799107478495, 27.46708259090709 ], [ 94.869234197058091, 27.468881792156594 ] ], [ [ 94.866416917192907, 27.469822114950052 ], [ 94.866613156343831, 27.469458474960405 ], [ 94.866208513153552, 27.469463900219463 ], [ 94.866205472310227, 27.469283436584561 ], [ 94.866003151001792, 27.469286148752754 ], [ 94.866009232058374, 27.469647076059125 ], [ 94.866416917192907, 27.469822114950052 ] ], [ [ 94.865598508299954, 27.469291572208039 ], [ 94.865803869849955, 27.469469324303706 ], [ 94.865800829665034, 27.469288860627248 ], [ 94.865598508299954, 27.469291572208039 ] ], [ [ 94.865797789508434, 27.469108396945796 ], [ 94.866003151001792, 27.469286148752754 ], [ 94.866000110515998, 27.469105685092082 ], [ 94.865797789508434, 27.469108396945796 ] ] ] } },
{ "type": "Feature", "properties": { "rank": 14, "class": "Bank erosion (stable land to water)", "source": "change", "area_ha": 71.92, "mean_soil_loss_t_ha_yr": null, "max_retreat_m": 510.0, "retreat_m_per_yr": 85.0, "mean_probability": null, "model_agreement": null, "confidence": "High", "confidence_score": 0.987, "population": 248.0, "built_ha": 0.0, "crop_ha": 109.02, "road_km": 0.0, "embankment_km": 0.0, "facilities": 0.0, "nearest_place": "Nakapur", "nearest_place_km": 9.7, "exposure_index": 0.193, "hazard_score": 4.234, "priority_score": 1.842, "lat": 27.627673, "lon": 95.231021 }, "geometry": { "type": "Polygon", "coordinates": [ [ [ 95.237488435486924, 27.637250561334191 ], [ 95.235035442095636, 27.636207274017003 ], [ 95.23479985872676, 27.634586781795253 ], [ 95.235205013850134, 27.634580249783038 ], [ 95.235186676834473, 27.633678161905298 ], [ 95.234984100948338, 27.63368142793459 ], [ 95.234995102060381, 27.634222680751414 ], [ 95.233978551730132, 27.634058589113813 ], [ 95.233989548071065, 27.634599842273392 ], [ 95.234597281113949, 27.634590047358078 ], [ 95.234195791632914, 27.634776995281818 ], [ 95.23440203585821, 27.634954147939759 ], [ 95.234206789377822, 27.635318248304966 ], [ 95.23419945751381, 27.634957412961342 ], [ 95.233182901058512, 27.634793315832308 ], [ 95.232553187657246, 27.633720597236081 ], [ 95.231536644341702, 27.633556487179895 ], [ 95.231529321783114, 27.633195651086265 ], [ 95.23091427473652, 27.632844595842545 ], [ 95.23027361849978, 27.631230609942165 ], [ 95.230465213040532, 27.630686096336053 ], [ 95.230052754118333, 27.630331777053851 ], [ 95.230041779133359, 27.629790522105829 ], [ 95.229632982621169, 27.629616619623466 ], [ 95.229820920389358, 27.628891688393235 ], [ 95.230634850434257, 27.629059073011696 ], [ 95.230627532229946, 27.628698236462007 ], [ 95.230207764150677, 27.627983080470138 ], [ 95.229802631935925, 27.627989596457564 ], [ 95.229791659271811, 27.627448341234459 ], [ 95.229191276764908, 27.62781894974573 ], [ 95.228966773976111, 27.626739695265385 ], [ 95.228561645995768, 27.626746207359645 ], [ 95.2283298426687, 27.625306113919951 ], [ 95.227924719789641, 27.625312623844252 ], [ 95.227714850806748, 27.624955040901959 ], [ 95.227685622195608, 27.623511690851053 ], [ 95.227280505743636, 27.623518198506311 ], [ 95.227269547563964, 27.622976942003444 ], [ 95.226658223951006, 27.622806282128458 ], [ 95.226846173326763, 27.62208135380574 ], [ 95.226441061907465, 27.622087858700755 ], [ 95.22580054423031, 27.620473842247147 ], [ 95.225192885491751, 27.620483594046249 ], [ 95.224769538807607, 27.619587997646267 ], [ 95.224161884532393, 27.619597744643137 ], [ 95.223723965324623, 27.617980466704346 ], [ 95.223315222724722, 27.617806542138364 ], [ 95.223307932004857, 27.617445703203558 ], [ 95.222490453264271, 27.617097849996213 ], [ 95.222483165466869, 27.616737010822114 ], [ 95.221864597523165, 27.616205487861123 ], [ 95.223282415552788, 27.616182766769938 ], [ 95.223495897263291, 27.61672077814659 ], [ 95.22471117430058, 27.616701289190768 ], [ 95.224718469389202, 27.617062127819629 ], [ 95.225329758028082, 27.617232798438593 ], [ 95.225340703999947, 27.617774056104754 ], [ 95.226548689811494, 27.617393712167924 ], [ 95.226975692288107, 27.618469722037041 ], [ 95.226150895560465, 27.617761053422321 ], [ 95.225959296981301, 27.618305561932559 ], [ 95.226570594195678, 27.618476226530014 ], [ 95.227015860791255, 27.620454330674388 ], [ 95.227395399149515, 27.619184892104244 ], [ 95.227406356184588, 27.61972614885638 ], [ 95.228665518223451, 27.621871648460747 ], [ 95.229074283705003, 27.62204555576395 ], [ 95.229711202417249, 27.623479134851369 ], [ 95.230119975489643, 27.623653038582979 ], [ 95.230547040960914, 27.62472903305817 ], [ 95.231788023569123, 27.625972404727023 ], [ 95.232421341506168, 27.627225549067195 ], [ 95.234281068832061, 27.62900036262155 ], [ 95.235120670633577, 27.630430644480676 ], [ 95.235735715644225, 27.630781681167516 ], [ 95.235746719100192, 27.631322933932232 ], [ 95.236369109043736, 27.632034802365588 ], [ 95.23598230573208, 27.632943424836945 ], [ 95.236590028796527, 27.632933621728977 ], [ 95.237013528595639, 27.633829171705106 ], [ 95.237827503579396, 27.633996511151221 ], [ 95.238041095894701, 27.634534492598942 ], [ 95.238446249926611, 27.634527951130011 ], [ 95.238258363056758, 27.63525289072583 ], [ 95.237849534382846, 27.635079014582729 ], [ 95.237249141875054, 27.635449658493311 ], [ 95.237267497181733, 27.636351744867429 ], [ 95.238085163939488, 27.636699498792137 ], [ 95.238092509091487, 27.637060333085632 ], [ 95.238501345702502, 27.637234208007211 ], [ 95.237488435486924, 27.637250561334191 ] ], [ [ 95.23457894907385, 27.633687959106645 ], [ 95.234984100948338, 27.63368142793459 ], [ 95.23498043397916, 27.633501010318692 ], [ 95.234571616496325, 27.633327123770062 ], [ 95.23457894907385, 27.633687959106645 ] ], [ [ 95.23498043397916, 27.633501010318692 ], [ 95.235168340670953, 27.632776073898963 ], [ 95.235573489024063, 27.632769541203018 ], [ 95.235562485744907, 27.632228288486999 ], [ 95.23393823443655, 27.632073993799299 ], [ 95.233956559968107, 27.632976082655773 ], [ 95.234564284055139, 27.632966288412913 ], [ 95.234752192882439, 27.632241352397898 ], [ 95.23498043397916, 27.633501010318692 ] ], [ [ 95.233536752566479, 27.632260939399394 ], [ 95.234336049244391, 27.631706629369628 ], [ 95.23351476682835, 27.631178432333964 ], [ 95.232907052180465, 27.631188221397434 ], [ 95.232689829391873, 27.630469811949542 ], [ 95.232082118315247, 27.630479597168602 ], [ 95.232104089306588, 27.631562105402796 ], [ 95.232509234038218, 27.631555581920303 ], [ 95.232704480563086, 27.631191483827628 ], [ 95.232715469298981, 27.631732737682189 ], [ 95.233323187033932, 27.631722949281151 ], [ 95.233536752566479, 27.632260939399394 ] ], [ [ 95.235558818053363, 27.632047870904703 ], [ 95.23596396361674, 27.632041337226131 ], [ 95.235956627009273, 27.631680502145791 ], [ 95.235551482772564, 27.631687035724678 ], [ 95.235558818053363, 27.632047870904703 ] ], [ [ 95.230207764150677, 27.627983080470138 ], [ 95.230815462217791, 27.627973304273173 ], [ 95.230196789497001, 27.62744182539619 ], [ 95.230207764150677, 27.627983080470138 ] ], [ [ 95.227681968772032, 27.623331272071564 ], [ 95.22809073851171, 27.623505182014235 ], [ 95.228087084425084, 27.623324763284412 ], [ 95.227681968772032, 27.623331272071564 ] ], [ [ 95.228079776353752, 27.622963925809337 ], [ 95.228289642200679, 27.623321508447756 ], [ 95.228282333466296, 27.622960671022351 ], [ 95.228079776353752, 27.622963925809337 ] ], [ [ 95.226415504480144, 27.620824925806033 ], [ 95.227023164596773, 27.620815168541643 ], [ 95.227015860791255, 27.620454330674388 ], [ 95.226408202663507, 27.620464087789859 ], [ 95.226415504480144, 27.620824925806033 ] ] ] } },
{ "type": "Feature", "properties": { "rank": 15, "class": "Vegetation loss", "source": "change", "area_ha": 108.4, "mean_soil_loss_t_ha_yr": null, "max_retreat_m": null, "retreat_m_per_yr": null, "mean_probability": null, "model_agreement": null, "confidence": "Not assessed", "confidence_score": null, "population": 1046.0, "built_ha": 3.87, "crop_ha": 145.68, "road_km": 13.26, "embankment_km": 0.0, "facilities": 0.0, "nearest_place": "Nakapur", "nearest_place_km": 1.7, "exposure_index": 0.491, "hazard_score": 2.817, "priority_score": 1.813, "lat": 27.541945, "lon": 95.202383 }, "geometry": { "type": "Polygon", "coordinates": [ [ [ 95.196380227021862, 27.547306871357861 ], [ 95.19629047537849, 27.542796255264086 ], [ 95.194067502544399, 27.543011858926608 ], [ 95.193818476039226, 27.540669529866861 ], [ 95.195029352373368, 27.540469924515421 ], [ 95.194816181630941, 27.539931847106494 ], [ 95.195220999984215, 27.539925452058139 ], [ 95.194610185948207, 27.539754619201354 ], [ 95.194801834686643, 27.539210147222523 ], [ 95.19439701884086, 27.539216540897833 ], [ 95.194389846889436, 27.538855690827376 ], [ 95.193988617529442, 27.539042508314161 ], [ 95.19397786173316, 27.538501233038811 ], [ 95.194382675071509, 27.538494840736462 ], [ 95.194375503387036, 27.538133990625074 ], [ 95.19558635086706, 27.537934382030276 ], [ 95.19580669714388, 27.538833308154747 ], [ 95.196189978322778, 27.537744361442481 ], [ 95.197202002980021, 27.537728362778985 ], [ 95.196992418115485, 27.537370713583922 ], [ 95.197400817134394, 27.537544737456539 ], [ 95.197635541867513, 27.539165358526912 ], [ 95.197440316417428, 27.539529408949008 ], [ 95.197031909768654, 27.53935538567109 ], [ 95.197039090503566, 27.539716235074977 ], [ 95.197646315890864, 27.539706632420131 ], [ 95.197469045708431, 27.540972806009208 ], [ 95.197685823216574, 27.541691302967937 ], [ 95.198090647237478, 27.541684899187626 ], [ 95.197902603867334, 27.542409799354566 ], [ 95.19971353706093, 27.541839696610463 ], [ 95.199471584626792, 27.539858232960345 ], [ 95.200078809800814, 27.539848619634874 ], [ 95.20007161909534, 27.539487770975882 ], [ 95.201474081789172, 27.538743633230506 ], [ 95.201882492147746, 27.538917643180099 ], [ 95.201871697728691, 27.538376370769086 ], [ 95.202677719663754, 27.5381831150194 ], [ 95.202645326633004, 27.53655929834698 ], [ 95.203252532374933, 27.536549672217049 ], [ 95.203245332311695, 27.536188824158547 ], [ 95.20386333888743, 27.536720467386164 ], [ 95.204054936858043, 27.536175985394486 ], [ 95.204470545016449, 27.536710835884794 ], [ 95.204065740963955, 27.536717257180033 ], [ 95.203870541132119, 27.537081315266704 ], [ 95.20447774924159, 27.537071683618027 ], [ 95.204282550271017, 27.537435742223774 ], [ 95.204687356897068, 27.537429320143456 ], [ 95.204669344600063, 27.536527200945955 ], [ 95.205883753771346, 27.536507928377933 ], [ 95.206075341275337, 27.53596344418904 ], [ 95.206498168663671, 27.536859135372772 ], [ 95.206328213767108, 27.538486161737854 ], [ 95.206740235841309, 27.538840580566369 ], [ 95.206563071538369, 27.540106759720693 ], [ 95.206754660559653, 27.539562274685668 ], [ 95.207560680361865, 27.539368990615994 ], [ 95.207954668746169, 27.538821288421506 ], [ 95.208363088215961, 27.538995278692568 ], [ 95.208554666645739, 27.538450791727616 ], [ 95.208963085516757, 27.538624780267444 ], [ 95.208955866163933, 27.538263933707849 ], [ 95.209357064260985, 27.538077074604022 ], [ 95.209375116027999, 27.538979190744151 ], [ 95.208970305003959, 27.538985626806561 ], [ 95.209385947491384, 27.539520460366774 ], [ 95.209183541005828, 27.539523678618973 ], [ 95.209179930814543, 27.539343255391948 ], [ 95.208977524625524, 27.539346473325189 ], [ 95.208995574267291, 27.540248589532133 ], [ 95.209602797685363, 27.540238934480232 ], [ 95.209628075527633, 27.541501896438085 ], [ 95.210043731439498, 27.542036727106396 ], [ 95.210441328100387, 27.54166944124308 ], [ 95.210661803377533, 27.542568335818757 ], [ 95.210249754758522, 27.542213930359267 ], [ 95.210079853110685, 27.543840957393449 ], [ 95.209678636152034, 27.544027819600892 ], [ 95.209703918934352, 27.545290780805828 ], [ 95.209299084866487, 27.545297219179648 ], [ 95.209306307500185, 27.545658065290546 ], [ 95.208894250664187, 27.545303656375758 ], [ 95.208088191175264, 27.545496950440469 ], [ 95.208095409913554, 27.545857796836362 ], [ 95.207079710460192, 27.545693455836116 ], [ 95.205868807025013, 27.545893168219774 ], [ 95.205876018632679, 27.546254015136014 ], [ 95.20486392176602, 27.546270081505771 ], [ 95.204842297252313, 27.545187539958619 ], [ 95.204437462233557, 27.545193964150737 ], [ 95.204242250729664, 27.545558023155348 ], [ 95.204235044673879, 27.545197175805146 ], [ 95.203425374099936, 27.545210019478507 ], [ 95.203414569230219, 27.544668748120223 ], [ 95.202818120817582, 27.545219649142005 ], [ 95.202597701645303, 27.544320738994127 ], [ 95.201994052125329, 27.544510788729692 ], [ 95.20240248521192, 27.544684795719167 ], [ 95.202416885167665, 27.545406491344075 ], [ 95.201806031343608, 27.545235692692568 ], [ 95.201795234398958, 27.544694420745447 ], [ 95.200797538429825, 27.545432152977078 ], [ 95.200190282850727, 27.545441771231292 ], [ 95.199760276108975, 27.544185212300121 ], [ 95.199785445630667, 27.545448181928585 ], [ 95.197981640857677, 27.546379137603697 ], [ 95.197786405568095, 27.546743188841056 ], [ 95.196980311532954, 27.546936420129477 ], [ 95.19678507198357, 27.547300470182059 ], [ 95.196380227021862, 27.547306871357861 ] ], [ [ 95.201589218809957, 27.544517204481554 ], [ 95.201994052125329, 27.544510788729692 ], [ 95.201986853736244, 27.544149940778162 ], [ 95.201784437755705, 27.544153148752255 ], [ 95.201589218809957, 27.544517204481554 ] ], [ [ 95.203797789806003, 27.543579784459425 ], [ 95.20398939752441, 27.543035302339227 ], [ 95.204394224752591, 27.543028879914086 ], [ 95.204589431878588, 27.542664820864566 ], [ 95.203978590889548, 27.542494031017551 ], [ 95.204173798613922, 27.542129972501552 ], [ 95.203768974620388, 27.542136394092392 ], [ 95.203577367026085, 27.542680875945894 ], [ 95.203797789806003, 27.543579784459425 ] ], [ [ 95.204405033670213, 27.543570151042363 ], [ 95.204809862745364, 27.54356372729228 ], [ 95.204799051846663, 27.543022456311341 ], [ 95.204394224752591, 27.543028879914086 ], [ 95.204405033670213, 27.543570151042363 ] ], [ [ 95.196077293299325, 27.54225818057915 ], [ 95.196482119835849, 27.542251781362307 ], [ 95.196261759262001, 27.541352857438657 ], [ 95.195856935960293, 27.541359255822083 ], [ 95.196077293299325, 27.54225818057915 ] ], [ [ 95.199514719785029, 27.542023325366461 ], [ 95.199720727315693, 27.542200545234405 ], [ 95.199717132171585, 27.542020120924992 ], [ 95.199514719785029, 27.542023325366461 ] ], [ [ 95.209635298070708, 27.541862742665664 ], [ 95.209841320432886, 27.542039946586279 ], [ 95.209837708780782, 27.541859523504783 ], [ 95.209635298070708, 27.541862742665664 ] ], [ [ 95.20619070518471, 27.541736999830437 ], [ 95.206396722141378, 27.541914209203416 ], [ 95.206393116135487, 27.541733785698682 ], [ 95.20619070518471, 27.541736999830437 ] ], [ [ 95.206389510163149, 27.541553362188825 ], [ 95.206595527052713, 27.541730571272542 ], [ 95.206591920750228, 27.541550147787262 ], [ 95.206389510163149, 27.541553362188825 ] ], [ [ 95.206584708245913, 27.541189300801342 ], [ 95.20679433130374, 27.541546933091318 ], [ 95.206787118139133, 27.541186086154561 ], [ 95.206584708245913, 27.541189300801342 ] ], [ [ 95.204155786910633, 27.541227853601264 ], [ 95.204763017697204, 27.541218219375395 ], [ 95.204553401701304, 27.540860583580653 ], [ 95.204958220804514, 27.540854159978505 ], [ 95.204538990569134, 27.540138888523742 ], [ 95.204155786910633, 27.541227853601264 ] ], [ [ 95.206783511607171, 27.541005662678497 ], [ 95.2069895279988, 27.541182871213394 ], [ 95.206985921136692, 27.541002447761915 ], [ 95.206783511607171, 27.541005662678497 ] ], [ [ 95.206378692447458, 27.541012091628538 ], [ 95.207184723473972, 27.540818809118942 ], [ 95.20696788732964, 27.540100330427709 ], [ 95.206772692212652, 27.540464392219594 ], [ 95.206367875033763, 27.540470821022158 ], [ 95.206378692447458, 27.541012091628538 ] ], [ [ 95.207777518509403, 27.540087468309373 ], [ 95.208200377608861, 27.540983152080564 ], [ 95.208178725256388, 27.53990061214936 ], [ 95.207777518509403, 27.540087468309373 ] ], [ [ 95.208594367856136, 27.540435448036821 ], [ 95.208800385825668, 27.540612653790181 ], [ 95.208796776093081, 27.540432230544674 ], [ 95.208594367856136, 27.540435448036821 ] ], [ [ 95.208793166394074, 27.540251807294045 ], [ 95.208999184296417, 27.540429012758164 ], [ 95.208995574267291, 27.540248589532133 ], [ 95.208793166394074, 27.540251807294045 ] ], [ [ 95.208579930582147, 27.539713754905168 ], [ 95.208785947096828, 27.53989096077742 ], [ 95.20878233749859, 27.539710537511436 ], [ 95.208579930582147, 27.539713754905168 ] ], [ [ 95.207972709631321, 27.539723405320235 ], [ 95.208579930582147, 27.539713754905168 ], [ 95.208576321347621, 27.539533331609455 ], [ 95.20796549317653, 27.539362558576101 ], [ 95.207972709631321, 27.539723405320235 ] ], [ [ 95.20574262561388, 27.539578343869959 ], [ 95.2063462411123, 27.539388279671158 ], [ 95.205735416488707, 27.53921749657481 ], [ 95.205522197613305, 27.538679438424634 ], [ 95.206129413830439, 27.538669799048748 ], [ 95.206114993744364, 27.537948104532131 ], [ 95.204911378003089, 27.538508651382529 ], [ 95.204687356897068, 27.537429320143456 ], [ 95.204314968576, 27.539059556898749 ], [ 95.20532339592549, 27.538863074675866 ], [ 95.205128197099384, 27.539227134405706 ], [ 95.205533010059142, 27.539220709479462 ], [ 95.20574262561388, 27.539578343869959 ] ], [ [ 95.208363088215961, 27.538995278692568 ], [ 95.208572712146676, 27.539352908308615 ], [ 95.20876789944154, 27.538988844396243 ], [ 95.208363088215961, 27.538995278692568 ] ], [ [ 95.208771508905429, 27.53916926768272 ], [ 95.208977524625524, 27.539346473325189 ], [ 95.208973914797951, 27.539166050068435 ], [ 95.208771508905429, 27.53916926768272 ] ] ] } },
{ "type": "Feature", "properties": { "rank": 16, "class": "Vegetation loss", "source": "change", "area_ha": 21.72, "mean_soil_loss_t_ha_yr": null, "max_retreat_m": null, "retreat_m_per_yr": null, "mean_probability": null, "model_agreement": null, "confidence": "Not assessed", "confidence_score": null, "population": 2009.0, "built_ha": 12.7, "crop_ha": 102.97, "road_km": 14.11, "embankment_km": 0.86, "facilities": 1.0, "nearest_place": "Naguli Ghat", "nearest_place_km": 3.3, "exposure_index": 0.911, "hazard_score": 1.874, "priority_score": 1.757, "lat": 27.507611, "lon": 94.986555 }, "geometry": { "type": "Polygon", "coordinates": [ [ [ 94.98067083610951, 27.51047962702199 ], [ 94.981255348145282, 27.509207825425023 ], [ 94.980853820014502, 27.509394041869243 ], [ 94.981049734191075, 27.509030258177656 ], [ 94.980240212868949, 27.509041787780063 ], [ 94.980432896285862, 27.508497554375843 ], [ 94.980837654968241, 27.508491789706998 ], [ 94.981046500852031, 27.508849807767266 ], [ 94.982257544665686, 27.508652054389273 ], [ 94.982251074180823, 27.508291153808191 ], [ 94.981643937733693, 27.508299806480576 ], [ 94.98163746934793, 27.507938905746919 ], [ 94.98203899088314, 27.507752687350827 ], [ 94.981830144192131, 27.507394670789012 ], [ 94.98142538976802, 27.507400438134219 ], [ 94.981418922342897, 27.507039537306081 ], [ 94.982026051955359, 27.507030885979546 ], [ 94.982032521359002, 27.50739178667525 ], [ 94.982228428432606, 27.507028001615826 ], [ 94.983847439166013, 27.507004916118454 ], [ 94.983658012409833, 27.507729603499577 ], [ 94.98406276749013, 27.507723829595669 ], [ 94.984248953264085, 27.506818691690651 ], [ 94.983638588370667, 27.506646902472475 ], [ 94.984043339493923, 27.506641128833706 ], [ 94.984239238593304, 27.50627734132312 ], [ 94.984245715010331, 27.506638241573182 ], [ 94.98464722706963, 27.506452016091519 ], [ 94.984862559198064, 27.507170928165433 ], [ 94.985264071975166, 27.506984700867982 ], [ 94.985270551930924, 27.507345600856723 ], [ 94.985678545892313, 27.507520272278121 ], [ 94.986478327492264, 27.506967362040569 ], [ 94.986269468515644, 27.506609352792669 ], [ 94.98586471805595, 27.506615132901526 ], [ 94.985858236363072, 27.506254233005194 ], [ 94.986667734523863, 27.506242671788073 ], [ 94.98666125031383, 27.505881772048582 ], [ 94.986047646605996, 27.505529543377445 ], [ 94.986449151378935, 27.505343313036359 ], [ 94.98663855652967, 27.504618622801743 ], [ 94.987252156696499, 27.504970849075672 ], [ 94.987258642582944, 27.505331748732736 ], [ 94.987663388003782, 27.505325964816461 ], [ 94.9876698753299, 27.505686864364851 ], [ 94.987265128590181, 27.505692648369671 ], [ 94.987676362776824, 27.5060477638931 ], [ 94.989067012503497, 27.504583913308931 ], [ 94.989870002644111, 27.504211434946328 ], [ 94.988276995212971, 27.505678186152021 ], [ 94.9899187122206, 27.506918177866801 ], [ 94.989928454952292, 27.507459526314921 ], [ 94.990333207501067, 27.507453734220721 ], [ 94.990950084047583, 27.50798639194393 ], [ 94.99076395242966, 27.508891535880835 ], [ 94.990359194725613, 27.508897329506159 ], [ 94.990581067260223, 27.509977128960081 ], [ 94.987725022479694, 27.508754509712976 ], [ 94.986696914963247, 27.507866720366582 ], [ 94.985884163858742, 27.507697832469688 ], [ 94.985479409321329, 27.507703611667555 ], [ 94.985280272090819, 27.507886950802074 ], [ 94.985074654663222, 27.507709389688987 ], [ 94.984875516712862, 27.507892728279508 ], [ 94.985084374014818, 27.508250739670455 ], [ 94.984881995651222, 27.508253628306331 ], [ 94.984885235165663, 27.508434078312199 ], [ 94.98468285644212, 27.508436966676065 ], [ 94.98468609565694, 27.508617416699 ], [ 94.984483716573479, 27.508620304790853 ], [ 94.984486955488663, 27.508800754830855 ], [ 94.984078958316076, 27.508626080092196 ], [ 94.983687150503258, 27.509353654700437 ], [ 94.983076772055625, 27.509181863767349 ], [ 94.983070298751741, 27.50882096339312 ], [ 94.983478295266593, 27.508995641134259 ], [ 94.983465346261681, 27.508273840522236 ], [ 94.983060589021918, 27.508279612794023 ], [ 94.982874391741646, 27.509184749572494 ], [ 94.982469631023278, 27.509190520300397 ], [ 94.982472866731058, 27.509370970546211 ], [ 94.982064870184416, 27.509196289851786 ], [ 94.982071340310938, 27.50955719042669 ], [ 94.981656874866573, 27.509021607887519 ], [ 94.981666578032417, 27.509562958889859 ], [ 94.981261815633459, 27.509568726176489 ], [ 94.981075601987143, 27.510473861279539 ], [ 94.98067083610951, 27.51047962702199 ] ], [ [ 94.982264015271056, 27.509012954950229 ], [ 94.982469631023278, 27.509190520300397 ], [ 94.982466395345625, 27.509010070049552 ], [ 94.982264015271056, 27.509012954950229 ] ], [ [ 94.982463159698113, 27.508829619793669 ], [ 94.982668775390096, 27.509007184854742 ], [ 94.982665539412778, 27.508826734620943 ], [ 94.982463159698113, 27.508829619793669 ] ], [ [ 94.984274860379472, 27.50826229244927 ], [ 94.984483716573479, 27.508620304790853 ], [ 94.984477238833549, 27.508259404695742 ], [ 94.984274860379472, 27.50826229244927 ] ], [ [ 94.982045460527743, 27.508113588006264 ], [ 94.982450217409266, 27.508107818719811 ], [ 94.982639652678927, 27.507383132569327 ], [ 94.982234898495761, 27.507388902267383 ], [ 94.982045460527743, 27.508113588006264 ] ], [ [ 94.984669899884466, 27.507715166533984 ], [ 94.984875516712862, 27.507892728279508 ], [ 94.984872277288929, 27.507712278258534 ], [ 94.984669899884466, 27.507715166533984 ] ], [ [ 94.984265144985059, 27.507720942202553 ], [ 94.984666660820437, 27.507534716485878 ], [ 94.984457806337517, 27.507176704289591 ], [ 94.984255429862017, 27.507179591910518 ], [ 94.984265144985059, 27.507720942202553 ] ], [ [ 94.985273791954057, 27.507526050843541 ], [ 94.985479409321329, 27.507703611667555 ], [ 94.985476168938263, 27.50752316170788 ], [ 94.985273791954057, 27.507526050843541 ] ], [ [ 94.984451329080088, 27.506815804113927 ], [ 94.984656943809313, 27.506993366311359 ], [ 94.984653704865934, 27.50681291624311 ], [ 94.984451329080088, 27.506815804113927 ] ], [ [ 94.987271614718182, 27.506053547986454 ], [ 94.987477232201641, 27.506231105865531 ], [ 94.987473988762602, 27.506050656086817 ], [ 94.987271614718182, 27.506053547986454 ] ], [ [ 94.987065997894192, 27.505875989763997 ], [ 94.987271614718182, 27.506053547986454 ], [ 94.987268371639075, 27.505873098180587 ], [ 94.987065997894192, 27.505875989763997 ] ], [ [ 94.987056269827221, 27.50533464024976 ], [ 94.987261885571456, 27.505512198553721 ], [ 94.987258642582944, 27.505331748732736 ], [ 94.987056269827221, 27.50533464024976 ] ] ] } },
{ "type": "Feature", "properties": { "rank": 17, "class": "Vegetation loss", "source": "change", "area_ha": 47.04, "mean_soil_loss_t_ha_yr": null, "max_retreat_m": 1002.0, "retreat_m_per_yr": 167.0, "mean_probability": null, "model_agreement": null, "confidence": "High", "confidence_score": 0.97, "population": 1535.0, "built_ha": 10.26, "crop_ha": 169.19, "road_km": 14.75, "embankment_km": 0.0, "facilities": 0.0, "nearest_place": "Nakapur", "nearest_place_km": 0.8, "exposure_index": 0.669, "hazard_score": 2.254, "priority_score": 1.731, "lat": 27.546366, "lon": 95.179064 }, "geometry": { "type": "Polygon", "coordinates": [ [ [ 95.189257645436882, 27.555721456816826 ], [ 95.188636012283382, 27.555009326706006 ], [ 95.188231136839264, 27.555015705783429 ], [ 95.187602359925577, 27.553942719462412 ], [ 95.187197488113213, 27.553949095301792 ], [ 95.186167434230128, 27.553062901479006 ], [ 95.185766139282478, 27.553249698663393 ], [ 95.185758991262261, 27.552888847233781 ], [ 95.185350549516073, 27.552714791707903 ], [ 95.185339829817025, 27.552173514363705 ], [ 95.184942108991592, 27.552540734901374 ], [ 95.18473253086195, 27.552183067230505 ], [ 95.183514361861086, 27.552021739001152 ], [ 95.183102357021127, 27.551667250389453 ], [ 95.183297649820602, 27.551303216718551 ], [ 95.182892786522686, 27.55130957945714 ], [ 95.182693923563079, 27.551493186513021 ], [ 95.181468630519404, 27.55097098720103 ], [ 95.181869925642559, 27.55078420244201 ], [ 95.182686786117955, 27.551132334251175 ], [ 95.181862791105686, 27.55042334994479 ], [ 95.18204381648971, 27.549337612848376 ], [ 95.180829246803697, 27.549356685323275 ], [ 95.180811420295512, 27.548454553229924 ], [ 95.180005277028044, 27.548647688363509 ], [ 95.180403002229511, 27.548280481640084 ], [ 95.179994585385174, 27.548106408770032 ], [ 95.179983894040745, 27.54756512913055 ], [ 95.179177755361465, 27.547758259189425 ], [ 95.179348117394198, 27.546131243950331 ], [ 95.178939710193944, 27.545957167370116 ], [ 95.178921901697947, 27.545055033698514 ], [ 95.177909797521266, 27.545070903164447 ], [ 95.177895557925595, 27.544349195649854 ], [ 95.1783039575635, 27.544523275778708 ], [ 95.178296836577275, 27.544162422098022 ], [ 95.177686019373127, 27.543991514726198 ], [ 95.177703816968162, 27.544893649279043 ], [ 95.177298975659809, 27.544899994366894 ], [ 95.177291857843358, 27.54453914046406 ], [ 95.176073780209165, 27.544377741265397 ], [ 95.176116464920099, 27.546542866182911 ], [ 95.176315331190168, 27.546359268310589 ], [ 95.176521312570245, 27.546536524192039 ], [ 95.176127136842581, 27.547084147297333 ], [ 95.175960283900721, 27.548891588215454 ], [ 95.175352999196974, 27.548901099055055 ], [ 95.174724382534578, 27.547828044258136 ], [ 95.174319529664984, 27.547834381287736 ], [ 95.174731492955857, 27.548188898607265 ], [ 95.174742158835897, 27.548730180092623 ], [ 95.173318055657688, 27.548391500732865 ], [ 95.171698633607377, 27.54841682587335 ], [ 95.172302365827349, 27.548226903696918 ], [ 95.172490587092241, 27.547502028441745 ], [ 95.172238448136468, 27.544979208589474 ], [ 95.174053133177225, 27.544589857991159 ], [ 95.175068790804474, 27.544754444081711 ], [ 95.17506168031926, 27.544393589635355 ], [ 95.175668940352466, 27.544384081496698 ], [ 95.175654715816393, 27.543662372833467 ], [ 95.176052439640998, 27.543295178530748 ], [ 95.17544518575022, 27.543304687999786 ], [ 95.175842909112959, 27.542937494313954 ], [ 95.175434518884757, 27.542763406345369 ], [ 95.175217881142302, 27.542044866465833 ], [ 95.176226402659353, 27.541848591047167 ], [ 95.17624418671052, 27.542750726755312 ], [ 95.177856401770256, 27.542364499563192 ], [ 95.178268353957591, 27.542719007170895 ], [ 95.178662504592666, 27.542171379184616 ], [ 95.178872042316868, 27.542529058738353 ], [ 95.179273312713434, 27.542342282797865 ], [ 95.179283998201456, 27.542883563100482 ], [ 95.179685269059533, 27.54269678594401 ], [ 95.179699519349924, 27.543418492768843 ], [ 95.180711607175112, 27.543402611145755 ], [ 95.181531973819801, 27.543931179956793 ], [ 95.18153910530674, 27.544292032870661 ], [ 95.179713770170764, 27.544140199511912 ], [ 95.179529163806265, 27.545045508485611 ], [ 95.182160629493609, 27.545004201940852 ], [ 95.18154980278598, 27.544833312203128 ], [ 95.181727260128653, 27.543567148612599 ], [ 95.182330945970548, 27.543377185238803 ], [ 95.18232381217382, 27.543016332468266 ], [ 95.182725077711041, 27.542829546800235 ], [ 95.182519094389164, 27.542652300211252 ], [ 95.182710808007144, 27.542107841371859 ], [ 95.182931061693324, 27.543006793041066 ], [ 95.183332326040784, 27.542820005679481 ], [ 95.183343031639055, 27.543361284478248 ], [ 95.182931061693324, 27.543006793041066 ], [ 95.182533363170648, 27.543374005675538 ], [ 95.182540497760556, 27.543734858377007 ], [ 95.182739347946111, 27.543551252146827 ], [ 95.183147751142911, 27.543725317774786 ], [ 95.182742915587866, 27.543731678470699 ], [ 95.182750050970995, 27.544092531103107 ], [ 95.183158456248648, 27.544266596569827 ], [ 95.18354901760253, 27.543538529674578 ], [ 95.183563293652128, 27.544260234550293 ], [ 95.183968130922779, 27.544253871353032 ], [ 95.183975270467712, 27.544614723662917 ], [ 95.185186213674541, 27.544415200706375 ], [ 95.185193357248579, 27.544776052714024 ], [ 95.185804188106758, 27.544946926114154 ], [ 95.186017327386864, 27.545485018992238 ], [ 95.185605340996801, 27.545130536549618 ], [ 95.185619631451502, 27.545852240267912 ], [ 95.185214788768377, 27.54585860861426 ], [ 95.185207644795497, 27.545497756667967 ], [ 95.18460752449441, 27.545868158925398 ], [ 95.18441581524894, 27.546412619946693 ], [ 95.18482066017944, 27.546406253809945 ], [ 95.185232649282256, 27.546760738390528 ], [ 95.184827803163685, 27.54676710580247 ], [ 95.184831374705652, 27.546947531791062 ], [ 95.184224104287765, 27.546957080773502 ], [ 95.184430098708305, 27.547134324105976 ], [ 95.184231245489826, 27.547317932881363 ], [ 95.184025251002836, 27.547140689259535 ], [ 95.184213392733866, 27.546415802573378 ], [ 95.183201279660153, 27.546431711289934 ], [ 95.182977446623767, 27.54535233473592 ], [ 95.18257260505834, 27.545358695280637 ], [ 95.182565469870895, 27.544997842671169 ], [ 95.182370184225832, 27.545361875111318 ], [ 95.181759355239762, 27.545190986437284 ], [ 95.181770054207448, 27.545732265620178 ], [ 95.181574764732261, 27.546096297133317 ], [ 95.181166354628857, 27.545922227298306 ], [ 95.181173485524781, 27.546283080196915 ], [ 95.182192732938432, 27.546628038960016 ], [ 95.182210569347276, 27.547530170458415 ], [ 95.18200101048275, 27.547172497359252 ], [ 95.181187747714759, 27.547004785932806 ], [ 95.18056621727716, 27.54629261298664 ], [ 95.18058047550403, 27.547014319014053 ], [ 95.180988888977865, 27.547188390366514 ], [ 95.180587604816466, 27.547375171997093 ], [ 95.181003150510307, 27.547910096097365 ], [ 95.181013847007975, 27.548451375341827 ], [ 95.181418700333381, 27.548445018682166 ], [ 95.181610427476073, 27.547900560884834 ], [ 95.182018845738128, 27.548074628902516 ], [ 95.182246244654564, 27.54933443307182 ], [ 95.182061653736639, 27.550239744084923 ], [ 95.18308451018801, 27.550765119965241 ], [ 95.182889217486405, 27.551129153347979 ], [ 95.18349294139837, 27.550939182829964 ], [ 95.183304789314164, 27.551664068824255 ], [ 95.183912085993967, 27.55165452236152 ], [ 95.184306236135455, 27.551106878779095 ], [ 95.184114518154118, 27.551651339618232 ], [ 95.184927818901784, 27.551819031550359 ], [ 95.185123105719981, 27.551454995652605 ], [ 95.184931391374377, 27.551999457395787 ], [ 95.185744695620841, 27.552167144313188 ], [ 95.185954276887784, 27.552524810267958 ], [ 95.18555298342568, 27.552711606756873 ], [ 95.185957851145119, 27.552705235971203 ], [ 95.186167434230128, 27.553062901479006 ], [ 95.186778313120811, 27.553233767652205 ], [ 95.186359143813505, 27.552518438352852 ], [ 95.186771161796955, 27.552872916466143 ], [ 95.187577320692441, 27.552679741047111 ], [ 95.18758805159267, 27.5532210175415 ], [ 95.187992920628915, 27.553214640718899 ], [ 95.187985765340699, 27.552853789825242 ], [ 95.188195355097108, 27.553211451865785 ], [ 95.188596645281777, 27.553024647904802 ], [ 95.188206089270196, 27.553752728094789 ], [ 95.188000076050287, 27.553575491592103 ], [ 95.187598782792421, 27.553762293989863 ], [ 95.189452923484723, 27.555357415445947 ], [ 95.189257645436882, 27.555721456816826 ] ], [ [ 95.187992920628915, 27.553214640718899 ], [ 95.188198933121512, 27.553391877280571 ], [ 95.188195355097108, 27.553211451865785 ], [ 95.187992920628915, 27.553214640718899 ] ], [ [ 95.182686786117955, 27.551132334251175 ], [ 95.182892786522686, 27.55130957945714 ], [ 95.182889217486405, 27.551129153347979 ], [ 95.182686786117955, 27.551132334251175 ] ], [ [ 95.175345886529243, 27.54854024489218 ], [ 95.175750741710317, 27.548533904723882 ], [ 95.175537644392023, 27.547995793745347 ], [ 95.175729400537833, 27.547451342403455 ], [ 95.175324549320209, 27.547457682280942 ], [ 95.175345886529243, 27.54854024489218 ] ], [ [ 95.173918230536032, 27.548021144413401 ], [ 95.174127765889509, 27.548378831094833 ], [ 95.174323084198505, 27.548014808513301 ], [ 95.173918230536032, 27.548021144413401 ] ], [ [ 95.174326638765109, 27.548195235733751 ], [ 95.174532620807, 27.548372494508875 ], [ 95.174529065877024, 27.548192067317753 ], [ 95.174326638765109, 27.548195235733751 ] ], [ [ 95.180395873245942, 27.547919628659571 ], [ 95.180807855093391, 27.548274126795924 ], [ 95.180800724788682, 27.547913273912574 ], [ 95.180395873245942, 27.547919628659571 ] ], [ [ 95.18161399393297, 27.54808098723187 ], [ 95.181819986672508, 27.54825823453206 ], [ 95.18181641985214, 27.548077808214437 ], [ 95.18161399393297, 27.54808098723187 ] ], [ [ 95.173708696602944, 27.547663457320187 ], [ 95.173918230536032, 27.548021144413401 ], [ 95.173911122823199, 27.547660289860296 ], [ 95.173708696602944, 27.547663457320187 ] ], [ [ 95.175736514129611, 27.5478121965307 ], [ 95.175942497525156, 27.547989453133489 ], [ 95.17593894034934, 27.547809026101767 ], [ 95.175736514129611, 27.5478121965307 ] ], [ [ 95.174724382534578, 27.547828044258136 ], [ 95.175129235271854, 27.547821706050613 ], [ 95.175122123661765, 27.54746085177797 ], [ 95.174717272245616, 27.547467189888586 ], [ 95.174724382534578, 27.547828044258136 ] ], [ [ 95.173907569016379, 27.547479862576083 ], [ 95.1741135490104, 27.547657122105921 ], [ 95.174109994873305, 27.547476694845926 ], [ 95.173907569016379, 27.547479862576083 ] ], [ [ 95.179980330325591, 27.54738470257384 ], [ 95.180388744395046, 27.547558775658622 ], [ 95.180385180019343, 27.547378349150485 ], [ 95.179980330325591, 27.54738470257384 ] ], [ [ 95.184621808876059, 27.546589863048698 ], [ 95.184827803163685, 27.54676710580247 ], [ 95.184824231654929, 27.546586679808762 ], [ 95.184621808876059, 27.546589863048698 ] ], [ [ 95.183598986100947, 27.546064496381746 ], [ 95.183804977812997, 27.546241740817791 ], [ 95.183801408055203, 27.54606131468708 ], [ 95.183598986100947, 27.546064496381746 ] ], [ [ 95.183392995049402, 27.545887251597485 ], [ 95.183598986100947, 27.546064496381746 ], [ 95.183595416706623, 27.5458840702216 ], [ 95.183392995049402, 27.545887251597485 ] ], [ [ 95.183797838330619, 27.545880888551263 ], [ 95.18400382997622, 27.546058132697965 ], [ 95.184000259921405, 27.545877706586481 ], [ 95.183797838330619, 27.545880888551263 ] ], [ [ 95.179138570485335, 27.545773565772411 ], [ 95.179344554935057, 27.545950817279891 ], [ 95.179340992509083, 27.545770390604339 ], [ 95.179138570485335, 27.545773565772411 ] ], [ [ 95.18318700465835, 27.545710006465022 ], [ 95.183392995049402, 27.545887251597485 ], [ 95.183389426018522, 27.545706825407915 ], [ 95.18318700465835, 27.545710006465022 ] ], [ [ 95.179124322433864, 27.545051858921997 ], [ 95.179333867756569, 27.545409537237905 ], [ 95.179326743136642, 27.545048683851025 ], [ 95.179124322433864, 27.545051858921997 ] ], [ [ 95.178921901697947, 27.545055033698514 ], [ 95.179323180876409, 27.544868257149922 ], [ 95.179308932166919, 27.5441465502944 ], [ 95.178904094030472, 27.544152899899149 ], [ 95.178921901697947, 27.545055033698514 ] ], [ [ 95.178307518106323, 27.544703702611383 ], [ 95.178712358422928, 27.544697354627637 ], [ 95.178701674912546, 27.544156074259877 ], [ 95.17849925576148, 27.544159248326174 ], [ 95.178307518106323, 27.544703702611383 ] ], [ [ 95.18275361871234, 27.544272957411643 ], [ 95.182959605601866, 27.54445020341706 ], [ 95.182956037497092, 27.544269777137949 ], [ 95.18275361871234, 27.544272957411643 ] ], [ [ 95.176883459525357, 27.544365057269534 ], [ 95.177288298984791, 27.544358713504977 ], [ 95.177078762314309, 27.544001031552479 ], [ 95.177483600386651, 27.543994687296056 ], [ 95.177075203885323, 27.543820604553822 ], [ 95.177476482240905, 27.54363383339064 ], [ 95.177462246346863, 27.542912125518484 ], [ 95.17625485753841, 27.543292008118883 ], [ 95.176865669031457, 27.543462922154983 ], [ 95.176883459525357, 27.544365057269534 ] ], [ [ 95.177884878576648, 27.543807914960265 ], [ 95.178293276133857, 27.543981995250014 ], [ 95.178289715723579, 27.543801568396898 ], [ 95.177884878576648, 27.543807914960265 ] ], [ [ 95.177458687456138, 27.542731698537665 ], [ 95.177867080324233, 27.542905780375417 ], [ 95.177863520773116, 27.54272535344311 ], [ 95.177458687456138, 27.542731698537665 ] ] ] } },
{ "type": "Feature", "properties": { "rank": 18, "class": "Char or sandbar lost (within river belt)", "source": "change", "area_ha": 398.28, "mean_soil_loss_t_ha_yr": null, "max_retreat_m": 806.0, "retreat_m_per_yr": 134.3, "mean_probability": null, "model_agreement": null, "confidence": "High", "confidence_score": 0.98, "population": 4548.0, "built_ha": 1.32, "crop_ha": 182.39, "road_km": 5.64, "embankment_km": 0.0, "facilities": 0.0, "nearest_place": "Changamari Habi", "nearest_place_km": 3.6, "exposure_index": 0.62, "hazard_score": 2.348, "priority_score": 1.723, "lat": 27.456853, "lon": 94.840774 }, "geometry": { "type": "Polygon", "coordinates": [ [ [ 94.864058913331036, 27.474005313106655 ], [ 94.863442811965541, 27.473472049239021 ], [ 94.861208088741563, 27.472960434804651 ], [ 94.858780143673258, 27.472992878297713 ], [ 94.858719565057157, 27.469383591200842 ], [ 94.858314920320069, 27.469388993509344 ], [ 94.858532384652534, 27.470288614566662 ], [ 94.857315413586036, 27.470124352298964 ], [ 94.857125194453815, 27.470848909788025 ], [ 94.856490992593891, 27.469232824724319 ], [ 94.855470310702486, 27.468704917791328 ], [ 94.855047532542415, 27.467627521665129 ], [ 94.853401798064297, 27.466024894775025 ], [ 94.852997164371203, 27.466030281026466 ], [ 94.852378142210014, 27.465316497601474 ], [ 94.851973510868902, 27.465321880751233 ], [ 94.851149169092793, 27.46443031704657 ], [ 94.850744540705804, 27.464435696466296 ], [ 94.849923228994172, 27.463724590013516 ], [ 94.848911663556095, 27.463738027139062 ], [ 94.846870479136996, 27.462682084712476 ], [ 94.845245974875255, 27.462342612445482 ], [ 94.844424712821876, 27.46163147083174 ], [ 94.843820786619034, 27.461819975589847 ], [ 94.843195841730306, 27.460745214438795 ], [ 94.8431718245658, 27.459301484557379 ], [ 94.842555904280644, 27.458768118131417 ], [ 94.842549902411264, 27.458407185458256 ], [ 94.841321082671456, 27.457520909623565 ], [ 94.841315085141702, 27.457159976634596 ], [ 94.840493887384383, 27.45644880819048 ], [ 94.837233135316438, 27.455047816004662 ], [ 94.83601934304275, 27.455063824425118 ], [ 94.835406468862871, 27.454710890357003 ], [ 94.833383485256036, 27.454737538359556 ], [ 94.831170127886082, 27.455488687584158 ], [ 94.825913288810085, 27.455738221275961 ], [ 94.824509064865282, 27.456478655008116 ], [ 94.822489004676044, 27.456685614743147 ], [ 94.82128408273671, 27.457242901154803 ], [ 94.821087709951826, 27.457606484068155 ], [ 94.82048079444867, 27.457614419938416 ], [ 94.818686704791162, 27.459262430482841 ], [ 94.818692629171068, 27.459623367936402 ], [ 94.816895521287918, 27.461090888989592 ], [ 94.816413977357868, 27.456403975100226 ], [ 94.817020887607441, 27.456396057269828 ], [ 94.817416615186673, 27.45584937042771 ], [ 94.817821219797466, 27.455844089353405 ], [ 94.820013941503461, 27.453829866625394 ], [ 94.818383709976203, 27.453129132283738 ], [ 94.818571201447298, 27.452224146163061 ], [ 94.819181050173682, 27.452396688904638 ], [ 94.819175126027829, 27.452035751174808 ], [ 94.819579716325023, 27.452030465667168 ], [ 94.818955061036249, 27.450955580058011 ], [ 94.818928408196697, 27.449331359576913 ], [ 94.818511985243617, 27.448614766655371 ], [ 94.81850606423022, 27.448253828595227 ], [ 94.818910640878826, 27.448248545699126 ], [ 94.818901757592414, 27.447707138693119 ], [ 94.818288975458202, 27.44735412426451 ], [ 94.817664361470719, 27.446279230289001 ], [ 94.817265708186383, 27.446645447630694 ], [ 94.816858179429843, 27.446470256223009 ], [ 94.816212890165588, 27.444132069301098 ], [ 94.816819733316876, 27.444124155596651 ], [ 94.817842973671219, 27.444832837021508 ], [ 94.819264870896703, 27.445175288692099 ], [ 94.820085852063912, 27.445886594198456 ], [ 94.820897951347163, 27.446056487749445 ], [ 94.821317343545019, 27.446953542289801 ], [ 94.822135384717697, 27.447484365550274 ], [ 94.82214725009203, 27.448206240271066 ], [ 94.822754113532056, 27.448198299639529 ], [ 94.824387265250166, 27.449079453882312 ], [ 94.826011523551074, 27.449419182867082 ], [ 94.827847008463067, 27.450297641855819 ], [ 94.828055252068779, 27.450655922843595 ], [ 94.830090085920901, 27.451351227036703 ], [ 94.831095586363361, 27.450976996742401 ], [ 94.834933152332781, 27.450565475306497 ], [ 94.835935638212447, 27.450010743912848 ], [ 94.836542506843969, 27.450002742740875 ], [ 94.837137411281276, 27.449272870455161 ], [ 94.838746734654364, 27.448710113779306 ], [ 94.838529482352811, 27.447810449154012 ], [ 94.837312779168087, 27.447645997842187 ], [ 94.836081134266422, 27.446579199253179 ], [ 94.83567656759206, 27.446584531710698 ], [ 94.83545934515422, 27.445684860605752 ], [ 94.836467764177442, 27.445491061947934 ], [ 94.837494125593352, 27.446380059244333 ], [ 94.838300264068891, 27.446188915586276 ], [ 94.838511524799955, 27.446727646916468 ], [ 94.838913097866055, 27.446541839185734 ], [ 94.838919084865012, 27.446902773212905 ], [ 94.839531924553341, 27.447255693763104 ], [ 94.840944916066988, 27.447056518629854 ], [ 94.841962330881927, 27.447404080213875 ], [ 94.84217960972488, 27.448303738199694 ], [ 94.842375896845184, 27.44794012927186 ], [ 94.843188037536876, 27.448109890339087 ], [ 94.843197039548798, 27.448651289946671 ], [ 94.842590180586669, 27.448659319741999 ], [ 94.843003754533001, 27.449195366462906 ], [ 94.843015756627082, 27.449917232558967 ], [ 94.843423335040086, 27.450092344664949 ], [ 94.8430517655936, 27.45208283036915 ], [ 94.843468357164241, 27.452799341125299 ], [ 94.844283538259461, 27.453149560173205 ], [ 94.843667648966132, 27.452616196799109 ], [ 94.843824910838833, 27.449906522655979 ], [ 94.843411330203111, 27.449370478752972 ], [ 94.843396324786099, 27.448468146250949 ], [ 94.844199463648195, 27.448096501785599 ], [ 94.844413759417719, 27.448815688835381 ], [ 94.845642501337579, 27.449701941956427 ], [ 94.846071121888087, 27.45114030953135 ], [ 94.847493170719673, 27.451482464342053 ], [ 94.848112079892701, 27.452196276212785 ], [ 94.848103052520642, 27.451654878383458 ], [ 94.848507634860297, 27.451649508933752 ], [ 94.848513654395958, 27.452010440742633 ], [ 94.849537159029779, 27.452718874922642 ], [ 94.84954318219134, 27.453079806465883 ], [ 94.84934088854439, 27.453082492969671 ], [ 94.849337877278515, 27.452902027179952 ], [ 94.849135583932451, 27.452904713369637 ], [ 94.849147627848552, 27.453626576580987 ], [ 94.848540743694741, 27.453634633636018 ], [ 94.84854375375707, 27.453815099488157 ], [ 94.849355945294676, 27.453984821843552 ], [ 94.850793108494969, 27.455229268637311 ], [ 94.850397553525809, 27.455776042218957 ], [ 94.849793670407237, 27.455964570967641 ], [ 94.851212776500731, 27.456126218380433 ], [ 94.851421105637172, 27.456484459867738 ], [ 94.852432603438658, 27.456471007779516 ], [ 94.853250855492263, 27.457001636705421 ], [ 94.854875299125482, 27.457341018442364 ], [ 94.855083642296407, 27.457699253688698 ], [ 94.855690546451797, 27.45769116703093 ], [ 94.855696590925987, 27.458052097057539 ], [ 94.855291986867826, 27.458057488538916 ], [ 94.855301051816198, 27.458598883665392 ], [ 94.854887382697058, 27.458062878846022 ], [ 94.853872852487569, 27.457895884279647 ], [ 94.853878891095775, 27.458256814668005 ], [ 94.854697163275304, 27.458787433965725 ], [ 94.854500900667176, 27.4591510586826 ], [ 94.85611933291824, 27.459129494114109 ], [ 94.856113286789991, 27.458768564229974 ], [ 94.855503354846419, 27.458596188009512 ], [ 94.85549731086131, 27.458235257971495 ], [ 94.856306520068401, 27.458224472577538 ], [ 94.856726244547716, 27.459121402556825 ], [ 94.856122356024628, 27.459309959048699 ], [ 94.856128402321872, 27.459670888902927 ], [ 94.85693762171995, 27.459660099324672 ], [ 94.857336181004186, 27.459293773167868 ], [ 94.857550586989205, 27.460012933603167 ], [ 94.858776528950614, 27.460718593428673 ], [ 94.858785611948335, 27.461259987276332 ], [ 94.859800178467921, 27.461426944057244 ], [ 94.860011575402311, 27.461965635026594 ], [ 94.858997003673977, 27.461798680059935 ], [ 94.858990947486546, 27.461437750904466 ], [ 94.858181716053764, 27.461448553053938 ], [ 94.857783152406697, 27.461814881770799 ], [ 94.857777100168164, 27.461453952367027 ], [ 94.857369458750952, 27.46127888575494 ], [ 94.857173201246241, 27.461642513901001 ], [ 94.8559502810852, 27.461117304946352 ], [ 94.854917593596383, 27.459867529506248 ], [ 94.853903046653897, 27.459700536022062 ], [ 94.852263486243857, 27.458458817927664 ], [ 94.85063601808524, 27.457938940646841 ], [ 94.851052681682617, 27.458655424622695 ], [ 94.851665624055357, 27.459008286071981 ], [ 94.851671655762317, 27.459369216854363 ], [ 94.853718857300194, 27.460786020383228 ], [ 94.853724896150538, 27.461146950653369 ], [ 94.854953850391325, 27.462033109640565 ], [ 94.855168247545436, 27.462752273982062 ], [ 94.856194919028283, 27.463641115983382 ], [ 94.858021780770486, 27.463977757975293 ], [ 94.858420350924433, 27.463611428335692 ], [ 94.861654304011481, 27.463387718621256 ], [ 94.861862681075181, 27.463745941770714 ], [ 94.861458057649358, 27.463751352192606 ], [ 94.860660934945329, 27.464484026881831 ], [ 94.860666997358067, 27.464844955536435 ], [ 94.863088690958449, 27.464451559831744 ], [ 94.863094761270176, 27.464812487988805 ], [ 94.863907051517714, 27.464982120064231 ], [ 94.863913124632148, 27.465343048025375 ], [ 94.865133087484082, 27.465687718665372 ], [ 94.864538293543717, 27.466417704210865 ], [ 94.861911213329577, 27.466633368778648 ], [ 94.862334052585226, 27.467710741068718 ], [ 94.863747247367272, 27.46751132410315 ], [ 94.86314636348682, 27.467880376518302 ], [ 94.862134767706692, 27.467893911564865 ], [ 94.862149938155, 27.468796231964763 ], [ 94.862560649537713, 27.469151746661922 ], [ 94.86319797387668, 27.470948263606218 ], [ 94.86320708244105, 27.471489655295613 ], [ 94.862796359957883, 27.471134143154146 ], [ 94.862189384627854, 27.471142264420891 ], [ 94.862195453740014, 27.47150319241624 ], [ 94.862603140562229, 27.471678242397903 ], [ 94.862817609259309, 27.472397390615047 ], [ 94.864662864784236, 27.473816719236471 ], [ 94.864058913331036, 27.474005313106655 ] ], [ [ 94.860341174173072, 27.469542434455089 ], [ 94.860739755122623, 27.469176097835732 ], [ 94.860117635537776, 27.468281888220815 ], [ 94.860132789809057, 27.469184209606997 ], [ 94.860341174173072, 27.469542434455089 ] ], [ [ 94.856080299269763, 27.468877291162784 ], [ 94.857698872121958, 27.468855701222346 ], [ 94.857692818342343, 27.46849477216611 ], [ 94.856273547260912, 27.468333199422137 ], [ 94.856080299269763, 27.468877291162784 ] ], [ [ 94.857064675281805, 27.467239618184255 ], [ 94.857460233578507, 27.46669282610808 ], [ 94.856031914325456, 27.46598985550796 ], [ 94.856246327640378, 27.466709017074745 ], [ 94.857064675281805, 27.467239618184255 ] ], [ [ 94.857463259843072, 27.466873290709231 ], [ 94.857668604351858, 27.467051055741727 ], [ 94.857665577729932, 27.466870591166241 ], [ 94.857463259843072, 27.466873290709231 ] ], [ [ 94.853151177224149, 27.463140146490854 ], [ 94.854971980308989, 27.463115899438552 ], [ 94.854757583559703, 27.462396734802013 ], [ 94.853323299151256, 27.461332802133885 ], [ 94.853127027920422, 27.461696425233988 ], [ 94.852517083401509, 27.461524036562817 ], [ 94.852737499781725, 27.462604135936999 ], [ 94.852535189118242, 27.462606827936611 ], [ 94.852532171428507, 27.462426362720109 ], [ 94.852329861065996, 27.462429054405462 ], [ 94.852335895815415, 27.462789984874739 ], [ 94.853151177224149, 27.463140146490854 ] ], [ [ 94.851520619334906, 27.462439818210623 ], [ 94.852329861065996, 27.462429054405462 ], [ 94.852326843733465, 27.462248589163348 ], [ 94.851514587330669, 27.462078887556451 ], [ 94.851520619334906, 27.462439818210623 ] ], [ [ 94.856143518557928, 27.460573213451259 ], [ 94.857761970065241, 27.460551628770336 ], [ 94.857758944129245, 27.460371164036047 ], [ 94.857145976199419, 27.460018330823711 ], [ 94.855729837547543, 27.460037211847467 ], [ 94.856143518557928, 27.460573213451259 ] ], [ [ 94.855530554173228, 27.460220372933865 ], [ 94.855735882753933, 27.460398141744474 ], [ 94.855732860136655, 27.460217676798461 ], [ 94.855530554173228, 27.460220372933865 ] ], [ [ 94.84561151528608, 27.459991191943381 ], [ 94.846825354954845, 27.459975097291775 ], [ 94.846614025320903, 27.45943638278737 ], [ 94.846004101835689, 27.459263964403469 ], [ 94.845581455743883, 27.458186531806838 ], [ 94.844965531047265, 27.457653176229691 ], [ 94.842731198585952, 27.457141243969645 ], [ 94.842951509112282, 27.458221364623064 ], [ 94.843558420293164, 27.458213330684519 ], [ 94.843978043866827, 27.45911030420973 ], [ 94.84561151528608, 27.459991191943381 ] ], [ [ 94.84793085024107, 27.453462222130543 ], [ 94.848540743694741, 27.453634633636018 ], [ 94.848537733660464, 27.453454167778908 ], [ 94.84793085024107, 27.453462222130543 ] ], [ [ 94.844488836006335, 27.453327347285459 ], [ 94.844694134411085, 27.453505134058144 ], [ 94.844691130654795, 27.453324667805415 ], [ 94.844488836006335, 27.453327347285459 ] ], [ [ 94.844283538259461, 27.453149560173205 ], [ 94.844488836006335, 27.453327347285459 ], [ 94.844485832606964, 27.453146881007214 ], [ 94.844283538259461, 27.453149560173205 ] ], [ [ 94.848930279978376, 27.452726933429947 ], [ 94.849135583932451, 27.452904713369637 ], [ 94.849132573023553, 27.452724247554354 ], [ 94.848930279978376, 27.452726933429947 ] ], [ [ 94.848519674043814, 27.452371372531587 ], [ 94.848724976682163, 27.452549153150592 ], [ 94.848721966487247, 27.452368687284167 ], [ 94.848519674043814, 27.452371372531587 ] ], [ [ 94.8483143720633, 27.452193591572936 ], [ 94.848519674043814, 27.452371372531587 ], [ 94.84851666420586, 27.452190906639601 ], [ 94.8483143720633, 27.452193591572936 ] ], [ [ 94.826663002858282, 27.452118247350395 ], [ 94.826868271912758, 27.452296061954204 ], [ 94.826865297326222, 27.452115593863052 ], [ 94.826663002858282, 27.452118247350395 ] ], [ [ 94.826865297326222, 27.452115593863052 ], [ 94.827674474920727, 27.452104976978585 ], [ 94.827668523199335, 27.451744040944106 ], [ 94.826859348236283, 27.451754657665827 ], [ 94.826850424809294, 27.451213253332678 ], [ 94.826442865372613, 27.451038091648805 ], [ 94.826454760588447, 27.451759964265648 ], [ 94.826865297326222, 27.452115593863052 ] ], [ [ 94.824628173059182, 27.451422892771909 ], [ 94.826252466722963, 27.451762617125297 ], [ 94.825830042171987, 27.450685112643001 ], [ 94.825419514152429, 27.450329479502393 ], [ 94.823798213048065, 27.450170212670244 ], [ 94.823807121175236, 27.450711618007418 ], [ 94.824628173059182, 27.451422892771909 ] ], [ [ 94.842381895471718, 27.448301062522649 ], [ 94.842590180586669, 27.448659319741999 ], [ 94.842584181190603, 27.448298386552143 ], [ 94.842381895471718, 27.448301062522649 ] ], [ [ 94.838100973824268, 27.446372052256514 ], [ 94.838306248983272, 27.446549849756156 ], [ 94.838303256512134, 27.446369382673705 ], [ 94.838100973824268, 27.446372052256514 ] ] ] } },
{ "type": "Feature", "properties": { "rank": 19, "class": "Vegetation loss", "source": "change", "area_ha": 25.84, "mean_soil_loss_t_ha_yr": null, "max_retreat_m": null, "retreat_m_per_yr": null, "mean_probability": null, "model_agreement": null, "confidence": "Not assessed", "confidence_score": null, "population": 2793.0, "built_ha": 7.71, "crop_ha": 48.21, "road_km": 10.21, "embankment_km": 0.0, "facilities": 1.0, "nearest_place": "Dikom", "nearest_place_km": 2.1, "exposure_index": 0.791, "hazard_score": 1.974, "priority_score": 1.685, "lat": 27.475739, "lon": 95.100492 }, "geometry": { "type": "Polygon", "coordinates": [ [ [ 95.103343376124926, 27.478536621054783 ], [ 95.103134210945555, 27.478178803805111 ], [ 95.102328403696148, 27.478371468701607 ], [ 95.102722739360175, 27.477824043088933 ], [ 95.101313433793038, 27.478206308767643 ], [ 95.101505466470229, 27.477661940927895 ], [ 95.101910081799858, 27.477655830322703 ], [ 95.101906655864369, 27.477475392723544 ], [ 95.101100851013001, 27.477668050358442 ], [ 95.101090577252066, 27.477126737264964 ], [ 95.10148834040335, 27.47675975264735 ], [ 95.101083728237597, 27.476765861843955 ], [ 95.100295043049968, 27.477860703476885 ], [ 95.100079042988128, 27.477142005351528 ], [ 95.10047680974975, 27.47677502343651 ], [ 95.099869890974929, 27.47678418238624 ], [ 95.100099580922404, 27.478224632194443 ], [ 95.099489231975383, 27.478053352078753 ], [ 95.099482387908495, 27.477692476334326 ], [ 95.098676576292092, 27.477885120242682 ], [ 95.098464006784354, 27.477346857026919 ], [ 95.09886520081939, 27.477160317364881 ], [ 95.098854938207211, 27.476619003454214 ], [ 95.098251439506399, 27.476808593331686 ], [ 95.098042293916706, 27.476450767235885 ], [ 95.098049132929461, 27.476811643378447 ], [ 95.097644519680046, 27.47681774259102 ], [ 95.097435375969667, 27.476459915474148 ], [ 95.097839987966196, 27.476453816942282 ], [ 95.098035455031351, 27.476089891073038 ], [ 95.097627425678382, 27.475915551963023 ], [ 95.097620588300614, 27.475554675676328 ], [ 95.097013675099475, 27.47556382180246 ], [ 95.096818205380202, 27.475927746397392 ], [ 95.096207873421406, 27.475756450835725 ], [ 95.096194208135941, 27.475034697568091 ], [ 95.096396511708122, 27.475031650397568 ], [ 95.096389678598086, 27.474670773780005 ], [ 95.097188636559991, 27.474117267664163 ], [ 95.097370430461211, 27.473031589776973 ], [ 95.097778448507938, 27.473205930326053 ], [ 95.098179629314714, 27.473019393313685 ], [ 95.098169371862468, 27.472478078842862 ], [ 95.098577388900736, 27.472652417105067 ], [ 95.098560290334035, 27.471750226477905 ], [ 95.098762587600632, 27.471747176204431 ], [ 95.09860132823195, 27.473915483770124 ], [ 95.101642693086234, 27.474230570076028 ], [ 95.102256449247605, 27.474582279462968 ], [ 95.102859927987154, 27.474392673216315 ], [ 95.10529440628433, 27.474716846928157 ], [ 95.1051092583767, 27.475622093446745 ], [ 95.103686276022216, 27.47528263161772 ], [ 95.103285097680981, 27.47546918439599 ], [ 95.102873636332973, 27.475114423459335 ], [ 95.102064424615705, 27.475126648057362 ], [ 95.102071276347232, 27.475487523335705 ], [ 95.100854029957759, 27.475325413927724 ], [ 95.100871149811766, 27.476227602762052 ], [ 95.102496443496065, 27.476564036962724 ], [ 95.103504542531439, 27.476368314166024 ], [ 95.104320621989359, 27.476716955382823 ], [ 95.104721802749751, 27.476530399492891 ], [ 95.10414918237467, 27.478343950313477 ], [ 95.103343376124926, 27.478536621054783 ] ], [ [ 95.096790867165012, 27.474484240381745 ], [ 95.096996587148993, 27.474661630646732 ], [ 95.096993169654382, 27.474481192400379 ], [ 95.096790867165012, 27.474484240381745 ] ] ] } },
{ "type": "Feature", "properties": { "rank": 20, "class": "Vegetation loss", "source": "change", "area_ha": 66.2, "mean_soil_loss_t_ha_yr": null, "max_retreat_m": null, "retreat_m_per_yr": null, "mean_probability": null, "model_agreement": null, "confidence": "Low", "confidence_score": 0.696, "population": 3409.0, "built_ha": 10.26, "crop_ha": 178.02, "road_km": 20.8, "embankment_km": 4.61, "facilities": 1.0, "nearest_place": "Naguli Ghat", "nearest_place_km": 2.0, "exposure_index": 0.925, "hazard_score": 1.757, "priority_score": 1.665, "lat": 27.518812, "lon": 94.994792 }, "geometry": { "type": "Polygon", "coordinates": [ [ [ 95.011519318496596, 27.525920325873642 ], [ 95.009886927254485, 27.525221960955761 ], [ 95.009677956290247, 27.524863993651575 ], [ 95.007640781962735, 27.524171452424397 ], [ 95.007226138070351, 27.523635956712553 ], [ 95.006821330464518, 27.52364180110655 ], [ 95.007033567721152, 27.524180220540938 ], [ 95.006635312532282, 27.524546958867493 ], [ 95.006028095852884, 27.524555722703621 ], [ 95.004395755759759, 27.523857290206717 ], [ 95.003981128235424, 27.523321783885358 ], [ 95.002554491087267, 27.522800857807017 ], [ 95.001731803655915, 27.522090726757568 ], [ 95.001327000344787, 27.522096554858301 ], [ 95.000092992591959, 27.521031344168172 ], [ 94.998875328618084, 27.520868361872346 ], [ 94.996012395352992, 27.519285037712773 ], [ 94.994190819356945, 27.519311177537581 ], [ 94.992960163183483, 27.518426346622579 ], [ 94.99073055489329, 27.51827779318555 ], [ 94.986046254467425, 27.516720321821897 ], [ 94.98239668923695, 27.516411412012328 ], [ 94.98360457334033, 27.516033192880105 ], [ 94.981378251016537, 27.516064936260005 ], [ 94.979550248141194, 27.515729980850839 ], [ 94.979135769278429, 27.515194391816411 ], [ 94.97628292310921, 27.514151989458025 ], [ 94.974843623720872, 27.512908961300138 ], [ 94.971187761495912, 27.512238846068986 ], [ 94.97199731065129, 27.512227367917024 ], [ 94.971990872665359, 27.51186646528102 ], [ 94.972598032238139, 27.511857853710037 ], [ 94.973410799202355, 27.512026818663742 ], [ 94.973417241866102, 27.512387720982069 ], [ 94.974223568355441, 27.512195778729868 ], [ 94.974634788775461, 27.51255093346148 ], [ 94.974625118797604, 27.512009580387303 ], [ 94.975029891755966, 27.512003831941804 ], [ 94.975039563712912, 27.512545184884008 ], [ 94.975656401089765, 27.513077912510397 ], [ 94.97687718481744, 27.513421555536404 ], [ 94.977683511393948, 27.513229593156268 ], [ 94.977487579289559, 27.513593372872229 ], [ 94.977898815062304, 27.513948517053084 ], [ 94.978705143256519, 27.513756548650107 ], [ 94.97891722410877, 27.514295020006816 ], [ 94.979730016467101, 27.514463946496576 ], [ 94.980144495118154, 27.514999533804129 ], [ 94.980754902602087, 27.515171336025585 ], [ 94.980761370098278, 27.515532236577222 ], [ 94.981574173789653, 27.515701151624363 ], [ 94.985622016047898, 27.515643404908481 ], [ 94.987854814915622, 27.515972493026673 ], [ 94.991089834590838, 27.515745709303058 ], [ 94.991298727947708, 27.516103709123154 ], [ 94.993332409175636, 27.51661605520394 ], [ 94.99454025169473, 27.516237742892837 ], [ 94.995160456608943, 27.516950826287527 ], [ 94.996374814234855, 27.516933395292408 ], [ 94.996570687561643, 27.516569592091255 ], [ 94.996795900809786, 27.517829824921414 ], [ 94.996991774102298, 27.517466021159979 ], [ 94.997801348840738, 27.517454390814684 ], [ 94.99821592370364, 27.517989918767903 ], [ 94.998826370834834, 27.518161639174135 ], [ 94.999427025905732, 27.517792012333462 ], [ 94.99943355507321, 27.518152908645312 ], [ 94.999028765611328, 27.518158729292093 ], [ 94.998633766047874, 27.518705893459117 ], [ 95.00005053598656, 27.518685519697925 ], [ 95.000259463681402, 27.519043504066914 ], [ 95.000664256077812, 27.519037679666564 ], [ 95.000670789630107, 27.519398575640512 ], [ 95.001891707682077, 27.519741990796511 ], [ 95.003533786301674, 27.520981800082243 ], [ 95.004542509442629, 27.52078676459254 ], [ 95.005371753138306, 27.521857773485539 ], [ 95.006387032978935, 27.522023618994737 ], [ 95.006191184445257, 27.522387434558059 ], [ 95.006602541462044, 27.522742486730611 ], [ 95.007206470037218, 27.522553273742016 ], [ 95.007216303916465, 27.523094615249985 ], [ 95.007621109420185, 27.523088769812983 ], [ 95.008035752915788, 27.523624264393053 ], [ 95.008440560155364, 27.523618416467546 ], [ 95.008636402976109, 27.523254598073144 ], [ 95.008851928808227, 27.523973461290165 ], [ 95.009459141235411, 27.52396468529469 ], [ 95.009668109614481, 27.524322653100324 ], [ 95.0108923900371, 27.524846431277115 ], [ 95.011496321271764, 27.524657199472941 ], [ 95.011290631279977, 27.524479681460374 ], [ 95.011486465776983, 27.524115859511241 ], [ 95.011692155347006, 27.524293377262016 ], [ 95.011519318496596, 27.525920325873642 ] ], [ [ 95.011094795554598, 27.524843503184634 ], [ 95.01130048596815, 27.525021021459015 ], [ 95.011297201041501, 27.524840574797846 ], [ 95.011094795554598, 27.524843503184634 ] ], [ [ 95.006615649524079, 27.523464275645892 ], [ 95.006821330464518, 27.52364180110655 ], [ 95.006818053042736, 27.52346135391269 ], [ 95.006615649524079, 27.523464275645892 ] ], [ [ 95.006409969243649, 27.523286749841201 ], [ 95.006615649524079, 27.523464275645892 ], [ 95.006612372462811, 27.523283828424635 ], [ 95.006409969243649, 27.523286749841201 ] ], [ [ 94.997824182557338, 27.518717529135159 ], [ 94.99802984088646, 27.518895068946584 ], [ 94.998026578475532, 27.518714620657502 ], [ 94.997824182557338, 27.518717529135159 ] ], [ [ 94.997621786608775, 27.518720437318574 ], [ 94.997814396496594, 27.518176184170912 ], [ 94.997197428711104, 27.517643562428358 ], [ 94.997213733559747, 27.518545804419574 ], [ 94.997615263197787, 27.518359540636283 ], [ 94.997621786608775, 27.518720437318574 ] ], [ [ 94.998026578475532, 27.518714620657502 ], [ 94.9984313702208, 27.518708802819482 ], [ 94.99842484417033, 27.518347906315224 ], [ 94.998020053744796, 27.51835372406422 ], [ 94.998026578475532, 27.518714620657502 ] ], [ [ 94.99659350635909, 27.517832731522439 ], [ 94.996802421399181, 27.518190721811909 ], [ 94.996795900809786, 27.517829824921414 ], [ 94.99659350635909, 27.517832731522439 ] ], [ [ 94.992930877630627, 27.516802306702392 ], [ 94.994559790414343, 27.517320435243072 ], [ 94.994553277386544, 27.51695953781315 ], [ 94.99374370466559, 27.516971149061611 ], [ 94.993740449516807, 27.516790700250244 ], [ 94.992930877630627, 27.516802306702392 ] ], [ [ 94.992522838366725, 27.516627659213562 ], [ 94.992930877630627, 27.516802306702392 ], [ 94.992927623831775, 27.516621857797183 ], [ 94.992522838366725, 27.516627659213562 ] ], [ [ 94.974230013717985, 27.512556680862254 ], [ 94.974435624317849, 27.512734258345613 ], [ 94.974432401261723, 27.512553807308954 ], [ 94.974230013717985, 27.512556680862254 ] ] ] } },
{ "type": "Feature", "properties": { "rank": 21, "class": "Vegetation loss", "source": "change", "area_ha": 105.12, "mean_soil_loss_t_ha_yr": null, "max_retreat_m": null, "retreat_m_per_yr": null, "mean_probability": null, "model_agreement": null, "confidence": "Medium", "confidence_score": 0.831, "population": 1265.0, "built_ha": 7.82, "crop_ha": 133.25, "road_km": 11.51, "embankment_km": 0.0, "facilities": 0.0, "nearest_place": "Nakapur", "nearest_place_km": 2.8, "exposure_index": 0.589, "hazard_score": 2.326, "priority_score": 1.657, "lat": 27.56322, "lon": 95.211174 }, "geometry": { "type": "Polygon", "coordinates": [ [ [ 95.215629286601128, 27.568117344094425 ], [ 95.214609749010393, 27.567772649589035 ], [ 95.214591632333324, 27.566870540381899 ], [ 95.214389176409497, 27.566873769153389 ], [ 95.214201211081573, 27.56759868520351 ], [ 95.213192545265557, 27.567795245664168 ], [ 95.212780388785305, 27.567440854921891 ], [ 95.211562026590912, 27.567279785449308 ], [ 95.210123130583909, 27.566219815653334 ], [ 95.207057410911602, 27.564824735104125 ], [ 95.208268516834877, 27.56462500079785 ], [ 95.207870835339264, 27.564992284592819 ], [ 95.208478195332091, 27.564982626496882 ], [ 95.208879488217562, 27.564795763689762 ], [ 95.208872261101661, 27.564434918468123 ], [ 95.210090589350941, 27.564596013692771 ], [ 95.209472388650767, 27.564064411079134 ], [ 95.207447872372526, 27.564096607922153 ], [ 95.20745509472647, 27.564457453508691 ], [ 95.206641674758473, 27.564289901302992 ], [ 95.206847737204569, 27.564467106963214 ], [ 95.206648894535292, 27.564650747075994 ], [ 95.202968698459983, 27.562904373757451 ], [ 95.202549386316633, 27.562189102544998 ], [ 95.201725184375562, 27.561480249453535 ], [ 95.201320288753536, 27.561486668049099 ], [ 95.200485302108305, 27.560236535608741 ], [ 95.200868594998198, 27.559147577440083 ], [ 95.202488142848921, 27.559121903251647 ], [ 95.202292903435065, 27.559485960657899 ], [ 95.203908850060898, 27.559279846227039 ], [ 95.20349675525901, 27.558925423898 ], [ 95.201674768258087, 27.558954319070644 ], [ 95.201667566491622, 27.558593471791148 ], [ 95.20672861826479, 27.558513149730327 ], [ 95.207115453062215, 27.557604601038296 ], [ 95.207321502928608, 27.557781806840165 ], [ 95.206931059899532, 27.558509933018154 ], [ 95.207936045449856, 27.558132999261272 ], [ 95.210166506775039, 27.558278002943517 ], [ 95.210379792734429, 27.558816049004562 ], [ 95.210170121486428, 27.558458425558822 ], [ 95.207740826102665, 27.558497063223534 ], [ 95.207748047695802, 27.558857909029363 ], [ 95.208554203869852, 27.558664611522513 ], [ 95.208763870497435, 27.559022237683976 ], [ 95.209776081611906, 27.559006136078384 ], [ 95.211019664123171, 27.560430184256855 ], [ 95.211420936153146, 27.560243315211977 ], [ 95.211428170315031, 27.560604160029168 ], [ 95.212039122818027, 27.560774910122049 ], [ 95.212259660646055, 27.561673796864977 ], [ 95.212877859612178, 27.562205387229362 ], [ 95.212888718956521, 27.562746653760787 ], [ 95.213293616037333, 27.562740201182997 ], [ 95.21370575535876, 27.563094591558045 ], [ 95.214511928964185, 27.562901258347839 ], [ 95.213286375118756, 27.56237935693246 ], [ 95.213073067122394, 27.561841316831149 ], [ 95.213470719588116, 27.561474019658171 ], [ 95.213261032964624, 27.561116401894122 ], [ 95.212859761378397, 27.561303276241141 ], [ 95.212848902842197, 27.560762009586696 ], [ 95.213261032964624, 27.561116401894122 ], [ 95.213868369409965, 27.561106721483458 ], [ 95.214085301140955, 27.561825182320177 ], [ 95.21570487381851, 27.561799351781872 ], [ 95.215892822037603, 27.561074434297577 ], [ 95.216706227969496, 27.561241932918097 ], [ 95.216691724872675, 27.56052024591045 ], [ 95.215881948731209, 27.560533168737859 ], [ 95.215874700028877, 27.560172325005745 ], [ 95.217299056624611, 27.56051055069646 ], [ 95.217317190537045, 27.561412659072737 ], [ 95.216511033752667, 27.561606007688091 ], [ 95.217523263253412, 27.561589848257171 ], [ 95.217736591888823, 27.562127880287743 ], [ 95.217331698274307, 27.562134345681464 ], [ 95.217338952345386, 27.562495188955065 ], [ 95.216521910640395, 27.562147272933323 ], [ 95.216532787831667, 27.562688538132409 ], [ 95.216127891829345, 27.562695000138692 ], [ 95.216135142136835, 27.563055843677883 ], [ 95.215321723234894, 27.562888342486485 ], [ 95.215513299383332, 27.562343847230515 ], [ 95.216323089013784, 27.562330925772553 ], [ 95.216113391619061, 27.561973312998802 ], [ 95.213886475737496, 27.562008831880863 ], [ 95.214099787996616, 27.562546870467671 ], [ 95.214501061586731, 27.562359992423673 ], [ 95.214924072575783, 27.563255644831564 ], [ 95.216341216350727, 27.563233034509885 ], [ 95.217158265866559, 27.56358095110533 ], [ 95.215538668636952, 27.563606800118119 ], [ 95.214924072575783, 27.563255644831564 ], [ 95.213712997868853, 27.563455435668931 ], [ 95.214739738289595, 27.564160983295384 ], [ 95.215347090882929, 27.564151295439185 ], [ 95.215357963237778, 27.564692560913443 ], [ 95.214352948888788, 27.565069550107889 ], [ 95.213134611888293, 27.56490849298774 ], [ 95.212924918959956, 27.564550875199032 ], [ 95.212520015134032, 27.564557327091268 ], [ 95.21251277618606, 27.56419648274602 ], [ 95.211095616362314, 27.564219054741908 ], [ 95.211102850682792, 27.56457989943214 ], [ 95.211511372851803, 27.564753873953372 ], [ 95.211106467893515, 27.564760321769562 ], [ 95.211102850682792, 27.56457989943214 ], [ 95.210697946250974, 27.564586346020395 ], [ 95.210705179383893, 27.564947190788637 ], [ 95.211113702415886, 27.56512116642903 ], [ 95.21232842085341, 27.565101819148751 ], [ 95.212335659476992, 27.565462663492038 ], [ 95.213141853088899, 27.565269337144063 ], [ 95.212541732786036, 27.56563986000398 ], [ 95.215173631028449, 27.565597899712152 ], [ 95.218188656429575, 27.564466893342512 ], [ 95.220032505118013, 27.565520303722064 ], [ 95.222270389454806, 27.566025944998614 ], [ 95.222870475937128, 27.565655381885769 ], [ 95.222859566284825, 27.565114119248026 ], [ 95.223260832168052, 27.56492721626233 ], [ 95.223680285823107, 27.565642416118457 ], [ 95.224063359663603, 27.564553407036875 ], [ 95.224052444670789, 27.564012144752663 ], [ 95.22324264695466, 27.564025111985504 ], [ 95.22303292425353, 27.56366751126092 ], [ 95.223842719460919, 27.563654545404837 ], [ 95.224667071213673, 27.564363257613458 ], [ 95.224674349960239, 27.564724098972185 ], [ 95.225079251056314, 27.564717611621678 ], [ 95.22488771989056, 27.565262117369524 ], [ 95.223875461769211, 27.565278332434293 ], [ 95.223882738210008, 27.565639173939953 ], [ 95.224891359746735, 27.565442538001012 ], [ 95.224696187012469, 27.565806622925248 ], [ 95.225101092074979, 27.565800135277296 ], [ 95.224508291820172, 27.566531548939111 ], [ 95.224920479815083, 27.56688590286824 ], [ 95.224313116118935, 27.566895633460263 ], [ 95.224522849751608, 27.567253231488912 ], [ 95.221684838121163, 27.567118189693229 ], [ 95.221471479195372, 27.566580165793823 ], [ 95.22107020408292, 27.566767064097636 ], [ 95.22127992728042, 27.567124667668775 ], [ 95.220871382754908, 27.566950723384942 ], [ 95.220878649887794, 27.56731156554104 ], [ 95.219461458093292, 27.567334225220129 ], [ 95.216844034309048, 27.568097955399193 ], [ 95.215629286601128, 27.568117344094425 ] ], [ [ 95.213984264460734, 27.566880225812287 ], [ 95.214385553505764, 27.566693347271912 ], [ 95.212751426846935, 27.565997478271225 ], [ 95.210734113261324, 27.566390569656615 ], [ 95.212758667129464, 27.566358322464644 ], [ 95.213984264460734, 27.566880225812287 ] ], [ [ 95.224063359663603, 27.564553407036875 ], [ 95.224276726288593, 27.565091426581411 ], [ 95.224265809999594, 27.564550164417703 ], [ 95.224063359663603, 27.564553407036875 ] ], [ [ 95.210289425829657, 27.564412368988911 ], [ 95.210697946250974, 27.564586346020395 ], [ 95.210694329734991, 27.564405923628581 ], [ 95.210289425829657, 27.564412368988911 ] ], [ [ 95.213308098278688, 27.563461889622566 ], [ 95.213712997868853, 27.563455435668931 ], [ 95.21370575535876, 27.563094591558045 ], [ 95.213503306241549, 27.563097818632865 ], [ 95.213308098278688, 27.563461889622566 ] ], [ [ 95.21309478769308, 27.562923849761457 ], [ 95.213300857090644, 27.563101045413038 ], [ 95.213297236547149, 27.562920623300585 ], [ 95.21309478769308, 27.562923849761457 ] ], [ [ 95.212686270365609, 27.562749879607718 ], [ 95.212892338805332, 27.562927075927679 ], [ 95.212888718956521, 27.562746653760787 ], [ 95.212686270365609, 27.562749879607718 ] ], [ [ 95.215722995692119, 27.562701460966423 ], [ 95.215929068583989, 27.562878652496718 ], [ 95.215925443777607, 27.562698230699876 ], [ 95.215722995692119, 27.562701460966423 ] ], [ [ 95.213275513993466, 27.561838090518215 ], [ 95.213481581502776, 27.562015286029197 ], [ 95.213477960830872, 27.561834863910654 ], [ 95.213275513993466, 27.561838090518215 ] ], [ [ 95.216308587751314, 27.561609238690405 ], [ 95.216518284977425, 27.561966851190046 ], [ 95.216511033752667, 27.561606007688091 ], [ 95.216308587751314, 27.561609238690405 ] ], [ [ 95.213467099017251, 27.561293597524237 ], [ 95.213673165730853, 27.561470792805295 ], [ 95.213669544829528, 27.561290370696025 ], [ 95.213467099017251, 27.561293597524237 ] ], [ [ 95.204310131617149, 27.559092997252428 ], [ 95.207140721111173, 27.558867561964764 ], [ 95.207137111289143, 27.558687138990635 ], [ 95.204505363559903, 27.55872893741968 ], [ 95.204310131617149, 27.559092997252428 ] ] ] } },
{ "type": "Feature", "properties": { "rank": 22, "class": "Vegetation loss", "source": "change", "area_ha": 85.0, "mean_soil_loss_t_ha_yr": null, "max_retreat_m": null, "retreat_m_per_yr": null, "mean_probability": null, "model_agreement": null, "confidence": "Not assessed", "confidence_score": null, "population": 1713.0, "built_ha": 0.02, "crop_ha": 134.41, "road_km": 0.0, "embankment_km": 0.0, "facilities": 0.0, "nearest_place": "Naguli Ghat", "nearest_place_km": 4.4, "exposure_index": 0.45, "hazard_score": 2.673, "priority_score": 1.644, "lat": 27.525215, "lon": 94.969024 }, "geometry": { "type": "Polygon", "coordinates": [ [ [ 94.975146789871857, 27.529871331668723 ], [ 94.975140336765733, 27.529510430634566 ], [ 94.976155657020598, 27.529676495581029 ], [ 94.976348390207306, 27.529132266405508 ], [ 94.975535492267554, 27.528963325875523 ], [ 94.976740309267143, 27.52840470819423 ], [ 94.975525811123163, 27.528421974373245 ], [ 94.975114525542537, 27.52806682629657 ], [ 94.973903254235381, 27.52826452877358 ], [ 94.974099221313537, 27.527900752845252 ], [ 94.973289558404232, 27.527912249237502 ], [ 94.972875059040064, 27.527376643216865 ], [ 94.971859763514118, 27.527210552873882 ], [ 94.961106117720391, 27.525918704604667 ], [ 94.959878831153205, 27.525214023688708 ], [ 94.959069180997844, 27.525225436259426 ], [ 94.957029071917773, 27.524351684033853 ], [ 94.955798632946326, 27.523466511917373 ], [ 94.955191403490787, 27.523475053472758 ], [ 94.954982608076776, 27.523116994328692 ], [ 94.956813877227276, 27.523632722771911 ], [ 94.956193868234351, 27.522919457849241 ], [ 94.955381039745447, 27.522750395254985 ], [ 94.955172245259035, 27.522392336321467 ], [ 94.955981876552599, 27.522380947515114 ], [ 94.955975488072895, 27.522020041932077 ], [ 94.956377107365839, 27.521833893094723 ], [ 94.957389140565795, 27.521819647848687 ], [ 94.957803545223229, 27.522355305483718 ], [ 94.958404371177394, 27.521985847782549 ], [ 94.959618811122255, 27.521968734815385 ], [ 94.9612668890381, 27.523569970904976 ], [ 94.962076525999606, 27.523558546169863 ], [ 94.963098189753268, 27.524085614568119 ], [ 94.964107031734159, 27.523890867475529 ], [ 94.965327907950211, 27.524234607084587 ], [ 94.966744777380839, 27.524214568889896 ], [ 94.967538349720598, 27.523300854526926 ], [ 94.968351196253678, 27.523469844804549 ], [ 94.968756012702869, 27.523464112423348 ], [ 94.968951989740745, 27.523100343076742 ], [ 94.970979282146487, 27.523252112147929 ], [ 94.970972844463816, 27.522891209862209 ], [ 94.971782471724623, 27.522879728881723 ], [ 94.972383249672319, 27.522510213057764 ], [ 94.975621741916314, 27.522464228623956 ], [ 94.976049142656365, 27.523721629407746 ], [ 94.976878145252584, 27.524792821376444 ], [ 94.976887831526128, 27.525334172718456 ], [ 94.977295882195165, 27.525508865523765 ], [ 94.977524132623358, 27.526949589054627 ], [ 94.97814106630365, 27.527482299751689 ], [ 94.978147528652286, 27.527843200236031 ], [ 94.979583835012519, 27.528905729411708 ], [ 94.979590302464246, 27.529266629506882 ], [ 94.978375796942288, 27.529283921074434 ], [ 94.977575817491811, 27.529836793664725 ], [ 94.975146789871857, 27.529871331668723 ] ], [ [ 94.957629911106181, 27.52398222908101 ], [ 94.957835519110304, 27.524159831135453 ], [ 94.957832321587645, 27.523979378592905 ], [ 94.957629911106181, 27.52398222908101 ] ], [ [ 94.95722189355125, 27.523807476561235 ], [ 94.957629911106181, 27.52398222908101 ], [ 94.957626713943355, 27.523801776511618 ], [ 94.95722189355125, 27.523807476561235 ] ], [ [ 94.956813877227276, 27.523632722771911 ], [ 94.95722189355125, 27.523807476561235 ], [ 94.957218697078304, 27.523627023943206 ], [ 94.956813877227276, 27.523632722771911 ] ], [ [ 94.970574467016149, 27.523257850960142 ], [ 94.970780093152541, 27.523435432858463 ], [ 94.970776874596297, 27.523254981701196 ], [ 94.970574467016149, 27.523257850960142 ] ], [ [ 94.955981876552599, 27.522380947515114 ], [ 94.956187478916135, 27.522558552339941 ], [ 94.956184284301656, 27.522378099577757 ], [ 94.955981876552599, 27.522380947515114 ] ] ] } },
{ "type": "Feature", "properties": { "rank": 23, "class": "Vegetation loss", "source": "change", "area_ha": 31.52, "mean_soil_loss_t_ha_yr": null, "max_retreat_m": null, "retreat_m_per_yr": null, "mean_probability": null, "model_agreement": null, "confidence": "Not assessed", "confidence_score": null, "population": 1615.0, "built_ha": 5.35, "crop_ha": 58.67, "road_km": 6.14, "embankment_km": 0.0, "facilities": 1.0, "nearest_place": "Baratichuk", "nearest_place_km": 4.6, "exposure_index": 0.688, "hazard_score": 2.089, "priority_score": 1.633, "lat": 27.499722, "lon": 95.054411 }, "geometry": { "type": "Polygon", "coordinates": [ [ [ 95.054610193702928, 27.502367654733174 ], [ 95.050357304668566, 27.502249922988106 ], [ 95.050337232460436, 27.501167265681097 ], [ 95.05074194687225, 27.501161299098996 ], [ 95.050333887201433, 27.500986822778898 ], [ 95.050300436324534, 27.499182393478783 ], [ 95.052931030643478, 27.499143592942435 ], [ 95.053126684805164, 27.498779720947127 ], [ 95.053733742213467, 27.498770759177532 ], [ 95.053325687508405, 27.498596291359348 ], [ 95.05331563830336, 27.498054963453399 ], [ 95.05392269166353, 27.498046001076375 ], [ 95.053312288630721, 27.497874520807969 ], [ 95.053494540094491, 27.49678887782418 ], [ 95.053703589228093, 27.497146775780276 ], [ 95.054307286293778, 27.496957369426326 ], [ 95.054516338330686, 27.497315265990729 ], [ 95.055521379933978, 27.49693943403231 ], [ 95.055548205939715, 27.498382973243199 ], [ 95.056559962962567, 27.498368018082644 ], [ 95.05654654311914, 27.497646248975592 ], [ 95.057551579740675, 27.497270402569736 ], [ 95.056529769017729, 27.496744037477953 ], [ 95.058145197540838, 27.49653965345404 ], [ 95.058357618476762, 27.497077985728065 ], [ 95.058758957477409, 27.49689155458362 ], [ 95.058974740968949, 27.497610327707783 ], [ 95.058596908190069, 27.499059853825248 ], [ 95.058195561263688, 27.499246284894173 ], [ 95.058404630325924, 27.499604174574237 ], [ 95.057794212925273, 27.499432714873901 ], [ 95.056991512012345, 27.499805571565641 ], [ 95.056782446953108, 27.499447679540108 ], [ 95.056795869364464, 27.500169448353208 ], [ 95.056994867960384, 27.499986013743481 ], [ 95.058009996346897, 27.500151489322008 ], [ 95.05803014276627, 27.50123414156506 ], [ 95.057817714008223, 27.50069580944184 ], [ 95.057416359862557, 27.500882238617709 ], [ 95.057608644477028, 27.500337918940602 ], [ 95.057203934823718, 27.500343905330155 ], [ 95.057217360496637, 27.501065673858815 ], [ 95.056819359787283, 27.501432543581352 ], [ 95.056610291827297, 27.501074651513246 ], [ 95.057011648169265, 27.500888224556785 ], [ 95.054789084132452, 27.501101568601637 ], [ 95.054610193702928, 27.502367654733174 ] ], [ [ 95.05074194687225, 27.501161299098996 ], [ 95.050947650310377, 27.501338758195605 ], [ 95.050944304031447, 27.501158315366968 ], [ 95.05074194687225, 27.501161299098996 ] ], [ [ 95.056600225491991, 27.500533324918187 ], [ 95.05680593650105, 27.500710774909908 ], [ 95.056802580757591, 27.500530332729401 ], [ 95.056600225491991, 27.500533324918187 ] ], [ [ 95.05679922504541, 27.500349890543831 ], [ 95.057004935991969, 27.500527340246645 ], [ 95.057001579950182, 27.500346898083979 ], [ 95.05679922504541, 27.500349890543831 ] ], [ [ 95.056998223939658, 27.500166455916261 ], [ 95.057203934823718, 27.500343905330155 ], [ 95.057200578483616, 27.500163463185345 ], [ 95.056998223939658, 27.500166455916261 ] ], [ [ 95.05760528747777, 27.500157476841615 ], [ 95.057810999256787, 27.50033492530487 ], [ 95.057807641927965, 27.500154483228791 ], [ 95.05760528747777, 27.500157476841615 ] ], [ [ 95.057989851053023, 27.499068836896821 ], [ 95.058195561263688, 27.499246284894173 ], [ 95.058192203463307, 27.499065842833584 ], [ 95.057989851053023, 27.499068836896821 ] ], [ [ 95.055150208407468, 27.498749838093484 ], [ 95.055554912753394, 27.498743857995336 ], [ 95.055548205939715, 27.498382973243199 ], [ 95.05534585444147, 27.498385963393467 ], [ 95.055150208407468, 27.498749838093484 ] ], [ [ 95.057150237132177, 27.497456830406076 ], [ 95.057359299134632, 27.497814722115358 ], [ 95.057352586701626, 27.497453837724841 ], [ 95.057150237132177, 27.497456830406076 ] ], [ [ 95.057558292770224, 27.497631286924545 ], [ 95.057962992411902, 27.497625300046575 ], [ 95.057959635222431, 27.497444857917536 ], [ 95.057551579740675, 27.497270402569736 ], [ 95.057558292770224, 27.497631286924545 ] ], [ [ 95.057952920937282, 27.497083973644262 ], [ 95.058360976262762, 27.497258427821397 ], [ 95.058357618476762, 27.497077985728065 ], [ 95.057952920937282, 27.497083973644262 ] ] ] } },
{ "type": "Feature", "properties": { "rank": 24, "class": "Vegetation loss", "source": "change", "area_ha": 26.2, "mean_soil_loss_t_ha_yr": null, "max_retreat_m": null, "retreat_m_per_yr": null, "mean_probability": null, "model_agreement": null, "confidence": "Not assessed", "confidence_score": null, "population": 2265.0, "built_ha": 3.16, "crop_ha": 145.82, "road_km": 9.39, "embankment_km": 2.15, "facilities": 0.0, "nearest_place": "Changamari Habi", "nearest_place_km": 3.7, "exposure_index": 0.747, "hazard_score": 1.982, "priority_score": 1.631, "lat": 27.399119, "lon": 94.805133 }, "geometry": { "type": "Polygon", "coordinates": [ [ [ 94.807460126466424, 27.403631417069999 ], [ 94.807445442264665, 27.402729060528021 ], [ 94.806229267116095, 27.402564310389987 ], [ 94.806223397619135, 27.402203367487232 ], [ 94.807029284677526, 27.402012416651143 ], [ 94.806821207975759, 27.401654094122922 ], [ 94.807225617436799, 27.401648853343136 ], [ 94.807222681170984, 27.401468381969963 ], [ 94.806416798405266, 27.401659333731136 ], [ 94.806613132668517, 27.401295771201525 ], [ 94.806205789785039, 27.401120538659914 ], [ 94.806199920725902, 27.400759595677776 ], [ 94.805391107708829, 27.400770069805965 ], [ 94.805599178094752, 27.401128394815963 ], [ 94.804995498760348, 27.401316719940215 ], [ 94.804585226145349, 27.400961010902293 ], [ 94.803981545717292, 27.401149331678351 ], [ 94.804388885593497, 27.40132457088453 ], [ 94.804201338008454, 27.402229545628384 ], [ 94.803791064245189, 27.401873834337085 ], [ 94.803386653198046, 27.401879065198592 ], [ 94.803190307177886, 27.402242623715125 ], [ 94.802976383262703, 27.4015233513034 ], [ 94.803369073251972, 27.400796234624558 ], [ 94.802771249279331, 27.401345493848819 ], [ 94.8023668399276, 27.401350721660968 ], [ 94.802563187314462, 27.40098716420621 ], [ 94.802149995439777, 27.40045097565212 ], [ 94.80255440156526, 27.400445748626339 ], [ 94.802762462382034, 27.400804078358878 ], [ 94.803155151550641, 27.400076962266713 ], [ 94.802952949239639, 27.400079576764558 ], [ 94.802744889324828, 27.39972124724509 ], [ 94.802138284114434, 27.399729087982379 ], [ 94.802129500907071, 27.399187672177984 ], [ 94.802721460111258, 27.39827747214893 ], [ 94.802111935229462, 27.398104840435295 ], [ 94.802305350586735, 27.397560811451434 ], [ 94.801903882039127, 27.397746509254144 ], [ 94.801892173663873, 27.397024621206594 ], [ 94.802501692231189, 27.397197254209608 ], [ 94.802305350586735, 27.397560811451434 ], [ 94.803114141623823, 27.397550356340794 ], [ 94.802706817740315, 27.397375112552627 ], [ 94.802700960983103, 27.397014168679391 ], [ 94.803108283499881, 27.397189412557733 ], [ 94.803298763302649, 27.396464910542715 ], [ 94.802689247796337, 27.396292280873396 ], [ 94.802683391366813, 27.395931336940642 ], [ 94.801877538808967, 27.396122261035561 ], [ 94.802068025335018, 27.395397760297406 ], [ 94.800846086075438, 27.394872014455171 ], [ 94.800837310982871, 27.39433059788821 ], [ 94.801244620789561, 27.394505847893832 ], [ 94.801440961202459, 27.39414229208786 ], [ 94.801432183485502, 27.393600875641788 ], [ 94.801232918315137, 27.393783959248633 ], [ 94.801027802016648, 27.393606098215283 ], [ 94.801833638338223, 27.393415179778593 ], [ 94.801625595723749, 27.39305684748528 ], [ 94.802443136680097, 27.393587814084107 ], [ 94.802451919316553, 27.394129230229396 ], [ 94.803058493857421, 27.394121389600684 ], [ 94.803067279691362, 27.394662805520785 ], [ 94.803673856938204, 27.394654962076238 ], [ 94.803890699461718, 27.395554706375354 ], [ 94.80409289343531, 27.395552090915036 ], [ 94.804087032632339, 27.395191147223567 ], [ 94.804488488169099, 27.395005443691772 ], [ 94.804292156638411, 27.395369003338722 ], [ 94.804702406618546, 27.395724714555225 ], [ 94.804098754347592, 27.39591303458667 ], [ 94.80410168484471, 27.396093506415042 ], [ 94.803899489887129, 27.396096121935585 ], [ 94.803902420083588, 27.396276593779081 ], [ 94.80349509989, 27.396101352098199 ], [ 94.803301692569704, 27.3966453824365 ], [ 94.803515607246808, 27.397364655179491 ], [ 94.804529524886988, 27.397532048622637 ], [ 94.80413099131907, 27.397898224425987 ], [ 94.804341982988873, 27.398437023658158 ], [ 94.803533186046678, 27.398447486198581 ], [ 94.804151507477243, 27.39916152673851 ], [ 94.803342705176973, 27.39917198842868 ], [ 94.803143433882383, 27.399355074958507 ], [ 94.803149292661871, 27.399716018622534 ], [ 94.803761758319752, 27.400069117015924 ], [ 94.803369073251972, 27.400796234624558 ], [ 94.804377159286304, 27.400602684196997 ], [ 94.804359570645559, 27.399519854016862 ], [ 94.80476983697244, 27.399875564081423 ], [ 94.805980112960441, 27.399679385463081 ], [ 94.80617644558393, 27.399315823550793 ], [ 94.806583781632298, 27.399491056544075 ], [ 94.805994783352233, 27.400581743130541 ], [ 94.807008733305167, 27.400749116863459 ], [ 94.806797723865259, 27.400210322676891 ], [ 94.807196256010783, 27.399844139388179 ], [ 94.806994054574758, 27.399846759723413 ], [ 94.806785982466948, 27.399488436834798 ], [ 94.806991118910801, 27.399666288280514 ], [ 94.807392584806649, 27.39948057594977 ], [ 94.806780111932014, 27.399127493883984 ], [ 94.80677424150656, 27.398766550913333 ], [ 94.807181576324467, 27.398941782224643 ], [ 94.807175704641566, 27.398580839324499 ], [ 94.8067683711906, 27.398405607922818 ], [ 94.806756630887108, 27.397683721882284 ], [ 94.807161025913416, 27.397678481987313 ], [ 94.80757129355149, 27.398034183790266 ], [ 94.807380839909641, 27.398758690269624 ], [ 94.808799173704557, 27.39892080980427 ], [ 94.808400650252906, 27.399286997305396 ], [ 94.808412402039679, 27.400008882523608 ], [ 94.809625611062927, 27.399993143697813 ], [ 94.810035895158251, 27.400348837336761 ], [ 94.810437357826018, 27.400163116380632 ], [ 94.810243979240198, 27.400707154745088 ], [ 94.809833693121604, 27.400351461832603 ], [ 94.809640311255023, 27.400895499504973 ], [ 94.809232965639083, 27.400720275961312 ], [ 94.809227086847116, 27.400359333562864 ], [ 94.808415340054864, 27.400189353815758 ], [ 94.80843296872132, 27.401272181464456 ], [ 94.808834437596019, 27.401086464856768 ], [ 94.808846193103406, 27.401808349715477 ], [ 94.809256481903304, 27.402164045356614 ], [ 94.808855010021688, 27.402349763307406 ], [ 94.809063094543134, 27.402708082384041 ], [ 94.808860888104221, 27.402710705677215 ], [ 94.808857949049255, 27.40253023449479 ], [ 94.808655742911057, 27.40253285747492 ], [ 94.808257206721109, 27.402899045037127 ], [ 94.808471167548959, 27.403618307423795 ], [ 94.807460126466424, 27.403631417069999 ] ], [ [ 94.80845059837408, 27.40235500893451 ], [ 94.808655742911057, 27.40253285747492 ], [ 94.80865280421159, 27.402352386267413 ], [ 94.80845059837408, 27.40235500893451 ] ], [ [ 94.808230764825012, 27.401274803717904 ], [ 94.808435906928281, 27.401452652721868 ], [ 94.80843296872132, 27.401272181464456 ], [ 94.808230764825012, 27.401274803717904 ] ], [ [ 94.803574207071435, 27.400974091215343 ], [ 94.803981545717292, 27.401149331678351 ], [ 94.803978614783006, 27.400968859968788 ], [ 94.803574207071435, 27.400974091215343 ] ], [ [ 94.802947091007013, 27.399718633080248 ], [ 94.803152222092606, 27.399896490447105 ], [ 94.803149292661871, 27.399716018622534 ], [ 94.802947091007013, 27.399718633080248 ] ], [ [ 94.802938303862916, 27.399177217516581 ], [ 94.803342705176973, 27.39917198842868 ], [ 94.803339775527462, 27.398991516604337 ], [ 94.803137575212148, 27.398994131274648 ], [ 94.803134645918007, 27.398813659425279 ], [ 94.802932445903423, 27.398816273782664 ], [ 94.802938303862916, 27.399177217516581 ] ], [ [ 94.802727317250785, 27.398638415952725 ], [ 94.802932445903423, 27.398816273782664 ], [ 94.802929516964639, 27.398635801908267 ], [ 94.802727317250785, 27.398638415952725 ] ], [ [ 94.806961763776798, 27.397861573578687 ], [ 94.807172768841184, 27.39840036786698 ], [ 94.807163961604289, 27.39785895346467 ], [ 94.806961763776798, 27.397861573578687 ] ], [ [ 94.803729524957902, 27.39808392738971 ], [ 94.804136852941909, 27.398259167968646 ], [ 94.804133922116819, 27.3980786961998 ], [ 94.803729524957902, 27.39808392738971 ] ], [ [ 94.803108283499881, 27.397189412557733 ], [ 94.803313409911155, 27.397367269962036 ], [ 94.803310480534819, 27.397186798088093 ], [ 94.803108283499881, 27.397189412557733 ] ], [ [ 94.803697294902221, 27.396098737163303 ], [ 94.804098754347592, 27.39591303458667 ], [ 94.803890699461718, 27.395554706375354 ], [ 94.803688505460812, 27.395557321542853 ], [ 94.803489240891068, 27.395740408316048 ], [ 94.803697294902221, 27.396098737163303 ] ], [ [ 94.803483382001417, 27.395379464514054 ], [ 94.803688505460812, 27.395557321542853 ], [ 94.803685575701635, 27.395376849659449 ], [ 94.803483382001417, 27.395379464514054 ] ], [ [ 94.80205339006838, 27.394495400003482 ], [ 94.802258509646563, 27.39467325934752 ], [ 94.802255582319859, 27.394492787298873 ], [ 94.80205339006838, 27.394495400003482 ] ], [ [ 94.802249727748332, 27.394131843186695 ], [ 94.802457774544038, 27.39449017430146 ], [ 94.802451919316553, 27.394129230229396 ], [ 94.802249727748332, 27.394131843186695 ] ] ] } },
{ "type": "Feature", "properties": { "rank": 25, "class": "Char or sandbar lost (within river belt)", "source": "change", "area_ha": 141.28, "mean_soil_loss_t_ha_yr": null, "max_retreat_m": 621.0, "retreat_m_per_yr": 103.5, "mean_probability": null, "model_agreement": null, "confidence": "High", "confidence_score": 0.991, "population": 2090.0, "built_ha": 3.64, "crop_ha": 176.28, "road_km": 10.44, "embankment_km": 3.04, "facilities": 0.0, "nearest_place": "Naguli Ghat", "nearest_place_km": 2.4, "exposure_index": 0.755, "hazard_score": 1.965, "priority_score": 1.628, "lat": 27.533573, "lon": 95.03612 }, "geometry": { "type": "Polygon", "coordinates": [ [ [ 95.048010719772932, 27.539465831199575 ], [ 95.047170899718324, 27.537853781981198 ], [ 95.045942977217194, 27.537149899103774 ], [ 95.044728434658936, 27.537167774892499 ], [ 95.044532692674011, 27.537531638395691 ], [ 95.043722994247091, 27.537543548703834 ], [ 95.042518458826194, 27.538102733831156 ], [ 95.041506329207877, 27.538117606599275 ], [ 95.039266311643331, 27.537428527981017 ], [ 95.037849335731536, 27.537449314180666 ], [ 95.036624799691097, 27.536925788904078 ], [ 95.035612677134026, 27.536940618182552 ], [ 95.034590579938012, 27.53641410883845 ], [ 95.033780884678777, 27.536425960800539 ], [ 95.034985451814265, 27.535866849919739 ], [ 95.036601504658194, 27.535662684143659 ], [ 95.035984258001932, 27.535130251226089 ], [ 95.035579415490247, 27.535136181600592 ], [ 95.035161271705448, 27.534420335841684 ], [ 95.035174572854729, 27.53514211079742 ], [ 95.034162465724393, 27.535156928637164 ], [ 95.034763080779626, 27.534787151258151 ], [ 95.034756431587596, 27.534426263679499 ], [ 95.034142524091536, 27.534074265493281 ], [ 95.033750976641755, 27.534801965927091 ], [ 95.032928006400795, 27.534092036369628 ], [ 95.03130532887387, 27.533935270192615 ], [ 95.030283278876468, 27.533408726324907 ], [ 95.028056670331964, 27.533441235642755 ], [ 95.02764520642782, 27.533086253357208 ], [ 95.026228275965195, 27.533106918119877 ], [ 95.026434005491737, 27.53328441165382 ], [ 95.026234896928827, 27.533467807679372 ], [ 95.024389968996203, 27.532231240901311 ], [ 95.023985134191051, 27.532237136944943 ], [ 95.023570381386094, 27.531701696478404 ], [ 95.023374576092962, 27.53206553367411 ], [ 95.021549517429989, 27.531911597810684 ], [ 95.018669505155898, 27.529426547409248 ], [ 95.017833483931057, 27.527994737231719 ], [ 95.021891594457301, 27.528477247431411 ], [ 95.022707845584065, 27.528826358423405 ], [ 95.024124724250342, 27.528805732481032 ], [ 95.024532853535746, 27.528980281789522 ], [ 95.024539467800622, 27.529341171942388 ], [ 95.029613021558816, 27.529989151700658 ], [ 95.031451326724792, 27.530864759840863 ], [ 95.034288442740106, 27.53100375647271 ], [ 95.035104747345216, 27.531352791377419 ], [ 95.03712888995193, 27.531323138379694 ], [ 95.03916635491602, 27.532015229429131 ], [ 95.040178430110501, 27.532000376718589 ], [ 95.040998093038141, 27.532529818697789 ], [ 95.043835250709591, 27.532668617335951 ], [ 95.043841929057805, 27.533029502961124 ], [ 95.046480026469055, 27.533351665824014 ], [ 95.051378236880538, 27.535445350053859 ], [ 95.051587361155313, 27.535803245710831 ], [ 95.053011012953206, 27.536143204027724 ], [ 95.051600770403638, 27.536525013109408 ], [ 95.04979906988757, 27.537634548578001 ], [ 95.048375406172923, 27.537294557914407 ], [ 95.048807037364313, 27.538732126800753 ], [ 95.048010719772932, 27.539465831199575 ] ], [ [ 95.026022547098947, 27.532929424241331 ], [ 95.026228275965195, 27.533106918119877 ], [ 95.026224965529593, 27.532926473332548 ], [ 95.026022547098947, 27.532929424241331 ] ] ] } },
{ "type": "Feature", "properties": { "rank": 26, "class": "Char or sandbar lost (within river belt)", "source": "change", "area_ha": 171.64, "mean_soil_loss_t_ha_yr": null, "max_retreat_m": 625.0, "retreat_m_per_yr": 104.1, "mean_probability": null, "model_agreement": null, "confidence": "High", "confidence_score": 0.977, "population": 2052.0, "built_ha": 7.49, "crop_ha": 149.36, "road_km": 13.7, "embankment_km": 0.0, "facilities": 0.0, "nearest_place": "Guijan", "nearest_place_km": 6.2, "exposure_index": 0.712, "hazard_score": 2.013, "priority_score": 1.607, "lat": 27.568663, "lon": 95.264286 }, "geometry": { "type": "Polygon", "coordinates": [ [ [ 95.274493281528152, 27.574565076314443 ], [ 95.273271069909995, 27.574224144601217 ], [ 95.271445199933183, 27.57407355522027 ], [ 95.271640225832357, 27.573709413297159 ], [ 95.270196994990229, 27.572469692091754 ], [ 95.270182135013144, 27.571748032754215 ], [ 95.268750084058738, 27.571049538674284 ], [ 95.268146427240296, 27.571239877372061 ], [ 95.267329180695143, 27.570892274351984 ], [ 95.265911988096065, 27.570915410633983 ], [ 95.265716946900113, 27.571279545480603 ], [ 95.265507075614465, 27.570922018347915 ], [ 95.265319446870265, 27.571646983628749 ], [ 95.264104700456642, 27.571666798534885 ], [ 95.262702305647352, 27.572411565610928 ], [ 95.259256793670161, 27.572287200674698 ], [ 95.258642022315087, 27.571936250600761 ], [ 95.2574272671025, 27.571956007303392 ], [ 95.256808809873164, 27.571424632125638 ], [ 95.25538790944681, 27.571267244781946 ], [ 95.254147339028066, 27.57002405446794 ], [ 95.253330139737372, 27.569676365745448 ], [ 95.250694530096368, 27.569538637334517 ], [ 95.250094526012816, 27.569909316284644 ], [ 95.249884706586727, 27.569551762266933 ], [ 95.246847863547401, 27.569600938768545 ], [ 95.246435599101389, 27.569246654894432 ], [ 95.24501840719887, 27.569269576760245 ], [ 95.24379265591017, 27.568747957969876 ], [ 95.241764433041723, 27.568600241547472 ], [ 95.241341186269452, 27.567704685724237 ], [ 95.240328917117907, 27.567721021997833 ], [ 95.23992034442594, 27.567547135725292 ], [ 95.239913014942886, 27.567186298271508 ], [ 95.240925279477025, 27.567169965319156 ], [ 95.241135065731314, 27.567527534998909 ], [ 95.241539972560275, 27.567520999065991 ], [ 95.241330185051979, 27.567163430075475 ], [ 95.247006201385176, 27.567432648604445 ], [ 95.250429478834803, 27.566474823157186 ], [ 95.251846629560887, 27.566451848226883 ], [ 95.252663800148852, 27.566799547544196 ], [ 95.252656429221915, 27.56643871321274 ], [ 95.256293138216932, 27.566018713858774 ], [ 95.257099239599469, 27.565825136484762 ], [ 95.257091854472577, 27.565464303207179 ], [ 95.259521221268258, 27.565424793597597 ], [ 95.259528614327479, 27.565785626271378 ], [ 95.258512680564692, 27.565621677556475 ], [ 95.257710277351933, 27.565995679464791 ], [ 95.257920113639557, 27.566353220704002 ], [ 95.258325011479457, 27.56634663610679 ], [ 95.260338404803377, 27.565772446771533 ], [ 95.260529757841454, 27.565227902519236 ], [ 95.262550519962275, 27.565014514981911 ], [ 95.262745562434588, 27.564650384321201 ], [ 95.264365122565792, 27.56462398410309 ], [ 95.265789649146441, 27.564961699596363 ], [ 95.269632390652816, 27.564718468267479 ], [ 95.27126309088176, 27.565233232366676 ], [ 95.272477760422618, 27.565213359117777 ], [ 95.275341763810161, 27.566610261764914 ], [ 95.275949104592243, 27.566600308180124 ], [ 95.277992206286783, 27.567469180352148 ], [ 95.27799966039855, 27.567830008292042 ], [ 95.281040121200732, 27.567960567309591 ], [ 95.281047585436625, 27.568321394456724 ], [ 95.283072076838081, 27.568288120486162 ], [ 95.283870662241796, 27.567733562986941 ], [ 95.284279295198345, 27.567907315626709 ], [ 95.284290507469962, 27.568448555119051 ], [ 95.28369810626377, 27.569180198674005 ], [ 95.282892039244643, 27.5693739291541 ], [ 95.282697058323095, 27.569738084392998 ], [ 95.282292154892929, 27.569744740772602 ], [ 95.282097171361627, 27.57010889531027 ], [ 95.280691199063327, 27.570673422329435 ], [ 95.280496208659414, 27.571037574991788 ], [ 95.280091299837309, 27.571044225244083 ], [ 95.278494034040051, 27.572153297300297 ], [ 95.277073109990098, 27.571996134492412 ], [ 95.273391684126679, 27.570251711877667 ], [ 95.270358586186504, 27.570481818278036 ], [ 95.270163560819256, 27.570845958466425 ], [ 95.272019119701824, 27.572439885042726 ], [ 95.272026555848882, 27.572800714225153 ], [ 95.273874732144364, 27.574033783228852 ], [ 95.274688297773295, 27.574200930684885 ], [ 95.274493281528152, 27.574565076314443 ] ], [ [ 95.260246899381258, 27.571188227459754 ], [ 95.260644415886603, 27.570820802907022 ], [ 95.260232105306414, 27.570466563011134 ], [ 95.259422280315249, 27.570479743950628 ], [ 95.260246899381258, 27.571188227459754 ] ], [ [ 95.279472746413788, 27.570512957306079 ], [ 95.280080106931976, 27.570502984366456 ], [ 95.280874991793311, 27.569768028818814 ], [ 95.279034277261488, 27.568895880405076 ], [ 95.278224474374369, 27.56890917026081 ], [ 95.278441837264253, 27.569627503730143 ], [ 95.279472746413788, 27.570512957306079 ] ], [ [ 95.260640716723884, 27.570640386842665 ], [ 95.261248085891395, 27.570630496199851 ], [ 95.261240685685635, 27.57026966420683 ], [ 95.260839473688577, 27.570456674212121 ], [ 95.261034530271417, 27.570092545302668 ], [ 95.260022252940388, 27.570109026382525 ], [ 95.260640716723884, 27.570640386842665 ] ], [ [ 95.268536491716546, 27.57051160160395 ], [ 95.269143856850718, 27.57050167648093 ], [ 95.269740079763196, 27.569950503888531 ], [ 95.271355993292119, 27.569743602714471 ], [ 95.271142391546036, 27.56920567017626 ], [ 95.271749748390633, 27.569195734091448 ], [ 95.270310293926016, 27.568136424722219 ], [ 95.269886823794252, 27.567240969715254 ], [ 95.26908074032508, 27.567434620615227 ], [ 95.268484526559831, 27.567985789937545 ], [ 95.26849937305694, 27.568707450516637 ], [ 95.268907988941194, 27.568881249649504 ], [ 95.268109313811308, 27.569435725985283 ], [ 95.268319190046924, 27.56979324891466 ], [ 95.26872409759531, 27.569786633252264 ], [ 95.268536491716546, 27.57051160160395 ] ], [ [ 95.261446841761042, 27.570446782760765 ], [ 95.261641896257075, 27.570082653118359 ], [ 95.26103083058517, 27.569912129268101 ], [ 95.261034530271417, 27.570092545302668 ], [ 95.261236985634383, 27.570089248202596 ], [ 95.261446841761042, 27.570446782760765 ] ], [ [ 95.262046806742106, 27.570076056855324 ], [ 95.262238157026985, 27.569531510616155 ], [ 95.263452881498523, 27.569511713439887 ], [ 95.264649077407839, 27.568589827622137 ], [ 95.264637961428207, 27.568048580740804 ], [ 95.265230489855014, 27.567317011197808 ], [ 95.265020628612191, 27.566959482593091 ], [ 95.260750696997917, 27.56612668760479 ], [ 95.25933355915825, 27.566149753113265 ], [ 95.258129951352373, 27.566710761527357 ], [ 95.258141034773658, 27.567252010950735 ], [ 95.258748386336848, 27.567242132351577 ], [ 95.258958228552871, 27.567599671617756 ], [ 95.256738649044351, 27.567996717232109 ], [ 95.256963257857493, 27.569075926112301 ], [ 95.257784156698207, 27.569604009497159 ], [ 95.261833248594314, 27.569538107317378 ], [ 95.262046806742106, 27.570076056855324 ] ], [ [ 95.271348560304233, 27.569382773205088 ], [ 95.271757182631646, 27.569556563509902 ], [ 95.271753465493859, 27.569376148803258 ], [ 95.271348560304233, 27.569382773205088 ] ], [ [ 95.271749748390633, 27.569195734091448 ], [ 95.271955918036795, 27.569372836160309 ], [ 95.271952200603025, 27.569192421473819 ], [ 95.271749748390633, 27.569195734091448 ] ], [ [ 95.272147217355879, 27.568828279223688 ], [ 95.272754571698457, 27.568818338870571 ], [ 95.272537247206216, 27.568099994081383 ], [ 95.271506413926204, 27.567214483966296 ], [ 95.270494170352904, 27.567231039769322 ], [ 95.270711479625021, 27.567949388746978 ], [ 95.272147217355879, 27.568828279223688 ] ], [ [ 95.250657704747454, 27.567734463734315 ], [ 95.251467514486166, 27.567721335089853 ], [ 95.251463830817443, 27.567540917801864 ], [ 95.251055243704371, 27.56736706532001 ], [ 95.250657704747454, 27.567734463734315 ] ], [ [ 95.251257695460808, 27.567363783061712 ], [ 95.25247240527986, 27.567344083323817 ], [ 95.25246872002694, 27.567163666150989 ], [ 95.251861366263284, 27.567173517270689 ], [ 95.252056448471293, 27.56680939939735 ], [ 95.251246645754705, 27.566822531076237 ], [ 95.251257695460808, 27.567363783061712 ] ], [ [ 95.257511522317486, 27.566179387552097 ], [ 95.257717664668064, 27.56635651256062 ], [ 95.25771397099281, 27.56617609601528 ], [ 95.257511522317486, 27.566179387552097 ] ] ] } },
{ "type": "Feature", "properties": { "rank": 27, "class": "New bare soil", "source": "change", "area_ha": 25.76, "mean_soil_loss_t_ha_yr": null, "max_retreat_m": null, "retreat_m_per_yr": null, "mean_probability": null, "model_agreement": null, "confidence": "Not assessed", "confidence_score": null, "population": 2201.0, "built_ha": 7.7, "crop_ha": 87.76, "road_km": 13.43, "embankment_km": 0.0, "facilities": 0.0, "nearest_place": "Chabua", "nearest_place_km": 3.6, "exposure_index": 0.715, "hazard_score": 1.972, "priority_score": 1.579, "lat": 27.455699, "lon": 95.192958 }, "geometry": { "type": "Polygon", "coordinates": [ [ [ 95.191417267300423, 27.460392608534438 ], [ 95.191612392617955, 27.46002856974259 ], [ 95.190998465104968, 27.459677265607255 ], [ 95.191402990979043, 27.45967089875764 ], [ 95.191395853017838, 27.459310043838613 ], [ 95.190991328458821, 27.45931641059067 ], [ 95.190973487425182, 27.458414272959889 ], [ 95.190565398571295, 27.458240210704393 ], [ 95.191168611239235, 27.458050234813232 ], [ 95.190756955825975, 27.45769574547991 ], [ 95.191349459511386, 27.45696448636734 ], [ 95.191125793001802, 27.455885104149004 ], [ 95.191519599218651, 27.455337455102541 ], [ 95.191107953482202, 27.454982966155335 ], [ 95.191714716502659, 27.454973416463357 ], [ 95.191100817907014, 27.454622110922152 ], [ 95.191295935523442, 27.454258072828765 ], [ 95.191906263519158, 27.454428950081347 ], [ 95.192097808829558, 27.453884483506492 ], [ 95.191693304259687, 27.453890851141612 ], [ 95.19045125773242, 27.452466525122411 ], [ 95.190046757889348, 27.452472887674688 ], [ 95.189656518399005, 27.453200960427345 ], [ 95.18904263590484, 27.452849644766079 ], [ 95.18903194364799, 27.452308360993666 ], [ 95.189436443165903, 27.452302001422957 ], [ 95.189216372016318, 27.451403041754052 ], [ 95.190021798717311, 27.451209892915809 ], [ 95.191238851513063, 27.451371230455379 ], [ 95.191664756464121, 27.452447430426837 ], [ 95.192072824790827, 27.452621490740466 ], [ 95.192267936070436, 27.452257451580621 ], [ 95.192278644102558, 27.452798734182668 ], [ 95.192683144528971, 27.452792365080594 ], [ 95.192690284697946, 27.453153220025499 ], [ 95.193094786305949, 27.453146849652651 ], [ 95.193513573776585, 27.453862187544658 ], [ 95.194116757148578, 27.453672200454381 ], [ 95.194528406680377, 27.454026680283341 ], [ 95.194723511769865, 27.453662638076299 ], [ 95.194940058841553, 27.454381158723276 ], [ 95.195965624989, 27.455086921727926 ], [ 95.195972776540984, 27.455447775758564 ], [ 95.196785371725213, 27.455615440707977 ], [ 95.196597424517023, 27.456340339348753 ], [ 95.197615861983522, 27.456685234721725 ], [ 95.197427918995714, 27.457410134168732 ], [ 95.196012112458718, 27.457432472562033 ], [ 95.195412488174512, 27.457802895803596 ], [ 95.194394045846209, 27.457457984553955 ], [ 95.19400024767522, 27.458005641190667 ], [ 95.192988949696542, 27.458021574084821 ], [ 95.193201924528537, 27.458559669911899 ], [ 95.192999663880016, 27.458562855977263 ], [ 95.193003235341038, 27.458743283264532 ], [ 95.192598713286671, 27.458749654564009 ], [ 95.193010378362914, 27.459104137823761 ], [ 95.192818830490879, 27.459648605542785 ], [ 95.193031808226991, 27.460186701378944 ], [ 95.19222632391002, 27.460379870924395 ], [ 95.192006209557263, 27.459480918899153 ], [ 95.191601684540217, 27.459487287460203 ], [ 95.191818225883949, 27.460205812928422 ], [ 95.191417267300423, 27.460392608534438 ] ], [ [ 95.192215612673778, 27.459838588892218 ], [ 95.192425017205153, 27.460196258473882 ], [ 95.192417875756689, 27.459835403829466 ], [ 95.192215612673778, 27.459838588892218 ] ], [ [ 95.192609425896819, 27.459290936541642 ], [ 95.192818830490879, 27.459648605542785 ], [ 95.19281168792692, 27.459287750965359 ], [ 95.192609425896819, 27.459290936541642 ] ], [ [ 95.191182885048761, 27.458771944871337 ], [ 95.191991929955677, 27.458759209313019 ], [ 95.192183480760988, 27.458214742520049 ], [ 95.19177182166878, 27.457860256423146 ], [ 95.192580859601705, 27.45784751783253 ], [ 95.192367889342734, 27.457309420746864 ], [ 95.191761113801789, 27.457318974030208 ], [ 95.191363733838045, 27.457686196450375 ], [ 95.191576700189188, 27.45822429528933 ], [ 95.191168611239235, 27.458050234813232 ], [ 95.191182885048761, 27.458771944871337 ] ], [ [ 95.192793832099198, 27.45838561443248 ], [ 95.192999663880016, 27.458562855977263 ], [ 95.192996092452262, 27.458382428684885 ], [ 95.192793832099198, 27.45838561443248 ] ], [ [ 95.192179910714742, 27.458034315119846 ], [ 95.192385740885072, 27.458211557676918 ], [ 95.192382170510101, 27.458031130301116 ], [ 95.192179910714742, 27.458034315119846 ] ], [ [ 95.193375609393442, 27.457113065461844 ], [ 95.193581439526568, 27.457290306259956 ], [ 95.19357786734551, 27.457109879005092 ], [ 95.193375609393442, 27.457113065461844 ] ], [ [ 95.194589156606639, 27.457093942321244 ], [ 95.194794988512413, 27.457271181212793 ], [ 95.194791414358988, 27.457090754104467 ], [ 95.194589156606639, 27.457093942321244 ] ], [ [ 95.196409475178996, 27.457065237810106 ], [ 95.196615309743535, 27.457242473841674 ], [ 95.196611732631595, 27.4570620469533 ], [ 95.196409475178996, 27.457065237810106 ] ], [ [ 95.193567151001986, 27.456568597209866 ], [ 95.193780125264311, 27.457106692255 ], [ 95.193762263214566, 27.456204556026172 ], [ 95.193354178978197, 27.456030501678956 ], [ 95.193535003768332, 27.454944751548545 ], [ 95.193130495719927, 27.454951123582799 ], [ 95.192743840205978, 27.455859631461571 ], [ 95.192946095956842, 27.455856446055687 ], [ 95.193567151001986, 27.456568597209866 ] ], [ [ 95.194184641002039, 27.457100317874794 ], [ 95.194585582815236, 27.456913515183381 ], [ 95.195802702621307, 27.457074808620515 ], [ 95.19579912685758, 27.456894381629251 ], [ 95.194578435332303, 27.456552660892346 ], [ 95.194184641002039, 27.457100317874794 ] ], [ [ 95.196203641271907, 27.456888001431199 ], [ 95.196409475178996, 27.457065237810106 ], [ 95.196405898429092, 27.456884810892177 ], [ 95.196203641271907, 27.456888001431199 ] ], [ [ 95.196813990050856, 27.457058855803158 ], [ 95.197211348693173, 27.456691618977519 ], [ 95.196601001495694, 27.456520766257551 ], [ 95.196405898429092, 27.456884810892177 ], [ 95.196813990050856, 27.457058855803158 ] ], [ [ 95.192758122938741, 27.456581340983913 ], [ 95.192967522227875, 27.456939010162124 ], [ 95.192960380004465, 27.4565781554804 ], [ 95.192758122938741, 27.456581340983913 ] ], [ [ 95.19316263703692, 27.456574969683547 ], [ 95.193368465788595, 27.456752210887963 ], [ 95.19336489403608, 27.456571783593372 ], [ 95.19316263703692, 27.456574969683547 ] ], [ [ 95.195795551127148, 27.456713954632885 ], [ 95.196200064884039, 27.456707574483719 ], [ 95.196597424517023, 27.456340339348753 ], [ 95.1959906560039, 27.456349910745811 ], [ 95.195795551127148, 27.456713954632885 ] ], [ [ 95.192353608707535, 27.456587711110949 ], [ 95.19274741083926, 27.456040058849812 ], [ 95.192541584421832, 27.455862816574133 ], [ 95.192733128505651, 27.455318349266225 ], [ 95.192328618876346, 27.455324719051596 ], [ 95.192133503139871, 27.455688758452727 ], [ 95.192353608707535, 27.456587711110949 ] ], [ [ 95.192956808942654, 27.456397728131879 ], [ 95.19316263703692, 27.456574969683547 ], [ 95.193159065646384, 27.45639454235944 ], [ 95.192956808942654, 27.456397728131879 ] ], [ [ 95.195784824135728, 27.45617267361316 ], [ 95.1959906560039, 27.456349910745811 ], [ 95.195987080044688, 27.456169483758575 ], [ 95.195784824135728, 27.45617267361316 ] ], [ [ 95.19274741083926, 27.456040058849812 ], [ 95.192953237914125, 27.456217300778242 ], [ 95.19294966691885, 27.456036873419517 ], [ 95.19274741083926, 27.456040058849812 ] ], [ [ 95.19375869090446, 27.456024128765097 ], [ 95.194166775665124, 27.45619818189018 ], [ 95.194163202697595, 27.456017754677944 ], [ 95.19375869090446, 27.456024128765097 ] ], [ [ 95.1959835041188, 27.455989056766228 ], [ 95.196189335920337, 27.456166293610657 ], [ 95.196185759665738, 27.455985866642752 ], [ 95.1959835041188, 27.455989056766228 ] ], [ [ 95.193552863009828, 27.455846888078099 ], [ 95.19375869090446, 27.456024128765097 ], [ 95.193755118627621, 27.455843701498921 ], [ 95.193552863009828, 27.455846888078099 ] ], [ [ 95.194972225884442, 27.456005002983751 ], [ 95.195777672974657, 27.455811819574489 ], [ 95.195763371052237, 27.455090111435872 ], [ 95.195358863078781, 27.455096489971829 ], [ 95.195568267319359, 27.455454154978899 ], [ 95.195163757964522, 27.45546053302597 ], [ 95.194344019465873, 27.454932003960312 ], [ 95.194972225884442, 27.456005002983751 ] ], [ [ 95.191523167779962, 27.455517882652494 ], [ 95.191728991996229, 27.45569512657579 ], [ 95.191725423072953, 27.455514699055335 ], [ 95.191523167779962, 27.455517882652494 ] ], [ [ 95.194354738855267, 27.455473285600316 ], [ 95.194560567207589, 27.455650525075402 ], [ 95.194556993682511, 27.455470097896704 ], [ 95.194354738855267, 27.455473285600316 ] ], [ [ 95.192527303536068, 27.455141106872503 ], [ 95.19272241710469, 27.454777067024946 ], [ 95.192303630674701, 27.454061726742164 ], [ 95.192119225016711, 27.454967048535476 ], [ 95.192527303536068, 27.455141106872503 ] ], [ [ 95.19373725774264, 27.454941565091456 ], [ 95.193943084122793, 27.455118805608333 ], [ 95.193939511683666, 27.454938378341048 ], [ 95.19373725774264, 27.454941565091456 ] ], [ [ 95.194950780889513, 27.454922440189375 ], [ 95.195156609042087, 27.455099678799836 ], [ 95.19515303463082, 27.454919251679112 ], [ 95.194950780889513, 27.454922440189375 ] ], [ [ 95.192924670883386, 27.454773881765501 ], [ 95.193130495719927, 27.454951123582799 ], [ 95.193126924628814, 27.454770696212751 ], [ 95.192924670883386, 27.454773881765501 ] ], [ [ 95.193531432019853, 27.454764324227327 ], [ 95.19373725774264, 27.454941565091456 ], [ 95.193733685665478, 27.454761137794648 ], [ 95.193531432019853, 27.454764324227327 ] ], [ [ 95.193105498780838, 27.453688131885286 ], [ 95.193311321741092, 27.453865373561953 ], [ 95.19330775052093, 27.453684946185692 ], [ 95.193105498780838, 27.453688131885286 ] ], [ [ 95.192488033844057, 27.453156404771992 ], [ 95.192693854832314, 27.453333647490297 ], [ 95.192690284697946, 27.453153220025499 ], [ 95.192488033844057, 27.453156404771992 ] ], [ [ 95.191874143543131, 27.452805102111604 ], [ 95.192079962921355, 27.452982345841988 ], [ 95.192076393839471, 27.452801918293776 ], [ 95.191874143543131, 27.452805102111604 ] ], [ [ 95.191668324822217, 27.452627858034038 ], [ 95.191874143543131, 27.452805102111604 ], [ 95.191870574823142, 27.452624674533897 ], [ 95.191668324822217, 27.452627858034038 ] ], [ [ 95.189241322218891, 27.452666037159602 ], [ 95.189848073318217, 27.452656496337557 ], [ 95.189837377217188, 27.452115212842259 ], [ 95.189635127869892, 27.452118393336448 ], [ 95.189241322218891, 27.452666037159602 ] ], [ [ 95.189429313846105, 27.451941145646639 ], [ 95.189635127869892, 27.452118393336448 ], [ 95.189631562897944, 27.451937965470105 ], [ 95.189429313846105, 27.451941145646639 ] ], [ [ 95.191043738091622, 27.451735268321851 ], [ 95.191249554116879, 27.451912513499892 ], [ 95.191245986549035, 27.451732085823494 ], [ 95.191043738091622, 27.451735268321851 ] ] ] } },
{ "type": "Feature", "properties": { "rank": 28, "class": "Vegetation loss", "source": "change", "area_ha": 31.24, "mean_soil_loss_t_ha_yr": null, "max_retreat_m": null, "retreat_m_per_yr": null, "mean_probability": null, "model_agreement": null, "confidence": "Not assessed", "confidence_score": null, "population": 1404.0, "built_ha": 12.18, "crop_ha": 81.88, "road_km": 12.27, "embankment_km": 0.0, "facilities": 0.0, "nearest_place": "Panitola", "nearest_place_km": 4.4, "exposure_index": 0.646, "hazard_score": 2.084, "priority_score": 1.568, "lat": 27.534984, "lon": 95.261315 }, "geometry": { "type": "Polygon", "coordinates": [ [ [ 95.262043753377284, 27.540297478197726 ], [ 95.261833960150781, 27.539939939783586 ], [ 95.260218452903231, 27.540146705738142 ], [ 95.260211065643901, 27.539785871905831 ], [ 95.260615865413641, 27.53977928646189 ], [ 95.260608476971527, 27.539418452709722 ], [ 95.260207372065793, 27.539605454981974 ], [ 95.260196291537696, 27.539064204179525 ], [ 95.260807181645134, 27.539234742738007 ], [ 95.2609948014792, 27.538509781970621 ], [ 95.261204589011996, 27.538867322047302 ], [ 95.262010484748302, 27.538673727876574 ], [ 95.26180439108937, 27.538496605901543 ], [ 95.261947651606093, 27.535606642800268 ], [ 95.26115286134943, 27.536341486047963 ], [ 95.260748074327523, 27.536348072300921 ], [ 95.260556761726676, 27.53689261586872 ], [ 95.260151972518443, 27.536899200507047 ], [ 95.259555864768956, 27.537450326471451 ], [ 95.260166744974981, 27.537620868480136 ], [ 95.260181517981394, 27.538342536370962 ], [ 95.259169531158022, 27.538358993823476 ], [ 95.259162147886528, 27.537998159636672 ], [ 95.258959751078876, 27.538001450193939 ], [ 95.258761045195357, 27.538185157603195 ], [ 95.258970825047498, 27.538542701541918 ], [ 95.25856602934887, 27.538549281924499 ], [ 95.258382083798523, 27.539454657528839 ], [ 95.258393155620922, 27.539995908979858 ], [ 95.258801648005601, 27.54016974587315 ], [ 95.257381152399091, 27.5400123543203 ], [ 95.257167685770654, 27.53947439060175 ], [ 95.256766574085958, 27.539661383294799 ], [ 95.256961597750873, 27.539297261080467 ], [ 95.257366396639341, 27.539290685205703 ], [ 95.257355330179948, 27.538749433315779 ], [ 95.256751822561611, 27.538939713837408 ], [ 95.256943157124113, 27.538395174320165 ], [ 95.25613356553653, 27.538408322035231 ], [ 95.256126192166448, 27.538047487094065 ], [ 95.257123425335379, 27.537309382524477 ], [ 95.257513461873771, 27.536581137291755 ], [ 95.257918250654996, 27.536574560405469 ], [ 95.257708478317298, 27.536217014353987 ], [ 95.258116955334785, 27.536390854252883 ], [ 95.258105886562831, 27.535849602417983 ], [ 95.25850698231595, 27.535662606728941 ], [ 95.258694613197434, 27.534937648183416 ], [ 95.259496794632113, 27.534563652795217 ], [ 95.259474645598203, 27.533481149827356 ], [ 95.259879422472864, 27.533474567911107 ], [ 95.259886806666628, 27.53383540215362 ], [ 95.260493973700719, 27.53382552692139 ], [ 95.260677895817395, 27.532920149447452 ], [ 95.261281363237686, 27.532729854093823 ], [ 95.261259198448002, 27.531647352176947 ], [ 95.260850735302014, 27.531473520654458 ], [ 95.260835962240009, 27.530751852385045 ], [ 95.26124442260911, 27.530925684129553 ], [ 95.261049426239552, 27.53128981102628 ], [ 95.26145419464568, 27.531283225006572 ], [ 95.26148375006305, 27.532726560735377 ], [ 95.261877438091588, 27.532178722427176 ], [ 95.261892218852438, 27.532900390028381 ], [ 95.262499379905748, 27.532890506346675 ], [ 95.262657410385955, 27.530722209356636 ], [ 95.262050261313433, 27.53073209301397 ], [ 95.261855267981943, 27.531096220871145 ], [ 95.261840488596576, 27.530374553064302 ], [ 95.262245253428446, 27.530367964942798 ], [ 95.262440244326967, 27.530003836657642 ], [ 95.262653714237146, 27.530541792503133 ], [ 95.262627842158622, 27.529278874384669 ], [ 95.263231286140609, 27.529088571865302 ], [ 95.262616754640931, 27.528737623685359 ], [ 95.262811741801173, 27.528373495046853 ], [ 95.263422574650562, 27.52854402565638 ], [ 95.263433666023658, 27.529085276068685 ], [ 95.264846624773526, 27.528881780632709 ], [ 95.264857723280713, 27.529423030484637 ], [ 95.264655342978799, 27.529426328391001 ], [ 95.26465904222016, 27.529606745023251 ], [ 95.265269884277771, 27.529777266897362 ], [ 95.265277284912045, 27.5301380999848 ], [ 95.266079407504748, 27.529764069774664 ], [ 95.266086810778205, 27.530124902660241 ], [ 95.266690252172452, 27.529934585213258 ], [ 95.267304802211726, 27.530285514131112 ], [ 95.266296596229694, 27.530482435408143 ], [ 95.266086810778205, 27.530124902660241 ], [ 95.265682047913998, 27.530131501910915 ], [ 95.264879921224704, 27.53050553004967 ], [ 95.264666440806167, 27.52996757827232 ], [ 95.264464059480133, 27.529970875960149 ], [ 95.264681238391319, 27.530689244708761 ], [ 95.264482554898109, 27.530872959118945 ], [ 95.26386431137999, 27.530341600688704 ], [ 95.263849519348682, 27.529619933807659 ], [ 95.262833918712701, 27.529455996309704 ], [ 95.263054782679447, 27.530354785169369 ], [ 95.263654533831797, 27.529984063769511 ], [ 95.263260862010341, 27.530531906273549 ], [ 95.264504750535721, 27.531955458739827 ], [ 95.264519548316002, 27.532677125050899 ], [ 95.264928021022385, 27.532850945138851 ], [ 95.264523247847151, 27.532857541615808 ], [ 95.264534346647139, 27.533398791279701 ], [ 95.264935421507772, 27.53321177815236 ], [ 95.2649465224941, 27.533753027634056 ], [ 95.265770882107191, 27.534461496144672 ], [ 95.265781987776464, 27.535002745215611 ], [ 95.265178517465074, 27.535193060351197 ], [ 95.264751534443704, 27.53411715915831 ], [ 95.264346756580153, 27.534123755399893 ], [ 95.264339357730236, 27.533762922286478 ], [ 95.263735891074376, 27.533953230925643 ], [ 95.264133270363402, 27.533585803325828 ], [ 95.263713701083546, 27.532870731038955 ], [ 95.263301532426766, 27.5325164905476 ], [ 95.262904153769313, 27.532883915754368 ], [ 95.262694373765925, 27.532526377608885 ], [ 95.262315472946767, 27.533795885335365 ], [ 95.26272764374913, 27.53415012859632 ], [ 95.262735037457162, 27.534510962092526 ], [ 95.262330257585418, 27.534517552549936 ], [ 95.262577008716576, 27.536679258316092 ], [ 95.26215743588638, 27.53596418172117 ], [ 95.262179613547303, 27.537046682293148 ], [ 95.262580705705034, 27.536859675019986 ], [ 95.262385704882021, 27.537223803871886 ], [ 95.262610282851185, 27.538303008465988 ], [ 95.263018774472798, 27.538476832968797 ], [ 95.263033566649639, 27.539198499346195 ], [ 95.262625072249975, 27.539024675065573 ], [ 95.26240788596786, 27.538306304076727 ], [ 95.262647257380337, 27.540107174810693 ], [ 95.262235063117302, 27.539752932913252 ], [ 95.262043753377284, 27.540297478197726 ] ], [ [ 95.261833960150781, 27.539939939783586 ], [ 95.262028966975976, 27.539575811439743 ], [ 95.261421768982061, 27.539585695269356 ], [ 95.261425464540579, 27.539766112042138 ], [ 95.261833960150781, 27.539939939783586 ] ], [ [ 95.26081826524694, 27.539775993298431 ], [ 95.261219369581966, 27.539588989290586 ], [ 95.261208284102921, 27.539047738865833 ], [ 95.260807181645134, 27.539234742738007 ], [ 95.26081826524694, 27.539775993298431 ] ], [ [ 95.261406987091846, 27.538864028126813 ], [ 95.261815479229455, 27.539037856145875 ], [ 95.26181178314836, 27.538857439402911 ], [ 95.261406987091846, 27.538864028126813 ] ], [ [ 95.262003092097999, 27.538312894415313 ], [ 95.262209185688121, 27.538490016101179 ], [ 95.262205489050132, 27.538309599393173 ], [ 95.262003092097999, 27.538312894415313 ] ], [ [ 95.258554957360516, 27.538008030425573 ], [ 95.258959751078876, 27.538001450193939 ], [ 95.259346085432071, 27.537092783353934 ], [ 95.259750875575278, 27.537086201019555 ], [ 95.259342393689607, 27.536912366252274 ], [ 95.259537404406402, 27.53654824108899 ], [ 95.260346980457641, 27.536535074367979 ], [ 95.260748074327523, 27.536348072300921 ], [ 95.260740686531591, 27.535987238403735 ], [ 95.261943955848452, 27.535426225984796 ], [ 95.260928302900325, 27.535262277719433 ], [ 95.260898751551622, 27.533818941962004 ], [ 95.260703749614336, 27.534183068609384 ], [ 95.26029527753208, 27.534009236022921 ], [ 95.26031374208938, 27.53491132126182 ], [ 95.259923729697007, 27.535639573057761 ], [ 95.259908960072536, 27.534917904757791 ], [ 95.259504177918245, 27.534924487076712 ], [ 95.259522636734772, 27.535826572690496 ], [ 95.259320243956111, 27.535829863534381 ], [ 95.25930916955312, 27.535288612106044 ], [ 95.259106777730111, 27.535291902580177 ], [ 95.258919149172073, 27.536016861522171 ], [ 95.258120644994108, 27.536571271520899 ], [ 95.257929318848909, 27.537115812254136 ], [ 95.25853650473347, 27.537105944491209 ], [ 95.258525433569346, 27.536564692868907 ], [ 95.258933913020954, 27.536738530202051 ], [ 95.258941295151473, 27.53709936451115 ], [ 95.25853650473347, 27.537105944491209 ], [ 95.258554957360516, 27.538008030425573 ] ], [ [ 95.259357160865662, 27.537634034628052 ], [ 95.259563249154482, 27.537811160588443 ], [ 95.259559556944538, 27.537630743532514 ], [ 95.259357160865662, 27.537634034628052 ] ], [ [ 95.259743490804567, 27.536725366911771 ], [ 95.260151972518443, 27.536899200507047 ], [ 95.260148279490224, 27.536718783500927 ], [ 95.259743490804567, 27.536725366911771 ] ], [ [ 95.258308279547549, 27.535846313339729 ], [ 95.258514362714294, 27.536023441200349 ], [ 95.258510672497962, 27.53584302396721 ], [ 95.258308279547549, 27.535846313339729 ] ], [ [ 95.258900695133775, 27.535114775556657 ], [ 95.259106777730111, 27.535291902580177 ], [ 95.259103086661156, 27.535111485401952 ], [ 95.258900695133775, 27.535114775556657 ] ], [ [ 95.259298095459314, 27.534747360631446 ], [ 95.259504177918245, 27.534924487076712 ], [ 95.259500486258005, 27.534744069938537 ], [ 95.259298095459314, 27.534747360631446 ] ], [ [ 95.264744134273911, 27.533756326145774 ], [ 95.264950222891741, 27.533933444117668 ], [ 95.2649465224941, 27.533753027634056 ], [ 95.264744134273911, 27.533756326145774 ] ], [ [ 95.266289192158624, 27.530121602593614 ], [ 95.26669765749422, 27.530295417937108 ], [ 95.266693954816105, 27.530115001577759 ], [ 95.266289192158624, 27.530121602593614 ] ], [ [ 95.26405929672481, 27.529977470453225 ], [ 95.264464059480133, 27.529970875960149 ], [ 95.264460360499825, 27.529790459312967 ], [ 95.26405190011819, 27.52961663705285 ], [ 95.26405929672481, 27.529977470453225 ] ], [ [ 95.264662741495954, 27.529787161650358 ], [ 95.264868822097782, 27.52996428029029 ], [ 95.26486512245765, 27.529783863693552 ], [ 95.264662741495954, 27.529787161650358 ] ], [ [ 95.264445564922795, 27.529068792672806 ], [ 95.264655342978799, 27.529426328391001 ], [ 95.264647944599346, 27.529065495111077 ], [ 95.264445564922795, 27.529068792672806 ] ] ] } },
{ "type": "Feature", "properties": { "rank": 29, "class": "Accretion (water to land)", "source": "change", "area_ha": 3831.24, "mean_soil_loss_t_ha_yr": null, "max_retreat_m": 60.0, "retreat_m_per_yr": 10.0, "mean_probability": null, "model_agreement": null, "confidence": "High", "confidence_score": 0.964, "population": 22861.0, "built_ha": 0.0, "crop_ha": 267.76, "road_km": 0.0, "embankment_km": 0.0, "facilities": 0.0, "nearest_place": "Dibrugarh", "nearest_place_km": 5.3, "exposure_index": 0.5, "hazard_score": 2.386, "priority_score": 1.551, "lat": 27.530975, "lon": 94.912077 }, "geometry": { "type": "Polygon", "coordinates": [ [ [ 94.978758572876856, 27.584510100778093 ], [ 94.978141299068398, 27.583977413851358 ], [ 94.97773626294898, 27.583983185171686 ], [ 94.976913242881707, 27.58327292858047 ], [ 94.976906769328878, 27.582912030704676 ], [ 94.976501736820765, 27.582917798219853 ], [ 94.975675498019399, 27.582027084271118 ], [ 94.97485897227071, 27.581677712212926 ], [ 94.974633828525128, 27.580417448346907 ], [ 94.97422880462392, 27.58042320875477 ], [ 94.974212644891097, 27.57952096219314 ], [ 94.975038852306042, 27.58041168675895 ], [ 94.977266480949908, 27.580379976931098 ], [ 94.977256770124896, 27.579838630000079 ], [ 94.975633450637389, 27.579681245541387 ], [ 94.974408690857061, 27.579157183630802 ], [ 94.97316779222507, 27.57773086289896 ], [ 94.97417709612445, 27.577536019314042 ], [ 94.974366675548168, 27.57681134213589 ], [ 94.97476845375185, 27.576625132681183 ], [ 94.976793501647563, 27.57659631461431 ], [ 94.97859984920116, 27.575668108465813 ], [ 94.979207357205865, 27.575659449660289 ], [ 94.979403380185744, 27.575295665075778 ], [ 94.979811624448388, 27.575470339383717 ], [ 94.980206905513995, 27.574923217299229 ], [ 94.979994682336866, 27.574384758790622 ], [ 94.980794957127145, 27.573831859246585 ], [ 94.980987729750794, 27.573287624030918 ], [ 94.981395968566687, 27.573462293984186 ], [ 94.981010425185872, 27.574550765136379 ], [ 94.981415425857961, 27.574544986080227 ], [ 94.981810695642594, 27.573997859951458 ], [ 94.983025690616373, 27.573980512562645 ], [ 94.98362669471274, 27.573610937997206 ], [ 94.983613709109207, 27.572889144157923 ], [ 94.982000219623544, 27.573273174951318 ], [ 94.981990488497786, 27.572731829018867 ], [ 94.983202223760003, 27.572534032266688 ], [ 94.983398228301382, 27.572170242870552 ], [ 94.982986746442009, 27.571815130128133 ], [ 94.983803219646163, 27.572164457310468 ], [ 94.983796726605476, 27.57180356036444 ], [ 94.984198469369289, 27.571617325276776 ], [ 94.984153012626763, 27.569091046638356 ], [ 94.983526068923709, 27.568017033632643 ], [ 94.983921306565918, 27.567469902791427 ], [ 94.983705836720404, 27.566751001002491 ], [ 94.984300307432093, 27.566020528188389 ], [ 94.985704701737362, 27.565278474796486 ], [ 94.985920180898233, 27.565997373090617 ], [ 94.98470527597992, 27.566014741182965 ], [ 94.984117300768119, 27.567106112729174 ], [ 94.984149765943144, 27.568910598126369 ], [ 94.984561239857015, 27.569265707933528 ], [ 94.984391221721893, 27.57107308625789 ], [ 94.984789712807768, 27.570706401228648 ], [ 94.984802704901895, 27.571428194779294 ], [ 94.984417201583454, 27.572516673551672 ], [ 94.984015456053385, 27.572702909402938 ], [ 94.983835686661763, 27.57396894173802 ], [ 94.984443183378659, 27.573960260522728 ], [ 94.984841684085211, 27.573593574947143 ], [ 94.98605667236977, 27.573576201279561 ], [ 94.986050171566461, 27.573215304900842 ], [ 94.986657663315285, 27.573206614218304 ], [ 94.987036642425011, 27.571757234124245 ], [ 94.987454641382143, 27.572473230314607 ], [ 94.988068635703925, 27.572825429680659 ], [ 94.99049207437254, 27.572429720721562 ], [ 94.990469272409086, 27.571166586508085 ], [ 94.989842255900655, 27.570092606204788 ], [ 94.989032291276331, 27.570104210559265 ], [ 94.989009508280091, 27.568841074800297 ], [ 94.989414486021502, 27.56883527352317 ], [ 94.989404720349668, 27.568293929683808 ], [ 94.989189213337866, 27.567575038458212 ], [ 94.988784240166936, 27.567580838835315 ], [ 94.988751701030239, 27.565776358176276 ], [ 94.988542710904412, 27.565418361464307 ], [ 94.988137745490079, 27.56542415954053 ], [ 94.987742536235004, 27.565971301050698 ], [ 94.986726866435959, 27.565805340155574 ], [ 94.987530297141618, 27.565432854443667 ], [ 94.987710016359614, 27.564166818830035 ], [ 94.988902122709547, 27.56288628860792 ], [ 94.98889561555275, 27.562525392298536 ], [ 94.989493283906867, 27.561975347965582 ], [ 94.990299932875686, 27.561783296041671 ], [ 94.990492640569656, 27.561239050321149 ], [ 94.987220535011801, 27.559480956952388 ], [ 94.98539828627662, 27.559507016513997 ], [ 94.985202308268214, 27.559870807824947 ], [ 94.983585768540308, 27.560074398640381 ], [ 94.981978947492763, 27.560819317849241 ], [ 94.981583721501565, 27.561366442904873 ], [ 94.981178769245503, 27.561372219917057 ], [ 94.97958486498095, 27.562838909709825 ], [ 94.979793821464852, 27.5631969218222 ], [ 94.979385623971609, 27.563022244783237 ], [ 94.979395338304101, 27.563563592326854 ], [ 94.978993614957858, 27.56374981259837 ], [ 94.979209047394335, 27.564468723917912 ], [ 94.978800845871532, 27.564294045387964 ], [ 94.977801379203271, 27.565030264115478 ], [ 94.977811086592112, 27.56557161202193 ], [ 94.977412588398295, 27.565938277513293 ], [ 94.977621544583783, 27.566296292807614 ], [ 94.976814836146147, 27.566488273831755 ], [ 94.975815336342109, 27.567224479778822 ], [ 94.975821802011438, 27.567585378707779 ], [ 94.974623026948535, 27.568504907299101 ], [ 94.974433459921372, 27.569229584806177 ], [ 94.974031707226516, 27.569415792095445 ], [ 94.972852267969031, 27.571418005013964 ], [ 94.971852697279346, 27.572154185658619 ], [ 94.971264562461428, 27.573245510234912 ], [ 94.971274241157133, 27.573786859639458 ], [ 94.971884968774546, 27.573958683140606 ], [ 94.969053182960465, 27.574179366479122 ], [ 94.967224232039285, 27.573844299965067 ], [ 94.96679991702446, 27.572767335757959 ], [ 94.966394919304236, 27.572773071858968 ], [ 94.966382046921055, 27.572051270415663 ], [ 94.965163844947327, 27.571888020609698 ], [ 94.965575273142832, 27.572243189183972 ], [ 94.965379207993536, 27.572606956487363 ], [ 94.964765280834911, 27.572254652865073 ], [ 94.964758850057024, 27.571893751772802 ], [ 94.963948859917465, 27.571905210559951 ], [ 94.96394243190619, 27.571544309272419 ], [ 94.963537437980477, 27.571550036808915 ], [ 94.962917097821119, 27.570836822828685 ], [ 94.961078589032624, 27.569960318455944 ], [ 94.96027502686222, 27.570332657212447 ], [ 94.960085361852833, 27.571057320024249 ], [ 94.959683575730239, 27.57124348734321 ], [ 94.959693196768043, 27.571784840674479 ], [ 94.958664680297602, 27.570896870323203 ], [ 94.9576521979955, 27.57091114817635 ], [ 94.956051431014771, 27.572016686439788 ], [ 94.955627231156342, 27.57093968176401 ], [ 94.953415747823755, 27.571873293604394 ], [ 94.951593257288948, 27.571898920400169 ], [ 94.95077049096561, 27.571188494132404 ], [ 94.950963410829345, 27.570644292954515 ], [ 94.951564514091785, 27.57027485242493 ], [ 94.951554933560885, 27.569733496342636 ], [ 94.951143557729353, 27.569378283252998 ], [ 94.949716524282948, 27.568856835685349 ], [ 94.947691585551425, 27.56888525164873 ], [ 94.947482718173305, 27.568527186623836 ], [ 94.946875237871566, 27.568535704647509 ], [ 94.946868866633253, 27.568174799497882 ], [ 94.946255018914869, 27.567822409437493 ], [ 94.945834115357115, 27.566925821148047 ], [ 94.945770446720147, 27.563316765672628 ], [ 94.945365478593303, 27.563322438674206 ], [ 94.945359113704157, 27.562961532929329 ], [ 94.944950965043148, 27.562786751741566 ], [ 94.945343201999478, 27.562059268479139 ], [ 94.943720167222452, 27.561901494400452 ], [ 94.943726526464772, 27.562262400552356 ], [ 94.942132083740489, 27.563728686649426 ], [ 94.940515375581739, 27.563931782845014 ], [ 94.940319238419448, 27.564295518669592 ], [ 94.939512465283784, 27.564487285551621 ], [ 94.939521984595984, 27.565028645923881 ], [ 94.940980682889034, 27.567354736203377 ], [ 94.942420374180145, 27.568598089058895 ], [ 94.943027856436103, 27.568589590498192 ], [ 94.943034215221331, 27.568950496451308 ], [ 94.94343602449834, 27.568764376252343 ], [ 94.94364487962558, 27.569122448010656 ], [ 94.94445804095011, 27.569291561481521 ], [ 94.944464404603835, 27.569652467091164 ], [ 94.944869396182341, 27.569646795520981 ], [ 94.94610029309365, 27.570532036801676 ], [ 94.946707784668931, 27.570523521600936 ], [ 94.947122337954724, 27.571059200781519 ], [ 94.945508719915935, 27.571442812616699 ], [ 94.94531258793296, 27.571806554966319 ], [ 94.944505771239321, 27.571998353063591 ], [ 94.943306671635412, 27.572917626645168 ], [ 94.941673944280979, 27.572218478001137 ], [ 94.939851435297129, 27.572243951035517 ], [ 94.939035083921752, 27.571894358078268 ], [ 94.936203241465194, 27.572114371814646 ], [ 94.935602072761355, 27.572483748886786 ], [ 94.935617911834584, 27.573386017202232 ], [ 94.936238098670628, 27.574099361341393 ], [ 94.935842593812865, 27.574646369388773 ], [ 94.935437581707504, 27.574652015581783 ], [ 94.934820563148406, 27.574119121531542 ], [ 94.935624247670177, 27.573746924493232 ], [ 94.935402738089806, 27.572667025271681 ], [ 94.93439655714046, 27.573042041996132 ], [ 94.934402888887178, 27.573402949566006 ], [ 94.934001046258061, 27.573589045148086 ], [ 94.931972839812047, 27.573436782437778 ], [ 94.932181668647672, 27.573794872677851 ], [ 94.931188108317471, 27.574891683458461 ], [ 94.930802055813658, 27.575980040799433 ], [ 94.930001496509135, 27.576532665637437 ], [ 94.929814780631034, 27.577437751427983 ], [ 94.928194684725668, 27.577460260905568 ], [ 94.927777038178036, 27.57674406776637 ], [ 94.927792816098446, 27.577646339701872 ], [ 94.923331237409201, 27.577347221198014 ], [ 94.920518066338815, 27.578649653898442 ], [ 94.920321838290647, 27.579013365448905 ], [ 94.920730014317087, 27.579188217606003 ], [ 94.920324981920388, 27.579193820579178 ], [ 94.919929378485193, 27.579740787861265 ], [ 94.918296677863324, 27.579041362398343 ], [ 94.918069042804134, 27.57760051736539 ], [ 94.917442670005798, 27.576526176374404 ], [ 94.917850832539031, 27.576701037760799 ], [ 94.918448947603295, 27.576151278183552 ], [ 94.919056480062537, 27.576142882337969 ], [ 94.920050177205496, 27.575046151864434 ], [ 94.920455194434936, 27.57504055046579 ], [ 94.920448907887916, 27.574679640012061 ], [ 94.920043891982303, 27.574685241325099 ], [ 94.920037606876065, 27.574324330765691 ], [ 94.918620054918975, 27.574343925769831 ], [ 94.918604354247861, 27.5734416485348 ], [ 94.917987419432635, 27.572908675054652 ], [ 94.917582409444535, 27.572914268860568 ], [ 94.917788053117633, 27.573091927662706 ], [ 94.917594962953814, 27.57363609114639 ], [ 94.917379904406701, 27.572917065321079 ], [ 94.916762978263648, 27.572384085909366 ], [ 94.917167986499777, 27.572378494591348 ], [ 94.916956070811878, 27.571839923393288 ], [ 94.916351697477452, 27.572028764588048 ], [ 94.915943554820473, 27.571853897680981 ], [ 94.915937283885825, 27.571492986105955 ], [ 94.915332910386368, 27.57168182286512 ], [ 94.915529143846911, 27.571318117833226 ], [ 94.91512727321485, 27.571504160056186 ], [ 94.914516631798179, 27.571332081477454 ], [ 94.915117871002451, 27.570962792399829 ], [ 94.915927877702671, 27.570951618705763 ], [ 94.915307835522711, 27.570238175892037 ], [ 94.91550406680274, 27.569874470950605 ], [ 94.915715971143385, 27.570413045062288 ], [ 94.916120972391496, 27.570407457163586 ], [ 94.91673788393615, 27.570940440292631 ], [ 94.917345388304867, 27.570932053385903 ], [ 94.91776608307967, 27.571828738653998 ], [ 94.918370452521174, 27.571639891473918 ], [ 94.91959489193782, 27.572164466521539 ], [ 94.919136494846327, 27.569102321831171 ], [ 94.919946485975998, 27.569091125397566 ], [ 94.91994020268217, 27.568730214526894 ], [ 94.919326430172077, 27.568377701147018 ], [ 94.918924577056771, 27.568563753567901 ], [ 94.91891829724679, 27.568202842453218 ], [ 94.918108312149826, 27.568214032560903 ], [ 94.916678292393499, 27.567511780665519 ], [ 94.915665815960708, 27.567525750915937 ], [ 94.914257744310447, 27.568086665079221 ], [ 94.914852701161834, 27.567356465795925 ], [ 94.916064536425139, 27.56715925192724 ], [ 94.916260760308859, 27.566795546169271 ], [ 94.915030129673895, 27.565910025429233 ], [ 94.914612614713221, 27.565193784966823 ], [ 94.914213895845762, 27.565560279766803 ], [ 94.914207632245621, 27.56519936749903 ], [ 94.912970776354001, 27.56395291402789 ], [ 94.911341481767366, 27.563433847574903 ], [ 94.910930252667313, 27.563078507175089 ], [ 94.911126487550604, 27.562714807982264 ], [ 94.910718387629217, 27.562539923318642 ], [ 94.910712136265204, 27.56217901015571 ], [ 94.910101553084061, 27.562006908965419 ], [ 94.910095303879004, 27.561645995644671 ], [ 94.90948472449233, 27.561473891530436 ], [ 94.908039238920139, 27.559869258352006 ], [ 94.907836756692575, 27.559872039691768 ], [ 94.907637394764706, 27.560055277705011 ], [ 94.907422432330435, 27.559336230488157 ], [ 94.90721995100786, 27.559339010879732 ], [ 94.907020588905809, 27.559522248023612 ], [ 94.906609388306947, 27.559166893191069 ], [ 94.906805631693331, 27.558803199543377 ], [ 94.906195072542999, 27.558631079837173 ], [ 94.906391316492218, 27.558267386727753 ], [ 94.905986357496189, 27.558272944013197 ], [ 94.906182601590459, 27.557909251178508 ], [ 94.905777643859139, 27.557914807789427 ], [ 94.905973888098458, 27.557551115229462 ], [ 94.905568931631805, 27.557556671165869 ], [ 94.905765176016146, 27.557192978880629 ], [ 94.905341523887685, 27.556115790374136 ], [ 94.904933457146001, 27.555940886847463 ], [ 94.904917880622676, 27.555038599998579 ], [ 94.904715406887988, 27.555041376343119 ], [ 94.904721636749088, 27.555402291140162 ], [ 94.904310459331668, 27.555046928147942 ], [ 94.904266862807418, 27.552520523412998 ], [ 94.903251404385003, 27.552353938657308 ], [ 94.902447749900446, 27.552725946976828 ], [ 94.902457082695491, 27.553267320060325 ], [ 94.901245366610453, 27.553464409024375 ], [ 94.900042966872732, 27.554202861398263 ], [ 94.899435548456921, 27.554211168007999 ], [ 94.899239287311545, 27.554574852280023 ], [ 94.897417024292295, 27.554599753921217 ], [ 94.897220755699806, 27.554963435691075 ], [ 94.896815806664222, 27.554968965641944 ], [ 94.896607128866194, 27.554610813653852 ], [ 94.894996633592271, 27.555174294252733 ], [ 94.893984257547018, 27.555188100813325 ], [ 94.893787976403615, 27.555551778323814 ], [ 94.892981168084859, 27.555743275874597 ], [ 94.891962597381024, 27.555396150561307 ], [ 94.891953315209832, 27.554854774345323 ], [ 94.892548360011261, 27.55412466549074 ], [ 94.892953306951668, 27.554119148130475 ], [ 94.893140301326511, 27.553214095747208 ], [ 94.893937800121279, 27.552481222371355 ], [ 94.894345838328505, 27.552656159820216 ], [ 94.894339643115003, 27.552295242703913 ], [ 94.894940855704419, 27.551926041886965 ], [ 94.895330298513187, 27.551018225558945 ], [ 94.89510923935191, 27.549938236391515 ], [ 94.894492550188019, 27.54940514441547 ], [ 94.890212973518629, 27.547838924112909 ], [ 94.889384591274052, 27.54676718412373 ], [ 94.889777154547886, 27.546039840563459 ], [ 94.887740219385606, 27.545345524201327 ], [ 94.886295262011984, 27.543740634589405 ], [ 94.887111251858599, 27.544090558008662 ], [ 94.88773096187883, 27.544804145880647 ], [ 94.888132789326448, 27.544618184858411 ], [ 94.888138962233356, 27.544979103669746 ], [ 94.889764797584135, 27.545318003714417 ], [ 94.890178982541499, 27.545853873599331 ], [ 94.89139064178508, 27.545656884208515 ], [ 94.89140610156872, 27.546559179364635 ], [ 94.891811021030051, 27.54655366672236 ], [ 94.891804835708299, 27.546192748759239 ], [ 94.892611577701956, 27.5460012612028 ], [ 94.892402931960333, 27.545643100919936 ], [ 94.893001022263746, 27.545093450763332 ], [ 94.892973173450073, 27.543469320549594 ], [ 94.893374986385311, 27.543283345014601 ], [ 94.893166343936031, 27.542925185612368 ], [ 94.893568154587015, 27.542739209620802 ], [ 94.893957581295638, 27.541831397071228 ], [ 94.894764287355173, 27.541639898688548 ], [ 94.895156798105077, 27.540912542115773 ], [ 94.896359094040449, 27.540174136366137 ], [ 94.896150448708198, 27.539815981486875 ], [ 94.897766920998095, 27.539613414998747 ], [ 94.899361658041386, 27.538147621284057 ], [ 94.900165221013893, 27.537775634922504 ], [ 94.901177433804904, 27.537761791366979 ], [ 94.901373662004659, 27.537398105356889 ], [ 94.902382761880631, 27.537203795067917 ], [ 94.902578985125416, 27.536840107578431 ], [ 94.904400949639069, 27.536815153021379 ], [ 94.904815168360855, 27.537350977903831 ], [ 94.905830488908563, 27.537517558432743 ], [ 94.905855405061658, 27.538961220201251 ], [ 94.906266523918106, 27.539316582178511 ], [ 94.906873857993077, 27.539308249847245 ], [ 94.908474700845829, 27.538203272758096 ], [ 94.908462225823754, 27.537481442938635 ], [ 94.909639425914747, 27.535299269052736 ], [ 94.909427629054449, 27.534760678168062 ], [ 94.91002869521175, 27.534391418544281 ], [ 94.910215524943055, 27.533486349517304 ], [ 94.911015892123672, 27.532933846395569 ], [ 94.912432918755925, 27.532914355899443 ], [ 94.913457584908613, 27.533622253474203 ], [ 94.914678441793797, 27.533966440314522 ], [ 94.914887133202143, 27.534324565160123 ], [ 94.915494436772349, 27.534316196560439 ], [ 94.915715652324792, 27.535396147047397 ], [ 94.916120525131007, 27.53539056566342 ], [ 94.916301043388046, 27.53412457758305 ], [ 94.916522266245437, 27.535204526431183 ], [ 94.916914609506378, 27.534477116173555 ], [ 94.917319478660033, 27.534471531469197 ], [ 94.917313213188123, 27.534110618244341 ], [ 94.918727114679413, 27.533910606331617 ], [ 94.91853408542103, 27.534454770288498 ], [ 94.918129216617388, 27.534460358526665 ], [ 94.917534445807945, 27.535190564979374 ], [ 94.915927480670334, 27.535934726675514 ], [ 94.916145573497175, 27.536834219186641 ], [ 94.916550451471579, 27.536828636283076 ], [ 94.917167166787465, 27.537361629387057 ], [ 94.919197836411797, 27.537694600381535 ], [ 94.920228865211996, 27.538763355507491 ], [ 94.920836191279818, 27.538754962333517 ], [ 94.920833052213595, 27.538574506207432 ], [ 94.921234795754387, 27.538388453239939 ], [ 94.921237935452055, 27.538568909328234 ], [ 94.920636888051504, 27.538938216495179 ], [ 94.92085188704911, 27.539657242888691 ], [ 94.921864104836416, 27.539643247839535 ], [ 94.922275274883987, 27.539998559645284 ], [ 94.923486795311945, 27.539801296262063 ], [ 94.924489577374175, 27.539245914813947 ], [ 94.924280845405931, 27.538887806700252 ], [ 94.924894462202431, 27.53924030716005 ], [ 94.925489202393734, 27.538510070967114 ], [ 94.9254829091537, 27.538149159685481 ], [ 94.92467314765949, 27.538160376834853 ], [ 94.924666857179204, 27.537799465361577 ], [ 94.924261977577743, 27.537805072083344 ], [ 94.923645227409921, 27.537272112387974 ], [ 94.923632653758048, 27.536550288892272 ], [ 94.92466056681603, 27.537438553868228 ], [ 94.926485665767302, 27.537593764983718 ], [ 94.927083535863815, 27.537043978314298 ], [ 94.927488412002589, 27.53703836351772 ], [ 94.928478542967881, 27.535761133771963 ], [ 94.929089001749873, 27.535933160723935 ], [ 94.930692713633476, 27.535008396140096 ], [ 94.932919485168568, 27.534977444472112 ], [ 94.935336037553924, 27.534221819628105 ], [ 94.93614576507953, 27.534210541851653 ], [ 94.936354524565374, 27.534568630840536 ], [ 94.936955492134018, 27.534199259363682 ], [ 94.937366686465097, 27.534554525306273 ], [ 94.93777155101877, 27.534548881031252 ], [ 94.937967650289309, 27.534185149628158 ], [ 94.939182239103019, 27.534168208228074 ], [ 94.939776855652582, 27.533437916622294 ], [ 94.94118117849338, 27.532696316273274 ], [ 94.942772039023453, 27.53104960342846 ], [ 94.944176310437882, 27.530307975169105 ], [ 94.944565274520784, 27.529400042759868 ], [ 94.943129274725436, 27.528337134405568 ], [ 94.94312292659977, 27.52797622636432 ], [ 94.942718087413596, 27.527981884982342 ], [ 94.942708567427488, 27.527440522752936 ], [ 94.940235174086581, 27.524948087652202 ], [ 94.937809364547945, 27.525162422503566 ], [ 94.936401946619796, 27.525723530953535 ], [ 94.936205855270146, 27.52608726005554 ], [ 94.935997114070418, 27.52572916958098 ], [ 94.93458019922052, 27.525748895504584 ], [ 94.933982426073797, 27.526298710221845 ], [ 94.933988743898112, 27.526659620307068 ], [ 94.935209574765622, 27.527003627714233 ], [ 94.935418316165013, 27.527361719317575 ], [ 94.934608638475581, 27.52737299028372 ], [ 94.934823699696352, 27.528091992668887 ], [ 94.934229075510117, 27.528822263807619 ], [ 94.934001379899627, 27.527381440417287 ], [ 94.933593382317724, 27.527206617304618 ], [ 94.933583907341486, 27.526665252085181 ], [ 94.933175913060879, 27.526490427559516 ], [ 94.93316644041812, 27.52594906215062 ], [ 94.932755292639499, 27.52559378101763 ], [ 94.929912003179737, 27.525091785684648 ], [ 94.928074514049399, 27.524214786088784 ], [ 94.928068216193083, 27.523853874615412 ], [ 94.927660240273013, 27.523679032845124 ], [ 94.927856356785327, 27.523315314458916 ], [ 94.927236528351997, 27.522601910555704 ], [ 94.926582100890442, 27.519903487685685 ], [ 94.926177287306331, 27.519909096637505 ], [ 94.926170996797168, 27.519548184536951 ], [ 94.92576303986533, 27.519373336125064 ], [ 94.925541769251709, 27.518293402668302 ], [ 94.924735295985982, 27.518485068974829 ], [ 94.924118657578234, 27.517952104578537 ], [ 94.923309043408267, 27.51796330623581 ], [ 94.922711250661536, 27.518513073760854 ], [ 94.922717529599481, 27.518873986650441 ], [ 94.921920460957708, 27.519607006557862 ], [ 94.921515647348187, 27.519612601886298 ], [ 94.921322652546138, 27.520156768795271 ], [ 94.920516156986707, 27.520348411637787 ], [ 94.919516653161381, 27.521084214807125 ], [ 94.917489422787966, 27.520931689133093 ], [ 94.917293274921406, 27.521295394533546 ], [ 94.91688845402912, 27.521300976708648 ], [ 94.91750507934627, 27.521833973774058 ], [ 94.916900975490037, 27.522022804647623 ], [ 94.916891584350623, 27.521481433700913 ], [ 94.916486762681672, 27.521487014741432 ], [ 94.915892044936086, 27.522217212440669 ], [ 94.915487220335365, 27.522222790708675 ], [ 94.914889364802988, 27.522772527429996 ], [ 94.911853160423931, 27.522814314626579 ], [ 94.911239676225023, 27.522461749005281 ], [ 94.910635556547234, 27.522650553343617 ], [ 94.910426903005785, 27.522292419720955 ], [ 94.909819663705406, 27.522300762840327 ], [ 94.90635061764074, 27.520723867583101 ], [ 94.903516865473534, 27.520762694387333 ], [ 94.901888258801819, 27.52024347944349 ], [ 94.89986415422635, 27.52027115337534 ], [ 94.898873806672498, 27.521548191630888 ], [ 94.898057955048671, 27.521198329716761 ], [ 94.895635194071318, 27.521592387525089 ], [ 94.895224177053038, 27.521236988170497 ], [ 94.895003197022277, 27.520156991404388 ], [ 94.893984956338286, 27.519809863032773 ], [ 94.89175535058925, 27.51965971610197 ], [ 94.890936445520282, 27.519129350689088 ], [ 94.890332303393393, 27.519318067676938 ], [ 94.890341563609525, 27.519859447167644 ], [ 94.889734330582343, 27.519867701919107 ], [ 94.88913635183053, 27.520417333846289 ], [ 94.887520136145625, 27.520619787107766 ], [ 94.885265888192777, 27.51902585402026 ], [ 94.885045010316745, 27.517945835978505 ], [ 94.884634039702377, 27.5175904027309 ], [ 94.884612500227448, 27.516327179273002 ], [ 94.884204613538728, 27.516152204857352 ], [ 94.883989905061199, 27.515433105107256 ], [ 94.883578947502002, 27.515077667979199 ], [ 94.883177215911459, 27.515263611573921 ], [ 94.882760113999908, 27.514547250381266 ], [ 94.881134753981428, 27.514208243168561 ], [ 94.88051833881903, 27.513675073179922 ], [ 94.880113537178048, 27.513680546920696 ], [ 94.87992034329092, 27.514224666533398 ], [ 94.878307260284558, 27.514607470307283 ], [ 94.878718200021041, 27.514962923982409 ], [ 94.87790552052239, 27.514793399034303 ], [ 94.876700292802965, 27.515351178625014 ], [ 94.876504015735335, 27.515714832988728 ], [ 94.874685430345622, 27.515919866211696 ], [ 94.873461820288185, 27.515394849150933 ], [ 94.871431660625674, 27.515061181161634 ], [ 94.870401317014199, 27.513992025646839 ], [ 94.868978396223667, 27.51365015135535 ], [ 94.86815353908797, 27.512758719002299 ], [ 94.867751786927045, 27.512944618943159 ], [ 94.867948089226061, 27.512580975612803 ], [ 94.86732869540532, 27.511867280984092 ], [ 94.866316699980629, 27.511880866353241 ], [ 94.865700365890945, 27.511347626269522 ], [ 94.865093171009789, 27.511355771125089 ], [ 94.864884684444164, 27.510997560114362 ], [ 94.861042160766146, 27.51122953941081 ], [ 94.860643437979604, 27.51159588226836 ], [ 94.859833840597148, 27.511606712147266 ], [ 94.858435246238756, 27.512708433061405 ], [ 94.85742627012857, 27.512902417524085 ], [ 94.857444463565344, 27.513985197889362 ], [ 94.859296453047179, 27.515765485076624 ], [ 94.859103151823618, 27.516309580873056 ], [ 94.859722521490539, 27.517023313126945 ], [ 94.859734667454106, 27.517745165353489 ], [ 94.860565575592176, 27.518997574457615 ], [ 94.860792296494722, 27.520438568801627 ], [ 94.861635399180713, 27.522412820486569 ], [ 94.861877348122519, 27.524756124661735 ], [ 94.862496785710377, 27.52546984049642 ], [ 94.861889512155528, 27.525477975200126 ], [ 94.862557632481554, 27.529079090744727 ], [ 94.86318318777748, 27.530153726457478 ], [ 94.863992919454645, 27.53014287037222 ], [ 94.864038599194529, 27.532849804117767 ], [ 94.864642866011195, 27.532661195874891 ], [ 94.864425198146208, 27.531761600571212 ], [ 94.864836163061682, 27.532117093518291 ], [ 94.864848350233743, 27.532838942074829 ], [ 94.864452613465943, 27.533385760174877 ], [ 94.86486053785957, 27.533560790551419 ], [ 94.864866631842645, 27.533921714759735 ], [ 94.864056872876446, 27.533932577301204 ], [ 94.863455642826395, 27.534301645594027 ], [ 94.863863569296797, 27.534476678786849 ], [ 94.864464798789754, 27.534107608757704 ], [ 94.864673332340075, 27.534465817174187 ], [ 94.865544062522844, 27.538064190286324 ], [ 94.867369137801106, 27.538220181815316 ], [ 94.866157503353264, 27.538416959911988 ], [ 94.866580701585931, 27.539494293058024 ], [ 94.865777001062952, 27.539866091314099 ], [ 94.865384294754506, 27.54059337443244 ], [ 94.864574487122312, 27.540604242405085 ], [ 94.864580581996307, 27.540965166306702 ], [ 94.864169583136018, 27.540609674623859 ], [ 94.862964004920102, 27.541167350553202 ], [ 94.862749373870159, 27.540448215964652 ], [ 94.862546921966469, 27.54045092954923 ], [ 94.861310915987517, 27.53920396869751 ], [ 94.858660841428431, 27.538156417951281 ], [ 94.857648600272782, 27.53816995212312 ], [ 94.85764556450809, 27.537989489389847 ], [ 94.85703822046672, 27.537997606296074 ], [ 94.853197759325369, 27.538409878175631 ], [ 94.853176560245558, 27.537146635789306 ], [ 94.852974113291026, 27.537149335135584 ], [ 94.852789832899077, 27.538234813638304 ], [ 94.850157993790958, 27.538269876114917 ], [ 94.849339129612304, 27.537739263798962 ], [ 94.847713502024519, 27.537399878518528 ], [ 94.846299382271653, 27.537599176137814 ], [ 94.845882419307571, 27.536882698758593 ], [ 94.845269046558272, 27.536529835909867 ], [ 94.845263015925013, 27.536168907821867 ], [ 94.844649649094052, 27.535816041912195 ], [ 94.844643620667398, 27.53545511366093 ], [ 94.844030259754589, 27.535102244690513 ], [ 94.844024233534384, 27.534741316276033 ], [ 94.84341087853953, 27.534388444245064 ], [ 94.843404854525616, 27.534027515667425 ], [ 94.842791505448517, 27.53367464057612 ], [ 94.842785483640768, 27.533313711835344 ], [ 94.842172140481196, 27.532960833683916 ], [ 94.84216612087944, 27.53259990478006 ], [ 94.841552783637226, 27.532247023568704 ], [ 94.841546766241308, 27.531886094501807 ], [ 94.841141888920717, 27.531891458088879 ], [ 94.840522544879676, 27.531177642656868 ], [ 94.840117669921341, 27.531183003134927 ], [ 94.839498336476993, 27.530469182549648 ], [ 94.839093463880999, 27.530474539918867 ], [ 94.838474141032947, 27.529760714180824 ], [ 94.83806927079938, 27.52976606844139 ], [ 94.837449958547253, 27.529052237551074 ], [ 94.837045090676156, 27.529057588703147 ], [ 94.8364257890196, 27.528343752661069 ], [ 94.836020923511057, 27.52834910070483 ], [ 94.835196203143369, 27.527457466830963 ], [ 94.834791340602052, 27.5274628111368 ], [ 94.834172062474849, 27.526748963746343 ], [ 94.833767202296229, 27.526754304944259 ], [ 94.833147934763346, 27.526040452403631 ], [ 94.832743076947494, 27.526045790493793 ], [ 94.830897291679079, 27.524626071031438 ], [ 94.831075793632664, 27.523179678497002 ], [ 94.832671239825231, 27.521714615063239 ], [ 94.83265029035455, 27.520451355021759 ], [ 94.832236476949987, 27.519915293310621 ], [ 94.832218525809893, 27.518832498460252 ], [ 94.831801729952332, 27.518115969065672 ], [ 94.830363907460921, 27.51687136626926 ], [ 94.828122445325747, 27.515998326162585 ], [ 94.828899244515028, 27.514002550453128 ], [ 94.828878345006743, 27.512739286341812 ], [ 94.828277099017924, 27.513108203597405 ], [ 94.828229348776134, 27.510220741036473 ], [ 94.827395884757138, 27.508787649373218 ], [ 94.827175593519996, 27.507707509022474 ], [ 94.826764838589909, 27.507351893138008 ], [ 94.826746950604928, 27.506269093015622 ], [ 94.826118909118193, 27.505013799032202 ], [ 94.825095039403664, 27.504305213931733 ], [ 94.822455045064473, 27.503798311482011 ], [ 94.822463966987371, 27.504339713055181 ], [ 94.823083038203578, 27.505053624582352 ], [ 94.822883621387675, 27.505236744386217 ], [ 94.82226752403497, 27.504703299172572 ], [ 94.822261576607559, 27.504342364774757 ], [ 94.821440125566042, 27.503631099531322 ], [ 94.821035347140466, 27.503636399572358 ], [ 94.820612743481902, 27.502558894030486 ], [ 94.818386481322449, 27.502588015414808 ], [ 94.817565067543228, 27.501876725265276 ], [ 94.81755913617198, 27.501515789775674 ], [ 94.817154364611127, 27.501521078152855 ], [ 94.816106877018512, 27.499368678892893 ], [ 94.816095025165765, 27.498646807048438 ], [ 94.815273656129904, 27.497935500848541 ], [ 94.809612924960533, 27.498370266429415 ], [ 94.801834250429806, 27.493056010755495 ], [ 94.801191880613644, 27.490898236476895 ], [ 94.80057596617209, 27.490364685213148 ], [ 94.799766496900446, 27.490375158083744 ], [ 94.799352958471061, 27.489838983165196 ], [ 94.797927596270355, 27.489315884777589 ], [ 94.799948315918286, 27.489109251615488 ], [ 94.80116544302733, 27.489274009331481 ], [ 94.801576049525764, 27.489629708929083 ], [ 94.80132668287375, 27.486744813538188 ], [ 94.802147879727727, 27.487456211522886 ], [ 94.802136124903996, 27.48673433286482 ], [ 94.801725528014131, 27.486378634350284 ], [ 94.801699087686075, 27.484754406628134 ], [ 94.80188969269166, 27.484029907496964 ], [ 94.802100863060446, 27.484568696413412 ], [ 94.80270205386509, 27.484199894186744 ], [ 94.802693236218772, 27.483658485112883 ], [ 94.801880879081395, 27.483488498167326 ], [ 94.802056791298227, 27.481861649842589 ], [ 94.802851501496249, 27.48094881792991 ], [ 94.802640335515036, 27.480410029730276 ], [ 94.801429178709611, 27.480606219959395 ], [ 94.800816259156548, 27.480253136276101 ], [ 94.800006863916281, 27.480263607007085 ], [ 94.798801567543777, 27.48082071478747 ], [ 94.79899218654019, 27.480096218651916 ], [ 94.798783973173869, 27.479737893742264 ], [ 94.798176928929777, 27.479745738234712 ], [ 94.797989236111718, 27.480650703761761 ], [ 94.797584536463489, 27.480655931566499 ], [ 94.797370466242725, 27.479936663770555 ], [ 94.796757562399534, 27.479583561373079 ], [ 94.79595988115868, 27.48031589013112 ], [ 94.795352832803516, 27.48032372246087 ], [ 94.794962764782809, 27.481231295254556 ], [ 94.795775096945604, 27.481401323958742 ], [ 94.795168042578581, 27.481409155766755 ], [ 94.795173895890443, 27.481770096766038 ], [ 94.794965691068384, 27.481411765781637 ], [ 94.793549229733912, 27.481430027656739 ], [ 94.792343885127579, 27.481987081561069 ], [ 94.79193625791514, 27.481811822375821 ], [ 94.791930415146084, 27.481450880737366 ], [ 94.791728063200125, 27.481453486049912 ], [ 94.791329200018836, 27.481819637551475 ], [ 94.790704625757556, 27.480744624388873 ], [ 94.789484686065862, 27.480399298620195 ], [ 94.789296920666331, 27.481304255790455 ], [ 94.790933254034201, 27.482366258918745 ], [ 94.785888961033493, 27.483333626237972 ], [ 94.786076757030614, 27.482428672425957 ], [ 94.78745244017135, 27.479883888157506 ], [ 94.78886888646278, 27.479865689255551 ], [ 94.790074227904441, 27.479308665567878 ], [ 94.79105969236744, 27.477671410145042 ], [ 94.791021741577424, 27.475325286617554 ], [ 94.791429342992643, 27.475500549848917 ], [ 94.791438102517105, 27.476041962910557 ], [ 94.792056812406926, 27.476756032542006 ], [ 94.791871993441987, 27.477841463260148 ], [ 94.792285448613271, 27.478377665180176 ], [ 94.792690141113923, 27.478372453176522 ], [ 94.792695985593099, 27.478733394824172 ], [ 94.793907142164883, 27.478537280819467 ], [ 94.795511278490167, 27.477614054002874 ], [ 94.795918894871278, 27.477789303282229 ], [ 94.796115384250257, 27.477425751180007 ], [ 94.796725345143969, 27.477598386735391 ], [ 94.797528862404292, 27.477226995265774 ], [ 94.800564013220125, 27.477187763786645 ], [ 94.800974570693413, 27.477543467993932 ], [ 94.801781008709682, 27.477352522638558 ], [ 94.80138219449347, 27.477718700864827 ], [ 94.802000975905344, 27.478432722580841 ], [ 94.803217986577565, 27.478597468073133 ], [ 94.803833844117221, 27.47913101103185 ], [ 94.805250268024167, 27.479112645925451 ], [ 94.804851459898217, 27.479478833762158 ], [ 94.805256153623702, 27.479473585039187 ], [ 94.806282610171849, 27.480362805283765 ], [ 94.806306167940932, 27.481806560536654 ], [ 94.806713815351372, 27.48198177652052 ], [ 94.807552689876744, 27.483775958554588 ], [ 94.807344441917351, 27.483417648305803 ], [ 94.80693973424458, 27.483422903791549 ], [ 94.80693089616949, 27.482881495924318 ], [ 94.806526190363826, 27.482886750113693 ], [ 94.806570373324192, 27.485593789606018 ], [ 94.805757997209113, 27.485423826319614 ], [ 94.805359169367065, 27.485790016310869 ], [ 94.805370944733454, 27.486511893782712 ], [ 94.805775664048525, 27.486506642315899 ], [ 94.805983913489868, 27.486864954726993 ], [ 94.805376832581189, 27.486872832488793 ], [ 94.805189190674838, 27.487777804600217 ], [ 94.805617470879582, 27.489216307705536 ], [ 94.806230455866029, 27.489569366673503 ], [ 94.806450497587377, 27.490649554517308 ], [ 94.807060546025497, 27.490822140158716 ], [ 94.806864072415152, 27.491185706471587 ], [ 94.80727175607376, 27.49136091888812 ], [ 94.80790834825612, 27.493157721254061 ], [ 94.809345607331764, 27.494402587486334 ], [ 94.809750354608511, 27.494397323075937 ], [ 94.809961585396977, 27.494936096496115 ], [ 94.810360428346371, 27.494569892908437 ], [ 94.810768129723286, 27.494745094125381 ], [ 94.810774037237408, 27.495106031326799 ], [ 94.811178786766533, 27.495100762638348 ], [ 94.812777084887344, 27.493816397242881 ], [ 94.814384223796282, 27.493073419929996 ], [ 94.816404966420976, 27.49286654593244 ], [ 94.817839346646124, 27.493930852041881 ], [ 94.818672566516099, 27.495364015346595 ], [ 94.8192796895204, 27.495356077347004 ], [ 94.819273754203238, 27.494995141863591 ], [ 94.818871973865441, 27.495180901861051 ], [ 94.819068413267985, 27.49481732034754 ], [ 94.819476127823378, 27.494992495316147 ], [ 94.81948206379991, 27.495353430759035 ], [ 94.818883842083437, 27.495902772950156 ], [ 94.81909215234144, 27.496261062363676 ], [ 94.819496904224948, 27.496255769279163 ], [ 94.819508777062538, 27.496977640005667 ], [ 94.819106990160549, 27.497163400961998 ], [ 94.818898677977714, 27.496805111699551 ], [ 94.818493923950214, 27.496810403141204 ], [ 94.818485024308941, 27.496268999784963 ], [ 94.818080272149146, 27.496274289928813 ], [ 94.817898655320406, 27.49754020941312 ], [ 94.819520650342426, 27.49769951065252 ], [ 94.821562265009874, 27.498755830568165 ], [ 94.823389635837643, 27.49909290257105 ], [ 94.823597966925405, 27.499451184077866 ], [ 94.824205110687316, 27.499443223504766 ], [ 94.826041436840569, 27.500321660603138 ], [ 94.82622296241388, 27.499055735270488 ], [ 94.82662474278618, 27.498869954046828 ], [ 94.826404484702735, 27.497789809684484 ], [ 94.825184261350145, 27.497444812329544 ], [ 94.825178306246528, 27.497083878142757 ], [ 94.823541442240341, 27.496022306451284 ], [ 94.822526593681403, 27.495855098867253 ], [ 94.822109954629042, 27.495138530901116 ], [ 94.821499862504126, 27.494966013668936 ], [ 94.821493920044816, 27.494605078611649 ], [ 94.820880861538356, 27.494252090872731 ], [ 94.82087492127836, 27.49389115565392 ], [ 94.819651787922851, 27.493365638917631 ], [ 94.820053560404148, 27.493179877004426 ], [ 94.82003871738408, 27.492277538365233 ], [ 94.819633980171432, 27.492282832322314 ], [ 94.819598367653825, 27.490117218594133 ], [ 94.818565783319613, 27.488867171411123 ], [ 94.817551006384406, 27.488699923804081 ], [ 94.815503696851664, 27.48728259605949 ], [ 94.815700135169848, 27.486919019054998 ], [ 94.815090097449485, 27.486746470828866 ], [ 94.815081218266101, 27.486205065665388 ], [ 94.814676502139548, 27.486210344135092 ], [ 94.814872941557894, 27.485846768206258 ], [ 94.814048722146325, 27.484954980038868 ], [ 94.814036890982919, 27.484233105874452 ], [ 94.812570170145321, 27.481183595041589 ], [ 94.812540621908099, 27.479378907023225 ], [ 94.813287935066484, 27.475578518973307 ], [ 94.813023545283002, 27.471791307433573 ], [ 94.811979405357462, 27.46981931996546 ], [ 94.810953008507738, 27.468930137960211 ], [ 94.811146482212024, 27.468386098074827 ], [ 94.809703662640771, 27.466780291833807 ], [ 94.80969481732329, 27.466238883500644 ], [ 94.810099461598369, 27.466233623027222 ], [ 94.811295688070174, 27.465135018725391 ], [ 94.81208430312212, 27.463861202889955 ], [ 94.813693978942013, 27.463298720490776 ], [ 94.814890137936459, 27.462200088112358 ], [ 94.814681911725984, 27.461841786976589 ], [ 94.815291809303034, 27.462014344257465 ], [ 94.816696168477094, 27.461273997674262 ], [ 94.816904399841505, 27.461632295559774 ], [ 94.816499773895316, 27.461637574992981 ], [ 94.816309295389019, 27.462362089869146 ], [ 94.816716883377438, 27.462537279708531 ], [ 94.816520486877849, 27.462900857099232 ], [ 94.817543906234803, 27.463609530581078 ], [ 94.817975193837725, 27.465228465805311 ], [ 94.81838575744824, 27.465584118657748 ], [ 94.818400570143908, 27.466486461586534 ], [ 94.819016425849114, 27.467019937943171 ], [ 94.819022353261403, 27.467380874928519 ], [ 94.820459377946548, 27.468625640868886 ], [ 94.821881591592415, 27.468968049453107 ], [ 94.821887528830672, 27.469328985761436 ], [ 94.822295150968486, 27.469504157420616 ], [ 94.826139353479746, 27.46945378219009 ], [ 94.825333022804116, 27.469644864110165 ], [ 94.82513664416058, 27.470008452545819 ], [ 94.824729016130064, 27.469833289532168 ], [ 94.824330307416858, 27.470199528921817 ], [ 94.823110398945985, 27.469854496955762 ], [ 94.822708714433702, 27.470040263924922 ], [ 94.822717624781376, 27.470581668046897 ], [ 94.82333352411014, 27.471115122879347 ], [ 94.823756014945133, 27.472192629325072 ], [ 94.824160677801927, 27.472187326941107 ], [ 94.824172568869102, 27.472909198286413 ], [ 94.825199104801712, 27.473798275340961 ], [ 94.827442649485505, 27.474851877822402 ], [ 94.828457308678722, 27.475019059036136 ], [ 94.827853279388279, 27.475207499053738 ], [ 94.826026297528884, 27.474870466062679 ], [ 94.826041178329234, 27.475772803944047 ], [ 94.826457761522917, 27.47648936433669 ], [ 94.827472434833055, 27.476656552036765 ], [ 94.827070734426016, 27.476842332273243 ], [ 94.827076690566543, 27.47720326712782 ], [ 94.828296691672961, 27.477548259420921 ], [ 94.831736479999137, 27.477503031443288 ], [ 94.832941558029347, 27.476945647867172 ], [ 94.834560269926527, 27.476924321116982 ], [ 94.835161303995136, 27.476555385504437 ], [ 94.835768318270169, 27.476547380603442 ], [ 94.835976641374202, 27.476905644785216 ], [ 94.837196662088346, 27.477250557846425 ], [ 94.83922005241395, 27.477223834359965 ], [ 94.841639111725144, 27.47665032953023 ], [ 94.842040784407999, 27.47646450845561 ], [ 94.842034779691033, 27.476103576594689 ], [ 94.842442455689579, 27.476278686282836 ], [ 94.842638785837607, 27.475915075971937 ], [ 94.843043458006477, 27.475909718046402 ], [ 94.843436111855908, 27.475182495718673 ], [ 94.844037104867809, 27.47481352359025 ], [ 94.8440310940681, 27.47445259205011 ], [ 94.845843067590906, 27.473887058307625 ], [ 94.846441035998708, 27.473337610902046 ], [ 94.847449679710707, 27.473143721955644 ], [ 94.848249965342447, 27.472591581802412 ], [ 94.849865585021689, 27.472389614972855 ], [ 94.849463941240344, 27.472575457365981 ], [ 94.849469969260909, 27.472936387895317 ], [ 94.848663662209034, 27.47312760419889 ], [ 94.849068322817331, 27.473122229263222 ], [ 94.848872018740579, 27.473485847500914 ], [ 94.849488053996495, 27.474019179363701 ], [ 94.850705060885673, 27.474183508466972 ], [ 94.851094640888633, 27.473275802046661 ], [ 94.850070928810297, 27.472567391182093 ], [ 94.850064898926448, 27.472206460756404 ], [ 94.850671884268024, 27.47219839205237 ], [ 94.850880245176995, 27.472556632157705 ], [ 94.851891890003117, 27.472543176767811 ], [ 94.852692147733137, 27.471991012326363 ], [ 94.854108441606698, 27.471972154651336 ], [ 94.851299988271137, 27.473453576241756 ], [ 94.851109724883685, 27.474178127408781 ], [ 94.855754279572679, 27.473574767002187 ], [ 94.855745206624078, 27.473033373179057 ], [ 94.856149865263788, 27.473027977680346 ], [ 94.856155915185099, 27.473388906818087 ], [ 94.857161511369839, 27.473014483792873 ], [ 94.858982472584216, 27.472990176288924 ], [ 94.858994590978995, 27.473712033386111 ], [ 94.859610673549838, 27.47424531793299 ], [ 94.86083072520762, 27.474590021669897 ], [ 94.861244488746294, 27.475126003122693 ], [ 94.861649153765057, 27.475120591263867 ], [ 94.861863624422895, 27.475839740591418 ], [ 94.862881365478117, 27.476187131531088 ], [ 94.863721080062646, 27.477980933667666 ], [ 94.863914302932415, 27.477436833063955 ], [ 94.863491405522325, 27.476359469614092 ], [ 94.864910786194557, 27.476520962914844 ], [ 94.86491686556559, 27.476881890071315 ], [ 94.8657383709768, 27.477592897116537 ], [ 94.865965040185387, 27.479033892015746 ], [ 94.864953344170331, 27.479047452590994 ], [ 94.864334170185828, 27.478333731067696 ], [ 94.863111030627323, 27.47780859709194 ], [ 94.862301681508839, 27.477819429104777 ], [ 94.861688600257878, 27.477466622258842 ], [ 94.860879252982556, 27.477477445879149 ], [ 94.860060809698467, 27.476946872607964 ], [ 94.85823675572037, 27.476790733169992 ], [ 94.85660898899539, 27.476270941783998 ], [ 94.853981651331054, 27.47648646870282 ], [ 94.852375040632509, 27.477229880379429 ], [ 94.850961695170838, 27.477429188727502 ], [ 94.849762742803961, 27.478347654349498 ], [ 94.847745367867574, 27.47873546264119 ], [ 94.847150389858754, 27.479465381697079 ], [ 94.84735875483625, 27.479823626609619 ], [ 94.846954069352094, 27.479828997779684 ], [ 94.847370800989296, 27.480545487756515 ], [ 94.848183189817362, 27.480715206752983 ], [ 94.849826068410692, 27.482137420130694 ], [ 94.849832100066934, 27.482498350090438 ], [ 94.850236794647515, 27.482492970074688 ], [ 94.851275695206141, 27.484103698166166 ], [ 94.851511253172148, 27.486086118177294 ], [ 94.852332749391834, 27.486797204387635 ], [ 94.85213341465851, 27.486980362602221 ], [ 94.851722665118146, 27.486624819599491 ], [ 94.851583718568349, 27.490417269787777 ], [ 94.852015626327855, 27.492036063997407 ], [ 94.851613917264459, 27.492221915444329 ], [ 94.851058149902926, 27.495297891179856 ], [ 94.851683384939861, 27.496372598561603 ], [ 94.851067208527866, 27.495839284710765 ], [ 94.850662465342594, 27.49584466954029 ], [ 94.850466130953691, 27.496208290633341 ], [ 94.850490281061795, 27.49765200691122 ], [ 94.850091567603656, 27.498018319490676 ], [ 94.850142882303004, 27.501086216052343 ], [ 94.850556703137045, 27.501622225029376 ], [ 94.85058085999303, 27.503065940110123 ], [ 94.850997711353671, 27.50378241147537 ], [ 94.852015685843185, 27.504129869581085 ], [ 94.853634777899828, 27.504108301497997 ], [ 94.854450375617489, 27.504458438273332 ], [ 94.85445642809546, 27.504819366129716 ], [ 94.854858176328364, 27.504633504764705 ], [ 94.854670922295725, 27.505538523106747 ], [ 94.854266144455224, 27.505543920164307 ], [ 94.85445642809546, 27.504819366129716 ], [ 94.853849265165721, 27.504827460144515 ], [ 94.853652927418295, 27.505191085562778 ], [ 94.852033819530718, 27.505212654636473 ], [ 94.852251321944578, 27.506112280170946 ], [ 94.852867564080512, 27.506645584920392 ], [ 94.852876635937889, 27.507186977013376 ], [ 94.853900698957929, 27.507895347171182 ], [ 94.85391582809342, 27.508797666610452 ], [ 94.854532093581398, 27.509330962650349 ], [ 94.855746468157477, 27.509314763579169 ], [ 94.857175362479836, 27.510017705355242 ], [ 94.860005878936917, 27.509799373119488 ], [ 94.860398524763127, 27.50907210582066 ], [ 94.862833340105112, 27.509400520851305 ], [ 94.864428154942061, 27.507935120682578 ], [ 94.865645552283468, 27.508099298679127 ], [ 94.865651642230631, 27.50846022404685 ], [ 94.866865999557803, 27.508443928387223 ], [ 94.867258594770163, 27.507716644056988 ], [ 94.868880775454841, 27.507875358358547 ], [ 94.870898582398112, 27.507487222280989 ], [ 94.870892475582522, 27.507126297945415 ], [ 94.871901369841552, 27.506932219378488 ], [ 94.872293926280605, 27.506204922595273 ], [ 94.873505196722789, 27.506008108259216 ], [ 94.875345047063476, 27.507066330353759 ], [ 94.87737200258168, 27.507219486792845 ], [ 94.880248413528548, 27.509707666396974 ], [ 94.88085559408735, 27.509699455844238 ], [ 94.880843314435936, 27.508977611508289 ], [ 94.88124502819214, 27.508791675448503 ], [ 94.88102421598046, 27.507711646519041 ], [ 94.88181534771644, 27.506617928506696 ], [ 94.883639910210817, 27.506773731794503 ], [ 94.884455612132783, 27.50712368668324 ], [ 94.885075083249617, 27.507837301252067 ], [ 94.885479862346727, 27.50783181414301 ], [ 94.88468260807187, 27.508564630046578 ], [ 94.885700717970579, 27.508911833780509 ], [ 94.885912343862188, 27.509450471050638 ], [ 94.886519521027026, 27.509442235848496 ], [ 94.887135938565066, 27.509975379261498 ], [ 94.88794551133104, 27.509964391090723 ], [ 94.888558855786783, 27.510317067396091 ], [ 94.889558487119103, 27.509581480295626 ], [ 94.890368055868294, 27.509570478171845 ], [ 94.890579705524559, 27.510109107080297 ], [ 94.89119305848422, 27.510461771291542 ], [ 94.890791357389944, 27.510647735523182 ], [ 94.891021532315165, 27.512269123282309 ], [ 94.892033516915703, 27.51225535801531 ], [ 94.893039320467324, 27.511880665906965 ], [ 94.893033140252413, 27.51151974640117 ], [ 94.894244419999509, 27.511322750417143 ], [ 94.895664277822419, 27.51148390425579 ], [ 94.896483144824373, 27.512014244074987 ], [ 94.898911893367341, 27.511981100003027 ], [ 94.898918092889502, 27.512342018253911 ], [ 94.901742323744742, 27.511761919535328 ], [ 94.900347274200826, 27.513044500199602 ], [ 94.899758689992424, 27.514135550753572 ], [ 94.898139494009655, 27.514157662954467 ], [ 94.896728888966109, 27.514537914278318 ], [ 94.896520296180412, 27.514179756323816 ], [ 94.896118591908589, 27.514365736087509 ], [ 94.893465748776279, 27.513138372700137 ], [ 94.892048959996274, 27.513157657169199 ], [ 94.891858915146429, 27.513882250233753 ], [ 94.891650339056923, 27.513524084080213 ], [ 94.891046228392213, 27.513712802711265 ], [ 94.890052743242734, 27.514809321458355 ], [ 94.888844499589879, 27.515186743220831 ], [ 94.888448943682832, 27.515733621872499 ], [ 94.887440006668299, 27.515927822886951 ], [ 94.887446169785633, 27.516288743331685 ], [ 94.886842035965174, 27.516477444738321 ], [ 94.887066008529914, 27.517737919626985 ], [ 94.887691724193871, 27.518812437958761 ], [ 94.889715816349309, 27.518784942513676 ], [ 94.890513104879531, 27.518052096728262 ], [ 94.89132273519742, 27.518041085937799 ], [ 94.891920690359797, 27.517491445619601 ], [ 94.893539941004818, 27.517469403355435 ], [ 94.894561251866875, 27.517996995688762 ], [ 94.895570191754402, 27.517802742708493 ], [ 94.895981196341168, 27.518158141793982 ], [ 94.896382914254232, 27.517972161815681 ], [ 94.896591514549115, 27.51833031945284 ], [ 94.895380164246347, 27.518527339369179 ], [ 94.89539254380125, 27.519249176651659 ], [ 94.896009059379978, 27.519782275086889 ], [ 94.89581284064883, 27.520145953702603 ], [ 94.896223855168031, 27.520501351478003 ], [ 94.897432126518311, 27.520123864171726 ], [ 94.897824551724412, 27.519396502677559 ], [ 94.899235213267247, 27.519016237539994 ], [ 94.899833131868476, 27.518466564969728 ], [ 94.900241049180067, 27.518641491781967 ], [ 94.900431044529526, 27.517916890086685 ], [ 94.900023129701282, 27.517741963694842 ], [ 94.901436866062042, 27.517542136328856 ], [ 94.902856810209272, 27.517703211980404 ], [ 94.902660617896103, 27.518066899041095 ], [ 94.903068537640607, 27.518241817411333 ], [ 94.903059215742999, 27.517700441793664 ], [ 94.903460918822333, 27.517514442030496 ], [ 94.903669540430855, 27.517872587948364 ], [ 94.904687788788721, 27.518219644814224 ], [ 94.905718490132656, 27.519288526822073 ], [ 94.906123306300685, 27.519282977532242 ], [ 94.90609218308451, 27.517478395447565 ], [ 94.90648454142152, 27.516751012600977 ], [ 94.906036168596884, 27.514230146432961 ], [ 94.905625148974778, 27.513874777791671 ], [ 94.90501795420316, 27.513883097608996 ], [ 94.90500862449052, 27.51334172226704 ], [ 94.904189709522356, 27.512811435341323 ], [ 94.903380123543187, 27.512822519095081 ], [ 94.903183940643345, 27.513186206609415 ], [ 94.901969556674274, 27.513202821902322 ], [ 94.90116617396788, 27.513574810594879 ], [ 94.902159533454125, 27.512478218355604 ], [ 94.902962904712169, 27.512106224438828 ], [ 94.906005053493104, 27.512425562945911 ], [ 94.906416068576789, 27.512780930745183 ], [ 94.907633558842591, 27.512944735060607 ], [ 94.908256323305068, 27.513838694649579 ], [ 94.909065914420879, 27.51382758214039 ], [ 94.908869749175977, 27.514191276771477 ], [ 94.909277662886197, 27.51436617723607 ], [ 94.90950500082694, 27.515807061514082 ], [ 94.9091064319732, 27.516173535911651 ], [ 94.909321303214597, 27.516892588446538 ], [ 94.908919613278428, 27.517078604549646 ], [ 94.908928963624618, 27.517619978365286 ], [ 94.90934000795383, 27.517975335807598 ], [ 94.909364949231517, 27.519418998675118 ], [ 94.910190176525859, 27.520310166347418 ], [ 94.911809451236678, 27.520287909306283 ], [ 94.914023449112563, 27.5195354457849 ], [ 94.914833079210325, 27.519524297592433 ], [ 94.914839332699302, 27.51988521209902 ], [ 94.914437642516631, 27.520071244157595 ], [ 94.914646304020181, 27.520429371417531 ], [ 94.915459068234725, 27.520598676433561 ], [ 94.915860758368936, 27.520412641425612 ], [ 94.915851372966742, 27.519871270023348 ], [ 94.91684776250122, 27.518955035353081 ], [ 94.917252574812835, 27.518949453733203 ], [ 94.919039761397158, 27.516939296498897 ], [ 94.920447169813173, 27.516378364451803 ], [ 94.920440898952563, 27.516017450950937 ], [ 94.920848835730411, 27.516192316131399 ], [ 94.921452900489172, 27.516003469919816 ], [ 94.921446626445842, 27.515642556612868 ], [ 94.921851425536261, 27.515636962226274 ], [ 94.923489463006945, 27.516697311485906 ], [ 94.925731595968969, 27.517568774842125 ], [ 94.928201354055162, 27.519881040106508 ], [ 94.929014129852831, 27.520050264995973 ], [ 94.929020429778234, 27.520411176465224 ], [ 94.92983951321655, 27.520941307554239 ], [ 94.929848967548935, 27.521482674417417 ], [ 94.930256938181145, 27.521657510051984 ], [ 94.930269547126159, 27.522379332273921 ], [ 94.930889392935995, 27.523092721727387 ], [ 94.930898853275679, 27.523634088087398 ], [ 94.931714815033089, 27.523983750833775 ], [ 94.931929849672869, 27.524702759336751 ], [ 94.932337835429436, 27.52487758800477 ], [ 94.933957155952726, 27.524855069680179 ], [ 94.93555750739435, 27.523749802934354 ], [ 94.936363995669666, 27.523558072944088 ], [ 94.936556919873809, 27.523013888897079 ], [ 94.938182539676376, 27.523352232207742 ], [ 94.937986458058745, 27.523715963420472 ], [ 94.93859369506211, 27.523707496919389 ], [ 94.938992186196828, 27.523340941946373 ], [ 94.940016917177061, 27.524048640379554 ], [ 94.940415404480305, 27.523682081521955 ], [ 94.941225052343725, 27.523670778137024 ], [ 94.940428080849841, 27.524403899191256 ], [ 94.941240904480892, 27.524573049778709 ], [ 94.941857659626947, 27.525105931555174 ], [ 94.943277734021265, 27.525266585988696 ], [ 94.944909756213988, 27.525965755569008 ], [ 94.945918655860254, 27.525771138036564 ], [ 94.945520180763793, 27.526137712019185 ], [ 94.946532259931772, 27.526123543743097 ], [ 94.947348284132815, 27.526473111055303 ], [ 94.948964430241105, 27.526269963300244 ], [ 94.947759479514673, 27.52682834636737 ], [ 94.946544977567157, 27.526845358533212 ], [ 94.94451127691967, 27.52633232685799 ], [ 94.944520805287198, 27.526873688593216 ], [ 94.945137588886496, 27.527406554161164 ], [ 94.945143943437529, 27.527767461799403 ], [ 94.945548781253976, 27.527761796159442 ], [ 94.946576773727429, 27.528649895156853 ], [ 94.948404921490734, 27.528985277855529 ], [ 94.950429127760586, 27.528956889259199 ], [ 94.950602871589439, 27.527329969839389 ], [ 94.950818035247522, 27.528048942087754 ], [ 94.951630898028512, 27.528218029592701 ], [ 94.951643650099129, 27.528939841970409 ], [ 94.952048490641261, 27.528934157185656 ], [ 94.953699766892456, 27.530715934688121 ], [ 94.955331929890889, 27.531414973719794 ], [ 94.956771277840659, 27.532658199757591 ], [ 94.957378557181471, 27.532649648685975 ], [ 94.958197860487388, 27.533179599958181 ], [ 94.961430283835099, 27.532773025751627 ], [ 94.964077865825743, 27.533638121803108 ], [ 94.966105350666837, 27.533789952012842 ], [ 94.966111775434968, 27.534150854791243 ], [ 94.96651663155798, 27.534145126889079 ], [ 94.9663366934534, 27.53541115039997 ], [ 94.966545550438966, 27.535769188748535 ], [ 94.967152843315617, 27.535760594095319 ], [ 94.966751195116558, 27.535946775429249 ], [ 94.966760836362397, 27.536488129211012 ], [ 94.96736813311243, 27.536479533411416 ], [ 94.967988292932901, 27.537192739407399 ], [ 94.968798026439146, 27.537181270333985 ], [ 94.970022283527641, 27.537705410512768 ], [ 94.970848123216669, 27.538596183229298 ], [ 94.971455430059905, 27.538587568970531 ], [ 94.971461873618566, 27.538948470336663 ], [ 94.971869968503569, 27.539123176568694 ], [ 94.973483009321782, 27.538739286097851 ], [ 94.972287734326414, 27.539839233247417 ], [ 94.974138710462171, 27.541437415681465 ], [ 94.974145163569489, 27.541798316315056 ], [ 94.974961383700148, 27.542147710053257 ], [ 94.97455972762809, 27.542333914335163 ], [ 94.974566182357151, 27.542694814830416 ], [ 94.974967839690578, 27.542508610470591 ], [ 94.974771852798966, 27.542872388116411 ], [ 94.975179967204042, 27.543047083493619 ], [ 94.976394626388114, 27.543029811916785 ], [ 94.976404317807322, 27.543571161997455 ], [ 94.977223789614314, 27.544100991228582 ], [ 94.977243181735204, 27.545183690634733 ], [ 94.976642303043732, 27.545553231970107 ], [ 94.976253560546667, 27.546461241413095 ], [ 94.975845431664013, 27.546286550023726 ], [ 94.976073724222005, 27.547727270625529 ], [ 94.977924891749979, 27.549325391065569 ], [ 94.978535489798915, 27.549497192436228 ], [ 94.978750885309069, 27.550216107472785 ], [ 94.979367962062085, 27.550748803892503 ], [ 94.981598226077992, 27.550897505260696 ], [ 94.981807163704914, 27.551255515767313 ], [ 94.983831737441108, 27.551226619496546 ], [ 94.983828493746799, 27.55104617048552 ], [ 94.984230163145796, 27.550859938767882 ], [ 94.9838349811656, 27.551407068502527 ], [ 94.9832308511332, 27.551596189611168 ], [ 94.980602133415204, 27.551814187449327 ], [ 94.980814308759363, 27.5523526488013 ], [ 94.98224124950336, 27.552873781333663 ], [ 94.986084744790858, 27.552638389526962 ], [ 94.987488961433229, 27.551896326357685 ], [ 94.990111150797233, 27.551317302125991 ], [ 94.993317861560939, 27.549466380430964 ], [ 94.995342388307591, 27.549437318210323 ], [ 94.994317083067557, 27.548730061357137 ], [ 94.994307301701653, 27.54818871756947 ], [ 94.99390240091796, 27.54819452911331 ], [ 94.993477946030765, 27.547117651234071 ], [ 94.993073048969634, 27.547123460154552 ], [ 94.993056758122677, 27.546221219589938 ], [ 94.991420905009491, 27.545342201021711 ], [ 94.991411139249351, 27.544800856014117 ], [ 94.990794043074786, 27.544268213997302 ], [ 94.990363129046216, 27.54283042663166 ], [ 94.989746049274316, 27.542297778965725 ], [ 94.988933037726952, 27.542128923341075 ], [ 94.986516744102062, 27.542885469736536 ], [ 94.985318319155169, 27.543805074932898 ], [ 94.985128855087012, 27.544529763537373 ], [ 94.98452476452573, 27.544718888349486 ], [ 94.984710988719684, 27.543813751259318 ], [ 94.985706977459927, 27.542897044209511 ], [ 94.985494799976649, 27.542358589944769 ], [ 94.987506212279783, 27.541607853154542 ], [ 94.988923285494778, 27.541587577263073 ], [ 94.990350116396641, 27.54210863255221 ], [ 94.991391608546991, 27.543718165862806 ], [ 94.992211147587142, 27.544247902789092 ], [ 94.992632320193479, 27.545144337999655 ], [ 94.99344861710459, 27.545493618526727 ], [ 94.993458393140372, 27.546034962807891 ], [ 94.994072252048397, 27.546387143646488 ], [ 94.993680394515835, 27.547114746331939 ], [ 94.994721985712573, 27.548724248501536 ], [ 94.995737504623094, 27.548890158970334 ], [ 94.99634159507842, 27.54870098529457 ], [ 94.996733439494363, 27.547973375886883 ], [ 94.997536706646187, 27.547600840029638 ], [ 94.997530175495612, 27.547239944827297 ], [ 94.99872852703237, 27.546320238084586 ], [ 94.999113812079727, 27.545231728034313 ], [ 94.99951543221124, 27.545045454442199 ], [ 94.999508895303862, 27.544684559543938 ], [ 94.9999105127619, 27.544498284936644 ], [ 95.000099878356792, 27.543773581309637 ], [ 95.000893291778098, 27.542859685972019 ], [ 95.000876940000836, 27.541957449165796 ], [ 95.002055575173671, 27.539955033735009 ], [ 95.005307629312838, 27.540630118914525 ], [ 95.005719055586241, 27.540985169355096 ], [ 95.00714266583168, 27.54132560163162 ], [ 95.007165629575269, 27.542588728386221 ], [ 95.005973949379495, 27.543869396032239 ], [ 95.005980507186976, 27.544230289542881 ], [ 95.004387184251527, 27.545697236861066 ], [ 95.003603608511455, 27.547152492192055 ], [ 95.003228188234075, 27.548782353251696 ], [ 95.004442889757044, 27.548764833238415 ], [ 95.005647753210553, 27.548205962590121 ], [ 95.005621522628843, 27.546762388957106 ], [ 95.006029694633838, 27.546936990229248 ], [ 95.005801016488292, 27.545496339364487 ], [ 95.006594391935948, 27.544582413521226 ], [ 95.008821254589549, 27.544550235962788 ], [ 95.009826893181071, 27.544174705377316 ], [ 95.010022763221713, 27.543810884333617 ], [ 95.011834860239048, 27.543243177274594 ], [ 95.013049494409302, 27.543225585288891 ], [ 95.013865833302063, 27.543574743202097 ], [ 95.014878030292635, 27.543560068999255 ], [ 95.01508705707721, 27.543918024779931 ], [ 95.013470827626506, 27.544121948609742 ], [ 95.01305936557857, 27.543766923242028 ], [ 95.012047165557988, 27.543781584302764 ], [ 95.012256183913095, 27.544139544802597 ], [ 95.012661065273377, 27.544133680583158 ], [ 95.012873376545102, 27.544672085976305 ], [ 95.014303637593855, 27.545373332624642 ], [ 95.015724030883973, 27.545533226621085 ], [ 95.01633795136199, 27.545885305413606 ], [ 95.017144427327537, 27.545693105864597 ], [ 95.021810522096473, 27.546166763806085 ], [ 95.021803912015542, 27.545805873916706 ], [ 95.02078839542709, 27.545640154589218 ], [ 95.020781788834441, 27.545279264444339 ], [ 95.022185658159103, 27.544536867103208 ], [ 95.023606046575892, 27.544696680459584 ], [ 95.025049609886963, 27.546119591239073 ], [ 95.026888160343674, 27.546995245347759 ], [ 95.02832847973427, 27.54823767351257 ], [ 95.029181392304523, 27.550571621090597 ], [ 95.030206921643043, 27.551278607427268 ], [ 95.030601864303193, 27.550731358024393 ], [ 95.029792062061929, 27.550743192400432 ], [ 95.029778787273045, 27.550021416647891 ], [ 95.03058858422709, 27.550009582633745 ], [ 95.030797674025536, 27.550367511053881 ], [ 95.03180992267292, 27.550352710208205 ], [ 95.032221467302591, 27.550707675130752 ], [ 95.034249294313383, 27.550858488425806 ], [ 95.035865566813698, 27.550654319680323 ], [ 95.036466256491039, 27.550284531453791 ], [ 95.041932366578308, 27.550204296665282 ], [ 95.043575339339398, 27.551443578792338 ], [ 95.044000292447294, 27.552520275692888 ], [ 95.044408539469856, 27.552694759583307 ], [ 95.044418568383705, 27.553236086260203 ], [ 95.04503261636745, 27.553588030548394 ], [ 95.045039304572981, 27.553948914817418 ], [ 95.045653358474539, 27.554300856003188 ], [ 95.046071652343571, 27.55501666046894 ], [ 95.046510032987626, 27.556815114734878 ], [ 95.045916037972432, 27.557545830079899 ], [ 95.045544571515791, 27.55935621339961 ], [ 95.044559002576463, 27.560814654953472 ], [ 95.044572380123924, 27.561536422934733 ], [ 95.043981691999008, 27.562447573631474 ], [ 95.043168468276392, 27.562279048495178 ], [ 95.042773552960355, 27.562826331660748 ], [ 95.041362932980093, 27.563208055847152 ], [ 95.04136961191945, 27.563568940444711 ], [ 95.040765532240286, 27.563758309899317 ], [ 95.040775547999502, 27.56429963694719 ], [ 95.037539291722808, 27.564527647473213 ], [ 95.037127676437208, 27.564172702689195 ], [ 95.036317778862326, 27.564184580404746 ], [ 95.03632444157833, 27.564545466087573 ], [ 95.035720346500042, 27.564734814317049 ], [ 95.035335374513409, 27.565823407350777 ], [ 95.037785107408681, 27.566870431051964 ], [ 95.038014263087106, 27.568311000211061 ], [ 95.038834198261767, 27.568840438323125 ], [ 95.040045755725444, 27.568642152903415 ], [ 95.041476491852805, 27.56934309125209 ], [ 95.04350132300641, 27.569313307825592 ], [ 95.044098737500931, 27.568763041518007 ], [ 95.045107800143327, 27.568567692927775 ], [ 95.047557676876451, 27.569614535407261 ], [ 95.048397776114712, 27.571226561928306 ], [ 95.04908571634455, 27.575548187297784 ], [ 95.050114962227795, 27.576435445650194 ], [ 95.050516596274818, 27.576249023801005 ], [ 95.05113415245745, 27.576781372841413 ], [ 95.05194413501232, 27.576769403739068 ], [ 95.052744037209763, 27.576216107901924 ], [ 95.053351520444949, 27.576207124645208 ], [ 95.053344798710981, 27.575846243413164 ], [ 95.052733957633521, 27.575674785840359 ], [ 95.052727238072293, 27.575313904440648 ], [ 95.053743063122269, 27.575479372031509 ], [ 95.05373634031497, 27.575118490850468 ], [ 95.054337092458297, 27.574748622517973 ], [ 95.055957023949986, 27.574724643859241 ], [ 95.056982946779073, 27.575431408529848 ], [ 95.057198907730111, 27.576150169048034 ], [ 95.057813125317367, 27.576502046530642 ], [ 95.057613998888513, 27.576685487895794 ], [ 95.056996413944177, 27.576153169365302 ], [ 95.056388932398505, 27.576162168547597 ], [ 95.056382200738511, 27.575801288002506 ], [ 95.055153785768567, 27.575097516428627 ], [ 95.054158135448034, 27.576014702318776 ], [ 95.054164859891515, 27.576375583357596 ], [ 95.052750757083544, 27.576576989250967 ], [ 95.050948442238237, 27.577686568667179 ], [ 95.050340949937095, 27.577695541855178 ], [ 95.049517540569667, 27.576985737917102 ], [ 95.048920112955557, 27.577536027895128 ], [ 95.048093361054427, 27.576645773755413 ], [ 95.047847291484416, 27.574303024587497 ], [ 95.046818083805377, 27.573415747086219 ], [ 95.045393957622579, 27.573075752097843 ], [ 95.044975591469083, 27.572359950812189 ], [ 95.044573960677226, 27.572546356460286 ], [ 95.044968898236718, 27.571999067484843 ], [ 95.044975591469083, 27.572359950812189 ], [ 95.045380568137659, 27.572353985686227 ], [ 95.045370526350951, 27.571812660824349 ], [ 95.043929700876191, 27.570570440488357 ], [ 95.043528074423904, 27.570756842896728 ], [ 95.043534762589374, 27.571117726613878 ], [ 95.042930646783446, 27.571307107339962 ], [ 95.04291727442201, 27.570585339632448 ], [ 95.040693272891545, 27.570798533986832 ], [ 95.039876652345114, 27.570449550555477 ], [ 95.039664153851774, 27.569911198113346 ], [ 95.037426820225548, 27.569402569652464 ], [ 95.036211916317015, 27.569420390174734 ], [ 95.035793623412985, 27.568704556878398 ], [ 95.034973702677917, 27.568175099948967 ], [ 95.034967043352509, 27.567814214150967 ], [ 95.033732189747568, 27.566749353888714 ], [ 95.032918945423802, 27.566580769664295 ], [ 95.032321482926193, 27.567130990384559 ], [ 95.032354736555845, 27.568935422320408 ], [ 95.031780532195128, 27.570748743700257 ], [ 95.031186366448992, 27.571479403970063 ], [ 95.031196338485998, 27.572020733647211 ], [ 95.031604642125771, 27.572195251931419 ], [ 95.031418774847353, 27.573100430433477 ], [ 95.030592192979867, 27.572210062048264 ], [ 95.030548995328772, 27.569864298968312 ], [ 95.030144024054863, 27.569870220362624 ], [ 95.030339865040048, 27.569506373064083 ], [ 95.028905869905003, 27.568624872651444 ], [ 95.028504221954336, 27.568811232617328 ], [ 95.028510860420468, 27.569172119813654 ], [ 95.028919149483414, 27.569346646863259 ], [ 95.027100101479675, 27.569553705753549 ], [ 95.026084358405456, 27.569388037882629 ], [ 95.025264475118306, 27.568858521402497 ], [ 95.019389109567825, 27.568763595317471 ], [ 95.016740302603338, 27.567899625785724 ], [ 95.015120431768651, 27.567923141725203 ], [ 95.013918708409406, 27.568662547276681 ], [ 95.014127785251318, 27.569020500910362 ], [ 95.013314546167138, 27.568851801150945 ], [ 95.01149875459835, 27.569239102142319 ], [ 95.011083908628336, 27.568703631254245 ], [ 95.010884713078724, 27.568887009181459 ], [ 95.01027396473124, 27.568715358918851 ], [ 95.009855838005635, 27.567999438208354 ], [ 95.010051744989255, 27.567635616041443 ], [ 95.010460002624541, 27.567810199301253 ], [ 95.010267386050231, 27.568354467631714 ], [ 95.010678936741002, 27.568709495676252 ], [ 95.011077327301095, 27.568342740146349 ], [ 95.011694657931571, 27.568875277888964 ], [ 95.012707088308588, 27.568860607139111 ], [ 95.014111307048509, 27.568118274835228 ], [ 95.014104715982015, 27.567757384369816 ], [ 95.014509683519989, 27.567751510147293 ], [ 95.014901463878147, 27.567023854113099 ], [ 95.014084943518355, 27.566674712852297 ], [ 95.013670095993263, 27.566139249664577 ], [ 95.01326513416349, 27.566145121124539 ], [ 95.012442040058119, 27.565435078615387 ], [ 95.012435455202876, 27.565074187639478 ], [ 95.011210709048868, 27.564550450155675 ], [ 95.010998360925512, 27.564012045275572 ], [ 95.009574443873248, 27.563671669831553 ], [ 95.008130824376678, 27.562248603121191 ], [ 95.00731435917217, 27.561899418774814 ], [ 95.006099515245836, 27.561916971559913 ], [ 95.004287083290023, 27.562484620254867 ], [ 95.003673101738585, 27.562132491838238 ], [ 95.003460795103763, 27.561594073043146 ], [ 95.002252502230732, 27.561972485370948 ], [ 95.002242676430811, 27.561431145241475 ], [ 95.000825360016023, 27.561451570405367 ], [ 95.001034380415774, 27.561809547101458 ], [ 95.002050027556592, 27.561975404202737 ], [ 95.001243402229562, 27.562167523393395 ], [ 94.99921210858345, 27.561835789857152 ], [ 94.998607953436547, 27.562024979242437 ], [ 94.998013601394959, 27.562755507576256 ], [ 94.998007064476084, 27.562394613265994 ], [ 94.998604684091532, 27.561844532136444 ], [ 94.998189928409587, 27.561309017366888 ], [ 94.996968551065962, 27.560965595414988 ], [ 94.99514628863966, 27.560991784110147 ], [ 94.994956868031238, 27.561716482587887 ], [ 94.994352704987179, 27.561905653807749 ], [ 94.993957539207159, 27.562452810977071 ], [ 94.993350109369203, 27.562461530463644 ], [ 94.993356631076452, 27.562822425796817 ], [ 94.992954936614424, 27.563008685106208 ], [ 94.993572153482205, 27.563541310068619 ], [ 94.992758978793418, 27.563372485925356 ], [ 94.992592358384442, 27.565360315840401 ], [ 94.994231790317343, 27.566419749492042 ], [ 94.994238316005692, 27.566780644425513 ], [ 94.995058046388749, 27.567310353099259 ], [ 94.994659602953078, 27.567677065327377 ], [ 94.995064575026845, 27.567671247804462 ], [ 94.995273590439339, 27.568029233241287 ], [ 94.995871253152615, 27.567479161959284 ], [ 94.996057409206941, 27.566574015328232 ], [ 94.997073095667247, 27.566739906810131 ], [ 94.996269691653751, 27.567112446494214 ], [ 94.996276224200329, 27.567473340942648 ], [ 94.995476077061838, 27.568026323698234 ], [ 94.995084161670064, 27.568753931798977 ], [ 94.995110278895154, 27.570197510175767 ], [ 94.994711825845798, 27.570564222953767 ], [ 94.994924110840984, 27.571102655828529 ], [ 94.994319897356206, 27.571291829391054 ], [ 94.993536025589577, 27.572747039551302 ], [ 94.993758098936183, 27.573826816164591 ], [ 94.992337355187658, 27.573666715683306 ], [ 94.99254637468259, 27.574024704804501 ], [ 94.990939423969095, 27.574769733878536 ], [ 94.990743440976829, 27.575133532729332 ], [ 94.989538208125452, 27.575692291558994 ], [ 94.988724947149606, 27.575523448464541 ], [ 94.988339471655109, 27.576611936243076 ], [ 94.987127704230105, 27.576809779620767 ], [ 94.987134209552451, 27.577170675576347 ], [ 94.987748230116509, 27.577522874810711 ], [ 94.986938209895044, 27.57753446982214 ], [ 94.986526696145091, 27.57717936948972 ], [ 94.984909908127563, 27.5773829884935 ], [ 94.983113330905908, 27.578852620385494 ], [ 94.982300053631292, 27.578683740416665 ], [ 94.981705506335899, 27.579414207699479 ], [ 94.981297244412218, 27.579239539981916 ], [ 94.980898712058888, 27.57960621679149 ], [ 94.980911683597142, 27.580328011121576 ], [ 94.979693376189374, 27.580164894971396 ], [ 94.979301315763564, 27.580892465061929 ], [ 94.980117847889829, 27.581241810580376 ], [ 94.98033332928928, 27.581960716271457 ], [ 94.979735510810485, 27.582510727774 ], [ 94.979751717790748, 27.583412970932724 ], [ 94.978539855976578, 27.583610743867975 ], [ 94.979960718236228, 27.583770979719702 ], [ 94.979970443960326, 27.584312325457979 ], [ 94.978758572876856, 27.584510100778093 ] ], [ [ 94.929362385995219, 27.574736566888035 ], [ 94.930159777218122, 27.574003491891421 ], [ 94.93015345919369, 27.573642583447281 ], [ 94.929352912621297, 27.574195204016505 ], [ 94.929362385995219, 27.574736566888035 ] ], [ [ 95.04740209901027, 27.572143700976348 ], [ 95.047807074269528, 27.572137728819005 ], [ 95.047773563353161, 27.570333315121442 ], [ 95.047156060651218, 27.569800947817317 ], [ 95.046751093805455, 27.569806917612382 ], [ 95.046565355013442, 27.570712109740054 ], [ 95.046136946973235, 27.569454986898023 ], [ 95.04512118568968, 27.56928945985592 ], [ 95.045131225176306, 27.569830784998857 ], [ 95.044726257707637, 27.569836748897028 ], [ 95.045144611594381, 27.570552551785223 ], [ 95.04740209901027, 27.572143700976348 ] ], [ [ 94.922053241246815, 27.573754947594775 ], [ 94.922863265151889, 27.573743732417881 ], [ 94.922856971071852, 27.573382822407829 ], [ 94.922448814167339, 27.573207975445104 ], [ 94.9240783001311, 27.573726900803386 ], [ 94.924685817225239, 27.573718481014019 ], [ 94.925081376478005, 27.573171502031226 ], [ 94.925492688250358, 27.573526795774882 ], [ 94.926302708839444, 27.573515560625818 ], [ 94.926704565644997, 27.573329486681505 ], [ 94.926492602161019, 27.572790932585214 ], [ 94.92730577108648, 27.572960146431015 ], [ 94.92729946268031, 27.572599237324752 ], [ 94.928103164658751, 27.572227083032061 ], [ 94.928495545449209, 27.571499640881843 ], [ 94.928900547642073, 27.571494015521122 ], [ 94.929697920036844, 27.570760943898648 ], [ 94.929691604393867, 27.570400035187628 ], [ 94.930700939416198, 27.570205507115414 ], [ 94.930694620640821, 27.569844598589349 ], [ 94.931504611704611, 27.569833334485558 ], [ 94.931498290399958, 27.569472426111563 ], [ 94.932713272143104, 27.569455521366741 ], [ 94.932703784451348, 27.568914159155614 ], [ 94.933520095466676, 27.569263791659424 ], [ 94.933713099306146, 27.568719610108619 ], [ 94.934121254865019, 27.56889442398727 ], [ 94.936332863450431, 27.567961113872219 ], [ 94.935304561622615, 27.567072958398864 ], [ 94.93504824835874, 27.564008063638784 ], [ 94.934643275116912, 27.564013705517549 ], [ 94.93482043978463, 27.562567252752604 ], [ 94.93400417609773, 27.56221762524568 ], [ 94.933997848663864, 27.56185671700965 ], [ 94.933390400222038, 27.561865174187169 ], [ 94.933181592678892, 27.561507084228214 ], [ 94.932368502571066, 27.561337900677966 ], [ 94.931134656677713, 27.560272071112962 ], [ 94.929704668844778, 27.559569951630948 ], [ 94.928489793787705, 27.559586824508774 ], [ 94.928483485093821, 27.559225914959988 ], [ 94.926455546601929, 27.559073557413424 ], [ 94.926246766778846, 27.558715455464249 ], [ 94.925433705555548, 27.558546229634494 ], [ 94.924221985978448, 27.558743519844047 ], [ 94.924433907170197, 27.559282080381404 ], [ 94.922823508025814, 27.559845879651611 ], [ 94.922829798376725, 27.560206790371886 ], [ 94.922424836164225, 27.56021239592625 ], [ 94.922431125309373, 27.560573306712151 ], [ 94.921829967064838, 27.56094262385551 ], [ 94.921836254459734, 27.56130353472976 ], [ 94.922244365219115, 27.561478386073979 ], [ 94.923664895607644, 27.561639217720092 ], [ 94.921643201557103, 27.561847702646791 ], [ 94.92143443106599, 27.561489593065467 ], [ 94.921042033780026, 27.562217016803071 ], [ 94.920637063765156, 27.562222617521847 ], [ 94.919839685880632, 27.562955637865524 ], [ 94.919845967303971, 27.56331654905744 ], [ 94.918649877013237, 27.564416072057099 ], [ 94.918244898358836, 27.564421666213022 ], [ 94.918659293939356, 27.56495743910196 ], [ 94.919880517221856, 27.565301560254106 ], [ 94.918260590073885, 27.565323944809816 ], [ 94.918051822936917, 27.564965830085956 ], [ 94.917244997909819, 27.565157469757697 ], [ 94.9172544082397, 27.565698837191164 ], [ 94.918491330973637, 27.566945248738012 ], [ 94.920323201508793, 27.567461426720293 ], [ 94.920310633443691, 27.566739604949341 ], [ 94.921120606668254, 27.566728402550787 ], [ 94.921531881048992, 27.567083710220842 ], [ 94.922139362469736, 27.567075303427824 ], [ 94.922553787034929, 27.567611063023723 ], [ 94.923775050204654, 27.567955147668343 ], [ 94.923575702477507, 27.568138407766313 ], [ 94.922148797582452, 27.567616669155381 ], [ 94.919721999536478, 27.567830736663389 ], [ 94.920759619652188, 27.569260379587504 ], [ 94.920781621570342, 27.570523566842361 ], [ 94.920395476960678, 27.571611900344536 ], [ 94.920809911856367, 27.572147664379983 ], [ 94.92141742142087, 27.57213925932734 ], [ 94.921221206637526, 27.572502971729563 ], [ 94.921835008490064, 27.57285547505321 ], [ 94.921641939009831, 27.573399643146278 ], [ 94.922053241246815, 27.573754947594775 ] ], [ [ 94.930150300225563, 27.573462129217678 ], [ 94.930558468858337, 27.573636952851245 ], [ 94.930555309228367, 27.573456498664662 ], [ 94.930150300225563, 27.573462129217678 ] ], [ [ 94.992709737529097, 27.571856429042374 ], [ 94.993294385581677, 27.570584577484738 ], [ 94.994088036102255, 27.569670711140656 ], [ 94.994493015635612, 27.569664894897947 ], [ 94.994685713427742, 27.569120644302039 ], [ 94.993653696366025, 27.568052498970928 ], [ 94.992634740762853, 27.56770613525088 ], [ 94.992017503487261, 27.567173507413294 ], [ 94.992010984954277, 27.566812612011393 ], [ 94.991606015277881, 27.566818420466799 ], [ 94.991040911667568, 27.569172952132732 ], [ 94.991667933668495, 27.570246926813574 ], [ 94.992281927339704, 27.570599107588794 ], [ 94.992089215355776, 27.571143355502397 ], [ 94.992709737529097, 27.571856429042374 ] ], [ [ 95.029924930243041, 27.568970963481298 ], [ 95.030748157908718, 27.569680894502255 ], [ 95.030924057519314, 27.568234386476519 ], [ 95.029516641220027, 27.56879643939266 ], [ 95.029519962091484, 27.568976882880296 ], [ 95.029924930243041, 27.568970963481298 ] ], [ [ 95.018771744726465, 27.568231093747574 ], [ 95.019986648688828, 27.568213426449383 ], [ 95.020385004795187, 27.567846645929585 ], [ 95.018562654943722, 27.567873147798597 ], [ 95.018771744726465, 27.568231093747574 ] ], [ [ 94.933716263465428, 27.568900064081326 ], [ 94.933921923699515, 27.569077698127881 ], [ 94.933918759179946, 27.568897244181748 ], [ 94.933716263465428, 27.568900064081326 ] ], [ [ 95.020381699023744, 27.56766620139117 ], [ 95.020789971090608, 27.567840753382153 ], [ 95.020786664657663, 27.567660308888772 ], [ 95.020381699023744, 27.56766620139117 ] ], [ [ 95.020783358255471, 27.567479864390332 ], [ 95.021191630168531, 27.567654415207034 ], [ 95.021188323104852, 27.567473970753635 ], [ 95.020783358255471, 27.567479864390332 ] ], [ [ 95.021185016071925, 27.56729352629517 ], [ 95.021593287831152, 27.567468075937612 ], [ 95.021589980136724, 27.567287631524195 ], [ 95.021185016071925, 27.56729352629517 ] ], [ [ 95.031717365919519, 27.567320322260169 ], [ 95.032321482926193, 27.567130990384559 ], [ 95.032318157733386, 27.566950547163152 ], [ 95.031909873099892, 27.566776029868482 ], [ 95.031717365919519, 27.567320322260169 ] ], [ [ 94.962457514377888, 27.567774882538089 ], [ 94.963273899688232, 27.56812433565149 ], [ 94.963662816091343, 27.567216355641609 ], [ 94.963653177443689, 27.566675003244384 ], [ 94.963251413513774, 27.56686117985738 ], [ 94.963244989161481, 27.566500278156607 ], [ 94.964447058896582, 27.565761294517493 ], [ 94.963431414894544, 27.565595161212709 ], [ 94.964839172898934, 27.565033762590847 ], [ 94.965424119301844, 27.56376201230777 ], [ 94.964816671759138, 27.563770607423216 ], [ 94.964620617271152, 27.564134373417481 ], [ 94.962997538898563, 27.563976827799504 ], [ 94.962177975935859, 27.563446920171412 ], [ 94.962171556026391, 27.563086018060641 ], [ 94.961358420701572, 27.562917007256171 ], [ 94.962370827395532, 27.562902706196059 ], [ 94.963399293112872, 27.563790652373857 ], [ 94.964000315301419, 27.563421161752764 ], [ 94.965012725013906, 27.563406841201569 ], [ 94.965992972790858, 27.561588006683035 ], [ 94.965748693592914, 27.559245013024459 ], [ 94.964745963431255, 27.559800689576111 ], [ 94.963132582345736, 27.560184495133505 ], [ 94.961506355065964, 27.55984647767885 ], [ 94.961512771916276, 27.560207380101989 ], [ 94.961920933834122, 27.560382111788837 ], [ 94.959696893916927, 27.560594005937197 ], [ 94.959298348965291, 27.560960621876291 ], [ 94.960124292693948, 27.561851451004991 ], [ 94.9601403251108, 27.562753707512989 ], [ 94.959542498022827, 27.5633036332801 ], [ 94.959751392383055, 27.563661678892483 ], [ 94.958941460244105, 27.563673105349238 ], [ 94.957736169490289, 27.564231590744406 ], [ 94.956939038447345, 27.564964812021444 ], [ 94.956363588995458, 27.566777886562139 ], [ 94.955961811009161, 27.566964042731243 ], [ 94.955968211663915, 27.567324945984115 ], [ 94.955563231291009, 27.567330649470534 ], [ 94.95577212160461, 27.567688701151102 ], [ 94.956582084758622, 27.567677291644905 ], [ 94.956575681999951, 27.567316388542949 ], [ 94.957183152067898, 27.567307828447962 ], [ 94.957578523087705, 27.566760765880069 ], [ 94.960214083835666, 27.566904085829158 ], [ 94.961033664909863, 27.567434003958589 ], [ 94.962653581891246, 27.567411119069504 ], [ 94.962457514377888, 27.567774882538089 ] ], [ [ 94.970968526078011, 27.568015337768713 ], [ 94.97198097369693, 27.568000964243286 ], [ 94.972569076655603, 27.566909637690792 ], [ 94.971556639410608, 27.566924014980003 ], [ 94.971768805441343, 27.56746248984766 ], [ 94.971161339847114, 27.567471113765201 ], [ 94.970968526078011, 27.568015337768713 ] ], [ [ 94.994052144614699, 27.567685789400375 ], [ 94.994244841815487, 27.567141539338799 ], [ 94.993637386271899, 27.567150261442716 ], [ 94.993630862446693, 27.566789366396115 ], [ 94.993222632050049, 27.566614731993692 ], [ 94.993232415757774, 27.567156074704435 ], [ 94.994052144614699, 27.567685789400375 ] ], [ [ 94.96894040692743, 27.567863612505111 ], [ 94.970152120177602, 27.567665931141388 ], [ 94.970518409221668, 27.565494784326418 ], [ 94.971318673546619, 27.564941939650858 ], [ 94.971312223332177, 27.564581039603116 ], [ 94.971717189780492, 27.564575290732904 ], [ 94.972106024483125, 27.563667290915312 ], [ 94.972710241562154, 27.563478214056733 ], [ 94.972501306784523, 27.563120190116837 ], [ 94.972909495078881, 27.563294887951308 ], [ 94.972899812675266, 27.562753538263543 ], [ 94.973301543959536, 27.562567335253817 ], [ 94.973491109961159, 27.561842658849237 ], [ 94.974487350186067, 27.560926021070234 ], [ 94.974265497928656, 27.559846200450142 ], [ 94.973455600865961, 27.559857710054747 ], [ 94.972636023622599, 27.559327864902258 ], [ 94.971424406911666, 27.559525563146693 ], [ 94.971215484517813, 27.559167536469374 ], [ 94.970608064382844, 27.559176155586904 ], [ 94.969814280137243, 27.560089895222514 ], [ 94.969823946309546, 27.560631246125414 ], [ 94.969621470106006, 27.560634117571606 ], [ 94.969624691892719, 27.560814567884456 ], [ 94.969219738734338, 27.560820309936396 ], [ 94.968217013909651, 27.561376011276611 ], [ 94.96783459148962, 27.562644902658366 ], [ 94.967436068165313, 27.563011540835163 ], [ 94.967455379845816, 27.564094243691628 ], [ 94.96705685026636, 27.564460881047051 ], [ 94.96707294114897, 27.565363133457812 ], [ 94.967683615892724, 27.565534978422672 ], [ 94.96769005449984, 27.565895879210121 ], [ 94.96707294114897, 27.565363133457812 ], [ 94.966667970675829, 27.565368868941224 ], [ 94.966298388105628, 27.567359559070091 ], [ 94.967108343725755, 27.567348088318351 ], [ 94.967098688118199, 27.566806737053184 ], [ 94.967696493226782, 27.566256779977419 ], [ 94.967715810126421, 27.56733948215847 ], [ 94.96894040692743, 27.567863612505111 ] ], [ [ 94.952532264226875, 27.567734291995652 ], [ 94.954345091762079, 27.567167301054653 ], [ 94.954942965933867, 27.566617395526936 ], [ 94.955132659479816, 27.565892737947866 ], [ 94.955733722717397, 27.565523281191151 ], [ 94.955524837087694, 27.565165229128322 ], [ 94.95613229569426, 27.565156674240992 ], [ 94.955923409581672, 27.564798622791301 ], [ 94.956331581190398, 27.564973370381484 ], [ 94.956723747790591, 27.564245858664226 ], [ 94.957128716559836, 27.564240152380798 ], [ 94.957524077853108, 27.563693090297846 ], [ 94.958327603425374, 27.563320769165408 ], [ 94.958321196143174, 27.562959866214534 ], [ 94.959330399825021, 27.562765135891581 ], [ 94.959523264628018, 27.562220925152904 ], [ 94.958697322558137, 27.561330092384118 ], [ 94.958684506778937, 27.560608286415412 ], [ 94.959083052690147, 27.560241672181242 ], [ 94.960294706384204, 27.560044080107502 ], [ 94.96129746321968, 27.559488434442724 ], [ 94.962917263306707, 27.559465552532092 ], [ 94.963113316281166, 27.559101788853241 ], [ 94.963723950675416, 27.559273653513689 ], [ 94.965919013414336, 27.557437639599446 ], [ 94.966526425697438, 27.557429041477747 ], [ 94.967525907439665, 27.556692902838432 ], [ 94.970360473920039, 27.556652723793217 ], [ 94.970974327171675, 27.557005007017093 ], [ 94.972391612206991, 27.556984889335045 ], [ 94.972362581215521, 27.555360838153529 ], [ 94.971951199055823, 27.555005686734944 ], [ 94.971938300058, 27.554283885862809 ], [ 94.971327683379414, 27.554112056441426 ], [ 94.971318012511148, 27.553570705521626 ], [ 94.970283144122291, 27.552321914222723 ], [ 94.969078037568252, 27.552880489476664 ], [ 94.968467432431353, 27.552708646803872 ], [ 94.968271407594045, 27.553072416843346 ], [ 94.967664019921287, 27.553081021344227 ], [ 94.965626535709205, 27.552387880045458 ], [ 94.964803838228136, 27.551677532205236 ], [ 94.963187364297028, 27.551880881412988 ], [ 94.961962973993138, 27.551356688500974 ], [ 94.961956558084836, 27.550995785715799 ], [ 94.961339558866925, 27.55046300761164 ], [ 94.96111144913398, 27.549022253564026 ], [ 94.961294665986387, 27.547936686422602 ], [ 94.961490706463749, 27.547572925255626 ], [ 94.961895612911363, 27.547567208252829 ], [ 94.962082028025549, 27.5466620918898 ], [ 94.96125939711176, 27.545951719082254 ], [ 94.961275427970833, 27.546853977039696 ], [ 94.960462414975723, 27.54668495431299 ], [ 94.960446390874566, 27.545782695893458 ], [ 94.96002867451746, 27.545066601333854 ], [ 94.960224714806614, 27.544702841860907 ], [ 94.95941171908558, 27.544533812024294 ], [ 94.95877555931196, 27.542918308006026 ], [ 94.959958194491122, 27.54109666139021 ], [ 94.960144618217072, 27.540191546576192 ], [ 94.960941558513824, 27.53945831485753 ], [ 94.960723098613045, 27.538558912137464 ], [ 94.959916553985465, 27.538750786642805 ], [ 94.959087595584037, 27.537679492351966 ], [ 94.958274653615618, 27.537510452914084 ], [ 94.957452117816317, 27.536800051846779 ], [ 94.957056843805759, 27.53734711072735 ], [ 94.956427159775174, 27.536092495177385 ], [ 94.955614232710303, 27.535923439312331 ], [ 94.95499735131088, 27.535390625967224 ], [ 94.954576519352017, 27.53449405750596 ], [ 94.952722742061766, 27.532715139180834 ], [ 94.950072071616773, 27.531669367641779 ], [ 94.948841599012496, 27.530784136125494 ], [ 94.947627054373669, 27.530801159987199 ], [ 94.94762069089262, 27.530440253040144 ], [ 94.946399789749293, 27.530096358815019 ], [ 94.946203725422365, 27.530460100512375 ], [ 94.94701978165439, 27.530809667943384 ], [ 94.946010839006945, 27.531004295621425 ], [ 94.946017197382659, 27.531365202885336 ], [ 94.945011425091167, 27.531740277348995 ], [ 94.945017780401585, 27.532101184789454 ], [ 94.94743417461666, 27.531345356714997 ], [ 94.947839024988468, 27.531339683730767 ], [ 94.947845389426078, 27.531700590584176 ], [ 94.947440537733499, 27.531706263655192 ], [ 94.947045228838576, 27.532253296051255 ], [ 94.945232919574863, 27.532820166624955 ], [ 94.945043202826341, 27.533544814350311 ], [ 94.943249911570291, 27.535194383371898 ], [ 94.943063353578481, 27.536099482863023 ], [ 94.942256789258664, 27.536291255544612 ], [ 94.942263136800179, 27.536652163340161 ], [ 94.94166534854395, 27.53720201137531 ], [ 94.941681213403243, 27.538104281025465 ], [ 94.942288528147856, 27.53809579432145 ], [ 94.942503664041098, 27.538814780114606 ], [ 94.940896834737117, 27.539559224378721 ], [ 94.940099753081157, 27.540292348001309 ], [ 94.94010609465478, 27.540653256051613 ], [ 94.939701208289009, 27.540658908274597 ], [ 94.938904110776022, 27.54139202574493 ], [ 94.936066718448927, 27.541251088595974 ], [ 94.93546254743525, 27.541440003508839 ], [ 94.93567131996457, 27.541798092583928 ], [ 94.93485837420377, 27.541628915895036 ], [ 94.934054913846438, 27.542001098235495 ], [ 94.934466130090783, 27.542356371374215 ], [ 94.933855628277541, 27.542184370460024 ], [ 94.933457055157405, 27.542550914139579 ], [ 94.932286588098549, 27.545094177109551 ], [ 94.932308699282473, 27.546357360172831 ], [ 94.932710448823585, 27.546171273746534 ], [ 94.932931862326313, 27.547251185232255 ], [ 94.93193221496729, 27.547987083291307 ], [ 94.931324842101489, 27.5479955275366 ], [ 94.930328332786999, 27.548911869701808 ], [ 94.929923413797496, 27.548917494994036 ], [ 94.929730419266235, 27.54946167192103 ], [ 94.930141651771478, 27.549816956793226 ], [ 94.930749035081291, 27.549808517206291 ], [ 94.931369049359589, 27.550521893799036 ], [ 94.93259014234873, 27.550865909975911 ], [ 94.931985912814923, 27.551054812527159 ], [ 94.931995389787559, 27.551596176359308 ], [ 94.932425596614777, 27.5530341808484 ], [ 94.932232608760671, 27.553578360685435 ], [ 94.932849494188019, 27.554111274264791 ], [ 94.932874781280717, 27.555554909678055 ], [ 94.933494843398464, 27.556268273858915 ], [ 94.934915315164133, 27.556428993099068 ], [ 94.935532229619554, 27.556961893067989 ], [ 94.935332921220976, 27.557145168303464 ], [ 94.934516697352322, 27.556795541574989 ], [ 94.934323714621485, 27.55733972384904 ], [ 94.933918765675031, 27.557345362363858 ], [ 94.934535681013756, 27.557878266678788 ], [ 94.934545173241943, 27.55841962916287 ], [ 94.935760031101566, 27.558402703999366 ], [ 94.936171317075789, 27.558757967872577 ], [ 94.936180817681787, 27.559299329763736 ], [ 94.938604207648225, 27.558904531827277 ], [ 94.939221153492682, 27.559437413595745 ], [ 94.940442367019443, 27.559781353960865 ], [ 94.941264980847237, 27.560491850376128 ], [ 94.941072026739945, 27.561036040377068 ], [ 94.944099689454077, 27.560452202000594 ], [ 94.946735098012056, 27.56059578670931 ], [ 94.946741466761097, 27.560956692281319 ], [ 94.947564128014278, 27.561667148708512 ], [ 94.948000956088038, 27.563465995666707 ], [ 94.948010516631768, 27.564007353385236 ], [ 94.947605546510857, 27.564013033046642 ], [ 94.947415805243651, 27.564737682916501 ], [ 94.948228938134122, 27.564906775767373 ], [ 94.948238500381805, 27.56544813330008 ], [ 94.949054828359763, 27.565797673388008 ], [ 94.948244875361894, 27.565809038296738 ], [ 94.94804876147542, 27.566172783806739 ], [ 94.947830338244017, 27.565273361349181 ], [ 94.9472228759833, 27.565281879970268 ], [ 94.947036316104757, 27.5661869820511 ], [ 94.947457225991869, 27.567083566425403 ], [ 94.947868581609129, 27.567438791608726 ], [ 94.948881037964625, 27.567424586707222 ], [ 94.948675358319448, 27.567246975870155 ], [ 94.948868283085801, 27.566702777135411 ], [ 94.949485321665321, 27.567235607907556 ], [ 94.95089956433533, 27.567035250447216 ], [ 94.951516614111171, 27.567568071560657 ], [ 94.952532264226875, 27.567734291995652 ] ], [ [ 95.026237112308948, 27.566678425180591 ], [ 95.026844553072621, 27.566669560673105 ], [ 95.028049479395236, 27.566110492547967 ], [ 95.02642633074376, 27.56595369503982 ], [ 95.026237112308948, 27.566678425180591 ] ], [ [ 94.971357377353868, 27.56710733951418 ], [ 94.971563091066812, 27.567284914852838 ], [ 94.971559865223711, 27.567104464918938 ], [ 94.971357377353868, 27.56710733951418 ] ], [ [ 94.919516363289347, 27.567653080258754 ], [ 94.919721999536478, 27.567830736663389 ], [ 94.919718858410391, 27.567650281174036 ], [ 94.919516363289347, 27.567653080258754 ] ], [ [ 95.021370961762926, 27.56638835680161 ], [ 95.02258584348121, 27.56637066785769 ], [ 95.022380054439083, 27.566193172398439 ], [ 95.022575916083298, 27.565829334849283 ], [ 95.023183353550337, 27.565820486600156 ], [ 95.024985786512431, 27.564711261403417 ], [ 95.025795693657628, 27.56469944953912 ], [ 95.025779123078294, 27.563797229410042 ], [ 95.026190702620951, 27.564152209911384 ], [ 95.026794813756339, 27.563962902434312 ], [ 95.02741218964465, 27.564495367825398 ], [ 95.027601397469795, 27.563770636486183 ], [ 95.027199764189945, 27.563956991966158 ], [ 95.027193131482846, 27.563596104205367 ], [ 95.027594763501682, 27.56340974880564 ], [ 95.02797980657266, 27.562321173222934 ], [ 95.028378114564276, 27.561954372043488 ], [ 95.029387151328777, 27.561759139429398 ], [ 95.030200355584526, 27.561927746665305 ], [ 95.03038954156014, 27.561203012498613 ], [ 95.030409469387166, 27.562285673944604 ], [ 95.033652339586581, 27.562418718741551 ], [ 95.034050627930156, 27.562051902287742 ], [ 95.033838176263473, 27.561513537904471 ], [ 95.034438930015824, 27.561143755428976 ], [ 95.034043973356091, 27.561691015964364 ], [ 95.034448913628552, 27.561685084815995 ], [ 95.034644727284288, 27.561321232592068 ], [ 95.034850525214011, 27.561498709410017 ], [ 95.034253098743164, 27.562048936815607 ], [ 95.036689409378084, 27.562374213872598 ], [ 95.03746263234369, 27.56037746403069 ], [ 95.037455967085947, 27.560016578387454 ], [ 95.036845235361312, 27.559845044421444 ], [ 95.037037706195662, 27.559300746440922 ], [ 95.03724683593309, 27.559658662617064 ], [ 95.037854233897534, 27.559649752053616 ], [ 95.038255831876043, 27.559463367455862 ], [ 95.038249164283599, 27.559102481943675 ], [ 95.038657428439066, 27.559276981765013 ], [ 95.039248146910467, 27.55836585187286 ], [ 95.040058000303503, 27.558353959379588 ], [ 95.040658714868258, 27.557984151887666 ], [ 95.04167436635376, 27.558149717849666 ], [ 95.041664348803877, 27.55760839062669 ], [ 95.040841150684372, 27.556898522121259 ], [ 95.040436229587385, 27.55690447095116 ], [ 95.039812167909858, 27.556011178721974 ], [ 95.039204790710343, 27.556020096763639 ], [ 95.039194786178129, 27.55547876854007 ], [ 95.038381619984222, 27.555310212022071 ], [ 95.038998997037197, 27.555842626095995 ], [ 95.038799872422175, 27.556026040651368 ], [ 95.038590745495611, 27.555668126539594 ], [ 95.03675862488717, 27.555153527315738 ], [ 95.03675196341085, 27.554792641242877 ], [ 95.037153546339098, 27.554606260567802 ], [ 95.03633039916258, 27.553896362243087 ], [ 95.035892197185817, 27.552097865507122 ], [ 95.03527152856438, 27.551384992110187 ], [ 95.034677482600699, 27.552115662351749 ], [ 95.035298151996301, 27.552828538319421 ], [ 95.03552390517585, 27.55408867444941 ], [ 95.036340388975617, 27.554437691556814 ], [ 95.035533891115676, 27.554630004020165 ], [ 95.035952122771704, 27.555345842433777 ], [ 95.033486042341991, 27.553396552826772 ], [ 95.032267988475198, 27.553233885826039 ], [ 95.02941038819894, 27.552012215509624 ], [ 95.028368274121021, 27.5504030030331 ], [ 95.027359337596124, 27.550598223043533 ], [ 95.02779076323408, 27.552035866671851 ], [ 95.027382541690272, 27.551861332349699 ], [ 95.027369282022832, 27.551139555633647 ], [ 95.026954436210445, 27.550604131347846 ], [ 95.025537280389273, 27.550624801132511 ], [ 95.025726483084028, 27.549900071609894 ], [ 95.024919995179388, 27.55009232174412 ], [ 95.025112512237726, 27.549548037327067 ], [ 95.025925620344765, 27.549716675077942 ], [ 95.026138007570907, 27.550255055731419 ], [ 95.027754292726627, 27.550050981060664 ], [ 95.027744346872495, 27.549509648515095 ], [ 95.027130372448255, 27.549157623366249 ], [ 95.026712222436373, 27.548441753429668 ], [ 95.025899122968582, 27.548273119815274 ], [ 95.025500852580095, 27.548639912344427 ], [ 95.024286168197804, 27.548657616323663 ], [ 95.023682134081938, 27.54884690899981 ], [ 95.02348961082096, 27.549391191798676 ], [ 95.023084712890679, 27.549397088591913 ], [ 95.018392079626651, 27.547479919164964 ], [ 95.016978253768272, 27.547680944940304 ], [ 95.016377506642968, 27.548050651734993 ], [ 95.013748980464882, 27.548269269231056 ], [ 95.013539948691061, 27.547911311855213 ], [ 95.013135053699344, 27.547917179373073 ], [ 95.01233184304634, 27.548289802764319 ], [ 95.009298399894874, 27.548514200857863 ], [ 95.008096836878536, 27.549253548742048 ], [ 95.00708786493162, 27.549448622834472 ], [ 95.006891976172156, 27.549812440511442 ], [ 95.005073187169103, 27.550019196281696 ], [ 95.004883846726031, 27.550743904911592 ], [ 95.005288754137879, 27.550738060880406 ], [ 95.005497765942081, 27.551096031684018 ], [ 95.003463394102369, 27.550583902878326 ], [ 95.002865857388528, 27.551134001231258 ], [ 95.002460947922998, 27.551139838280484 ], [ 95.002069132516425, 27.551867462131018 ], [ 95.000260108737891, 27.552615498468789 ], [ 95.000064191887049, 27.552979307853875 ], [ 95.000472379853477, 27.553153924560743 ], [ 94.999463355494271, 27.553348945757953 ], [ 94.999469894661132, 27.55370984021647 ], [ 94.996243590760201, 27.554478218735159 ], [ 94.996047657382647, 27.554842023238997 ], [ 94.994228756246159, 27.555048642289808 ], [ 94.994032815144337, 27.555412444327743 ], [ 94.992824550762847, 27.555790773034328 ], [ 94.992429397003335, 27.55633792554779 ], [ 94.991224372824746, 27.556896689131779 ], [ 94.990636506610031, 27.557988083666874 ], [ 94.990025845355646, 27.557816339184988 ], [ 94.989026514854757, 27.558552632336248 ], [ 94.989036274629427, 27.559093977059089 ], [ 94.991874123777677, 27.559233803910686 ], [ 94.99328163876973, 27.558672128247117 ], [ 94.994698926027311, 27.558651781917547 ], [ 94.995900684798698, 27.55791254071676 ], [ 94.996710556545068, 27.557900901040668 ], [ 94.996704025235445, 27.557540006190887 ], [ 94.999332826549832, 27.55732169811202 ], [ 95.001945243742881, 27.556201106432592 ], [ 95.004978923005808, 27.555976857166062 ], [ 95.008845432448524, 27.557003955664214 ], [ 95.009070898013604, 27.558264149842067 ], [ 95.010093095600297, 27.558790841161098 ], [ 95.01171283739906, 27.558767390973635 ], [ 95.011902142575948, 27.558042675474987 ], [ 95.012499666724821, 27.557492539151053 ], [ 95.012267582788155, 27.555871460927111 ], [ 95.012656050071357, 27.554963365790211 ], [ 95.013651887628811, 27.554046466673984 ], [ 95.014056804970281, 27.554040596452079 ], [ 95.014246088503725, 27.553315878551544 ], [ 95.015444353586389, 27.552396032209906 ], [ 95.016055016349142, 27.552567664503066 ], [ 95.016264065872406, 27.55292561695838 ], [ 95.015450944730276, 27.552756923174918 ], [ 95.01546083167608, 27.553298259584562 ], [ 95.015055917407935, 27.553304133752189 ], [ 95.014060098489182, 27.554221042048788 ], [ 95.014069979229845, 27.554762378808618 ], [ 95.013273308597022, 27.555495901067417 ], [ 95.0128914288305, 27.556764889021121 ], [ 95.013293063707877, 27.556578574867942 ], [ 95.01349882003916, 27.556756085772918 ], [ 95.012904596995057, 27.557486671613031 ], [ 95.012914473440134, 27.558028008503932 ], [ 95.01413256365943, 27.558190843898544 ], [ 95.012924350160887, 27.558569345349369 ], [ 95.01273175906212, 27.559113616267567 ], [ 95.013544924644421, 27.559282323548931 ], [ 95.013551511506876, 27.55964321457898 ], [ 95.013959743543694, 27.559817789017917 ], [ 95.015579496555929, 27.55979429295428 ], [ 95.016190201235432, 27.559965922277755 ], [ 95.016605035244766, 27.56050137896759 ], [ 95.017418215603584, 27.560670062663188 ], [ 95.017633887248763, 27.561388901645429 ], [ 95.018251206386694, 27.561921411114909 ], [ 95.018506511613793, 27.564805586515273 ], [ 95.019332941135332, 27.565696035993511 ], [ 95.021370961762926, 27.56638835680161 ] ], [ [ 95.022579225185154, 27.566009779190477 ], [ 95.023189973769178, 27.566181375142243 ], [ 95.023186663644353, 27.566000930873734 ], [ 95.022579225185154, 27.566009779190477 ] ], [ [ 94.918696964272513, 27.567122906829674 ], [ 94.918902598233046, 27.567300564578659 ], [ 94.918899458517927, 27.567120108988689 ], [ 94.918696964272513, 27.567122906829674 ] ], [ [ 94.963649964620927, 27.566494552435238 ], [ 94.963855665459363, 27.566672139919543 ], [ 94.963852452305815, 27.566491689132278 ], [ 94.963649964620927, 27.566494552435238 ] ], [ [ 95.030067625452858, 27.565720021009373 ], [ 95.031080015369795, 27.565705217914264 ], [ 95.031269200278828, 27.564980482880191 ], [ 95.032075781750038, 27.564788190975896 ], [ 95.032069132861039, 27.564427304351206 ], [ 95.032872382949165, 27.564054564843001 ], [ 95.032663257656552, 27.563696641971713 ], [ 95.033068205636809, 27.563690714451546 ], [ 95.033061553812217, 27.563329827992636 ], [ 95.031445089691019, 27.563533974049481 ], [ 95.030847634887763, 27.564084188157764 ], [ 95.030442684904457, 27.564090109283331 ], [ 95.030256817130535, 27.564995286996748 ], [ 95.030870892218417, 27.565347292277163 ], [ 95.030263460252499, 27.56535617399847 ], [ 95.030067625452858, 27.565720021009373 ] ], [ [ 95.01688998762674, 27.565009565627143 ], [ 95.017908982002311, 27.565355748670239 ], [ 95.017666892597632, 27.563193351495634 ], [ 95.018065239856696, 27.562826577943518 ], [ 95.01805203494898, 27.562104798203514 ], [ 95.017647089019803, 27.562110681646146 ], [ 95.017026472092567, 27.561397724328884 ], [ 95.016419056660084, 27.561406544359521 ], [ 95.015595980933185, 27.560696519293387 ], [ 95.013773743778017, 27.560722952048813 ], [ 95.012754804145018, 27.56037673544775 ], [ 95.011337510420375, 27.560397267121214 ], [ 95.010517761881502, 27.559867655520694 ], [ 95.00930294271221, 27.559885235125609 ], [ 95.009309515872033, 27.560246127066648 ], [ 95.010955594833746, 27.561666251005828 ], [ 95.013607504786961, 27.562710787518562 ], [ 95.015456151606045, 27.564127916808655 ], [ 95.016883388342734, 27.564648675618763 ], [ 95.01688998762674, 27.565009565627143 ] ], [ [ 95.027007237288586, 27.564501279018646 ], [ 95.027213029974448, 27.564678767427058 ], [ 95.027209713482051, 27.564498323569417 ], [ 95.027007237288586, 27.564501279018646 ] ], [ [ 95.02659565390104, 27.564146301166776 ], [ 95.026801445264127, 27.56432379026522 ], [ 95.026798129494807, 27.564143346352296 ], [ 95.02659565390104, 27.564146301166776 ] ], [ [ 95.028620408450152, 27.564116739756592 ], [ 95.029831938998967, 27.563918545181828 ], [ 95.030223603374893, 27.563190851684684 ], [ 95.02961286282202, 27.563019286311647 ], [ 95.028404659783561, 27.563397922244832 ], [ 95.028620408450152, 27.564116739756592 ] ], [ [ 95.038923260152828, 27.562702420012066 ], [ 95.039932279785546, 27.56250711139829 ], [ 95.039925605848055, 27.562146226421667 ], [ 95.040333883920582, 27.562320720486898 ], [ 95.040327208722601, 27.561959835591079 ], [ 95.041130410224554, 27.561587050650548 ], [ 95.041525329996972, 27.561039771867119 ], [ 95.042132733940491, 27.561030842190235 ], [ 95.04212605322607, 27.560669957632943 ], [ 95.041309505938983, 27.560320978337796 ], [ 95.03969310736619, 27.560525217319757 ], [ 95.039500648166083, 27.561069518298762 ], [ 95.039095711427322, 27.561075464048219 ], [ 95.038700779007073, 27.561622736576155 ], [ 95.038923260152828, 27.562702420012066 ] ], [ [ 94.934836265793692, 27.563469522773399 ], [ 94.935041917028542, 27.563647155718801 ], [ 94.935038751407617, 27.563466701751274 ], [ 94.934836265793692, 27.563469522773399 ] ], [ [ 94.945150266148559, 27.562603463136181 ], [ 94.945355931303993, 27.562781080049348 ], [ 94.945352748933459, 27.562600627164336 ], [ 94.945150266148559, 27.562603463136181 ] ], [ [ 95.004277247295576, 27.561943280840463 ], [ 95.006693807242485, 27.561186411609903 ], [ 95.006687242373758, 27.560825519137644 ], [ 95.006073263462284, 27.560473401174718 ], [ 95.006066700821719, 27.560112508527933 ], [ 95.005452727831241, 27.559760387469513 ], [ 95.0050346693059, 27.559044447893367 ], [ 95.003819855106769, 27.559061979079409 ], [ 95.002219750630886, 27.560168018096036 ], [ 94.999597432741368, 27.560747278123394 ], [ 95.003450963534789, 27.561052733285084 ], [ 95.004061660016788, 27.561224416574124 ], [ 95.004277247295576, 27.561943280840463 ] ], [ [ 94.916599898517006, 27.563000383659102 ], [ 94.918618489157836, 27.562611514914693 ], [ 94.919007764940204, 27.561703641461385 ], [ 94.920804986144148, 27.560234806351549 ], [ 94.92099489881943, 27.559510183848584 ], [ 94.921991580082377, 27.558593901130838 ], [ 94.921779672117736, 27.558055336138676 ], [ 94.916714596691165, 27.557944821485776 ], [ 94.915914086715389, 27.558497363348266 ], [ 94.915920354111819, 27.558858275603196 ], [ 94.917141501616058, 27.559202425008767 ], [ 94.917157180830003, 27.560104704867445 ], [ 94.916556005910763, 27.560473999965563 ], [ 94.916599898517006, 27.563000383659102 ] ], [ [ 94.914157527640427, 27.562312068634359 ], [ 94.915163691270521, 27.561937199564181 ], [ 94.915129231132369, 27.559952181912742 ], [ 94.914721136119667, 27.559777308753585 ], [ 94.914708608796971, 27.559055483811772 ], [ 94.914303648878203, 27.559061065482968 ], [ 94.914281731814953, 27.557797871342988 ], [ 94.914674161063687, 27.5570704648079 ], [ 94.915477800511212, 27.556698386426273 ], [ 94.9185212053643, 27.557017384583961 ], [ 94.919327969042911, 27.556825740428838 ], [ 94.919723500631306, 27.556278777193977 ], [ 94.920131589331717, 27.556453635987229 ], [ 94.920530256451485, 27.556087126415118 ], [ 94.921137677699804, 27.556078727077946 ], [ 94.920928920926158, 27.555720615815119 ], [ 94.920119028398105, 27.555731812991628 ], [ 94.918686026411365, 27.55484911709673 ], [ 94.919084693143446, 27.554482611646293 ], [ 94.919296580226415, 27.555021182034018 ], [ 94.919284025517641, 27.554299358535587 ], [ 94.92071074236911, 27.55482113701493 ], [ 94.920517693106603, 27.555365303550552 ], [ 94.922137471937205, 27.555342900108137 ], [ 94.923143542662615, 27.554967977471872 ], [ 94.924570284077333, 27.555489714870674 ], [ 94.92455454734602, 27.554587438344349 ], [ 94.924956340494177, 27.554401372356669 ], [ 94.924975228451245, 27.555484103945957 ], [ 94.926190060869786, 27.555467264097999 ], [ 94.926788023646367, 27.554917475002345 ], [ 94.926566649430953, 27.553837552550672 ], [ 94.925959242455789, 27.55384597498993 ], [ 94.925952943574302, 27.55348506460443 ], [ 94.926357880264689, 27.553479450025495 ], [ 94.92715514794844, 27.552746397014985 ], [ 94.927145694247443, 27.552205031725236 ], [ 94.927946100147309, 27.551652429839489 ], [ 94.927930338394361, 27.550750154610405 ], [ 94.927528563720841, 27.550936228359223 ], [ 94.927114183816798, 27.550400480433105 ], [ 94.926310632473147, 27.550772622138059 ], [ 94.926298034175886, 27.550050801177331 ], [ 94.925899407814583, 27.550417325516982 ], [ 94.925889961206721, 27.549875959645075 ], [ 94.92508011391881, 27.549887183549977 ], [ 94.924871357736777, 27.549529077968629 ], [ 94.923653444600518, 27.549365447413862 ], [ 94.922834168783268, 27.548835291168892 ], [ 94.921211345058452, 27.548677242051429 ], [ 94.919164779089527, 27.547442031296516 ], [ 94.918560541185656, 27.547630875733365 ], [ 94.917946894443162, 27.547278349038471 ], [ 94.917750706873633, 27.5476420560937 ], [ 94.917336385982338, 27.547106275695469 ], [ 94.915719855270126, 27.547309073492102 ], [ 94.916121639237872, 27.547123033476289 ], [ 94.916112241888868, 27.546581664236236 ], [ 94.917317579649534, 27.546023537939028 ], [ 94.916703945795646, 27.545671005017105 ], [ 94.915894124974557, 27.54568217383061 ], [ 94.915071781488678, 27.5449715116793 ], [ 94.914065768569358, 27.545346373096692 ], [ 94.914274481933461, 27.545704497315572 ], [ 94.913268459411782, 27.546079353397506 ], [ 94.913274714853827, 27.546440266856639 ], [ 94.913679628723855, 27.546434690528876 ], [ 94.913891471970928, 27.546973271882241 ], [ 94.915106218656035, 27.5469565336759 ], [ 94.914508235036749, 27.547506273827086 ], [ 94.91451449491052, 27.547867186950086 ], [ 94.91410957598562, 27.547872765976209 ], [ 94.914103317433842, 27.547511852767887 ], [ 94.913084767786629, 27.547164881521933 ], [ 94.913078512772685, 27.546803968060281 ], [ 94.912056846792538, 27.54627653191373 ], [ 94.90902623301811, 27.546679204312404 ], [ 94.907618382677995, 27.547240040939514 ], [ 94.904787066436597, 27.54745938552033 ], [ 94.903784104109477, 27.548014632913763 ], [ 94.903790329065842, 27.548375548271519 ], [ 94.904400827350244, 27.548547681853442 ], [ 94.906425444675548, 27.548519915735199 ], [ 94.907247763645529, 27.549230630228802 ], [ 94.907649570257121, 27.54904461369393 ], [ 94.907658927096861, 27.5495859854225 ], [ 94.90807009319245, 27.549941339247365 ], [ 94.907886345973097, 27.551026862846665 ], [ 94.907908183554596, 27.55229006294163 ], [ 94.908319361041023, 27.552645415346397 ], [ 94.908160576969721, 27.5551745954401 ], [ 94.908581130510598, 27.55607131730396 ], [ 94.909194800682485, 27.556423884004559 ], [ 94.909409767610114, 27.557142928463964 ], [ 94.909007935661066, 27.557328951232407 ], [ 94.909412890479331, 27.557323385316067 ], [ 94.909627860935046, 27.558042429188919 ], [ 94.910035942230877, 27.558217318096879 ], [ 94.910257167796559, 27.559297274051939 ], [ 94.911687040990373, 27.559999600366954 ], [ 94.912101387960888, 27.560535395617542 ], [ 94.912503225458522, 27.560349363648456 ], [ 94.912521996013723, 27.561432102227734 ], [ 94.912926965055249, 27.561426525308683 ], [ 94.91312319057981, 27.561062823695121 ], [ 94.913135708601374, 27.561784649098662 ], [ 94.913540678791151, 27.561779070325379 ], [ 94.914157527640427, 27.562312068634359 ] ], [ [ 94.915163691270521, 27.561937199564181 ], [ 94.915372442939443, 27.562295319547697 ], [ 94.91536617641934, 27.561934407355338 ], [ 94.915163691270521, 27.561937199564181 ] ], [ [ 94.93763936412256, 27.561625464487111 ], [ 94.940065971337901, 27.561411092339988 ], [ 94.94005645082062, 27.56086973186072 ], [ 94.939648317512777, 27.5606949342002 ], [ 94.939638799334006, 27.560153573530922 ], [ 94.939028190621983, 27.55998160125808 ], [ 94.939018675773625, 27.559440240334009 ], [ 94.938208764602265, 27.55945154433924 ], [ 94.937810148074135, 27.559818102120076 ], [ 94.936791418916812, 27.559471314999197 ], [ 94.935576550036771, 27.559488249782547 ], [ 94.936414969392132, 27.561101046268885 ], [ 94.93763936412256, 27.561625464487111 ] ], [ [ 94.921633771237552, 27.561306336308807 ], [ 94.921839398201058, 27.56148399015936 ], [ 94.921836254459734, 27.56130353472976 ], [ 94.921633771237552, 27.561306336308807 ] ], [ [ 94.969017262110214, 27.560823180520195 ], [ 94.969203633407233, 27.559918058102369 ], [ 94.968795463121509, 27.559743348329995 ], [ 94.968200916399979, 27.560473758969703 ], [ 94.969017262110214, 27.560823180520195 ] ], [ [ 94.998973665721138, 27.559853786236015 ], [ 95.000795905092687, 27.559827548339378 ], [ 95.001788614069412, 27.558730280478457 ], [ 94.999355716537821, 27.558584828007419 ], [ 94.998353177634527, 27.559140738110521 ], [ 94.998973665721138, 27.559853786236015 ] ], [ [ 94.961705622101789, 27.559663166935973 ], [ 94.962518733501668, 27.559832177003006 ], [ 94.962515523467971, 27.5596517258932 ], [ 94.961705622101789, 27.559663166935973 ] ], [ [ 94.968589768467879, 27.559565767739851 ], [ 94.969197191486188, 27.559557157333515 ], [ 94.968789022583024, 27.559382447463314 ], [ 94.96898505551188, 27.559018676506849 ], [ 94.969390002116924, 27.559012935483313 ], [ 94.969181087208028, 27.558654905323255 ], [ 94.967975907346613, 27.559213474441066 ], [ 94.968583328650638, 27.559204866819218 ], [ 94.968589768467879, 27.559565767739851 ] ], [ [ 94.965745478358343, 27.55906456224972 ], [ 94.965951167720164, 27.559242147354333 ], [ 94.965947952154949, 27.559061696601493 ], [ 94.965745478358343, 27.55906456224972 ] ], [ [ 94.907631154136254, 27.559694363763423 ], [ 94.907836756692575, 27.559872039691768 ], [ 94.907833636062151, 27.55969158273972 ], [ 94.907631154136254, 27.559694363763423 ] ], [ [ 94.907014350435773, 27.559161333924411 ], [ 94.90721995100786, 27.559339010879732 ], [ 94.907216831456665, 27.559158553848881 ], [ 94.907014350435773, 27.559161333924411 ] ], [ [ 94.916125967594525, 27.559035938676598 ], [ 94.916331581738618, 27.559213601407475 ], [ 94.916328447306114, 27.559033145335256 ], [ 94.916125967594525, 27.559035938676598 ] ], [ [ 94.906808750525087, 27.558983656626765 ], [ 94.907014350435773, 27.559161333924411 ], [ 94.907011231244297, 27.558980876867288 ], [ 94.906808750525087, 27.558983656626765 ] ], [ [ 94.9778744432829, 27.557809404789246 ], [ 94.979086026058056, 27.55761165180035 ], [ 94.979066605612459, 27.556528955537679 ], [ 94.977453332462176, 27.556912922578352 ], [ 94.97746303479552, 27.557454271231137 ], [ 94.97786797358772, 27.557448505800718 ], [ 94.9778744432829, 27.557809404789246 ] ], [ [ 94.906394434575532, 27.558447843868663 ], [ 94.906600032803752, 27.558625521877168 ], [ 94.906596914360719, 27.558445064762509 ], [ 94.906394434575532, 27.558447843868663 ] ], [ [ 94.974805091808861, 27.556048118994124 ], [ 94.975412493190561, 27.556039482429231 ], [ 94.976215897474802, 27.555667063441568 ], [ 94.976611132552407, 27.555119952920123 ], [ 94.977417759556957, 27.554927977130184 ], [ 94.977812986039666, 27.554380863584566 ], [ 94.978217913471482, 27.554375097724552 ], [ 94.978407436193052, 27.553650416236884 ], [ 94.977787112556143, 27.552937266743758 ], [ 94.977568483142988, 27.55203790075603 ], [ 94.977160331216723, 27.551863214555983 ], [ 94.977137701703185, 27.550600066381538 ], [ 94.976520635945093, 27.550067359430031 ], [ 94.975714042022631, 27.550259328350844 ], [ 94.975518045579562, 27.550623107261615 ], [ 94.974910674037147, 27.550631742729923 ], [ 94.974290390243155, 27.549918575246018 ], [ 94.973474112860288, 27.549569180834624 ], [ 94.972465060134866, 27.549764006707104 ], [ 94.971443110390865, 27.549237023816421 ], [ 94.971436664074091, 27.548876122980278 ], [ 94.970199389661602, 27.547630200581921 ], [ 94.969964732794452, 27.545828564959724 ], [ 94.970356747155975, 27.545101021089955 ], [ 94.972554650290604, 27.543445369760462 ], [ 94.972528857563361, 27.542001766060736 ], [ 94.971513426405963, 27.541835680540846 ], [ 94.971304541018128, 27.541477651401294 ], [ 94.965636184506806, 27.541557949651796 ], [ 94.963798159783806, 27.54068145349671 ], [ 94.962586724764293, 27.540879065254291 ], [ 94.962409942806289, 27.542325537021824 ], [ 94.961600168477801, 27.542336970848655 ], [ 94.961005658337356, 27.54306734999183 ], [ 94.960192673934458, 27.542898324124295 ], [ 94.960202285883, 27.543439679498096 ], [ 94.960411140476552, 27.543797726927775 ], [ 94.962239572285029, 27.544132911622878 ], [ 94.963264642842731, 27.54484041879407 ], [ 94.963319203938028, 27.547908092132744 ], [ 94.96373053201178, 27.548263272301899 ], [ 94.963753005899079, 27.549526431112525 ], [ 94.964164341661657, 27.549881609531202 ], [ 94.963775481250408, 27.550789589676562 ], [ 94.96458210433083, 27.550597688832784 ], [ 94.965780783988436, 27.549678250517292 ], [ 94.967194763106022, 27.54947773983605 ], [ 94.968419153797456, 27.550001886538396 ], [ 94.969023304926793, 27.549812828961166 ], [ 94.969637114790345, 27.550165120637761 ], [ 94.970446942608973, 27.550153636997969 ], [ 94.97086152351396, 27.550689244748767 ], [ 94.971468896857715, 27.550680626959583 ], [ 94.971681025990506, 27.551219104803593 ], [ 94.972497310943439, 27.551568509336096 ], [ 94.97250376146529, 27.55192940980147 ], [ 94.973107914762224, 27.551740334314793 ], [ 94.972706221350123, 27.551926534988652 ], [ 94.973323280798724, 27.552459259178701 ], [ 94.972934489781508, 27.553367261189543 ], [ 94.973956485496458, 27.553894230430327 ], [ 94.973766932813902, 27.554618907374159 ], [ 94.974586478560923, 27.555148747737093 ], [ 94.974805091808861, 27.556048118994124 ] ], [ [ 94.919726640247262, 27.556459232978135 ], [ 94.919932254779908, 27.556636890387818 ], [ 94.919929114804106, 27.556456434630061 ], [ 94.919726640247262, 27.556459232978135 ] ], [ [ 94.929850332236271, 27.556318954499275 ], [ 94.930657066958332, 27.556127245761957 ], [ 94.930204772971834, 27.553426052729858 ], [ 94.930363050013881, 27.550896872755082 ], [ 94.929353888776149, 27.551091389858769 ], [ 94.929774592795582, 27.55198804003026 ], [ 94.92936335285745, 27.551632754529873 ], [ 94.928553494342026, 27.551643999332089 ], [ 94.928363642214691, 27.552368629716934 ], [ 94.927756243965234, 27.552377059598044 ], [ 94.926971587267801, 27.553831936117565 ], [ 94.9271992687096, 27.555272767769718 ], [ 94.929850332236271, 27.556318954499275 ] ], [ [ 94.920103327888555, 27.554829534134218 ], [ 94.920308939785386, 27.555007191149315 ], [ 94.920305799411295, 27.554826735389195 ], [ 94.920103327888555, 27.554829534134218 ] ], [ [ 94.904509818567888, 27.55486369496564 ], [ 94.904715406887988, 27.555041376343119 ], [ 94.904712292000923, 27.554860918937077 ], [ 94.904509818567888, 27.55486369496564 ] ], [ [ 94.919897716652955, 27.554651876776575 ], [ 94.920103327888555, 27.554829534134218 ], [ 94.920100187874311, 27.554649078347683 ], [ 94.919897716652955, 27.554651876776575 ] ], [ [ 94.907338205708228, 27.55446388946887 ], [ 94.907743150410624, 27.554458328949128 ], [ 94.907736910920903, 27.554097414739164 ], [ 94.907534439245453, 27.554100195103896 ], [ 94.907338205708228, 27.55446388946887 ] ], [ [ 94.907736910920903, 27.554097414739164 ], [ 94.907933142532514, 27.553733719892193 ], [ 94.907730671547313, 27.553736500509146 ], [ 94.90772755190406, 27.553556043386614 ], [ 94.907525081220427, 27.553558823687574 ], [ 94.907736910920903, 27.554097414739164 ] ], [ [ 94.907120139766064, 27.553564383405313 ], [ 94.907328848500867, 27.553922518018879 ], [ 94.907322610507762, 27.553561603693815 ], [ 94.907120139766064, 27.553564383405313 ] ], [ [ 94.90731949155473, 27.553381146523755 ], [ 94.907525081220427, 27.553558823687574 ], [ 94.907521961936794, 27.553378366538773 ], [ 94.90731949155473, 27.553381146523755 ] ], [ [ 94.899594533247196, 27.551681987523022 ], [ 94.900401298386981, 27.551490453514038 ], [ 94.900192616586565, 27.551132307000266 ], [ 94.901005593135082, 27.551301685548289 ], [ 94.901404309783032, 27.550935228359087 ], [ 94.901391874230654, 27.550213396886619 ], [ 94.901977501916065, 27.548941878008403 ], [ 94.901740838589674, 27.546959612623453 ], [ 94.902338886541727, 27.546409924336594 ], [ 94.906970478622299, 27.544902432567767 ], [ 94.910614661953687, 27.544852371043522 ], [ 94.910608415627209, 27.544491456940261 ], [ 94.911016446793042, 27.544666345753015 ], [ 94.91121265250699, 27.544302647204848 ], [ 94.912620445723562, 27.543741776746938 ], [ 94.912614193137273, 27.543380863009482 ], [ 94.913623322040735, 27.543186469442009 ], [ 94.913604555242415, 27.542103728718661 ], [ 94.912997208185374, 27.542112091233481 ], [ 94.912178035634156, 27.541581866252173 ], [ 94.912579805993118, 27.541395837094981 ], [ 94.91236485595762, 27.54067679549544 ], [ 94.911751267352216, 27.540324238118131 ], [ 94.91094148338631, 27.540335376091921 ], [ 94.910953976124631, 27.541057204569309 ], [ 94.910745282972428, 27.540699074140267 ], [ 94.909530602012723, 27.540715770752094 ], [ 94.908938860907483, 27.54162640167938 ], [ 94.907129290297604, 27.542373249670565 ], [ 94.904089421302203, 27.542234436850016 ], [ 94.901061984754676, 27.542817389564455 ], [ 94.900448416740787, 27.54246478112999 ], [ 94.900046619918413, 27.542650776398553 ], [ 94.89821524668433, 27.542134303492578 ], [ 94.897816548810468, 27.542500750894085 ], [ 94.895997582548432, 27.542706082514481 ], [ 94.895411912884612, 27.543977579059142 ], [ 94.895010101301864, 27.544163560424181 ], [ 94.895228046258751, 27.545063092573574 ], [ 94.895427404419209, 27.544879872331006 ], [ 94.895632959337675, 27.545057569072505 ], [ 94.89502868743736, 27.545246312558728 ], [ 94.895237340620639, 27.545604468524914 ], [ 94.894639259458813, 27.546154127853086 ], [ 94.89485720638946, 27.54705366029517 ], [ 94.894056654478021, 27.547606078499474 ], [ 94.893866577995979, 27.548330673238056 ], [ 94.895293112241745, 27.548852723286309 ], [ 94.895507972020653, 27.549571795326155 ], [ 94.895909801791689, 27.549385811707857 ], [ 94.896728962595873, 27.549916133110376 ], [ 94.897336358336233, 27.549907839517552 ], [ 94.897747494388312, 27.550263225510484 ], [ 94.89775680315914, 27.550804600265295 ], [ 94.898566670122193, 27.550793535235375 ], [ 94.898569774425795, 27.550973993392358 ], [ 94.898367307397805, 27.550976760113038 ], [ 94.898370411399739, 27.551157218286168 ], [ 94.898167944012286, 27.551159984733303 ], [ 94.898171047712538, 27.551340442922573 ], [ 94.899385853587333, 27.551323839692255 ], [ 94.899594533247196, 27.551681987523022 ] ], [ [ 94.929148270878457, 27.550913746514965 ], [ 94.929353888776149, 27.551091389858769 ], [ 94.929350734141082, 27.550910934958356 ], [ 94.929148270878457, 27.550913746514965 ] ], [ [ 94.897962373255154, 27.550982292670305 ], [ 94.898167944012286, 27.551159984733303 ], [ 94.898164840340911, 27.55097952653902 ], [ 94.897962373255154, 27.550982292670305 ] ], [ [ 94.907680760738813, 27.550849185947015 ], [ 94.907886345973097, 27.551026862846665 ], [ 94.90788322643472, 27.550846405670189 ], [ 94.907680760738813, 27.550849185947015 ] ], [ [ 95.022666587296897, 27.548681205132013 ], [ 95.023273930365605, 27.548672361538348 ], [ 95.023466453696358, 27.548128078995976 ], [ 95.022656666964707, 27.548139870772928 ], [ 95.022666587296897, 27.548681205132013 ] ], [ [ 94.92871180944492, 27.549114818819071 ], [ 94.930518167350698, 27.548187237257014 ], [ 94.929891862375811, 27.5471129458065 ], [ 94.928683430615806, 27.547490723457276 ], [ 94.928474668122121, 27.547132623542957 ], [ 94.927459234617089, 27.546966215025677 ], [ 94.927048021456642, 27.546610921085644 ], [ 94.926643110120892, 27.546616536390616 ], [ 94.926858165838965, 27.547335549970079 ], [ 94.925842732123243, 27.547169129607941 ], [ 94.926051486405612, 27.547527233910863 ], [ 94.92686446603264, 27.547696460482278 ], [ 94.926870766343555, 27.548057370974401 ], [ 94.927481292337731, 27.5482294013499 ], [ 94.92810127689151, 27.548942794223521 ], [ 94.92871180944492, 27.549114818819071 ] ], [ [ 95.007466510963127, 27.547999200893685 ], [ 95.008681200710313, 27.547981644296833 ], [ 95.00948442294029, 27.547609041468871 ], [ 95.009477852738925, 27.547248148910537 ], [ 95.010088478944766, 27.547419809583126 ], [ 95.010891691911198, 27.547047199058536 ], [ 95.011084275196183, 27.546502930446458 ], [ 95.010062191187799, 27.545976239725636 ], [ 95.009049969050409, 27.545990880038978 ], [ 95.008840956862443, 27.545632914434432 ], [ 95.007619729488496, 27.545289577981521 ], [ 95.007632856774492, 27.546011364105681 ], [ 95.008037746148929, 27.546005512988053 ], [ 95.008250039549111, 27.546543926326166 ], [ 95.007254218029345, 27.547460786408902 ], [ 95.007466510963127, 27.547999200893685 ] ], [ [ 94.973653980848326, 27.548303153582456 ], [ 94.974463793047519, 27.548291647250746 ], [ 94.974859013133312, 27.547744542101036 ], [ 94.974826728974364, 27.545940041053285 ], [ 94.975231626182108, 27.545934285513333 ], [ 94.976025269371775, 27.545020520845867 ], [ 94.976632609641129, 27.545011882121692 ], [ 94.976626147523078, 27.544650982197567 ], [ 94.976224485745036, 27.544837191562141 ], [ 94.976420470773974, 27.544473412031191 ], [ 94.976005889325549, 27.543937820616733 ], [ 94.975205795731554, 27.54449068466462 ], [ 94.974396011768945, 27.544502193862098 ], [ 94.973203913334615, 27.54578260112098 ], [ 94.972194894195923, 27.54597742334018 ], [ 94.972201342196314, 27.546338324161692 ], [ 94.971799666150517, 27.546524521398879 ], [ 94.972018235234913, 27.547423900179535 ], [ 94.973653980848326, 27.548303153582456 ] ], [ [ 95.024047322053917, 27.546675674819213 ], [ 95.024863717650945, 27.547024764678149 ], [ 95.025059541097704, 27.546660924953198 ], [ 95.024243147729422, 27.546311836116999 ], [ 95.023031795109901, 27.546509972529165 ], [ 95.024047322053917, 27.546675674819213 ] ], [ [ 94.916722745829944, 27.546753743218204 ], [ 94.916928336716737, 27.546931406478063 ], [ 94.916925202945151, 27.546750950150127 ], [ 94.916722745829944, 27.546753743218204 ] ], [ [ 94.917130794133257, 27.546928613093986 ], [ 94.917940623507633, 27.546917436611277 ], [ 94.917934352688818, 27.546556524164025 ], [ 94.916922069202712, 27.546570493817175 ], [ 94.917130794133257, 27.546928613093986 ] ], [ [ 94.92785154062976, 27.546238776582449 ], [ 94.931299583396978, 27.546551889230486 ], [ 94.931286954749922, 27.545830069956931 ], [ 94.930875734464976, 27.545474787711218 ], [ 94.93083470396364, 27.543128873827435 ], [ 94.931828002217671, 27.542032075338078 ], [ 94.932232895505692, 27.542026445788732 ], [ 94.932226579288539, 27.541665536126182 ], [ 94.933036362868762, 27.541654273664914 ], [ 94.933631058913122, 27.540924004943665 ], [ 94.934836238306048, 27.540365733878257 ], [ 94.936854338538765, 27.539976623343115 ], [ 94.93785704862843, 27.539421148770508 ], [ 94.938464371991898, 27.539412678400485 ], [ 94.938470707984962, 27.53977358684671 ], [ 94.937664107518032, 27.539965334559032 ], [ 94.937872883877048, 27.540323420172317 ], [ 94.939492425470362, 27.540300825764291 ], [ 94.939890969778858, 27.539934266103209 ], [ 94.940283169564452, 27.539206797349422 ], [ 94.94022609795509, 27.535958623839068 ], [ 94.939615624841679, 27.535786646733111 ], [ 94.939014658622781, 27.536156029625921 ], [ 94.936383000574295, 27.536192721853276 ], [ 94.935361335762323, 27.53566545704696 ], [ 94.934146727738266, 27.535682365912116 ], [ 94.934355484026142, 27.5360404580242 ], [ 94.932135007350979, 27.536432343762556 ], [ 94.931537166936693, 27.53698215075983 ], [ 94.927905889773413, 27.5377545691764 ], [ 94.927912190824003, 27.53811547996294 ], [ 94.92770975084602, 27.538118288226372 ], [ 94.927712901084973, 27.53829874363359 ], [ 94.927510460747357, 27.53830155162397 ], [ 94.927513610685295, 27.538482007047648 ], [ 94.92731116998803, 27.538484814764974 ], [ 94.926716442479901, 27.53921505813782 ], [ 94.925311932892271, 27.539956520836551 ], [ 94.920867583548855, 27.540559523318461 ], [ 94.920257109203092, 27.540387460994239 ], [ 94.920250832556178, 27.540026548698961 ], [ 94.919428507149377, 27.539315911080013 ], [ 94.919026756952377, 27.539501959127168 ], [ 94.918198173573558, 27.538430400795974 ], [ 94.916373065372909, 27.538275080913618 ], [ 94.915557037869888, 27.53792533164912 ], [ 94.915345206853033, 27.537386751704162 ], [ 94.914943455829487, 27.537572787982395 ], [ 94.914731628533588, 27.537034206889079 ], [ 94.914114926216754, 27.536501202256058 ], [ 94.913710048864502, 27.536506778005954 ], [ 94.913090228252756, 27.535793311380512 ], [ 94.91306522091925, 27.534349655056999 ], [ 94.912660351202931, 27.534355227350293 ], [ 94.912654100981584, 27.533994313134045 ], [ 94.911841240096052, 27.533824996815518 ], [ 94.911040871174308, 27.534377504744029 ], [ 94.911047116227607, 27.534738419281023 ], [ 94.910449173580972, 27.535288140531829 ], [ 94.909891797171824, 27.538183804741045 ], [ 94.911916218025141, 27.538155968252589 ], [ 94.912124909528089, 27.538514097097288 ], [ 94.912937805735439, 27.538683409870337 ], [ 94.914168103040709, 27.539568968725046 ], [ 94.914174359690833, 27.539929882332011 ], [ 94.914784823689828, 27.540101972014565 ], [ 94.914996658087063, 27.540640552489474 ], [ 94.9160151513112, 27.540987512779164 ], [ 94.916226993569396, 27.54152609092062 ], [ 94.916631888722037, 27.541520506906824 ], [ 94.917046183614431, 27.542056291055797 ], [ 94.91765352892331, 27.542047910866117 ], [ 94.917862246661201, 27.542406029578462 ], [ 94.918877627793051, 27.542572511252093 ], [ 94.91990556404842, 27.543460809782921 ], [ 94.921942635939288, 27.544154646058331 ], [ 94.921746466797217, 27.544518357957408 ], [ 94.922157655662843, 27.544873668967863 ], [ 94.922761871607733, 27.54468480989398 ], [ 94.92276815770434, 27.54504572141456 ], [ 94.923378661494468, 27.545217771076185 ], [ 94.924998288734656, 27.545195341870084 ], [ 94.925004582276699, 27.545556252888986 ], [ 94.924602820474533, 27.545742317588793 ], [ 94.924615405383491, 27.546464139717877 ], [ 94.92785154062976, 27.546238776582449 ] ], [ [ 94.915890993059406, 27.5455017173608 ], [ 94.916700812558659, 27.545490548632703 ], [ 94.916697679350833, 27.54531009224328 ], [ 94.915884729316559, 27.545140804406131 ], [ 94.915890993059406, 27.5455017173608 ] ], [ [ 94.894813840944892, 27.544527238773014 ], [ 94.895019394239881, 27.544704936513991 ], [ 94.895016296565046, 27.544524477822392 ], [ 94.894813840944892, 27.544527238773014 ] ], [ [ 94.931043465474161, 27.543486970384293 ], [ 94.931448364283639, 27.543481342847251 ], [ 94.931840632361542, 27.542753894775124 ], [ 94.931236444862634, 27.542942792059382 ], [ 94.931043465474161, 27.543486970384293 ] ], [ [ 94.915629043539894, 27.54207583452143 ], [ 94.916843735119826, 27.542059083863201 ], [ 94.916840602135593, 27.541878627399839 ], [ 94.915619650621821, 27.541534464732006 ], [ 94.915217885460493, 27.541720502444232 ], [ 94.915629043539894, 27.54207583452143 ] ], [ [ 94.895558597923511, 27.540726560852704 ], [ 94.895764144880431, 27.540904257879436 ], [ 94.895761046489397, 27.540723799167132 ], [ 94.895558597923511, 27.540726560852704 ] ], [ [ 94.900211802006737, 27.540482509305019 ], [ 94.903251623128341, 27.540621409715399 ], [ 94.905266754919779, 27.540052294484912 ], [ 94.90545363072772, 27.539147230093842 ], [ 94.905051854985402, 27.539333238888144 ], [ 94.905036288489484, 27.538430949945944 ], [ 94.904625176842785, 27.538075583917003 ], [ 94.904407173647016, 27.537176068830814 ], [ 94.902793863303998, 27.537559168305435 ], [ 94.902597639658993, 27.537922856091772 ], [ 94.900987417552273, 27.538486393607243 ], [ 94.900993630849626, 27.53884731004722 ], [ 94.899990723211104, 27.539402527705292 ], [ 94.899177836673132, 27.539233138438817 ], [ 94.899184044255207, 27.539594055219769 ], [ 94.899791382360704, 27.539585753753236 ], [ 94.899389594484006, 27.539771746720621 ], [ 94.899601354508263, 27.540310354535819 ], [ 94.900003143892349, 27.540124360888509 ], [ 94.900211802006737, 27.540482509305019 ] ], [ [ 94.967213921068506, 27.539189166544528 ], [ 94.968630980660862, 27.539169099131456 ], [ 94.969026201068615, 27.538622010102419 ], [ 94.968010804929818, 27.538455896993959 ], [ 94.967207491322711, 27.538828264266993 ], [ 94.967213921068506, 27.539189166544528 ] ], [ [ 94.965584785949858, 27.538670729110525 ], [ 94.966391317984659, 27.538478822232666 ], [ 94.966384891120612, 27.538117919739591 ], [ 94.96576473559864, 27.537404706404004 ], [ 94.965755098858253, 27.536863352369139 ], [ 94.965144588212709, 27.536691489811897 ], [ 94.963904317847607, 27.535265046859131 ], [ 94.963885064621209, 27.534182337199894 ], [ 94.963280987032164, 27.53437136881594 ], [ 94.963271363704607, 27.533830013736626 ], [ 94.962863300890689, 27.533655280381957 ], [ 94.960029311864318, 27.533695275843399 ], [ 94.959222800752144, 27.533887144658102 ], [ 94.959232404265904, 27.534428501048346 ], [ 94.9586251158224, 27.534437060724429 ], [ 94.958631516332446, 27.534797965090384 ], [ 94.959248410718104, 27.535330761598161 ], [ 94.960469403460351, 27.535674537563342 ], [ 94.959871715998119, 27.536224459041136 ], [ 94.960276581237679, 27.53621874891466 ], [ 94.960896695736196, 27.536931989066339 ], [ 94.962728220800187, 27.537447625202311 ], [ 94.963756438463875, 27.538335584017084 ], [ 94.964360536353539, 27.538146549344685 ], [ 94.965584785949858, 27.538670729110525 ] ], [ [ 94.861924351014935, 27.539556757319559 ], [ 94.862129844639441, 27.539734506954908 ], [ 94.862126801351579, 27.53955404472249 ], [ 94.861924351014935, 27.539556757319559 ] ], [ [ 94.926896841752566, 27.53794906283672 ], [ 94.92731116998803, 27.538484814764974 ], [ 94.927501011109413, 27.537760185322831 ], [ 94.926896841752566, 27.53794906283672 ] ], [ [ 94.966176029694608, 27.537759881468336 ], [ 94.966783333649644, 27.537751287859003 ], [ 94.966976125376647, 27.537207069123216 ], [ 94.96636882448388, 27.537215663418838 ], [ 94.966176029694608, 27.537759881468336 ] ], [ [ 94.856832737981506, 27.537819848521313 ], [ 94.85703822046672, 27.537997606296074 ], [ 94.857035185721415, 27.537817143495722 ], [ 94.856832737981506, 27.537819848521313 ] ], [ [ 94.857032151004347, 27.537636680690383 ], [ 94.857237633433087, 27.53781443817557 ], [ 94.857234598385645, 27.537633975390925 ], [ 94.857032151004347, 27.537636680690383 ] ], [ [ 94.940441215550649, 27.536677613943063 ], [ 94.940846087146099, 27.536671960315012 ], [ 94.941029492519547, 27.535586408833574 ], [ 94.940428532475963, 27.535955797553257 ], [ 94.940441215550649, 27.536677613943063 ] ], [ [ 94.941649484422953, 27.536299741599574 ], [ 94.94404058373425, 27.534100336619808 ], [ 94.944034231075491, 27.533739429073254 ], [ 94.944435914093532, 27.533553311798954 ], [ 94.94442320660724, 27.532831496798742 ], [ 94.944018349945992, 27.532837160118948 ], [ 94.943626195369148, 27.533564637608091 ], [ 94.943025255312733, 27.533934036646265 ], [ 94.942440180247615, 27.535205702893236 ], [ 94.941839227311391, 27.535575097384605 ], [ 94.941649484422953, 27.536299741599574 ] ], [ [ 94.852768638641805, 27.536971570927999 ], [ 94.852974113291026, 27.537149335135584 ], [ 94.852971085294158, 27.536968871896921 ], [ 94.852768638641805, 27.536971570927999 ] ], [ [ 94.914513546587585, 27.536134711615933 ], [ 94.915120860241061, 27.536126344143188 ], [ 94.914896519651407, 27.534865935743316 ], [ 94.914080522167055, 27.534516176121645 ], [ 94.914093032323024, 27.535238003877083 ], [ 94.913688159594912, 27.535243579328448 ], [ 94.913491976458118, 27.535607280587957 ], [ 94.914513546587585, 27.536134711615933 ] ], [ [ 94.913495103137237, 27.535787737568221 ], [ 94.913700667574332, 27.535965407174253 ], [ 94.913697540535821, 27.535784950220318 ], [ 94.913495103137237, 27.535787737568221 ] ], [ [ 94.965523760103977, 27.535242153044756 ], [ 94.965925408121038, 27.535055975268111 ], [ 94.965906135259829, 27.533973266892058 ], [ 94.965099634604243, 27.534165169393763 ], [ 94.965523760103977, 27.535242153044756 ] ], [ [ 94.916120525131007, 27.53539056566342 ], [ 94.91632609276445, 27.535568231216292 ], [ 94.916322961490394, 27.535387774529681 ], [ 94.916120525131007, 27.53539056566342 ] ], [ [ 94.936367180274829, 27.53529044911863 ], [ 94.938185916109504, 27.53508459871173 ], [ 94.938587614833949, 27.534898497621775 ], [ 94.938581279772421, 27.53453758894754 ], [ 94.936563285460579, 27.534926719428579 ], [ 94.936566449732936, 27.535107173974016 ], [ 94.936364016303287, 27.535109994556642 ], [ 94.936367180274829, 27.53529044911863 ] ], [ [ 94.935753552886396, 27.534937999905907 ], [ 94.936364016303287, 27.535109994556642 ], [ 94.936360852361204, 27.53492953998963 ], [ 94.935753552886396, 27.534937999905907 ] ], [ [ 94.935143091215551, 27.534766002470448 ], [ 94.935753552886396, 27.534937999905907 ], [ 94.935750389964539, 27.534757545269169 ], [ 94.935143091215551, 27.534766002470448 ] ], [ [ 94.861455568567862, 27.535772472288084 ], [ 94.862467785562629, 27.535758911480976 ], [ 94.863268424793418, 27.535206670865183 ], [ 94.861443402042838, 27.535050622639808 ], [ 94.859400750024051, 27.533994945468873 ], [ 94.860409912178909, 27.53380093786641 ], [ 94.859578883908213, 27.532548535780478 ], [ 94.859346068774158, 27.530746616792133 ], [ 94.858738765133438, 27.530754739166095 ], [ 94.858530258043089, 27.530396520361027 ], [ 94.85928835961613, 27.527317823655434 ], [ 94.859886530168794, 27.526768311443732 ], [ 94.859853114306134, 27.524783220375106 ], [ 94.859442193280245, 27.52442771018837 ], [ 94.859430045773152, 27.523705858535173 ], [ 94.859022166373194, 27.523530809751712 ], [ 94.858804566379249, 27.522631201366817 ], [ 94.857369428178444, 27.521567359755181 ], [ 94.857363361874846, 27.521206433364718 ], [ 94.856547629059804, 27.520856321044846 ], [ 94.855106476793793, 27.519431526709681 ], [ 94.854496205652211, 27.519259163967529 ], [ 94.854073212862943, 27.518181781382598 ], [ 94.851402555618535, 27.515870813791459 ], [ 94.851185035897785, 27.514971188731273 ], [ 94.850357284467464, 27.513899180225646 ], [ 94.850472089732747, 27.508663026175348 ], [ 94.847342698990374, 27.503108984878789 ], [ 94.846729516151072, 27.502756117867371 ], [ 94.846518092348489, 27.502217410358561 ], [ 94.844896011113974, 27.502058429302426 ], [ 94.844297888161705, 27.5026078759314 ], [ 94.843893118668205, 27.502613242285715 ], [ 94.843098616861397, 27.503526297108483 ], [ 94.842693843733841, 27.503531660138488 ], [ 94.84269985761722, 27.503892590443172 ], [ 94.84229508305846, 27.503897952378694 ], [ 94.842098707753607, 27.504261563313104 ], [ 94.840681991103068, 27.504280319049855 ], [ 94.840675983703875, 27.503919388354838 ], [ 94.839059883606311, 27.504121271019365 ], [ 94.838259330395175, 27.50467336937464 ], [ 94.836836610431519, 27.504331154821994 ], [ 94.837041996944166, 27.50450894761115 ], [ 94.836848600499081, 27.50505301770875 ], [ 94.836842605409487, 27.504692086275341 ], [ 94.836226447683018, 27.504158706020192 ], [ 94.836422842653491, 27.503795102438485 ], [ 94.835613291277753, 27.503805788576457 ], [ 94.834375016912475, 27.502378080863743 ], [ 94.833970245999438, 27.502383418311126 ], [ 94.833351123452985, 27.501669557700517 ], [ 94.832336212087114, 27.501502425092859 ], [ 94.8321547547053, 27.502768354767628 ], [ 94.832583450603892, 27.504206752018824 ], [ 94.83261036629483, 27.50583094730916 ], [ 94.832396012846573, 27.505111749315216 ], [ 94.831991231482093, 27.505117081492138 ], [ 94.832440870725577, 27.507818741173988 ], [ 94.831830694062958, 27.507646273766181 ], [ 94.831824714685354, 27.507285341450711 ], [ 94.831622319975281, 27.507288007048579 ], [ 94.831637266978717, 27.50819033790189 ], [ 94.832458815631597, 27.508901537603556 ], [ 94.832890535916391, 27.510520397333124 ], [ 94.833923492955918, 27.511770316697845 ], [ 94.834804990856, 27.516090814171353 ], [ 94.835850014814994, 27.518062576699357 ], [ 94.835859007748581, 27.518603973103524 ], [ 94.836895077758953, 27.52003432901628 ], [ 94.837323915269963, 27.521472701971103 ], [ 94.837943181225043, 27.522186536278838 ], [ 94.8379521859883, 27.522727931725051 ], [ 94.838363035102873, 27.523083509252466 ], [ 94.838378047181436, 27.523985834641778 ], [ 94.839405190475432, 27.524874771867466 ], [ 94.840217899996176, 27.525044520990445 ], [ 94.840640790658313, 27.5261219500882 ], [ 94.841459526588963, 27.526652620789275 ], [ 94.840247957643498, 27.526849169251598 ], [ 94.837994211542394, 27.52525444321396 ], [ 94.838839960989063, 27.527409315078188 ], [ 94.839450257764767, 27.527581745376761 ], [ 94.839867141329748, 27.528298246734444 ], [ 94.840679876913512, 27.528467991808249 ], [ 94.840891330936458, 27.529006705202466 ], [ 94.841296197744768, 27.529001342860766 ], [ 94.841710090223387, 27.529537373112007 ], [ 94.843329563813768, 27.5295159067627 ], [ 94.843332575105848, 27.529696371178765 ], [ 94.843130140674873, 27.529699055523604 ], [ 94.843136162682626, 27.530059984381836 ], [ 94.842933727563135, 27.530062668473267 ], [ 94.842936738278794, 27.530243132915434 ], [ 94.843544044543933, 27.530235079696109 ], [ 94.84375852833665, 27.530954252090901 ], [ 94.8454021401582, 27.53237647409464 ], [ 94.845414200500684, 27.53309833058767 ], [ 94.845825112928665, 27.533453882478206 ], [ 94.845628703011045, 27.533817498943964 ], [ 94.846033586364499, 27.533812121946635 ], [ 94.845843208584981, 27.534536666761397 ], [ 94.847465770353907, 27.53469561255422 ], [ 94.84848704669507, 27.535223545340564 ], [ 94.84990415368469, 27.535204690679308 ], [ 94.849695665138455, 27.53484645783373 ], [ 94.851714043709194, 27.534458574065859 ], [ 94.851517652120819, 27.53482219794185 ], [ 94.851729172092675, 27.53536089117792 ], [ 94.852318343546941, 27.534270017998434 ], [ 94.853128110392447, 27.534259223701753 ], [ 94.854732490418769, 27.533335305258085 ], [ 94.856152600890866, 27.533496851138207 ], [ 94.856348974719069, 27.533133221513133 ], [ 94.856753853106298, 27.533127813421252 ], [ 94.856155633637101, 27.533677314141165 ], [ 94.857575749718706, 27.533838845146008 ], [ 94.857370274574706, 27.533661087726145 ], [ 94.857566644543709, 27.533297456571578 ], [ 94.859615344413797, 27.534714087563437 ], [ 94.859621421560689, 27.535075012790667 ], [ 94.858814689016555, 27.535266307888989 ], [ 94.858618320169157, 27.535629940680092 ], [ 94.86043423088401, 27.535244638192111 ], [ 94.861455568567862, 27.535772472288084 ] ], [ [ 94.958217057161235, 27.534262313468705 ], [ 94.9586251158224, 27.534437060724429 ], [ 94.958621915612056, 27.534256608533909 ], [ 94.958217057161235, 27.534262313468705 ] ], [ [ 94.863268424793418, 27.535206670865183 ], [ 94.863673309184392, 27.535201242248903 ], [ 94.863866614764405, 27.534657140972378 ], [ 94.863664173602402, 27.534659855660021 ], [ 94.863268424793418, 27.535206670865183 ] ], [ [ 94.944815353495315, 27.532104017393454 ], [ 94.945020958101139, 27.532281638502141 ], [ 94.945017780401585, 27.532101184789454 ], [ 94.944815353495315, 27.532104017393454 ] ], [ [ 94.842728282058232, 27.529884887802535 ], [ 94.842933727563135, 27.530062668473267 ], [ 94.8429307168755, 27.529882204026116 ], [ 94.842728282058232, 27.529884887802535 ] ], [ [ 94.928479342948521, 27.524209170808611 ], [ 94.928684907316509, 27.524386818391712 ], [ 94.928681757354113, 27.524206362727 ], [ 94.928479342948521, 27.524209170808611 ] ], [ [ 94.835568084930287, 27.525467003216981 ], [ 94.836175367469025, 27.52545898345814 ], [ 94.835957946597503, 27.524559330587671 ], [ 94.83555909079567, 27.524925607258531 ], [ 94.835568084930287, 27.525467003216981 ] ], [ [ 94.928273779240726, 27.524031522883178 ], [ 94.928479342948521, 27.524209170808611 ], [ 94.92847619334556, 27.524028715117396 ], [ 94.928273779240726, 27.524031522883178 ] ], [ [ 94.928065067308907, 27.523673418871205 ], [ 94.928270629997144, 27.523851067165456 ], [ 94.928267480782878, 27.523670611442732 ], [ 94.928065067308907, 27.523673418871205 ] ], [ [ 94.929469356525402, 27.52293193826527 ], [ 94.9298741803929, 27.522926319165144 ], [ 94.929652860645149, 27.521846395202701 ], [ 94.928836920862253, 27.521496719100558 ], [ 94.928849520448622, 27.522218541944387 ], [ 94.929463054458623, 27.522571027022462 ], [ 94.929469356525402, 27.52293193826527 ] ], [ [ 94.919500980684433, 27.520181931134434 ], [ 94.920513020899548, 27.520167955000161 ], [ 94.921316377819252, 27.519795855676147 ], [ 94.921313240499614, 27.519615399109075 ], [ 94.921714916217098, 27.519429347839939 ], [ 94.921699226903058, 27.518527065118295 ], [ 94.919893256761583, 27.519454514706315 ], [ 94.919500980684433, 27.520181931134434 ] ], [ [ 94.908767075825622, 27.519968710042697 ], [ 94.908957016230133, 27.519244099541673 ], [ 94.908545968078542, 27.518888741204979 ], [ 94.908552200873956, 27.519249657071935 ], [ 94.908144269649554, 27.519074755451506 ], [ 94.908153616993118, 27.51961612935694 ], [ 94.908555317315191, 27.519430114997895 ], [ 94.908359141573001, 27.519793809222246 ], [ 94.908767075825622, 27.519968710042697 ] ], [ [ 94.854870746531049, 27.517449128487659 ], [ 94.856496093443454, 27.517788444343207 ], [ 94.856486999769615, 27.517247054187262 ], [ 94.856082179490201, 27.517252458639284 ], [ 94.85587067885848, 27.516713770036869 ], [ 94.854644110829852, 27.516008119776551 ], [ 94.854840462237973, 27.515644492706254 ], [ 94.854429592247158, 27.515288964778666 ], [ 94.853786054874973, 27.513131496548734 ], [ 94.852955269318073, 27.51187903993802 ], [ 94.852139619569158, 27.511528897212898 ], [ 94.851946288600317, 27.512072984743707 ], [ 94.85257163703784, 27.513147680568281 ], [ 94.852592807576542, 27.514410927746788 ], [ 94.85301576948855, 27.515488316815258 ], [ 94.853629043850589, 27.515841151013017 ], [ 94.853635096579993, 27.516202078447112 ], [ 94.854870746531049, 27.517449128487659 ] ], [ [ 94.854843490540404, 27.515824956306858 ], [ 94.855048926883995, 27.516002719734097 ], [ 94.855045898223381, 27.515822256159144 ], [ 94.854843490540404, 27.515824956306858 ] ], [ [ 94.873655048230745, 27.514850736912155 ], [ 94.874464662969771, 27.514839825416626 ], [ 94.874443242186658, 27.513576594071001 ], [ 94.876062451819308, 27.513554758124961 ], [ 94.876056326572893, 27.513193835172586 ], [ 94.876666591333844, 27.513366103379102 ], [ 94.876660464164814, 27.513005180542141 ], [ 94.87746699913383, 27.512813790884728 ], [ 94.878065000334786, 27.512264207752864 ], [ 94.880484571218716, 27.511690001812557 ], [ 94.879444974428992, 27.510079532113021 ], [ 94.878423804312163, 27.509551820840734 ], [ 94.87741183650715, 27.509565485867778 ], [ 94.877013176590069, 27.509931872762479 ], [ 94.87679852885087, 27.509212758348546 ], [ 94.874765417007069, 27.508698671922009 ], [ 94.873535773110717, 27.507812727326044 ], [ 94.872324483162984, 27.508009542863817 ], [ 94.872134314003077, 27.508734115494878 ], [ 94.871131512051889, 27.509289120698178 ], [ 94.869917148406358, 27.509305454050693 ], [ 94.86931606841982, 27.509674541304221 ], [ 94.86689342353705, 27.510068091172254 ], [ 94.867111057481111, 27.510967686391705 ], [ 94.868325441327002, 27.510951376628576 ], [ 94.8683315407592, 27.511312301295785 ], [ 94.868733286076875, 27.511126399981571 ], [ 94.869564238397032, 27.512378753823167 ], [ 94.870576236498735, 27.512365144603006 ], [ 94.870787797783848, 27.512903807999983 ], [ 94.871594344334028, 27.51271245194765 ], [ 94.871404164163266, 27.513437023757927 ], [ 94.871606565564193, 27.513434299729159 ], [ 94.871815078382326, 27.513792499225215 ], [ 94.87403232084597, 27.51322112674492 ], [ 94.873428176892006, 27.513409770228996 ], [ 94.873434293616839, 27.513770693714328 ], [ 94.873029489979004, 27.51377614685757 ], [ 94.873655048230745, 27.514850736912155 ] ], [ [ 94.906848876617303, 27.514399504936375 ], [ 94.90725056096943, 27.514213495068326 ], [ 94.907241220195402, 27.513672120457066 ], [ 94.906624689565021, 27.513139072424796 ], [ 94.906017499186973, 27.513147396400829 ], [ 94.905821324697271, 27.513511087210922 ], [ 94.906428517141748, 27.513502763990179 ], [ 94.906848876617303, 27.514399504936375 ] ], [ [ 94.872633857568658, 27.514322984264673 ], [ 94.873041721130747, 27.514497993935183 ], [ 94.873035605497932, 27.51413707040637 ], [ 94.872833202976395, 27.514139796578338 ], [ 94.872836260448608, 27.514320258366109 ], [ 94.872633857568658, 27.514322984264673 ] ], [ [ 94.886599589340975, 27.514134206937243 ], [ 94.888019477345537, 27.514295437554733 ], [ 94.888215713257438, 27.51393176888525 ], [ 94.889825659854225, 27.513368392253124 ], [ 94.890021888206306, 27.513004721369391 ], [ 94.89062908344296, 27.512996467252545 ], [ 94.890616738273735, 27.51227462732955 ], [ 94.890202687521594, 27.511738750078777 ], [ 94.890174919285641, 27.510114609445285 ], [ 94.889570823966835, 27.51030332093984 ], [ 94.889178371449077, 27.511030661137468 ], [ 94.886746550336838, 27.510883173796639 ], [ 94.886332523265395, 27.510347283710157 ], [ 94.88490653448261, 27.509825111812788 ], [ 94.883879193577201, 27.508936520286017 ], [ 94.883649132730369, 27.507315114353418 ], [ 94.882431727263537, 27.507151094913837 ], [ 94.881836846349614, 27.507881155763631 ], [ 94.881846060478523, 27.508422538798754 ], [ 94.882250842470754, 27.508417060977461 ], [ 94.881889063150098, 27.510948992367727 ], [ 94.882505468506878, 27.511482156905451 ], [ 94.88251468732102, 27.51202353945191 ], [ 94.883750597449875, 27.513270319531337 ], [ 94.885375949585864, 27.513609296485861 ], [ 94.886587269877182, 27.513412365451344 ], [ 94.886599589340975, 27.514134206937243 ] ], [ [ 94.896520296180412, 27.514179756323816 ], [ 94.897124398487961, 27.513991014253982 ], [ 94.89711820438508, 27.513630095712653 ], [ 94.896103114827696, 27.51346343921854 ], [ 94.896520296180412, 27.514179756323816 ] ], [ [ 94.872428397847941, 27.514145248039501 ], [ 94.872633857568658, 27.514322984264673 ], [ 94.872630800426407, 27.514142522456048 ], [ 94.872428397847941, 27.514145248039501 ] ], [ [ 94.872222938787132, 27.51396751147335 ], [ 94.872428397847941, 27.514145248039501 ], [ 94.872425341064101, 27.513964786205012 ], [ 94.872222938787132, 27.51396751147335 ] ], [ [ 94.872627743312606, 27.513962060642424 ], [ 94.872833202976395, 27.514139796578338 ], [ 94.87283014553266, 27.513959334785572 ], [ 94.872627743312606, 27.513962060642424 ] ], [ [ 94.871204817452664, 27.513620209467025 ], [ 94.871413329394727, 27.513978409604132 ], [ 94.871609620942849, 27.513614761662048 ], [ 94.871204817452664, 27.513620209467025 ] ], [ [ 94.870800013848694, 27.513625656094998 ], [ 94.871204817452664, 27.513620209467025 ], [ 94.871201762733889, 27.513439747492448 ], [ 94.870793905759399, 27.513264732057479 ], [ 94.870800013848694, 27.513625656094998 ] ], [ [ 94.831416936250065, 27.50711020614624 ], [ 94.831622319975281, 27.507288007048579 ], [ 94.8316193306581, 27.507107540862972 ], [ 94.831416936250065, 27.50711020614624 ] ], [ [ 94.836425839385157, 27.50397556822351 ], [ 94.836631224578525, 27.504153361692776 ], [ 94.836628227489143, 27.503972895933185 ], [ 94.836425839385157, 27.50397556822351 ] ], [ [ 94.837416791547298, 27.502698943946577 ], [ 94.839029874392565, 27.502316615655605 ], [ 94.84166087425784, 27.502281805624371 ], [ 94.843651626752774, 27.500269878565412 ], [ 94.845877810731778, 27.500240355230915 ], [ 94.845237554019164, 27.498263295496066 ], [ 94.844829790919178, 27.498088198726752 ], [ 94.844817752341314, 27.497366338362795 ], [ 94.844210626998461, 27.497374388312874 ], [ 94.843787829494346, 27.496296962164191 ], [ 94.843984186567496, 27.495933349416852 ], [ 94.843573426701383, 27.495577783125071 ], [ 94.843730686884555, 27.492868121826326 ], [ 94.843328959481099, 27.493053950153346 ], [ 94.843307913907893, 27.491790692480567 ], [ 94.84387892213141, 27.489617063557912 ], [ 94.842649730476353, 27.488730820791559 ], [ 94.842018620980539, 27.487295133948241 ], [ 94.841408547187214, 27.487122703272572 ], [ 94.840423773947776, 27.488760281159323 ], [ 94.84041477010517, 27.488218883823347 ], [ 94.838792899825563, 27.488059820760153 ], [ 94.837563764223177, 27.487173530006704 ], [ 94.836516041842373, 27.485021293007236 ], [ 94.834897213359326, 27.485042648271346 ], [ 94.834495497154421, 27.485228450614954 ], [ 94.834706825936991, 27.485767182112141 ], [ 94.834296133976338, 27.485411584615143 ], [ 94.833284361555883, 27.485424917898353 ], [ 94.832079195704949, 27.485982308229197 ], [ 94.83126977264547, 27.48599296275577 ], [ 94.831260814627143, 27.48545156242054 ], [ 94.832671321283357, 27.485071981045117 ], [ 94.832460003759266, 27.484533245854685 ], [ 94.830835208451063, 27.484193619889229 ], [ 94.830626886349052, 27.483835348220509 ], [ 94.829817478326575, 27.48384599353864 ], [ 94.829808528228298, 27.483304592596031 ], [ 94.827987367448074, 27.483328526818404 ], [ 94.82798140678517, 27.482967592465155 ], [ 94.826764323989494, 27.482803067837512 ], [ 94.826350690136238, 27.482266977601338 ], [ 94.825743641307426, 27.482274942965606 ], [ 94.825332990185416, 27.481919316797118 ], [ 94.82350590191011, 27.481582256036713 ], [ 94.823309498322516, 27.481945842624484 ], [ 94.823720143409702, 27.482301475077083 ], [ 94.823113093500183, 27.482309428979686 ], [ 94.822690564158719, 27.481231923642149 ], [ 94.821277096018875, 27.481430935394844 ], [ 94.821068809741121, 27.48107264751707 ], [ 94.820256450125882, 27.480902768271939 ], [ 94.82025051527647, 27.480541832235449 ], [ 94.819030501367635, 27.480196769903301 ], [ 94.819271404330308, 27.482540210345288 ], [ 94.818869667951134, 27.482725968458045 ], [ 94.819066087739628, 27.482362387402134 ], [ 94.818652491566212, 27.481826272349679 ], [ 94.818274472031234, 27.483455773946609 ], [ 94.81829225979584, 27.484538582734306 ], [ 94.819122440964207, 27.4857912803099 ], [ 94.818512405146464, 27.48561874702478 ], [ 94.818515370365759, 27.485799215088541 ], [ 94.818313013444353, 27.485801859426878 ], [ 94.818315978361738, 27.485982327505919 ], [ 94.820354391105113, 27.486858210000253 ], [ 94.821773871564929, 27.487020139736558 ], [ 94.822592222607327, 27.487550942904196 ], [ 94.824008739477932, 27.487532381733423 ], [ 94.826654303865709, 27.488400208709319 ], [ 94.827666107235473, 27.488386922295863 ], [ 94.828490458757273, 27.48927862276906 ], [ 94.828895182984311, 27.489273303590572 ], [ 94.828901148227274, 27.489634237432366 ], [ 94.829927883437435, 27.490523268145846 ], [ 94.830561846023784, 27.492139482685918 ], [ 94.830969566590142, 27.49231462361541 ], [ 94.830776157388158, 27.492858686588995 ], [ 94.831642397153232, 27.496276896255019 ], [ 94.832053123557699, 27.496632499507744 ], [ 94.832478799913943, 27.497890433164219 ], [ 94.832886544935363, 27.498065567152228 ], [ 94.833109857159513, 27.499326164331897 ], [ 94.835160603170237, 27.500923674679246 ], [ 94.835371969828074, 27.501462402387446 ], [ 94.835776737052996, 27.501457061026642 ], [ 94.836193488490295, 27.50217358194055 ], [ 94.836800642908358, 27.502165565683242 ], [ 94.837416791547298, 27.502698943946577 ] ], [ [ 94.819779439265488, 27.501125747606856 ], [ 94.821187217621144, 27.500565804449984 ], [ 94.820169359685153, 27.500218114119271 ], [ 94.820163420237307, 27.499857179066801 ], [ 94.819350921950175, 27.499687301595031 ], [ 94.819160412030428, 27.500411818885549 ], [ 94.819779439265488, 27.501125747606856 ] ], [ [ 94.834550461718464, 27.500751217394491 ], [ 94.834755837756575, 27.500929014152696 ], [ 94.834752844137356, 27.500748548119375 ], [ 94.834550461718464, 27.500751217394491 ] ], [ [ 94.83434508633988, 27.500573420296327 ], [ 94.834550461718464, 27.500751217394491 ], [ 94.83454746845689, 27.500570751335758 ], [ 94.83434508633988, 27.500573420296327 ] ], [ [ 94.816473115460866, 27.497017310682935 ], [ 94.817282625828881, 27.497006738305345 ], [ 94.817247052161719, 27.494841123213547 ], [ 94.816214445982212, 27.493591060226901 ], [ 94.81500021702027, 27.493606905901171 ], [ 94.814006112323526, 27.494702912329529 ], [ 94.811997152906372, 27.495631627134436 ], [ 94.808961515571028, 27.495671132178003 ], [ 94.809375122374774, 27.496207274805091 ], [ 94.810586430049895, 27.496011008247223 ], [ 94.810794714403428, 27.496369311375005 ], [ 94.811809555198394, 27.496536605199946 ], [ 94.812821441314327, 27.49652342311461 ], [ 94.813017903247214, 27.496159849137488 ], [ 94.814636914104753, 27.496138740479797 ], [ 94.816473115460866, 27.497017310682935 ] ], [ [ 94.827389543822463, 27.496152319026592 ], [ 94.827987722320486, 27.495602942251168 ], [ 94.828175185178125, 27.494697948750805 ], [ 94.82794001519143, 27.49271547195934 ], [ 94.82732098788955, 27.492001579020293 ], [ 94.826916253330523, 27.492006894105657 ], [ 94.826300215232422, 27.491473463158854 ], [ 94.825696093569803, 27.491661897941974 ], [ 94.825083039672407, 27.491308928445335 ], [ 94.825097923203131, 27.492211264671653 ], [ 94.823874791116523, 27.491685785030299 ], [ 94.82409500893074, 27.492765936091917 ], [ 94.822273686683005, 27.492789803108266 ], [ 94.82412476242105, 27.494570609037833 ], [ 94.825752674516963, 27.495090773591699 ], [ 94.827389543822463, 27.496152319026592 ] ], [ [ 94.845799516385497, 27.495548265666763 ], [ 94.847173934198381, 27.493002954158957 ], [ 94.84809534502142, 27.48757556814552 ], [ 94.849469620889082, 27.485030238667164 ], [ 94.848445805055135, 27.48432182182944 ], [ 94.848041103380012, 27.484327196967051 ], [ 94.848050143022078, 27.484868592275635 ], [ 94.847648451869048, 27.485054431495158 ], [ 94.847633389093701, 27.484152105775067 ], [ 94.845809223121435, 27.483995808526814 ], [ 94.844383747397998, 27.483473192838829 ], [ 94.843782710385071, 27.483842168286166 ], [ 94.843991073889967, 27.484200418160803 ], [ 94.843580359905147, 27.483844849180574 ], [ 94.842163905761907, 27.483863607212307 ], [ 94.839747694012871, 27.484617594162653 ], [ 94.839348987391446, 27.484983876032032 ], [ 94.838137865665772, 27.485180385031153 ], [ 94.838551566240852, 27.485716436675599 ], [ 94.838956275160513, 27.48571108887829 ], [ 94.838965270909554, 27.486252486853804 ], [ 94.838358204522649, 27.486260508293167 ], [ 94.83837019529156, 27.48698237243649 ], [ 94.838777907301278, 27.487157490922787 ], [ 94.839381979053712, 27.486969001491637 ], [ 94.839792692528349, 27.487324582811155 ], [ 94.839989048975781, 27.486960975397462 ], [ 94.840393762117444, 27.48695562319832 ], [ 94.840387760086799, 27.486594691546326 ], [ 94.842607663949337, 27.486204302664955 ], [ 94.844045196407833, 27.487448796830119 ], [ 94.845512858176207, 27.490497926666674 ], [ 94.844570241526924, 27.494662044590083 ], [ 94.845385742293587, 27.495012239833809 ], [ 94.845799516385497, 27.495548265666763 ] ], [ [ 94.805292239029114, 27.494094228570795 ], [ 94.806307052845156, 27.494261564011783 ], [ 94.806679384356315, 27.492271148903676 ], [ 94.805667533677806, 27.492284284463551 ], [ 94.805256904380499, 27.491928598181371 ], [ 94.804039743889703, 27.491763878028873 ], [ 94.804045628713155, 27.492124816727976 ], [ 94.80445331195844, 27.492300037432585 ], [ 94.80446508468097, 27.493021914590475 ], [ 94.804057398688926, 27.492846694066511 ], [ 94.803655597712165, 27.493032411010805 ], [ 94.805286349646764, 27.493733290222284 ], [ 94.805292239029114, 27.494094228570795 ] ], [ [ 94.802218417867607, 27.491787481800998 ], [ 94.802406089140945, 27.490882512697624 ], [ 94.801576049525764, 27.489629708929083 ], [ 94.801587802146216, 27.490351587509821 ], [ 94.802218417867607, 27.491787481800998 ] ], [ [ 94.81611373811424, 27.487455142284542 ], [ 94.816319060175516, 27.48763296923412 ], [ 94.816316098305037, 27.487452500997467 ], [ 94.81611373811424, 27.487455142284542 ] ], [ [ 94.815908416712062, 27.487277314995577 ], [ 94.81611373811424, 27.487455142284542 ], [ 94.816110776600894, 27.487274674022689 ], [ 94.815908416712062, 27.487277314995577 ] ], [ [ 94.815703095968956, 27.487099487367246 ], [ 94.815908416712062, 27.487277314995577 ], [ 94.815905455555836, 27.487096846708535 ], [ 94.815703095968956, 27.487099487367246 ] ], [ [ 94.818107691935097, 27.485624035367024 ], [ 94.818313013444353, 27.485801859426878 ], [ 94.818310048554579, 27.485621391342871 ], [ 94.818107691935097, 27.485624035367024 ] ], [ [ 94.804740323169767, 27.485076013272586 ], [ 94.805344450776019, 27.484887669359203 ], [ 94.805537975667434, 27.484343635783407 ], [ 94.80472855263487, 27.484354135400416 ], [ 94.804740323169767, 27.485076013272586 ] ], [ [ 94.803487952956061, 27.482745649419993 ], [ 94.804095011868711, 27.482737780981186 ], [ 94.804291481493024, 27.482374218444665 ], [ 94.804279715238309, 27.48165234011346 ], [ 94.804678532753925, 27.48128615355634 ], [ 94.80446735730105, 27.480747368613983 ], [ 94.804065599800481, 27.480933084902532 ], [ 94.804071481994939, 27.481294024158032 ], [ 94.803262080599438, 27.481304514179183 ], [ 94.803487952956061, 27.482745649419993 ] ], [ [ 94.791522790542146, 27.481275620201973 ], [ 94.791728063200125, 27.481453486049912 ], [ 94.791725142185868, 27.481273015203278 ], [ 94.791522790542146, 27.481275620201973 ] ], [ [ 94.830754620594959, 27.479321012813063 ], [ 94.831769324700147, 27.479488167523787 ], [ 94.831760366720644, 27.478946766834312 ], [ 94.833980157717292, 27.478556521258223 ], [ 94.834387831700525, 27.478731654673819 ], [ 94.834581202404195, 27.478187587705563 ], [ 94.833971189285535, 27.478015121167608 ], [ 94.833965210470282, 27.477654187748968 ], [ 94.833155849140525, 27.477664850275488 ], [ 94.831549067077191, 27.478408029021885 ], [ 94.830739699141986, 27.478418677770986 ], [ 94.830754620594959, 27.479321012813063 ] ], [ [ 94.834988875835222, 27.478362719388528 ], [ 94.83640526533712, 27.478344037798593 ], [ 94.836803959651931, 27.477977764730536 ], [ 94.836393291785413, 27.477622171962178 ], [ 94.835583931792911, 27.477632848592304 ], [ 94.835387575151515, 27.477996450147888 ], [ 94.834982893614821, 27.478001786194096 ], [ 94.834988875835222, 27.478362719388528 ] ], [ [ 94.834970929508373, 27.477279919745463 ], [ 94.835577947819246, 27.477271915480657 ], [ 94.835771310460942, 27.476727847161236 ], [ 94.835164295197856, 27.476735852123554 ], [ 94.834970929508373, 27.477279919745463 ] ], [ [ 94.845661791676974, 27.475153000561889 ], [ 94.846069469162202, 27.475328099534039 ], [ 94.84606646037119, 27.475147633986865 ], [ 94.845661791676974, 27.475153000561889 ] ], [ [ 94.846271803796583, 27.475325415785289 ], [ 94.847081142053753, 27.475314677852392 ], [ 94.847476777809575, 27.474767910898603 ], [ 94.847884456380584, 27.474943004489756 ], [ 94.847875421368542, 27.474401608358693 ], [ 94.846857737362456, 27.474054104417146 ], [ 94.846866767266661, 27.474595500886686 ], [ 94.846063451608202, 27.474967168434706 ], [ 94.846271803796583, 27.475325415785289 ] ], [ [ 94.848280086811386, 27.474396235485003 ], [ 94.849494082466322, 27.474380109813289 ], [ 94.849488053996495, 27.474019179363701 ], [ 94.848476394313835, 27.474032617952009 ], [ 94.848672700583336, 27.473669000187645 ], [ 94.848268037887081, 27.473674374071773 ], [ 94.847866386608999, 27.473860212182771 ], [ 94.848274062293115, 27.474035304788355 ], [ 94.848280086811386, 27.474396235485003 ] ], [ [ 94.847860363576245, 27.473499281373911 ], [ 94.848467356759031, 27.473491221931404 ], [ 94.848262013593299, 27.473313443335254 ], [ 94.848458319456782, 27.47294982586595 ], [ 94.848053659338674, 27.472955198997898 ], [ 94.847860363576245, 27.473499281373911 ] ], [ [ 94.848461331862808, 27.473130291226084 ], [ 94.848666674972392, 27.473308069533459 ], [ 94.848663662209034, 27.47312760419889 ], [ 94.848461331862808, 27.473130291226084 ] ], [ [ 94.818870411912087, 27.470451482292869 ], [ 94.819477398268859, 27.470443550035085 ], [ 94.81947146860071, 27.470082613299891 ], [ 94.817629782485056, 27.46884312177199 ], [ 94.81784395663864, 27.469562354162264 ], [ 94.818870411912087, 27.470451482292869 ] ], [ [ 94.822503417045226, 27.469862444892993 ], [ 94.822708714433702, 27.470040263924922 ], [ 94.822705744373152, 27.469859795874321 ], [ 94.822503417045226, 27.469862444892993 ] ], [ [ 94.811152384331393, 27.468747036567034 ], [ 94.811357662329385, 27.468924873357416 ], [ 94.811354710899224, 27.468744404138942 ], [ 94.811152384331393, 27.468747036567034 ] ], [ [ 94.815779261611041, 27.46706219721651 ], [ 94.81637439306823, 27.466332404247105 ], [ 94.81654711984045, 27.464525076592096 ], [ 94.815737846552878, 27.464535633229076 ], [ 94.815541443609902, 27.464899209466733 ], [ 94.815136805428992, 27.464904485516694 ], [ 94.815350954442906, 27.465623723284935 ], [ 94.814735123586487, 27.46509022937164 ], [ 94.813515297157494, 27.464745108863578 ], [ 94.813521206077169, 27.465106047070325 ], [ 94.815779261611041, 27.46706219721651 ] ] ] } },
{ "type": "Feature", "properties": { "rank": 30, "class": "Vegetation loss", "source": "change", "area_ha": 22.84, "mean_soil_loss_t_ha_yr": null, "max_retreat_m": null, "retreat_m_per_yr": null, "mean_probability": null, "model_agreement": null, "confidence": "Not assessed", "confidence_score": null, "population": 2596.0, "built_ha": 2.27, "crop_ha": 115.46, "road_km": 6.07, "embankment_km": 1.88, "facilities": 0.0, "nearest_place": "Burhi Khow", "nearest_place_km": 6.4, "exposure_index": 0.734, "hazard_score": 1.903, "priority_score": 1.549, "lat": 27.3421, "lon": 94.951545 }, "geometry": { "type": "Polygon", "coordinates": [ [ [ 94.958969577906103, 27.347795822559821 ], [ 94.959165315614982, 27.347432072963969 ], [ 94.957535914746828, 27.346732921123088 ], [ 94.957122223091744, 27.346197215573476 ], [ 94.956313876899287, 27.346208544006323 ], [ 94.955897022856647, 27.345492377011965 ], [ 94.954880258758763, 27.345145612647791 ], [ 94.953036170873872, 27.343727403285111 ], [ 94.951621592637011, 27.343747181951212 ], [ 94.951615266755653, 27.343386266179419 ], [ 94.950601694852494, 27.343219926816573 ], [ 94.950191209916923, 27.34286465607866 ], [ 94.94938604380107, 27.343056401277551 ], [ 94.949783887432773, 27.34268984208758 ], [ 94.948969246122999, 27.342340210325322 ], [ 94.948568242956085, 27.342526309046679 ], [ 94.948975563148579, 27.342701126721106 ], [ 94.94919343897854, 27.343600596794392 ], [ 94.948997673666483, 27.343964333948815 ], [ 94.948593506769512, 27.343969974816577 ], [ 94.948801907134794, 27.344328070877857 ], [ 94.947999884892766, 27.344700266952501 ], [ 94.94799357048899, 27.344339350450028 ], [ 94.948394581059091, 27.344153253032726 ], [ 94.947990413331297, 27.344158892191285 ], [ 94.948183024932547, 27.343614698016825 ], [ 94.947778859107899, 27.343620336461196 ], [ 94.947766232433196, 27.342898503229563 ], [ 94.948173552920323, 27.343073323230591 ], [ 94.948568242956085, 27.342526309046679 ], [ 94.948157766822504, 27.342171031820193 ], [ 94.947358913165687, 27.342723681968561 ], [ 94.947330511021377, 27.34109955646996 ], [ 94.946923199124072, 27.34092473351421 ], [ 94.946901114999818, 27.3396615241749 ], [ 94.947519965712061, 27.340374904682928 ], [ 94.947305266673212, 27.339655889020094 ], [ 94.949929090017164, 27.339438773868235 ], [ 94.948719796602447, 27.339636156779093 ], [ 94.94853666584126, 27.340721726384256 ], [ 94.948937662763427, 27.340535628046368 ], [ 94.950566922923684, 27.341234888465586 ], [ 94.951375235800924, 27.341223595180058 ], [ 94.951586801750366, 27.341762144958782 ], [ 94.951990959914738, 27.341756495849335 ], [ 94.952000449946084, 27.342297869504318 ], [ 94.950996372974473, 27.342672906375068 ], [ 94.950990049409171, 27.342311990413041 ], [ 94.950181728448555, 27.342323281882788 ], [ 94.949569168548877, 27.341970831132667 ], [ 94.94957864689745, 27.342512205553721 ], [ 94.950791130654181, 27.342495271723791 ], [ 94.950390130336345, 27.342681375545656 ], [ 94.950598533620578, 27.343039468809668 ], [ 94.951807859213787, 27.342842067945295 ], [ 94.951410022116903, 27.343208632576292 ], [ 94.952218348909156, 27.34319733366274 ], [ 94.953440335818627, 27.343721749608889 ], [ 94.954873921940347, 27.344784697651221 ], [ 94.955477005055528, 27.344595750980506 ], [ 94.955284428403829, 27.345139953366132 ], [ 94.955688597930632, 27.345134292916079 ], [ 94.955897022856647, 27.345492377011965 ], [ 94.956913792874005, 27.345839133618416 ], [ 94.957327482121372, 27.346374839934661 ], [ 94.957731655634888, 27.346369173337791 ], [ 94.957311619639896, 27.345472553886218 ], [ 94.956910621061382, 27.345658676360184 ], [ 94.956702192626793, 27.345300593974166 ], [ 94.957106362393475, 27.345294929391169 ], [ 94.957096846329677, 27.34475355762174 ], [ 94.956487423597466, 27.344581596530428 ], [ 94.956481081724206, 27.344220681851869 ], [ 94.956080085972033, 27.344406801806446 ], [ 94.956070575257328, 27.343865429635535 ], [ 94.955669579981702, 27.344051548388261 ], [ 94.955656901940571, 27.343329718602988 ], [ 94.955255907765945, 27.343515836115394 ], [ 94.955435806249525, 27.342249803798069 ], [ 94.955236895337904, 27.342433091056417 ], [ 94.954223328529224, 27.342266777803168 ], [ 94.954829567522395, 27.342258292114913 ], [ 94.95481689589576, 27.34153646178158 ], [ 94.954621152669077, 27.341900205769591 ], [ 94.95300451975821, 27.341922825746064 ], [ 94.953193938048258, 27.341198168202435 ], [ 94.952792946733524, 27.341384278504428 ], [ 94.952581375906888, 27.340845730795404 ], [ 94.951372073585617, 27.341043137204942 ], [ 94.951151025027002, 27.339963212856738 ], [ 94.950557440289785, 27.340693514264832 ], [ 94.950336400467847, 27.339613588124319 ], [ 94.951147863345184, 27.339782754824906 ], [ 94.950939465134965, 27.339424661996656 ], [ 94.951135216912903, 27.339060922647569 ], [ 94.951539365386836, 27.339055275357442 ], [ 94.951953002445848, 27.339591000779272 ], [ 94.952353989060825, 27.339404893111073 ], [ 94.952565555611969, 27.339943441471053 ], [ 94.952966542317725, 27.339757332038932 ], [ 94.952972871595833, 27.340118247706805 ], [ 94.953582265014404, 27.340290225819089 ], [ 94.953588596431374, 27.3406511413266 ], [ 94.953187607761862, 27.340837252638025 ], [ 94.954400070674325, 27.340820288437946 ], [ 94.95440640488421, 27.341181203741598 ], [ 94.954804224742077, 27.340814631368207 ], [ 94.956272657628091, 27.343862598540454 ], [ 94.958123133752977, 27.3456416770921 ], [ 94.958135829029985, 27.346363505572455 ], [ 94.957734828874081, 27.346549630488923 ], [ 94.959367404082315, 27.347429237051806 ], [ 94.958969577906103, 27.347795822559821 ] ], [ [ 94.954608482586778, 27.341178375309276 ], [ 94.954813728063002, 27.341356004185741 ], [ 94.954810560259801, 27.341175546584896 ], [ 94.954608482586778, 27.341178375309276 ] ], [ [ 94.953190772890295, 27.341017710422729 ], [ 94.953396015928107, 27.341195341522425 ], [ 94.95339285044318, 27.341014883764448 ], [ 94.953190772890295, 27.341017710422729 ] ], [ [ 94.953797005460331, 27.341009229571732 ], [ 94.954002249390399, 27.341186859730094 ], [ 94.953999082924597, 27.341006402037294 ], [ 94.953797005460331, 27.341009229571732 ] ], [ [ 94.951365749243521, 27.340682221239689 ], [ 94.951570988891447, 27.34085985521671 ], [ 94.951567826408194, 27.340679397253286 ], [ 94.951365749243521, 27.340682221239689 ] ] ] } },
{ "type": "Feature", "properties": { "rank": 31, "class": "Vegetation loss", "source": "change", "area_ha": 20.52, "mean_soil_loss_t_ha_yr": null, "max_retreat_m": null, "retreat_m_per_yr": null, "mean_probability": null, "model_agreement": null, "confidence": "Not assessed", "confidence_score": null, "population": 1984.0, "built_ha": 7.02, "crop_ha": 55.99, "road_km": 12.52, "embankment_km": 0.5, "facilities": 0.0, "nearest_place": "Nij Lahoāl", "nearest_place_km": 5.7, "exposure_index": 0.752, "hazard_score": 1.841, "priority_score": 1.522, "lat": 27.501741, "lon": 94.959434 }, "geometry": { "type": "Polygon", "coordinates": [ [ [ 94.956892813108837, 27.50522083050307 ], [ 94.956886426320224, 27.504859924226725 ], [ 94.957291177434243, 27.504854228755256 ], [ 94.956880039650557, 27.504499017930282 ], [ 94.957686344512609, 27.5043071729168 ], [ 94.957676760863677, 27.503765813680971 ], [ 94.957275207685797, 27.503951963194424 ], [ 94.957281595495942, 27.504312869433829 ], [ 94.956876846360316, 27.504318564774522 ], [ 94.957069640261551, 27.503774357819182 ], [ 94.956668085916078, 27.503960505633568 ], [ 94.956459326879923, 27.503602446091268 ], [ 94.956648929134147, 27.502877786402454 ], [ 94.957050479701479, 27.502691638819456 ], [ 94.956443364766457, 27.502700179918708 ], [ 94.956433787855104, 27.502158820154886 ], [ 94.955229134093898, 27.502717254177476 ], [ 94.955020382189602, 27.502359192048907 ], [ 94.954618828990291, 27.502545333891391 ], [ 94.954599693416554, 27.50146261311232 ], [ 94.955001242837824, 27.501276471500958 ], [ 94.955020382189602, 27.502359192048907 ], [ 94.955829866904779, 27.502347811736477 ], [ 94.95681937222038, 27.501070407111737 ], [ 94.95843832057264, 27.501047621830587 ], [ 94.958210392701702, 27.499606846090337 ], [ 94.958611928823004, 27.49942069467151 ], [ 94.959019855733857, 27.499595448266938 ], [ 94.959215828560843, 27.499231692011545 ], [ 94.960227653236103, 27.499217436864907 ], [ 94.960436414894161, 27.499575490756094 ], [ 94.961043511230443, 27.499566933126818 ], [ 94.961461042547384, 27.500283037678589 ], [ 94.962071343599732, 27.500454928075715 ], [ 94.962055337861713, 27.499552664530928 ], [ 94.961653807727316, 27.49973882561406 ], [ 94.961448241972363, 27.499561226570528 ], [ 94.962858393906558, 27.499180339083583 ], [ 94.962868001036753, 27.499721696993415 ], [ 94.962260904516185, 27.499730262626841 ], [ 94.962472875473551, 27.500268765705474 ], [ 94.962071343599732, 27.500454928075715 ], [ 94.962077746103589, 27.500815833458454 ], [ 94.96270406280847, 27.501889983947912 ], [ 94.963519947957792, 27.50223946410998 ], [ 94.963529559576116, 27.502780821566713 ], [ 94.963124817562445, 27.502786534790577 ], [ 94.963128020835484, 27.502966987309833 ], [ 94.96373833909233, 27.503138869415967 ], [ 94.963336799481922, 27.503325035802774 ], [ 94.962928852427382, 27.503150296038633 ], [ 94.962922446510859, 27.502789390961418 ], [ 94.962116163630867, 27.502981265332721 ], [ 94.961300276748773, 27.502631777020973 ], [ 94.961306677330541, 27.502992682457876 ], [ 94.960696362975696, 27.502820789432612 ], [ 94.960705961015123, 27.503362147761916 ], [ 94.960301216188569, 27.503367852883063 ], [ 94.960304414935209, 27.503548305693108 ], [ 94.959690900997643, 27.503195955478681 ], [ 94.959697296482886, 27.503556861234788 ], [ 94.958486254583391, 27.503754417379607 ], [ 94.958701412791441, 27.504473379437297 ], [ 94.957885524067208, 27.50412387116538 ], [ 94.957895108883818, 27.504665230305655 ], [ 94.957490358607728, 27.504670927498069 ], [ 94.95749355294663, 27.504851380578383 ], [ 94.956892813108837, 27.50522083050307 ] ], [ [ 94.957676760863677, 27.503765813680971 ], [ 94.958081507783021, 27.503760116118439 ], [ 94.958274294849446, 27.503215907811263 ], [ 94.959289353601022, 27.503382110539693 ], [ 94.958871822900534, 27.502665999642304 ], [ 94.959684505631486, 27.502835049702483 ], [ 94.960282024334205, 27.502285135917205 ], [ 94.960487593681819, 27.502462736453044 ], [ 94.960086050360715, 27.502648893624734 ], [ 94.960092446986096, 27.503009799323682 ], [ 94.960497190553411, 27.503004094878008 ], [ 94.960683566006864, 27.502098978256523 ], [ 94.9602756272877, 27.501924230221725 ], [ 94.960876337664715, 27.501554767038389 ], [ 94.960683566006864, 27.502098978256523 ], [ 94.961088306098517, 27.502093272264847 ], [ 94.961072307260963, 27.501191008400049 ], [ 94.9600540690206, 27.500844364828502 ], [ 94.959858096518914, 27.501208122191411 ], [ 94.960076455645989, 27.502107535038633 ], [ 94.958868626610666, 27.502485546654349 ], [ 94.959247794034752, 27.501036222132992 ], [ 94.95843832057264, 27.501047621830587 ], [ 94.958846253414976, 27.501222375598019 ], [ 94.958447906839183, 27.501588981030832 ], [ 94.958470275835893, 27.502852152322216 ], [ 94.957863160536348, 27.502860699662211 ], [ 94.958071922423528, 27.503218756968216 ], [ 94.957869549967839, 27.503221605831097 ], [ 94.957676760863677, 27.503765813680971 ] ], [ [ 94.960095645343472, 27.503190252165613 ], [ 94.960301216188569, 27.503367852883063 ], [ 94.9602980174717, 27.503187400067979 ], [ 94.960095645343472, 27.503190252165613 ] ], [ [ 94.957464804967259, 27.503227302674649 ], [ 94.957869549967839, 27.503221605831097 ], [ 94.957866355237229, 27.503041152749169 ], [ 94.957458416854564, 27.502866396418561 ], [ 94.957464804967259, 27.503227302674649 ] ], [ [ 94.959684505631486, 27.502835049702483 ], [ 94.959890075157773, 27.503012651105426 ], [ 94.959886877159889, 27.502832198236629 ], [ 94.959684505631486, 27.502835049702483 ] ], [ [ 94.962919243597327, 27.502608938415271 ], [ 94.963124817562445, 27.502786534790577 ], [ 94.963121614319206, 27.502606082266293 ], [ 94.962919243597327, 27.502608938415271 ] ], [ [ 94.961499447133306, 27.502448470520324 ], [ 94.961907389540571, 27.502623214749285 ], [ 94.961904188305311, 27.50244276208883 ], [ 94.961499447133306, 27.502448470520324 ] ], [ [ 94.961695416012503, 27.50208471107193 ], [ 94.9621065588466, 27.502439907431999 ], [ 94.962302525658245, 27.502076147232547 ], [ 94.961695416012503, 27.50208471107193 ] ], [ [ 94.962305727493259, 27.50225659985934 ], [ 94.962511299839747, 27.502434197236163 ], [ 94.962508097645227, 27.502253744636246 ], [ 94.962305727493259, 27.50225659985934 ] ], [ [ 94.959254187486735, 27.501397128096997 ], [ 94.959459753537502, 27.50157473034648 ], [ 94.959456556437203, 27.50139427739385 ], [ 94.959254187486735, 27.501397128096997 ] ], [ [ 94.959652530587221, 27.501030520519951 ], [ 94.959858096518914, 27.501208122191411 ], [ 94.959854898818804, 27.501027669272368 ], [ 94.959652530587221, 27.501030520519951 ] ], [ [ 94.959244597353418, 27.500855769143456 ], [ 94.959450162325879, 27.501033371473497 ], [ 94.959446965314868, 27.500852918505778 ], [ 94.959244597353418, 27.500855769143456 ] ], [ [ 94.959219024974288, 27.4994121450463 ], [ 94.959427783873991, 27.499770200593986 ], [ 94.959421390298516, 27.499409294583188 ], [ 94.959219024974288, 27.4994121450463 ] ] ] } },
{ "type": "Feature", "properties": { "rank": 32, "class": "Bank erosion (stable land to water)", "source": "change", "area_ha": 15.44, "mean_soil_loss_t_ha_yr": null, "max_retreat_m": 234.0, "retreat_m_per_yr": 39.0, "mean_probability": null, "model_agreement": null, "confidence": "High", "confidence_score": 0.987, "population": 513.0, "built_ha": 0.8, "crop_ha": 58.15, "road_km": 5.7, "embankment_km": 0.0, "facilities": 0.0, "nearest_place": "Nakapur", "nearest_place_km": 5.7, "exposure_index": 0.352, "hazard_score": 2.763, "priority_score": 1.51, "lat": 27.568774, "lon": 95.240832 }, "geometry": { "type": "Polygon", "coordinates": [ [ [ 95.241193738241179, 27.570414231493103 ], [ 95.240983945606075, 27.570056662377233 ], [ 95.240579029316137, 27.570063197241048 ], [ 95.240571696894918, 27.569702360080864 ], [ 95.239150829589235, 27.56954480370889 ], [ 95.238734925321467, 27.569010076650255 ], [ 95.238127555661293, 27.569019868329434 ], [ 95.238319025191146, 27.568475348067278 ], [ 95.237914113965672, 27.568481874819682 ], [ 95.237718980989342, 27.56884597568444 ], [ 95.237711658301848, 27.568485137753832 ], [ 95.236290808722984, 27.568327550893976 ], [ 95.235871264548251, 27.567612394862124 ], [ 95.239913014942886, 27.567186298271508 ], [ 95.23992034442594, 27.567547135725292 ], [ 95.240328917117907, 27.567721021997833 ], [ 95.241341186269452, 27.567704685724237 ], [ 95.241764433041723, 27.568600241547472 ], [ 95.242979164405483, 27.568580624008948 ], [ 95.244204910460923, 27.56910225033748 ], [ 95.24684418713953, 27.569420520955649 ], [ 95.246851539989478, 27.5697813565763 ], [ 95.24280239735775, 27.569846822598954 ], [ 95.241388861759589, 27.570050126334557 ], [ 95.241193738241179, 27.570414231493103 ] ] ] } },
{ "type": "Feature", "properties": { "rank": 33, "class": "Vegetation loss", "source": "change", "area_ha": 132.08, "mean_soil_loss_t_ha_yr": null, "max_retreat_m": null, "retreat_m_per_yr": null, "mean_probability": null, "model_agreement": null, "confidence": "Low", "confidence_score": 0.622, "population": 4116.0, "built_ha": 104.51, "crop_ha": 227.93, "road_km": 16.16, "embankment_km": 0.0, "facilities": 0.0, "nearest_place": "Bhatiu", "nearest_place_km": 2.7, "exposure_index": 0.75, "hazard_score": 1.825, "priority_score": 1.506, "lat": 27.459806, "lon": 95.115721 }, "geometry": { "type": "Polygon", "coordinates": [ [ [ 95.130766819315141, 27.473426757755156 ], [ 95.130752930218094, 27.472705020378708 ], [ 95.130142574431517, 27.472533875612761 ], [ 95.129521809994017, 27.471821424514225 ], [ 95.12911722320861, 27.471827614155846 ], [ 95.128290709156317, 27.470937816531883 ], [ 95.127687300250628, 27.471127529672533 ], [ 95.127495408007377, 27.471671926218193 ], [ 95.128517279709811, 27.472197765687334 ], [ 95.127516209095063, 27.472754534710838 ], [ 95.127306980583313, 27.4723967573366 ], [ 95.12690585702228, 27.472583375474024 ], [ 95.127097753484563, 27.472038979553727 ], [ 95.12750927527, 27.472393665233621 ], [ 95.12790692953449, 27.472026610744141 ], [ 95.126891993578965, 27.471861636194756 ], [ 95.126885062050988, 27.471500766524628 ], [ 95.126682768912616, 27.471503857628495 ], [ 95.12668623433143, 27.47168429248978 ], [ 95.12607588930382, 27.471513129178724 ], [ 95.125866667927738, 27.471155349181174 ], [ 95.126072424904365, 27.471332694241351 ], [ 95.126473545659195, 27.471146078653657 ], [ 95.122571187566336, 27.468137345739674 ], [ 95.122173527573608, 27.468504385377372 ], [ 95.122389647867678, 27.469223042880401 ], [ 95.120743687892514, 27.467804224281096 ], [ 95.120548310472273, 27.468168177431501 ], [ 95.120750598326552, 27.468165095583178 ], [ 95.120959797369366, 27.468522884675888 ], [ 95.120548310472273, 27.468168177431501 ], [ 95.119944900665757, 27.468357856953133 ], [ 95.119529964231887, 27.467822710684878 ], [ 95.120133372025165, 27.467633033074364 ], [ 95.119937992799152, 27.467996985472375 ], [ 95.120346022585807, 27.468171258986292 ], [ 95.120534491048815, 27.467446434712592 ], [ 95.121347093132727, 27.467614541528842 ], [ 95.120517217493557, 27.466544256199697 ], [ 95.120712592532442, 27.466180303170361 ], [ 95.12030802402883, 27.466186466054126 ], [ 95.120503399228596, 27.465822513297983 ], [ 95.120095378148477, 27.465648239715001 ], [ 95.120085016857743, 27.465106932328538 ], [ 95.119882734499114, 27.465110012895064 ], [ 95.119879281128803, 27.464929577065824 ], [ 95.119676999066925, 27.464932657315259 ], [ 95.119481622429959, 27.46529660901901 ], [ 95.120102285836495, 27.466009111280584 ], [ 95.119906908992021, 27.46637306355759 ], [ 95.119900001833187, 27.46601219196511 ], [ 95.11949543373008, 27.466018352453666 ], [ 95.119080508948599, 27.465483204058291 ], [ 95.118264474472198, 27.465134646861678 ], [ 95.118271376046451, 27.465495518882367 ], [ 95.119087413282912, 27.465844075869992 ], [ 95.119101222337449, 27.466565819432461 ], [ 95.118285179580695, 27.466217262862823 ], [ 95.118271376046451, 27.465495518882367 ], [ 95.117671425761529, 27.465865624060587 ], [ 95.117259959195536, 27.465510905808841 ], [ 95.116858840763044, 27.465697494692705 ], [ 95.117054226899356, 27.465333546164395 ], [ 95.117458793142532, 27.465327392908421 ], [ 95.117441546187166, 27.464425212321707 ], [ 95.116824356880656, 27.46389313278684 ], [ 95.116018681333841, 27.46408587015662 ], [ 95.116203726365939, 27.463180613836425 ], [ 95.115593442106075, 27.463009400769128 ], [ 95.115178547673366, 27.462474238817723 ], [ 95.114575157357407, 27.462663893959167 ], [ 95.115185438416745, 27.462835111697601 ], [ 95.115192329288504, 27.463195984557196 ], [ 95.114379766912464, 27.463027839329964 ], [ 95.114167156371366, 27.462489601730987 ], [ 95.113762599625986, 27.462495744842069 ], [ 95.11375915660463, 27.462315308229741 ], [ 95.114369434695931, 27.462486529735255 ], [ 95.114359102768148, 27.461945220094858 ], [ 95.113333946880601, 27.461238830057095 ], [ 95.112929394482933, 27.461244970491173 ], [ 95.113141996320948, 27.461783210545686 ], [ 95.112531723700499, 27.461611983314214 ], [ 95.112737441885926, 27.461789350534005 ], [ 95.112538605572198, 27.461972856856665 ], [ 95.111098591638054, 27.460731277043116 ], [ 95.110886001895452, 27.460193033116465 ], [ 95.111287112329506, 27.460006461872823 ], [ 95.111904253771741, 27.460538568972535 ], [ 95.112305363492482, 27.460351994828208 ], [ 95.110457391947364, 27.458936106738012 ], [ 95.110052847202596, 27.458942238344818 ], [ 95.110268867070744, 27.459660921091313 ], [ 95.109456336461136, 27.459492745146253 ], [ 95.109044919629426, 27.459137999476351 ], [ 95.109446029845358, 27.458951433554411 ], [ 95.109439158928183, 27.458590559134489 ], [ 95.109034615178629, 27.4585966877132 ], [ 95.108822040079517, 27.458058439683192 ], [ 95.108016389059188, 27.458251129256372 ], [ 95.107824415974093, 27.458795503807664 ], [ 95.10824956225467, 27.459872002716558 ], [ 95.107447329440674, 27.460245127133671 ], [ 95.107858745852752, 27.460599877531475 ], [ 95.108259863431229, 27.460413314654861 ], [ 95.108475875403755, 27.461132000537354 ], [ 95.108883863457052, 27.461306310273802 ], [ 95.108074755715151, 27.46131856414484 ], [ 95.107656470120787, 27.46060293987831 ], [ 95.107049642733017, 27.460612125158168 ], [ 95.107238190171913, 27.459887313981469 ], [ 95.107029052314459, 27.459529500421709 ], [ 95.106627935507788, 27.45971605970864 ], [ 95.106617642607233, 27.459174747146445 ], [ 95.106429091930181, 27.459899557711616 ], [ 95.105623422595585, 27.46009223436959 ], [ 95.105633711042756, 27.460633547207387 ], [ 95.106031402801889, 27.460266552962747 ], [ 95.105846276815669, 27.461171800516802 ], [ 95.105033739847528, 27.461003599024451 ], [ 95.105431434959172, 27.460636606326364 ], [ 95.105026882696194, 27.460642723683993 ], [ 95.105218872369647, 27.460098352173475 ], [ 95.104810893912841, 27.459924031087141 ], [ 95.105417718408958, 27.459914855772066 ], [ 95.105606275822623, 27.459190046205162 ], [ 95.105397144541953, 27.458832229788484 ], [ 95.104790325964984, 27.458841404681749 ], [ 95.105191443177688, 27.458654850674549 ], [ 95.105184586199115, 27.458293975249092 ], [ 95.104985742471101, 27.458477471215247 ], [ 95.10437549851747, 27.458306206398433 ], [ 95.104354936239801, 27.457223579438082 ], [ 95.104776614638425, 27.458119653643397 ], [ 95.10538685803968, 27.458290916728227 ], [ 95.105582271682209, 27.457926982561961 ], [ 95.105791401624998, 27.458284798806247 ], [ 95.106195945082504, 27.45827867971062 ], [ 95.106213095989247, 27.459180867650197 ], [ 95.106411938740123, 27.458997369990705 ], [ 95.10702218909735, 27.459168625468983 ], [ 95.107015326008124, 27.458807750495971 ], [ 95.107423303241347, 27.458982065180777 ], [ 95.107615278596256, 27.45843769106731 ], [ 95.106603919187293, 27.458452996992506 ], [ 95.106991306202815, 27.457544687930646 ], [ 95.106182224932311, 27.45755692926766 ], [ 95.106168505293368, 27.456835178743567 ], [ 95.105763967096806, 27.456841297464109 ], [ 95.10556855573337, 27.457205231797129 ], [ 95.104752621046373, 27.456856589131053 ], [ 95.10435150930526, 27.457043141593605 ], [ 95.104128680642702, 27.455963571169569 ], [ 95.103120766305253, 27.45615928853066 ], [ 95.102935620745143, 27.457064533661057 ], [ 95.102517385287157, 27.456348890768222 ], [ 95.10291164920811, 27.455801467460354 ], [ 95.102897951888821, 27.455079715234127 ], [ 95.102287729613494, 27.454908439950223 ], [ 95.102277460013553, 27.454367125501463 ], [ 95.101670664660134, 27.45437628543586 ], [ 95.10186608488435, 27.454012355999652 ], [ 95.101238763218362, 27.452938884236389 ], [ 95.102037545799689, 27.4523853588131 ], [ 95.102644330113307, 27.452376197890768 ], [ 95.102243230086728, 27.452562743676083 ], [ 95.102452338241037, 27.452920566370732 ], [ 95.101842128649579, 27.452749288376555 ], [ 95.102061503889232, 27.453648426343378 ], [ 95.102671718804302, 27.453819703057743 ], [ 95.102479725067582, 27.454364071603269 ], [ 95.102884255079957, 27.454357962926775 ], [ 95.102891103420589, 27.454718839090589 ], [ 95.103494474999891, 27.454529235726 ], [ 95.103905857042776, 27.454883999988553 ], [ 95.103689889284382, 27.454165304057533 ], [ 95.104094418256352, 27.45415919190749 ], [ 95.104111549050529, 27.455061381601915 ], [ 95.104516081182425, 27.455055268044184 ], [ 95.104728629018979, 27.45559352437024 ], [ 95.105133162931949, 27.455587408911683 ], [ 95.105122879140822, 27.455046095507289 ], [ 95.104505800637583, 27.45451395438328 ], [ 95.105102312420826, 27.453963468561575 ], [ 95.104694357408192, 27.453789145709493 ], [ 95.104879484841248, 27.452883898957829 ], [ 95.105702246883823, 27.453593418257643 ], [ 95.105918226103668, 27.454312110449003 ], [ 95.10632961454904, 27.454666867165411 ], [ 95.106936409672343, 27.454657686848147 ], [ 95.106943271291158, 27.455018562054462 ], [ 95.110639040066744, 27.457850418019405 ], [ 95.110817247969081, 27.456584292002812 ], [ 95.110008175705701, 27.456596555168506 ], [ 95.109380761300784, 27.455523125745888 ], [ 95.110196698516859, 27.455871741069011 ], [ 95.111228660039998, 27.456939032768318 ], [ 95.111626319720102, 27.456572024142897 ], [ 95.111410298636912, 27.455853343363717 ], [ 95.110803498720998, 27.455862543536568 ], [ 95.109980688242729, 27.455153057403123 ], [ 95.109377326434256, 27.45534268844208 ], [ 95.109363587288115, 27.454620939176138 ], [ 95.108952189939288, 27.454266191964475 ], [ 95.109548677025074, 27.453715688384101 ], [ 95.10975781044678, 27.454073498595182 ], [ 95.110566864427227, 27.454061237918438 ], [ 95.110776001761877, 27.454419046360581 ], [ 95.11137935582542, 27.454229409652378 ], [ 95.111183967476279, 27.45459335069912 ], [ 95.111595372796515, 27.454948090825738 ], [ 95.111996463517485, 27.454761518544991 ], [ 95.112373476035401, 27.453311886236197 ], [ 95.112167775106727, 27.453134517355835 ], [ 95.111965513559539, 27.453137585194362 ], [ 95.111766690407649, 27.453321089822303 ], [ 95.111351853282116, 27.452785912675118 ], [ 95.110947331214362, 27.452792045618072 ], [ 95.110937020261389, 27.452250734026901 ], [ 95.109120112241058, 27.452458754529136 ], [ 95.109140716875984, 27.453541378903683 ], [ 95.108743058626828, 27.453908380425759 ], [ 95.108324800234712, 27.453192756125723 ], [ 95.107920275891971, 27.453198880362269 ], [ 95.107923708073372, 27.453379317891244 ], [ 95.107519182945268, 27.453385441001323 ], [ 95.107522614501164, 27.453565878572142 ], [ 95.106915825583016, 27.453575061107497 ], [ 95.106908964475593, 27.453214185820045 ], [ 95.105880508269166, 27.452327295050548 ], [ 95.105475986446649, 27.452333412012329 ], [ 95.105260014814235, 27.451614718565857 ], [ 95.104855495429831, 27.451620833580151 ], [ 95.105064609753327, 27.451978652020358 ], [ 95.10465323568971, 27.451623890647301 ], [ 95.104049881926016, 27.451813498108784 ], [ 95.10405673331806, 27.452174374133588 ], [ 95.10466694241839, 27.452345642415832 ], [ 95.104269272453678, 27.452712631805074 ], [ 95.104481813817017, 27.453250888997051 ], [ 95.103864748805378, 27.452718744167111 ], [ 95.103460225029437, 27.452724855355765 ], [ 95.103453375418269, 27.45236397922088 ], [ 95.102853439126221, 27.452734019938656 ], [ 95.104636102997205, 27.45072170082258 ], [ 95.105650821278999, 27.450886850997243 ], [ 95.106062195425167, 27.45124160943071 ], [ 95.105863365076743, 27.451425106030236 ], [ 95.104639529471854, 27.450902138797659 ], [ 95.104646382516947, 27.451263014732621 ], [ 95.105050900650383, 27.451256900398711 ], [ 95.105465702407656, 27.451792098474723 ], [ 95.106679261574968, 27.451773744491284 ], [ 95.106470142640248, 27.451415928739181 ], [ 95.107484869144542, 27.451581065014153 ], [ 95.107879092209188, 27.451033629619026 ], [ 95.109294899237, 27.45101219162909 ], [ 95.109709719606698, 27.451547375969728 ], [ 95.110114237456642, 27.451541246875674 ], [ 95.110121108507443, 27.451902121503384 ], [ 95.110721013991494, 27.451532051034647 ], [ 95.110525627544177, 27.451895991142063 ], [ 95.111334665233457, 27.451883726899471 ], [ 95.111746060324165, 27.452238467249664 ], [ 95.112757359681865, 27.452223127178097 ], [ 95.112966499968223, 27.452580932212808 ], [ 95.113371020737745, 27.452574793450101 ], [ 95.11400189595507, 27.453828640874388 ], [ 95.115215470723385, 27.45381021127757 ], [ 95.115637219718181, 27.454706248758246 ], [ 95.116041747543363, 27.454700101803578 ], [ 95.116237119607547, 27.45433615483217 ], [ 95.11684735590606, 27.454507367920108 ], [ 95.116854249743028, 27.454868240822627 ], [ 95.116651985646158, 27.454871315643651 ], [ 95.116648539040369, 27.454690879171363 ], [ 95.11644627524015, 27.454693953675463 ], [ 95.116453167826322, 27.455054826662085 ], [ 95.116655432284062, 27.455051752110865 ], [ 95.117481730040325, 27.455941632760958 ], [ 95.117498971089873, 27.456843814422687 ], [ 95.118133368989064, 27.458278074610309 ], [ 95.118740179249258, 27.45826884176244 ], [ 95.118949351033805, 27.45862663577752 ], [ 95.118938998438878, 27.458085327443143 ], [ 95.119343537729705, 27.458079170204584 ], [ 95.119353892297497, 27.458620478397428 ], [ 95.118952801963076, 27.458807071878827 ], [ 95.119563066744732, 27.458978271323261 ], [ 95.119569970736976, 27.45933914335895 ], [ 95.119974514438312, 27.45933298402964 ], [ 95.120183692334592, 27.459690775798649 ], [ 95.120588237158245, 27.459684614614428 ], [ 95.120780147469816, 27.459140225976316 ], [ 95.121188144770258, 27.45931449899971 ], [ 95.121177780938396, 27.458773191505035 ], [ 95.120773239596048, 27.458779354213682 ], [ 95.120755970474676, 27.457877174718256 ], [ 95.121355868111692, 27.45750705887729 ], [ 95.121143236924013, 27.456968832859459 ], [ 95.121544316679589, 27.456782233604191 ], [ 95.121948850530885, 27.456776069067885 ], [ 95.122360296679901, 27.457130774854509 ], [ 95.122761374701838, 27.456944172178183 ], [ 95.122768288507871, 27.457305043569988 ], [ 95.121750038832133, 27.456959587304372 ], [ 95.121760404657664, 27.457500894738825 ], [ 95.122569477363299, 27.457488562941169 ], [ 95.123190112312187, 27.458201053525634 ], [ 95.123413130702588, 27.459280582343855 ], [ 95.123814214263177, 27.459093976345443 ], [ 95.124026862960719, 27.459632197161252 ], [ 95.125453150027937, 27.460151894786389 ], [ 95.125460073543294, 27.460512765380621 ], [ 95.126070355943057, 27.460683935141088 ], [ 95.125875007468323, 27.461047894413305 ], [ 95.125261261753622, 27.460696288592931 ], [ 95.124455627242313, 27.460889072752593 ], [ 95.124242973657573, 27.460350852937658 ], [ 95.123838427362386, 27.460357024874117 ], [ 95.124044159998007, 27.46053437451274 ], [ 95.123845345680749, 27.460717895836602 ], [ 95.123632695384444, 27.460179674889709 ], [ 95.123228149553611, 27.460185845018334 ], [ 95.123235065834464, 27.460546716132811 ], [ 95.122830518559411, 27.46055288518227 ], [ 95.122837433653743, 27.460913756370967 ], [ 95.122234067135395, 27.461103443543806 ], [ 95.122024879838463, 27.460745655451419 ], [ 95.121418057311374, 27.460754903374578 ], [ 95.121205418467028, 27.460216678055946 ], [ 95.120800871863395, 27.460222841142357 ], [ 95.120807780252022, 27.460583712823752 ], [ 95.121421512572681, 27.460935339131744 ], [ 95.121020418038427, 27.461121938793223 ], [ 95.120602052362699, 27.460406358112262 ], [ 95.118370139339618, 27.460079358881437 ], [ 95.11795524405926, 27.459544205138421 ], [ 95.117139257762233, 27.459195638389492 ], [ 95.116923195177932, 27.458476968731322 ], [ 95.116319829686375, 27.458666630140758 ], [ 95.116127897662381, 27.459211013855061 ], [ 95.116734713818644, 27.459201789455975 ], [ 95.116539335990325, 27.459565737281938 ], [ 95.117153050220026, 27.459917383552131 ], [ 95.1169576727129, 27.46028133192435 ], [ 95.117159946641664, 27.460278256102999 ], [ 95.117369117746136, 27.460636052471646 ], [ 95.117166843191796, 27.460639128633559 ], [ 95.116751951182849, 27.460103971132241 ], [ 95.116347403822417, 27.460110121260652 ], [ 95.115932517764762, 27.459574960942131 ], [ 95.115527972120503, 27.459581108581801 ], [ 95.115332589624302, 27.459945054956716 ], [ 95.115737136648107, 27.459938907809683 ], [ 95.115949748873277, 27.460477143038805 ], [ 95.117794363099264, 27.461712516313092 ], [ 95.117801262136609, 27.462073388621004 ], [ 95.118205816282199, 27.462067233865902 ], [ 95.11903218220985, 27.462957100807767 ], [ 95.119436739258489, 27.462950942295336 ], [ 95.120465401654656, 27.463837719899342 ], [ 95.120472310014875, 27.464198591472066 ], [ 95.121079151770914, 27.464189346604758 ], [ 95.12293425850315, 27.465965950879806 ], [ 95.123338825511695, 27.465959780412302 ], [ 95.124165261819797, 27.466849612418017 ], [ 95.124981325441681, 27.467198133152397 ], [ 95.124789425056264, 27.467742526619769 ], [ 95.124779039908759, 27.467201221046448 ], [ 95.124175643813231, 27.467390918234678 ], [ 95.123962976815818, 27.46685269909073 ], [ 95.123760691779609, 27.466855785469935 ], [ 95.123767611760499, 27.467216656114044 ], [ 95.123366499656456, 27.467403263448197 ], [ 95.123568785743984, 27.467400177585091 ], [ 95.123983739119041, 27.467935310820213 ], [ 95.124388313042303, 27.467929136897506 ], [ 95.124395235383787, 27.468290007338776 ], [ 95.124192947780344, 27.468293094494186 ], [ 95.124196408670471, 27.468473529730847 ], [ 95.123791832708903, 27.468479703208377 ], [ 95.123983739119041, 27.467935310820213 ], [ 95.123572245486045, 27.467580612918081 ], [ 95.123167672620824, 27.467586784398055 ], [ 95.122975762598699, 27.468131175879009 ], [ 95.126058567629215, 27.470610954441039 ], [ 95.126463150777141, 27.470604773937822 ], [ 95.126658511884685, 27.470240813457281 ], [ 95.124604446083424, 27.468647790263489 ], [ 95.124597522955, 27.468286919889842 ], [ 95.127066559373802, 27.470415066136958 ], [ 95.127676899446271, 27.470586225382938 ], [ 95.127673432576074, 27.470405790609576 ], [ 95.128074547053529, 27.470219170725848 ], [ 95.12768036634877, 27.470766660151217 ], [ 95.128287241234474, 27.470757381839757 ], [ 95.129312577192792, 27.471463650380286 ], [ 95.129298698731233, 27.470741912116257 ], [ 95.129915984600359, 27.471273930251801 ], [ 95.130320569153028, 27.471267738403942 ], [ 95.130515918201851, 27.470903773192195 ], [ 95.129703281503737, 27.470735722171987 ], [ 95.128674481915368, 27.469849021531118 ], [ 95.128447916307877, 27.468589072064628 ], [ 95.128245628691857, 27.468592165137892 ], [ 95.128252563792628, 27.468953034639018 ], [ 95.128050275486345, 27.468956127466139 ], [ 95.128053742756208, 27.469136562232766 ], [ 95.127453809319292, 27.46950670868415 ], [ 95.127851454088642, 27.469139654790045 ], [ 95.127635299135022, 27.468421007767276 ], [ 95.127841053362943, 27.468598350403841 ], [ 95.128440980678349, 27.46822820259057 ], [ 95.129253597302082, 27.468396262196617 ], [ 95.129236252052721, 27.467494088921928 ], [ 95.129640822981742, 27.467487899831088 ], [ 95.129836168550511, 27.467123935642192 ], [ 95.1302407379698, 27.467117744885137 ], [ 95.130251149762941, 27.467659048540042 ], [ 95.130652249738688, 27.467472421967528 ], [ 95.130662663699567, 27.468013725449648 ], [ 95.131067236149789, 27.468007532107322 ], [ 95.130851063408514, 27.467288891033803 ], [ 95.13167062158513, 27.46781780552212 ], [ 95.131279939539027, 27.468545738218758 ], [ 95.13190416843814, 27.469438616490308 ], [ 95.131914589388003, 27.469979919377636 ], [ 95.13151000995893, 27.469986115590174 ], [ 95.131318138475905, 27.4705305163113 ], [ 95.131729666941482, 27.470885189126577 ], [ 95.132336540874562, 27.470875893130799 ], [ 95.132353913870574, 27.471778064143596 ], [ 95.1321516209468, 27.471781163221092 ], [ 95.132162044145673, 27.472322465838985 ], [ 95.131760930033124, 27.472509097498964 ], [ 95.131551688774024, 27.472151327251616 ], [ 95.131959750202441, 27.472325564694124 ], [ 95.131952802028906, 27.471964696239809 ], [ 95.131750508711377, 27.471967794753912 ], [ 95.131335502922894, 27.471432687968246 ], [ 95.130732097542761, 27.471622414161558 ], [ 95.13134939506277, 27.472154425202316 ], [ 95.131356341326793, 27.472515293788852 ], [ 95.130951752491058, 27.472521488904452 ], [ 95.130948280000965, 27.472341054566268 ], [ 95.13054369169393, 27.472347248460132 ], [ 95.131366760965463, 27.473056596630538 ], [ 95.130766819315141, 27.473426757755156 ] ], [ [ 95.130337926021284, 27.472169910552282 ], [ 95.13054369169393, 27.472347248460132 ], [ 95.130540219894243, 27.472166814069425 ], [ 95.130337926021284, 27.472169910552282 ] ], [ [ 95.129926396650148, 27.471815233698337 ], [ 95.130337926021284, 27.472169910552282 ], [ 95.13032751180333, 27.471628607278522 ], [ 95.129926396650148, 27.471815233698337 ] ], [ [ 95.129521809994017, 27.471821424514225 ], [ 95.129926396650148, 27.471815233698337 ], [ 95.13012174787282, 27.471451268938196 ], [ 95.129511399918385, 27.471280120925435 ], [ 95.129521809994017, 27.471821424514225 ] ], [ [ 95.131743561325322, 27.471606926231797 ], [ 95.1321516209468, 27.471781163221092 ], [ 95.132148146611897, 27.471600729004962 ], [ 95.131743561325322, 27.471606926231797 ] ], [ [ 95.131541268633512, 27.471610024404875 ], [ 95.131942380011282, 27.471423393520205 ], [ 95.131733140488905, 27.4710656234105 ], [ 95.131332029968803, 27.471252253647027 ], [ 95.131541268633512, 27.471610024404875 ] ], [ [ 95.12647701068444, 27.471326513548767 ], [ 95.126682768912616, 27.471503857628495 ], [ 95.126679303526075, 27.47132342276214 ], [ 95.12647701068444, 27.471326513548767 ] ], [ [ 95.131126265277601, 27.471074916835484 ], [ 95.131332029968803, 27.471252253647027 ], [ 95.131328557047055, 27.471071819320713 ], [ 95.131126265277601, 27.471074916835484 ] ], [ [ 95.130920501244432, 27.470897579677864 ], [ 95.131126265277601, 27.471074916835484 ], [ 95.131122792717221, 27.470894482480372 ], [ 95.130920501244432, 27.470897579677864 ] ], [ [ 95.130718209739314, 27.470900676581806 ], [ 95.130913556878724, 27.470536710904941 ], [ 95.130306684240409, 27.470546000593789 ], [ 95.130310155420077, 27.470726435053948 ], [ 95.130718209739314, 27.470900676581806 ] ], [ [ 95.127844520239208, 27.468778785204329 ], [ 95.128050275486345, 27.468956127466139 ], [ 95.128046808248797, 27.468775692694422 ], [ 95.127844520239208, 27.468778785204329 ] ], [ [ 95.128646735731692, 27.468405543987043 ], [ 95.128852491442998, 27.46858288503752 ], [ 95.128849022954142, 27.468402450350425 ], [ 95.128646735731692, 27.468405543987043 ] ], [ [ 95.12398719961574, 27.468115746090675 ], [ 95.124192947780344, 27.468293094494186 ], [ 95.124189486922447, 27.468112659252444 ], [ 95.12398719961574, 27.468115746090675 ] ], [ [ 95.130048864082582, 27.467662144136465 ], [ 95.130254620425305, 27.467839483081519 ], [ 95.130251149762941, 27.467659048540042 ], [ 95.130048864082582, 27.467662144136465 ] ], [ [ 95.12254698088563, 27.466874297581516 ], [ 95.123554947098015, 27.466678436202326 ], [ 95.123548027968383, 27.466317565480477 ], [ 95.122944634092107, 27.466507257198174 ], [ 95.123140000849915, 27.466143301213702 ], [ 95.122533149205296, 27.466152555665115 ], [ 95.122317035410092, 27.465433897803091 ], [ 95.121915926809166, 27.465620500771792 ], [ 95.121500992467205, 27.465085360145185 ], [ 95.120897601017646, 27.465275042833689 ], [ 95.12254698088563, 27.466874297581516 ] ], [ [ 95.123554947098015, 27.466678436202326 ], [ 95.123760691779609, 27.466855785469935 ], [ 95.123757231837502, 27.466675350140271 ], [ 95.123554947098015, 27.466678436202326 ] ], [ [ 95.118682845580395, 27.465850233963373 ], [ 95.11888858133419, 27.466027590985249 ], [ 95.118885129447747, 27.465847155063429 ], [ 95.118682845580395, 27.465850233963373 ] ], [ [ 95.117856459062907, 27.464960366353321 ], [ 95.118065642266288, 27.465318160823266 ], [ 95.118261023733297, 27.464954210843715 ], [ 95.117856459062907, 27.464960366353321 ] ], [ [ 95.120287299184213, 27.46510385146852 ], [ 95.120681499779138, 27.464556381648304 ], [ 95.119652828677843, 27.463669606203222 ], [ 95.119248269062368, 27.463675765491327 ], [ 95.119237912780036, 27.46313445765416 ], [ 95.118836806413469, 27.463321051624821 ], [ 95.118414994445928, 27.462425028194311 ], [ 95.117811610933643, 27.462614697044806 ], [ 95.117804711703485, 27.462253824767348 ], [ 95.11698870524063, 27.461905258364084 ], [ 95.116978360775633, 27.461363949596521 ], [ 95.116577256340634, 27.461550536949741 ], [ 95.116158916617294, 27.460834941417094 ], [ 95.115552091293324, 27.460844163811355 ], [ 95.115133760970593, 27.460128564603625 ], [ 95.114729213096552, 27.460134710037188 ], [ 95.114516607448238, 27.45959647254611 ], [ 95.114115504552714, 27.459783052719249 ], [ 95.114310890922823, 27.459419107835782 ], [ 95.113700630148585, 27.459247885043816 ], [ 95.113512126428887, 27.459972702593696 ], [ 95.113916674030193, 27.459966560728368 ], [ 95.11515443108253, 27.461211183578254 ], [ 95.115558982774459, 27.461205036688412 ], [ 95.116796772087469, 27.462449642896658 ], [ 95.117201327869878, 27.462443490981812 ], [ 95.120287299184213, 27.46510385146852 ] ], [ [ 95.11886787049778, 27.46494497537816 ], [ 95.119265530176065, 27.464577945118396 ], [ 95.119056344791417, 27.464220152557417 ], [ 95.118854063916558, 27.464223231538554 ], [ 95.11886787049778, 27.46494497537816 ] ], [ [ 95.119471264292571, 27.464755301389705 ], [ 95.119676999066925, 27.464932657315259 ], [ 95.119673546057697, 27.464752221457346 ], [ 95.119471264292571, 27.464755301389705 ] ], [ [ 95.119265530176065, 27.464577945118396 ], [ 95.119471264292571, 27.464755301389705 ], [ 95.119467811644441, 27.464574865503121 ], [ 95.119265530176065, 27.464577945118396 ] ], [ [ 95.118254122351914, 27.464593338792564 ], [ 95.118658685578026, 27.464587182203346 ], [ 95.118850612351636, 27.464042795565963 ], [ 95.118240319974859, 27.463871594629339 ], [ 95.118027689170646, 27.46333336414294 ], [ 95.117215122640602, 27.463165235778984 ], [ 95.116385321615041, 27.462094921020118 ], [ 95.115778489481173, 27.462104144789368 ], [ 95.115771597021293, 27.461743272010178 ], [ 95.11330985258013, 27.459975773086217 ], [ 95.112915628749704, 27.460523223492935 ], [ 95.114149938296521, 27.461587418853945 ], [ 95.114554491624801, 27.461581274804388 ], [ 95.115792274786159, 27.462825890286851 ], [ 95.116810564227094, 27.463171387882358 ], [ 95.116817460489628, 27.463532260344746 ], [ 95.117633478841555, 27.463880827029115 ], [ 95.118254122351914, 27.464593338792564 ] ], [ [ 95.112524841957011, 27.461251109751473 ], [ 95.112929394482933, 27.461244970491173 ], [ 95.112925953001536, 27.461064533749227 ], [ 95.112517960341734, 27.460890236168421 ], [ 95.112524841957011, 27.461251109751473 ] ], [ [ 95.105434864176601, 27.460817043952257 ], [ 95.105640570167267, 27.460994422407229 ], [ 95.105637140589025, 27.460813984809839 ], [ 95.105434864176601, 27.460817043952257 ] ], [ [ 95.115545199940598, 27.460483290914006 ], [ 95.115750920412154, 27.460660653550786 ], [ 95.115747474422989, 27.46048021712312 ], [ 95.115545199940598, 27.460483290914006 ] ], [ [ 95.111088276457622, 27.4601899661216 ], [ 95.111293989678074, 27.460367335788714 ], [ 95.111290550987761, 27.460186898833303 ], [ 95.111088276457622, 27.4601899661216 ] ], [ [ 95.12120196366331, 27.460036242254855 ], [ 95.121407691720577, 27.460213596072599 ], [ 95.121404236588006, 27.460033160295122 ], [ 95.12120196366331, 27.460036242254855 ] ], [ [ 95.123625777917113, 27.459818803849469 ], [ 95.123834968251529, 27.460176589385252 ], [ 95.123828050126534, 27.459815718392299 ], [ 95.123625777917113, 27.459818803849469 ] ], [ [ 95.112301923157929, 27.460171557990339 ], [ 95.112706471801658, 27.460165419599122 ], [ 95.11290186352943, 27.459801476413507 ], [ 95.112486994659605, 27.459266304793552 ], [ 95.111880176482373, 27.459275510707243 ], [ 95.111869858124734, 27.458734199946012 ], [ 95.113100695559723, 27.459617969772339 ], [ 95.113697187704517, 27.459067448340157 ], [ 95.112881216660767, 27.45871885564214 ], [ 95.113076605581071, 27.458354912317116 ], [ 95.111856100763106, 27.458012452193337 ], [ 95.112051492072951, 27.457648510153671 ], [ 95.111640074741274, 27.457293772151957 ], [ 95.111235536299461, 27.457299906856711 ], [ 95.111444682581592, 27.45765771367213 ], [ 95.110841310386149, 27.457847351623425 ], [ 95.110450517741938, 27.458575232552963 ], [ 95.112301923157929, 27.460171557990339 ] ], [ [ 95.120996236263736, 27.459858888091379 ], [ 95.12120196366331, 27.460036242254855 ], [ 95.121198508891766, 27.459855806448683 ], [ 95.120996236263736, 27.459858888091379 ] ], [ [ 95.105417718408958, 27.459914855772066 ], [ 95.105623422595585, 27.46009223436959 ], [ 95.1056199931771, 27.459911796746841 ], [ 95.105417718408958, 27.459914855772066 ] ], [ [ 95.116340510095753, 27.459749248511137 ], [ 95.116546230310448, 27.459926609994493 ], [ 95.116542783134335, 27.459746173640756 ], [ 95.116340510095753, 27.459749248511137 ] ], [ [ 95.120790509521811, 27.459681533582181 ], [ 95.120996236263736, 27.459858888091379 ], [ 95.120992781853204, 27.459678452256515 ], [ 95.120790509521811, 27.459681533582181 ] ], [ [ 95.121400781487623, 27.459852724512569 ], [ 95.121805326582788, 27.459846559760066 ], [ 95.121801870856942, 27.459666124019666 ], [ 95.121599598654285, 27.459669206519013 ], [ 95.121596143289452, 27.45948877074991 ], [ 95.121393871383447, 27.459491852932214 ], [ 95.121400781487623, 27.459852724512569 ] ], [ [ 95.112898422304511, 27.45962103963096 ], [ 95.113104137113481, 27.459798406531359 ], [ 95.113100695559723, 27.459617969772339 ], [ 95.112898422304511, 27.45962103963096 ] ], [ [ 95.114924597926731, 27.459770764387883 ], [ 95.115325699250235, 27.45958418196151 ], [ 95.115318809004549, 27.459223308946012 ], [ 95.114914264483062, 27.459229454730977 ], [ 95.114903931328186, 27.458688145028397 ], [ 95.114499388651311, 27.458694289498442 ], [ 95.113059399415249, 27.457452728268304 ], [ 95.113062840584291, 27.457633165088211 ], [ 95.112860570946125, 27.45763623468811 ], [ 95.112864011818417, 27.457816671526462 ], [ 95.112661741819394, 27.457819740856475 ], [ 95.112665182394949, 27.45800017771327 ], [ 95.113271993282282, 27.457990968772474 ], [ 95.113076605581071, 27.458354912317116 ], [ 95.113686860564727, 27.458526138198707 ], [ 95.114924597926731, 27.459770764387883 ] ], [ [ 95.116134790538709, 27.459571886682156 ], [ 95.116340510095753, 27.459749248511137 ], [ 95.116337063280582, 27.459568812128758 ], [ 95.116134790538709, 27.459571886682156 ] ], [ [ 95.121801870856942, 27.459666124019666 ], [ 95.122202958814341, 27.459479522442482 ], [ 95.121993775056509, 27.4591217340461 ], [ 95.121791503872544, 27.459124816767996 ], [ 95.121801870856942, 27.459666124019666 ] ], [ [ 95.115929071639357, 27.459394524507566 ], [ 95.116134790538709, 27.459571886682156 ], [ 95.116131344084494, 27.459391450271152 ], [ 95.115929071639357, 27.459394524507566 ] ], [ [ 95.117948345263954, 27.459183332735527 ], [ 95.118157516512014, 27.459541127944238 ], [ 95.118150617059058, 27.459180255588496 ], [ 95.117948345263954, 27.459183332735527 ] ], [ [ 95.120783601454974, 27.459320661850011 ], [ 95.120989327474859, 27.459498016416578 ], [ 95.120985873128703, 27.459317580571568 ], [ 95.120783601454974, 27.459320661850011 ] ], [ [ 95.121188144770258, 27.45931449899971 ], [ 95.121393871383447, 27.459491852932214 ], [ 95.121390416379626, 27.459311417134433 ], [ 95.121188144770258, 27.45931449899971 ] ], [ [ 95.107025620689924, 27.459349062947886 ], [ 95.107231326169241, 27.459526439095942 ], [ 95.107227894215882, 27.459346001645567 ], [ 95.107025620689924, 27.459349062947886 ] ], [ [ 95.121585777388105, 27.458947463412159 ], [ 95.121791503872544, 27.459124816767996 ], [ 95.121788048275448, 27.458944381007289 ], [ 95.121585777388105, 27.458947463412159 ] ], [ [ 95.107423303241347, 27.458982065180777 ], [ 95.107629008592781, 27.459159440752131 ], [ 95.107625576045692, 27.458979003338531 ], [ 95.107423303241347, 27.458982065180777 ] ], [ [ 95.104574343030876, 27.458122711260597 ], [ 95.104780042422163, 27.458300091410592 ], [ 95.104776614638425, 27.458119653643397 ], [ 95.104574343030876, 27.458122711260597 ] ], [ [ 95.10902431101583, 27.45805537590439 ], [ 95.1092300169379, 27.458232749083372 ], [ 95.10922658192014, 27.45805231183218 ], [ 95.10902431101583, 27.45805537590439 ] ], [ [ 95.109836830445289, 27.458223555035833 ], [ 95.110241372623491, 27.458217424203756 ], [ 95.110436769715307, 27.457853484121976 ], [ 95.109829958468893, 27.457862680669265 ], [ 95.110025356410404, 27.457498741107013 ], [ 95.109411676539679, 27.457147061251874 ], [ 95.109418546944781, 27.457507935752965 ], [ 95.109216277058891, 27.457511000048143 ], [ 95.109219711980643, 27.457691437314562 ], [ 95.109836830445289, 27.458223555035833 ] ], [ [ 95.106998168844498, 27.45790556297467 ], [ 95.107203871437449, 27.458082939350948 ], [ 95.107200439739842, 27.457902501859994 ], [ 95.106998168844498, 27.45790556297467 ] ], [ [ 95.108818605751395, 27.457878002379974 ], [ 95.10902431101583, 27.45805537590439 ], [ 95.109020876358898, 27.457874938624641 ], [ 95.108818605751395, 27.457878002379974 ] ], [ [ 95.112459471788313, 27.457822809893081 ], [ 95.112860570946125, 27.45763623468811 ], [ 95.112853689297694, 27.457275360996171 ], [ 95.112243442373952, 27.457104130970222 ], [ 95.111828587577776, 27.456568956444453 ], [ 95.111434367061847, 27.457116402632877 ], [ 95.111838904781976, 27.457110267388337 ], [ 95.112459471788313, 27.457822809893081 ] ], [ [ 95.109010572580061, 27.457333626754959 ], [ 95.109216277058891, 27.457511000048143 ], [ 95.109212842169143, 27.457330562776662 ], [ 95.109010572580061, 27.457333626754959 ] ], [ [ 95.108804868758838, 27.457156253116356 ], [ 95.109010572580061, 27.457333626754959 ], [ 95.109007138051112, 27.457153189454928 ], [ 95.108804868758838, 27.457156253116356 ] ], [ [ 95.111029829213578, 27.457122536703842 ], [ 95.111235536299461, 27.457299906856711 ], [ 95.111232098153721, 27.457119469815058 ], [ 95.111029829213578, 27.457122536703842 ] ], [ [ 95.108599165595209, 27.456978879132322 ], [ 95.108804868758838, 27.457156253116356 ], [ 95.108801434590674, 27.456975815787768 ], [ 95.108599165595209, 27.456978879132322 ] ], [ [ 95.109003703554151, 27.456972752149809 ], [ 95.109209407311383, 27.4571501255001 ], [ 95.10920597248564, 27.456969688218464 ], [ 95.109003703554151, 27.456972752149809 ] ], [ [ 95.110824122785274, 27.4569451662055 ], [ 95.111029829213578, 27.457122536703842 ], [ 95.111026391428652, 27.456942099633604 ], [ 95.110824122785274, 27.4569451662055 ] ], [ [ 95.112846807777473, 27.456914487283932 ], [ 95.113861591459781, 27.457079573562005 ], [ 95.113854706715756, 27.45671870007487 ], [ 95.113038753074164, 27.456370107242279 ], [ 95.112431950968187, 27.456379314667881 ], [ 95.112846807777473, 27.456914487283932 ] ], [ [ 95.108393463089172, 27.45680150480289 ], [ 95.108599165595209, 27.456978879132322 ], [ 95.108595731787844, 27.456798441775199 ], [ 95.108393463089172, 27.45680150480289 ] ], [ [ 95.108798000454513, 27.456795378454107 ], [ 95.109003703554151, 27.456972752149809 ], [ 95.109000269089208, 27.456792314839635 ], [ 95.108798000454513, 27.456795378454107 ] ], [ [ 95.106165075463522, 27.456654741099864 ], [ 95.106370774343731, 27.456832118943201 ], [ 95.106367344185088, 27.456651681322942 ], [ 95.106165075463522, 27.456654741099864 ] ], [ [ 95.108592298012454, 27.456618004412991 ], [ 95.108798000454513, 27.456795378454107 ], [ 95.10879456635034, 27.456614941115379 ], [ 95.108592298012454, 27.456618004412991 ] ], [ [ 95.105959377240907, 27.456477362911169 ], [ 95.106165075463522, 27.456654741099864 ], [ 95.106161645665622, 27.456474303451088 ], [ 95.105959377240907, 27.456477362911169 ] ], [ [ 95.107985492806876, 27.456627192545493 ], [ 95.108588864269066, 27.456437567045718 ], [ 95.108177462079254, 27.45608281787019 ], [ 95.107772927152311, 27.456088942270895 ], [ 95.107769494820005, 27.455908504794532 ], [ 95.107567227637347, 27.455911566531345 ], [ 95.107985492806876, 27.456627192545493 ] ], [ [ 95.112226243905909, 27.456201946273481 ], [ 95.112431950968187, 27.456379314667881 ], [ 95.112428511009895, 27.456198877741897 ], [ 95.112226243905909, 27.456201946273481 ] ], [ [ 95.117077198062006, 27.455947784152627 ], [ 95.117282911884118, 27.456125144969544 ], [ 95.117279464067238, 27.455944708603479 ], [ 95.117077198062006, 27.455947784152627 ] ], [ [ 95.116871484897445, 27.455770422990131 ], [ 95.117077198062006, 27.455947784152627 ], [ 95.117073750606011, 27.455767347757916 ], [ 95.116871484897445, 27.455770422990131 ] ], [ [ 95.104125254260424, 27.455783133266181 ], [ 95.104330948368485, 27.45596051442028 ], [ 95.104327521657424, 27.455780076540311 ], [ 95.104125254260424, 27.455783133266181 ] ], [ [ 95.107361528779961, 27.455734190446428 ], [ 95.107567227637347, 27.455911566531345 ], [ 95.107563795665811, 27.455731129026454 ], [ 95.107361528779961, 27.455734190446428 ] ], [ [ 95.111406860418626, 27.455672906304969 ], [ 95.111612565211487, 27.455850276052672 ], [ 95.111609126664433, 27.455669839017432 ], [ 95.111406860418626, 27.455672906304969 ] ], [ [ 95.106953563959095, 27.455559874825898 ], [ 95.107361528779961, 27.455734190446428 ], [ 95.107358097169168, 27.455553752913001 ], [ 95.106953563959095, 27.455559874825898 ] ], [ [ 95.111204594140787, 27.455675973299133 ], [ 95.111605688149396, 27.455489401977115 ], [ 95.111595372796515, 27.454948090825738 ], [ 95.11139310786578, 27.454951158019256 ], [ 95.111204594140787, 27.455675973299133 ] ], [ [ 95.116456614167575, 27.455235263147781 ], [ 95.116662325656179, 27.455412625030061 ], [ 95.11665887895407, 27.455232188573 ], [ 95.116456614167575, 27.455235263147781 ] ], [ [ 95.103909282936684, 27.455064437940717 ], [ 95.104118401591634, 27.455422257444191 ], [ 95.104111549050529, 27.455061381601915 ], [ 95.103909282936684, 27.455064437940717 ] ], [ [ 95.116240565491637, 27.454516591361728 ], [ 95.11644627524015, 27.454693953675463 ], [ 95.116442828995218, 27.454513517174544 ], [ 95.116240565491637, 27.454516591361728 ] ], [ [ 95.105102312420826, 27.453963468561575 ], [ 95.105311432473641, 27.454321286225117 ], [ 95.105304576370543, 27.453960410603134 ], [ 95.105102312420826, 27.453963468561575 ] ], [ [ 95.10731348913805, 27.453208064516978 ], [ 95.107519182945268, 27.453385441001323 ], [ 95.107515751421332, 27.453205003425424 ], [ 95.10731348913805, 27.453208064516978 ] ], [ [ 95.111759813585024, 27.452960215651714 ], [ 95.111965513559539, 27.453137585194362 ], [ 95.111962074835517, 27.452957148130039 ], [ 95.111759813585024, 27.452960215651714 ] ], [ [ 95.111348415608319, 27.452605475530135 ], [ 95.111554114267946, 27.452782845763632 ], [ 95.111550676265438, 27.45260240864215 ], [ 95.111348415608319, 27.452605475530135 ] ], [ [ 95.103648786523735, 27.452000047711717 ], [ 95.103854472464135, 27.45217743009767 ], [ 95.103851047080866, 27.451996992064387 ], [ 95.103648786523735, 27.452000047711717 ] ] ] } },
{ "type": "Feature", "properties": { "rank": 34, "class": "Bank erosion (stable land to water)", "source": "change", "area_ha": 9.84, "mean_soil_loss_t_ha_yr": null, "max_retreat_m": 100.0, "retreat_m_per_yr": 16.7, "mean_probability": null, "model_agreement": null, "confidence": "High", "confidence_score": 0.985, "population": 1315.0, "built_ha": 0.37, "crop_ha": 93.6, "road_km": 5.56, "embankment_km": 0.0, "facilities": 0.0, "nearest_place": "Tengakhat", "nearest_place_km": 4.5, "exposure_index": 0.486, "hazard_score": 2.347, "priority_score": 1.503, "lat": 27.343032, "lon": 95.153691 }, "geometry": { "type": "Polygon", "coordinates": [ [ [ 95.157068682017822, 27.348305015111773 ], [ 95.154831995160549, 27.347617602532676 ], [ 95.154211836441974, 27.346905218552696 ], [ 95.153807710939262, 27.346911453774343 ], [ 95.153177093260396, 27.345657759625855 ], [ 95.152511606634619, 27.342599710389138 ], [ 95.152462774533006, 27.340073617848184 ], [ 95.152988693198751, 27.335914262881435 ], [ 95.153626224132751, 27.337528833125983 ], [ 95.153058459931984, 27.339522967104376 ], [ 95.153776293460098, 27.34528753964398 ], [ 95.154187395820514, 27.345642174599952 ], [ 95.154406915293109, 27.346541230876383 ], [ 95.154811039292795, 27.346534993998617 ], [ 95.155229136225472, 27.347250494804189 ], [ 95.157054696403577, 27.347583277245498 ], [ 95.157068682017822, 27.348305015111773 ] ] ] } },
{ "type": "Feature", "properties": { "rank": 35, "class": "Vegetation loss", "source": "change", "area_ha": 19.52, "mean_soil_loss_t_ha_yr": null, "max_retreat_m": null, "retreat_m_per_yr": null, "mean_probability": null, "model_agreement": null, "confidence": "Not assessed", "confidence_score": null, "population": 3540.0, "built_ha": 34.19, "crop_ha": 86.63, "road_km": 25.07, "embankment_km": 0.0, "facilities": 0.0, "nearest_place": "Dibrugarh", "nearest_place_km": 5.9, "exposure_index": 0.75, "hazard_score": 1.813, "priority_score": 1.496, "lat": 27.434761, "lon": 94.922038 }, "geometry": { "type": "Polygon", "coordinates": [ [ [ 94.919360101016622, 27.442026973270639 ], [ 94.919534250544075, 27.440400057026789 ], [ 94.918933709167021, 27.440769334747841 ], [ 94.918921217730116, 27.440047499246713 ], [ 94.919325741213697, 27.440041926305142 ], [ 94.919521755396048, 27.439678221742 ], [ 94.919503013547327, 27.438595468664722 ], [ 94.919098495380354, 27.438601041851062 ], [ 94.919499890007756, 27.438415009800995 ], [ 94.919468656213098, 27.436610420888584 ], [ 94.919064145275797, 27.43661599360491 ], [ 94.919057900180576, 27.436255075676943 ], [ 94.919658417620852, 27.435885798470945 ], [ 94.919642800754289, 27.434983503833912 ], [ 94.920037933860257, 27.43443655302864 ], [ 94.920025438611788, 27.433714717339889 ], [ 94.920423689979671, 27.43334822458603 ], [ 94.920411192801581, 27.432626388948208 ], [ 94.919798202031117, 27.432273832593943 ], [ 94.919791955704412, 27.431912914596765 ], [ 94.920000449512273, 27.432271045722263 ], [ 94.920404944387244, 27.432265471099278 ], [ 94.920398696089393, 27.431904553230332 ], [ 94.921814422635052, 27.431885033113225 ], [ 94.922019795930467, 27.432062702118152 ], [ 94.921820675532274, 27.432245950682795 ], [ 94.922029176393025, 27.432604078385815 ], [ 94.922835039325278, 27.432412457402254 ], [ 94.922844423905119, 27.43295383338312 ], [ 94.923242662862677, 27.432587333149154 ], [ 94.923049800843543, 27.433131500656597 ], [ 94.923861925222695, 27.433300790755435 ], [ 94.924263292352066, 27.433114746238214 ], [ 94.923849405703876, 27.432578956572485 ], [ 94.924253900785487, 27.43257337072199 ], [ 94.924247639886971, 27.432212453686155 ], [ 94.924658395750384, 27.432567783698655 ], [ 94.924854380319388, 27.432204072839877 ], [ 94.924645871441882, 27.431845949778335 ], [ 94.924639609462702, 27.431485032788149 ], [ 94.925044100368623, 27.431479444849082 ], [ 94.924636478516888, 27.431304574285555 ], [ 94.924823067722087, 27.430399488003108 ], [ 94.926437880916254, 27.430196669553698 ], [ 94.926453549844112, 27.431098961202302 ], [ 94.926042794316217, 27.430743636430144 ], [ 94.925439194465781, 27.430932480471554 ], [ 94.925454855765068, 27.431834772556002 ], [ 94.925252609728048, 27.431837567301383 ], [ 94.925262005872383, 27.432378942556291 ], [ 94.924860643189078, 27.432564989747178 ], [ 94.924474933649549, 27.433653328215819 ], [ 94.926513098429808, 27.434527668325956 ], [ 94.92711985071189, 27.434519276967524 ], [ 94.92711357997176, 27.434158360641955 ], [ 94.927518080032797, 27.434152765022652 ], [ 94.927726602730971, 27.434510882970002 ], [ 94.927325237156609, 27.434696937395408 ], [ 94.927732875559371, 27.434871799146826 ], [ 94.926313981710322, 27.434710923100035 ], [ 94.922645303440717, 27.433137083116989 ], [ 94.92264217551768, 27.432956624445303 ], [ 94.922032303272161, 27.432784537131695 ], [ 94.921823802024591, 27.432426409460074 ], [ 94.921011686481307, 27.432257106965746 ], [ 94.920821938719172, 27.43298173081028 ], [ 94.921229561612719, 27.433156612492013 ], [ 94.921425558658242, 27.432792905855855 ], [ 94.921232687265103, 27.433337071308443 ], [ 94.922243933216407, 27.433323123113986 ], [ 94.923264565427516, 27.433850543366411 ], [ 94.923665935601335, 27.433664500430805 ], [ 94.923675324736109, 27.434205876049695 ], [ 94.923273952678457, 27.434391919098754 ], [ 94.923286469421342, 27.435113753338488 ], [ 94.922502484529915, 27.436568588125233 ], [ 94.921491209152649, 27.436582539711214 ], [ 94.920875067105229, 27.436049530821247 ], [ 94.91986379549158, 27.436063470356135 ], [ 94.919683406121095, 27.43732946963005 ], [ 94.920087919512611, 27.437323894983184 ], [ 94.920094168243253, 27.437684812637453 ], [ 94.919686529814612, 27.437509928502433 ], [ 94.919695901069886, 27.438051305089534 ], [ 94.920100417090367, 27.438045730271696 ], [ 94.920106666053968, 27.438406647885937 ], [ 94.919708396484467, 27.438773140468971 ], [ 94.919720892364865, 27.439494975768348 ], [ 94.920533060163379, 27.439664283002429 ], [ 94.919724016407741, 27.439675434580685 ], [ 94.919528002911832, 27.440039139394397 ], [ 94.919742761276453, 27.440758187349633 ], [ 94.920147287156496, 27.440752611890645 ], [ 94.920355800547398, 27.441110741142566 ], [ 94.919745885523142, 27.440938646126952 ], [ 94.919360101016622, 27.442026973270639 ] ], [ [ 94.919260155006569, 27.436252289508136 ], [ 94.919465532993726, 27.436429961969832 ], [ 94.919462409803458, 27.436249503046067 ], [ 94.919260155006569, 27.436252289508136 ] ], [ [ 94.920831313705051, 27.433523107387867 ], [ 94.921042939574079, 27.434061695368893 ], [ 94.921033563340401, 27.433520318900481 ], [ 94.920831313705051, 27.433523107387867 ] ], [ [ 94.920625939344717, 27.433345436706464 ], [ 94.920831313705051, 27.433523107387867 ], [ 94.92082818868063, 27.433342648533674 ], [ 94.920625939344717, 27.433345436706464 ] ], [ [ 94.921030437987426, 27.433339860067665 ], [ 94.92123581294662, 27.433517530119868 ], [ 94.921232687265103, 27.433337071308443 ], [ 94.921030437987426, 27.433339860067665 ] ], [ [ 94.923861925222695, 27.433300790755435 ], [ 94.924067304373438, 27.433478456402948 ], [ 94.924064174092237, 27.433297997891135 ], [ 94.923861925222695, 27.433300790755435 ] ], [ [ 94.920404944387244, 27.432265471099278 ], [ 94.920610316302188, 27.432443142253558 ], [ 94.920607191781059, 27.432262683347972 ], [ 94.920404944387244, 27.432265471099278 ] ], [ [ 94.92161530217858, 27.432068281389665 ], [ 94.921820675532274, 27.432245950682795 ], [ 94.92181754906909, 27.432065491900513 ], [ 94.92161530217858, 27.432068281389665 ] ], [ [ 94.924844986233751, 27.431662697441382 ], [ 94.925252609728048, 27.431837567301383 ], [ 94.925249477738319, 27.431657108873075 ], [ 94.924844986233751, 27.431662697441382 ] ] ] } },
{ "type": "Feature", "properties": { "rank": 36, "class": "Vegetation loss", "source": "change", "area_ha": 26.4, "mean_soil_loss_t_ha_yr": null, "max_retreat_m": null, "retreat_m_per_yr": null, "mean_probability": null, "model_agreement": null, "confidence": "Not assessed", "confidence_score": null, "population": 1705.0, "built_ha": 0.2, "crop_ha": 57.43, "road_km": 4.88, "embankment_km": 0.94, "facilities": 0.0, "nearest_place": "Dibrugarh", "nearest_place_km": 3.7, "exposure_index": 0.646, "hazard_score": 1.986, "priority_score": 1.494, "lat": 27.466751, "lon": 94.870204 }, "geometry": { "type": "Polygon", "coordinates": [ [ [ 94.874503675870315, 27.469352447593845 ], [ 94.872066677224538, 27.468843729869459 ], [ 94.871055077804044, 27.46885733015155 ], [ 94.870644341864377, 27.468501841819204 ], [ 94.870040430660552, 27.468690459836651 ], [ 94.870236655815148, 27.468326815374294 ], [ 94.869421287411356, 27.467976758695382 ], [ 94.869001424439915, 27.467079874876795 ], [ 94.869013605056821, 27.467801728461435 ], [ 94.867591290757872, 27.467459808015235 ], [ 94.866775936304734, 27.467109735057956 ], [ 94.865332363390479, 27.465504544264604 ], [ 94.866340894962391, 27.465310523349729 ], [ 94.866531045742207, 27.464585956189051 ], [ 94.868753439144655, 27.464375638941515 ], [ 94.869571824177498, 27.464906164540235 ], [ 94.870994110022409, 27.465248066193165 ], [ 94.87161019741572, 27.465781297688668 ], [ 94.87200872629208, 27.465414931136078 ], [ 94.872618717622132, 27.465587231704433 ], [ 94.873243970108845, 27.466661844455224 ], [ 94.873651654062414, 27.466836862197258 ], [ 94.874491458679429, 27.468630596439759 ], [ 94.874503675870315, 27.469352447593845 ] ] ] } },
{ "type": "Feature", "properties": { "rank": 37, "class": "Bank erosion (stable land to water)", "source": "change", "area_ha": 15.64, "mean_soil_loss_t_ha_yr": null, "max_retreat_m": 556.0, "retreat_m_per_yr": 92.6, "mean_probability": null, "model_agreement": null, "confidence": "High", "confidence_score": 1.0, "population": 646.0, "built_ha": 0.16, "crop_ha": 82.83, "road_km": 1.8, "embankment_km": 0.0, "facilities": 0.0, "nearest_place": "Amguri Bali", "nearest_place_km": 18.8, "exposure_index": 0.326, "hazard_score": 2.812, "priority_score": 1.485, "lat": 27.315024, "lon": 94.625582 }, "geometry": { "type": "Polygon", "coordinates": [ [ [ 94.627810473277165, 27.317570063663695 ], [ 94.624154783977559, 27.316348950724208 ], [ 94.623335994973559, 27.31563637855794 ], [ 94.623700705183865, 27.312924318161539 ], [ 94.624309523498809, 27.313097764986487 ], [ 94.624498439454868, 27.312192961402157 ], [ 94.624705760638889, 27.312551594491641 ], [ 94.625514009645357, 27.312542195989909 ], [ 94.625524534216325, 27.313264159540104 ], [ 94.626537484293806, 27.313432895268765 ], [ 94.626957413134789, 27.314511135556224 ], [ 94.627765675435896, 27.314501723415272 ], [ 94.6277867558873, 27.31594564841436 ], [ 94.627180551356233, 27.315952708392349 ], [ 94.627185819754459, 27.316313689701758 ], [ 94.627792026246169, 27.316306629615156 ], [ 94.627802567259124, 27.317028591957992 ], [ 94.627196356846056, 27.317035652261811 ], [ 94.627805202573867, 27.317209082531456 ], [ 94.627810473277165, 27.317570063663695 ] ], [ [ 94.626792216447711, 27.317040357671324 ], [ 94.627196356846056, 27.317035652261811 ], [ 94.62718845399047, 27.31649418034911 ], [ 94.626784315552825, 27.316498885650056 ], [ 94.626792216447711, 27.317040357671324 ] ] ] } },
{ "type": "Feature", "properties": { "rank": 38, "class": "Likely bank erosion (AI prediction)", "source": "ai", "area_ha": 77.96, "mean_soil_loss_t_ha_yr": null, "max_retreat_m": null, "retreat_m_per_yr": null, "mean_probability": 0.463, "model_agreement": 0.879, "confidence": "Medium", "confidence_score": null, "population": 1508.0, "built_ha": 0.0, "crop_ha": 8.16, "road_km": 0.0, "embankment_km": 0.0, "facilities": 0.0, "nearest_place": "Dibrugarh", "nearest_place_km": 4.6, "exposure_index": 0.295, "hazard_score": 2.628, "priority_score": 1.331, "lat": 27.514179, "lon": 94.868954 }, "geometry": { "type": "Polygon", "coordinates": [ [ [ 94.864813194150827, 27.518760166176314 ], [ 94.864660981174097, 27.509737035029829 ], [ 94.870732831121984, 27.50965549058316 ], [ 94.870738938073941, 27.510016414820523 ], [ 94.871137620209637, 27.509650044872163 ], [ 94.87094438714027, 27.510194154160793 ], [ 94.871769245313772, 27.511085570094963 ], [ 94.871956364452174, 27.510180535893099 ], [ 94.872361155177813, 27.510175086526552 ], [ 94.871950253484698, 27.509819611915859 ], [ 94.872149592431015, 27.509636425446132 ], [ 94.872563550497944, 27.51017236140197 ], [ 94.873170736287577, 27.510164184262965 ], [ 94.873379247193625, 27.510522381626775 ], [ 94.874394285638886, 27.510689207218597 ], [ 94.87441264348962, 27.511771977438169 ], [ 94.874210245456609, 27.511774705398516 ], [ 94.873811566837119, 27.512141083928345 ], [ 94.873817684483001, 27.512502007400151 ], [ 94.873412885578233, 27.512507461428225 ], [ 94.873621402144806, 27.512865658054871 ], [ 94.873231891812154, 27.513773420433072 ], [ 94.872621629170439, 27.51360113700018 ], [ 94.872633857568658, 27.514322984264673 ], [ 94.872026648758009, 27.514331160194821 ], [ 94.871618787249503, 27.514156147430715 ], [ 94.871612676349955, 27.513795223589934 ], [ 94.872017480386262, 27.513789774566241 ], [ 94.872008312270609, 27.513248388892688 ], [ 94.871600454892217, 27.5130733758484 ], [ 94.871201762733889, 27.513439747492448 ], [ 94.871413329394727, 27.513978409604132 ], [ 94.871011579001959, 27.514164318884422 ], [ 94.871017688035536, 27.514525242830281 ], [ 94.870606773361388, 27.514169765048919 ], [ 94.870205020789825, 27.514355672095164 ], [ 94.870214180508555, 27.514897058241523 ], [ 94.870818338799026, 27.514708428087626 ], [ 94.870431853136139, 27.51579664585142 ], [ 94.870643421349797, 27.516335308924472 ], [ 94.871253696821043, 27.516507600380692 ], [ 94.871259807254077, 27.516868524154962 ], [ 94.872072494458237, 27.517038087663138 ], [ 94.872060268312126, 27.516316240448187 ], [ 94.872667488012056, 27.516308063829783 ], [ 94.87287601017789, 27.516666261152341 ], [ 94.87348323151619, 27.51665808087732 ], [ 94.873489349266208, 27.517019004182735 ], [ 94.874906202678673, 27.516999906281963 ], [ 94.874933754754736, 27.518624059593648 ], [ 94.872100004951804, 27.518662243604414 ], [ 94.872090834531164, 27.518120858335624 ], [ 94.871492772125166, 27.518670418387419 ], [ 94.86906383825891, 27.518703091031039 ], [ 94.869057734517696, 27.518342166898389 ], [ 94.868248091626384, 27.518353048194928 ], [ 94.867837170343108, 27.517997562674932 ], [ 94.868033480291587, 27.517633919041742 ], [ 94.867223842112736, 27.517644794119146 ], [ 94.867229939686226, 27.518005718666345 ], [ 94.868254192727321, 27.518713972494105 ], [ 94.864813194150827, 27.518760166176314 ] ], [ [ 94.866819022852994, 27.51765022989202 ], [ 94.867027529410507, 27.518008436741535 ], [ 94.867021432497054, 27.517647512152735 ], [ 94.866819022852994, 27.51765022989202 ] ], [ [ 94.868036530384231, 27.517814381234626 ], [ 94.868241990639049, 27.517992123875771 ], [ 94.868238940187993, 27.517811661708699 ], [ 94.868036530384231, 27.517814381234626 ] ], [ [ 94.867018384082911, 27.517467049850847 ], [ 94.867223842112736, 27.517644794119146 ], [ 94.86722079336856, 27.517464331838056 ], [ 94.867018384082911, 27.517467049850847 ] ], [ [ 94.870229447275008, 27.515799368385526 ], [ 94.870434906904691, 27.515977107844407 ], [ 94.870431853136139, 27.51579664585142 ], [ 94.870229447275008, 27.515799368385526 ] ], [ [ 94.871799799981545, 27.51289018964005 ], [ 94.872005256288944, 27.513067926991507 ], [ 94.872002200335771, 27.512887465085328 ], [ 94.871799799981545, 27.51289018964005 ] ], [ [ 94.874004788341935, 27.511596971332125 ], [ 94.874210245456609, 27.511774705398516 ], [ 94.874207186073519, 27.511594243686869 ], [ 94.874004788341935, 27.511596971332125 ] ], [ [ 94.873995611353294, 27.511055586104572 ], [ 94.874201067392789, 27.511233320248589 ], [ 94.874198008095149, 27.51105285852195 ], [ 94.873995611353294, 27.511055586104572 ] ], [ [ 94.873590817784148, 27.511061040387165 ], [ 94.873995611353294, 27.511055586104572 ], [ 94.873992552414038, 27.510875124352062 ], [ 94.873787097392736, 27.510697389841216 ], [ 94.873382305086224, 27.510702843451888 ], [ 94.873590817784148, 27.511061040387165 ] ], [ [ 94.873176851327571, 27.510525107969922 ], [ 94.873382305086224, 27.510702843451888 ], [ 94.873379247193625, 27.510522381626775 ], [ 94.873176851327571, 27.510525107969922 ] ], [ [ 94.8729713982287, 27.510347372147013 ], [ 94.873176851327571, 27.510525107969922 ], [ 94.873173793793342, 27.510344646118941 ], [ 94.8729713982287, 27.510347372147013 ] ] ] } },
{ "type": "Feature", "properties": { "rank": 39, "class": "Likely bank erosion (AI prediction)", "source": "ai", "area_ha": 66.44, "mean_soil_loss_t_ha_yr": null, "max_retreat_m": null, "retreat_m_per_yr": null, "mean_probability": 0.479, "model_agreement": 0.861, "confidence": "Medium", "confidence_score": null, "population": 1130.0, "built_ha": 0.0, "crop_ha": 22.24, "road_km": 0.0, "embankment_km": 0.0, "facilities": 0.0, "nearest_place": "Naguli Ghat", "nearest_place_km": 6.6, "exposure_index": 0.281, "hazard_score": 2.621, "priority_score": 1.302, "lat": 27.548137, "lon": 94.95231 }, "geometry": { "type": "Polygon", "coordinates": [ [ [ 94.955117675288946, 27.553619158045731 ], [ 94.955108084113519, 27.5530778018157 ], [ 94.954703155809298, 27.553083500090938 ], [ 94.954494299627697, 27.552725444477332 ], [ 94.953684445187847, 27.552736836138525 ], [ 94.953269935985148, 27.552201173307619 ], [ 94.952868203695232, 27.552387318407082 ], [ 94.951242116557353, 27.552049172760491 ], [ 94.951004563164929, 27.550067037965764 ], [ 94.951823973111701, 27.550597020464334 ], [ 94.952219317216361, 27.550049973648779 ], [ 94.951403100242231, 27.549700445905774 ], [ 94.951001373281784, 27.549886585358315 ], [ 94.950991803810467, 27.549345227505807 ], [ 94.950178784028068, 27.549176144761741 ], [ 94.95017240723223, 27.548815239317683 ], [ 94.949770681089262, 27.549001375172629 ], [ 94.949558661695889, 27.548462857911623 ], [ 94.94915374897478, 27.548468539143837 ], [ 94.949754742775426, 27.548099111282369 ], [ 94.948540008399931, 27.548116152950566 ], [ 94.948748836135067, 27.548474219197487 ], [ 94.948337552566912, 27.548118992197374 ], [ 94.947730184889991, 27.54812750816998 ], [ 94.946923543882633, 27.548319311767234 ], [ 94.946325720725596, 27.548869181058624 ], [ 94.946252540512603, 27.544718757520926 ], [ 94.954148062721714, 27.544607939579663 ], [ 94.954356900723994, 27.544965996963985 ], [ 94.95598288920344, 27.545304111383583 ], [ 94.956384590636034, 27.545117958706616 ], [ 94.956534930358217, 27.553599204341914 ], [ 94.955117675288946, 27.553619158045731 ] ], [ [ 94.952222509112261, 27.550230426120731 ], [ 94.952428160603503, 27.550408033460016 ], [ 94.952424968347387, 27.550227581014841 ], [ 94.952222509112261, 27.550230426120731 ] ] ] } },
{ "type": "Feature", "properties": { "rank": 40, "class": "Likely bank erosion (AI prediction)", "source": "ai", "area_ha": 71.28, "mean_soil_loss_t_ha_yr": null, "max_retreat_m": null, "retreat_m_per_yr": null, "mean_probability": 0.516, "model_agreement": 0.817, "confidence": "Medium", "confidence_score": null, "population": 952.0, "built_ha": 0.0, "crop_ha": 17.01, "road_km": 0.0, "embankment_km": 0.0, "facilities": 0.0, "nearest_place": "Dibrugarh", "nearest_place_km": 5.4, "exposure_index": 0.23, "hazard_score": 2.781, "priority_score": 1.282, "lat": 27.496088, "lon": 94.849288 }, "geometry": { "type": "Polygon", "coordinates": [ [ [ 94.84933033959409, 27.500916516497998 ], [ 94.849324304843179, 27.500555587390757 ], [ 94.849931445886085, 27.500547514273499 ], [ 94.849720011672488, 27.500008812032039 ], [ 94.850124770305015, 27.500003429195178 ], [ 94.849511597184673, 27.499650573893415 ], [ 94.849707940207196, 27.499286953862661 ], [ 94.848898427880584, 27.499297715677677 ], [ 94.848901444385859, 27.499478180309897 ], [ 94.848088915104526, 27.499308472787298 ], [ 94.848297324400946, 27.499666713334001 ], [ 94.847487808650087, 27.499677467079234 ], [ 94.847883522011728, 27.499130696589354 ], [ 94.848288277852646, 27.499125319252055 ], [ 94.848276216181404, 27.498403460406308 ], [ 94.846856566439271, 27.498241810496211 ], [ 94.848674937286333, 27.498037152686937 ], [ 94.848665889518045, 27.497495758593857 ], [ 94.847859404393873, 27.497686978488726 ], [ 94.847847346258717, 27.496965119318723 ], [ 94.846630089315354, 27.496800777862788 ], [ 94.846448801150345, 27.498066718596558 ], [ 94.845439930669826, 27.498260610900349 ], [ 94.845838661188949, 27.497894310870187 ], [ 94.844826781232683, 27.497907733643238 ], [ 94.845225512691556, 27.497541435316453 ], [ 94.844820761943737, 27.497546803461265 ], [ 94.844204609855836, 27.497013457977719 ], [ 94.844120381625956, 27.491960431191682 ], [ 94.850798420161979, 27.491871756549944 ], [ 94.851840445756807, 27.493662938120004 ], [ 94.852245180693103, 27.493657550257023 ], [ 94.852048855084306, 27.494021173244679 ], [ 94.852468699684806, 27.494918106690477 ], [ 94.852873439067167, 27.494912716774536 ], [ 94.852888551469192, 27.495815038422812 ], [ 94.853900407673763, 27.495801557971404 ], [ 94.853704084284317, 27.496165183109031 ], [ 94.853921577757347, 27.497064807346995 ], [ 94.854326324657436, 27.497059412819038 ], [ 94.854341450287563, 27.497961733445436 ], [ 94.8539367000906, 27.497967128179898 ], [ 94.853743397698707, 27.498511217607838 ], [ 94.854350526003714, 27.498503125761403 ], [ 94.854389857037134, 27.500849158611715 ], [ 94.84933033959409, 27.500916516497998 ] ], [ [ 94.848490655730984, 27.499122630142285 ], [ 94.848898427880584, 27.499297715677677 ], [ 94.848895411403404, 27.499117251040474 ], [ 94.848490655730984, 27.499122630142285 ] ] ] } },
{ "type": "Feature", "properties": { "rank": 41, "class": "Likely bank erosion (AI prediction)", "source": "ai", "area_ha": 43.6, "mean_soil_loss_t_ha_yr": null, "max_retreat_m": null, "retreat_m_per_yr": null, "mean_probability": 0.424, "model_agreement": 0.928, "confidence": "Medium", "confidence_score": null, "population": 1805.0, "built_ha": 0.0, "crop_ha": 30.14, "road_km": 0.0, "embankment_km": 0.0, "facilities": 0.0, "nearest_place": "Dibrugarh", "nearest_place_km": 3.1, "exposure_index": 0.429, "hazard_score": 2.092, "priority_score": 1.256, "lat": 27.477509, "lon": 94.871547 }, "geometry": { "type": "Polygon", "coordinates": [ [ [ 94.870474429340604, 27.482402933402653 ], [ 94.870468330425197, 27.482042007678736 ], [ 94.870063642153013, 27.482047446426598 ], [ 94.870051447298323, 27.481325594752246 ], [ 94.87045613293526, 27.481320156170998 ], [ 94.870446985116033, 27.480778767487777 ], [ 94.870030107395905, 27.480062354129924 ], [ 94.869416990761579, 27.479709583298732 ], [ 94.869371282757072, 27.477002637197703 ], [ 94.868957473787148, 27.476466682361469 ], [ 94.869356048174765, 27.476100321581121 ], [ 94.868537577967928, 27.47556979959737 ], [ 94.868316975275036, 27.474489736105685 ], [ 94.867912314100607, 27.474495167228863 ], [ 94.867906225587177, 27.474134240566151 ], [ 94.867302278843255, 27.474322848319144 ], [ 94.867093862635272, 27.473964635698927 ], [ 94.865876842785298, 27.47380045104185 ], [ 94.871741338321996, 27.473541209399347 ], [ 94.871949768251795, 27.473899414367107 ], [ 94.872553703544625, 27.473710786938607 ], [ 94.873378283564179, 27.474602210681791 ], [ 94.874190658584368, 27.474771778123422 ], [ 94.874300640816301, 27.481268431026265 ], [ 94.873089640417064, 27.481465239356027 ], [ 94.873092694057604, 27.481645701964485 ], [ 94.871480050608582, 27.482028405666536 ], [ 94.871483101699141, 27.482208868426824 ], [ 94.871078413052203, 27.482214310154955 ], [ 94.871081463512368, 27.482394772951917 ], [ 94.870474429340604, 27.482402933402653 ] ], [ [ 94.870670674518692, 27.482039287864012 ], [ 94.871078413052203, 27.482214310154955 ], [ 94.871075362620459, 27.482033847352994 ], [ 94.870670674518692, 27.482039287864012 ] ], [ [ 94.869144575359016, 27.475561649453464 ], [ 94.86934995454051, 27.475739395299549 ], [ 94.869346907765959, 27.475558932151277 ], [ 94.869144575359016, 27.475561649453464 ] ], [ [ 94.868739910460008, 27.475567083176511 ], [ 94.869144575359016, 27.475561649453464 ], [ 94.869141528942151, 27.475381186279392 ], [ 94.868733818971847, 27.475206156740114 ], [ 94.868739910460008, 27.475567083176511 ] ], [ [ 94.868522351106819, 27.474667483364911 ], [ 94.869129343558456, 27.474659333533161 ], [ 94.869123251036882, 27.474298407130107 ], [ 94.868307840571731, 27.473948346228934 ], [ 94.868522351106819, 27.474667483364911 ] ], [ [ 94.867697807874563, 27.473776028921215 ], [ 94.868105510986553, 27.473951061874999 ], [ 94.86810246647147, 27.473770598551958 ], [ 94.867697807874563, 27.473776028921215 ] ] ] } },
{ "type": "Feature", "properties": { "rank": 42, "class": "Likely bank erosion (AI prediction)", "source": "ai", "area_ha": 76.2, "mean_soil_loss_t_ha_yr": null, "max_retreat_m": null, "retreat_m_per_yr": null, "mean_probability": 0.521, "model_agreement": 0.81, "confidence": "Medium", "confidence_score": null, "population": 974.0, "built_ha": 0.0, "crop_ha": 9.55, "road_km": 0.0, "embankment_km": 0.0, "facilities": 0.0, "nearest_place": "Majarbari Ghat", "nearest_place_km": 5.5, "exposure_index": 0.206, "hazard_score": 2.823, "priority_score": 1.254, "lat": 27.548825, "lon": 94.930273 }, "geometry": { "type": "Polygon", "coordinates": [ [ [ 94.926164861292136, 27.554023622968657 ], [ 94.926007406428795, 27.545000858631589 ], [ 94.936130010288835, 27.544860176329838 ], [ 94.936224970140117, 27.550273804163822 ], [ 94.935816882473787, 27.550098992659727 ], [ 94.935794727637145, 27.548835812898975 ], [ 94.934168732924363, 27.548497461748489 ], [ 94.933362060569166, 27.548689187911105 ], [ 94.93337154333598, 27.549230551486897 ], [ 94.93175502324786, 27.549433535974813 ], [ 94.931356418126697, 27.549800074967344 ], [ 94.931963800907653, 27.549791630076388 ], [ 94.931770815373795, 27.550335809336882 ], [ 94.932175739122727, 27.550330178396422 ], [ 94.932185216734197, 27.55087154222425 ], [ 94.93259014234873, 27.550865909975911 ], [ 94.932596462225547, 27.551226819083226 ], [ 94.933412638384823, 27.551576459793015 ], [ 94.93342528401547, 27.552298277562606 ], [ 94.932204172750943, 27.551954269744318 ], [ 94.932409797325775, 27.552131908185878 ], [ 94.932213651156246, 27.552495633436553 ], [ 94.932422436698161, 27.552853726325939 ], [ 94.931808719474176, 27.552501264893657 ], [ 94.930998855757338, 27.552512524271439 ], [ 94.931416420670729, 27.553228713702357 ], [ 94.931011486108943, 27.55323434297399 ], [ 94.931017801461053, 27.553595252295128 ], [ 94.930815333474925, 27.553598066531908 ], [ 94.930821648283384, 27.553958975876 ], [ 94.926164861292136, 27.554023622968657 ] ], [ [ 94.930609708429827, 27.553420425772888 ], [ 94.930815333474925, 27.553598066531908 ], [ 94.930812176114756, 27.553417611852332 ], [ 94.930609708429827, 27.553420425772888 ] ], [ [ 94.930597080605295, 27.552698606918312 ], [ 94.931008328476963, 27.553053888305882 ], [ 94.931002013301153, 27.552692978954607 ], [ 94.930597080605295, 27.552698606918312 ] ], [ [ 94.931805560637486, 27.552320810291537 ], [ 94.932213651156246, 27.552495633436553 ], [ 94.93221049165841, 27.552315178877496 ], [ 94.931805560637486, 27.552320810291537 ] ], [ [ 94.931135013156265, 27.548720160814362 ], [ 94.933362060569166, 27.548689187911105 ], [ 94.933558196890019, 27.548325461392164 ], [ 94.931530457553578, 27.548173167826963 ], [ 94.931128698729751, 27.548359251265097 ], [ 94.931135013156265, 27.548720160814362 ] ] ] } },
{ "type": "Feature", "properties": { "rank": 43, "class": "Likely bank erosion (AI prediction)", "source": "ai", "area_ha": 73.0, "mean_soil_loss_t_ha_yr": null, "max_retreat_m": null, "retreat_m_per_yr": null, "mean_probability": 0.475, "model_agreement": 0.843, "confidence": "Medium", "confidence_score": null, "population": 1232.0, "built_ha": 0.0, "crop_ha": 7.01, "road_km": 0.0, "embankment_km": 0.0, "facilities": 0.0, "nearest_place": "Majarbari Ghat", "nearest_place_km": 6.0, "exposure_index": 0.242, "hazard_score": 2.656, "priority_score": 1.247, "lat": 27.541297, "lon": 94.9207 }, "geometry": { "type": "Polygon", "coordinates": [ [ [ 94.915884729316559, 27.545140804406131 ], [ 94.915797049157703, 27.540088020934416 ], [ 94.916407516120671, 27.54026010330788 ], [ 94.916413780271938, 27.540621016405282 ], [ 94.916012019823455, 27.540807056200311 ], [ 94.916024545949341, 27.541528882485657 ], [ 94.916432573425411, 27.541703755577107 ], [ 94.916236389461034, 27.542067460517931 ], [ 94.91724863207989, 27.54205349795382 ], [ 94.917650394617496, 27.541867454488198 ], [ 94.917441678677434, 27.541509335344365 ], [ 94.919874183624515, 27.541656248530838 ], [ 94.91965291132901, 27.540576308299208 ], [ 94.920468970408677, 27.540926031712665 ], [ 94.920661999223896, 27.540381865454332 ], [ 94.919849081388136, 27.540212599168004 ], [ 94.919434780919815, 27.539676823586522 ], [ 94.921253634378715, 27.539471189694474 ], [ 94.92124421493503, 27.538929821489781 ], [ 94.920434445698561, 27.538941014241235 ], [ 94.919634087510019, 27.539493570998257 ], [ 94.919026756952377, 27.539501959127168 ], [ 94.919235473668891, 27.539860075918003 ], [ 94.918827449283526, 27.539685210895943 ], [ 94.918634412256651, 27.540229375055372 ], [ 94.919039302083917, 27.540223784271138 ], [ 94.919248020355425, 27.540581900936317 ], [ 94.918235792410627, 27.540595877374283 ], [ 94.918646955212282, 27.540951200290106 ], [ 94.918039616288027, 27.540959584513761 ], [ 94.918030212000915, 27.540418215402877 ], [ 94.918637547951789, 27.54040983137158 ], [ 94.918431967299256, 27.540232170005652 ], [ 94.918625005346399, 27.539688006076648 ], [ 94.917818363592161, 27.539879640270733 ], [ 94.917808960821276, 27.539338271005462 ], [ 94.917606517398951, 27.539341064670694 ], [ 94.917615919178772, 27.539882434000063 ], [ 94.91721416358871, 27.540068477050873 ], [ 94.917008585763611, 27.53989081342073 ], [ 94.917404073947466, 27.539343858041384 ], [ 94.916999186957, 27.539349443899116 ], [ 94.916401252086004, 27.539899190190422 ], [ 94.915793918146036, 27.539907564309139 ], [ 94.915943134466247, 27.536837010196642 ], [ 94.916148704674086, 27.537014675854476 ], [ 94.916547319663181, 27.536648179652932 ], [ 94.919384594026241, 27.536789522972608 ], [ 94.920390510270281, 27.536414627490664 ], [ 94.920599224798579, 27.536772742454492 ], [ 94.922430593322318, 27.5372889197977 ], [ 94.922835471468503, 27.537283318505857 ], [ 94.923031625595144, 27.53691960555177 ], [ 94.92303791049774, 27.537280517418164 ], [ 94.923445931624244, 27.537455370242036 ], [ 94.92324977806193, 27.537819083733631 ], [ 94.923243492323209, 27.537458171940191 ], [ 94.922231295379277, 27.537472176013189 ], [ 94.922642458001391, 27.537827487189524 ], [ 94.922651883855934, 27.538368855034857 ], [ 94.923053623266085, 27.538182796996328 ], [ 94.923670376118082, 27.538715759138569 ], [ 94.924277700694716, 27.538707350943316 ], [ 94.92448643227408, 27.539065459088484 ], [ 94.925909821202424, 27.539406738441169 ], [ 94.925922411262491, 27.540128560672219 ], [ 94.925517523423565, 27.540134171486056 ], [ 94.925726261902753, 27.540492277354748 ], [ 94.925318226057328, 27.540317432060732 ], [ 94.9255143765253, 27.539953715892914 ], [ 94.924698310751637, 27.539604022527261 ], [ 94.924293424543436, 27.539609629677841 ], [ 94.924302859203891, 27.540150996858351 ], [ 94.923695526698864, 27.540159405568055 ], [ 94.924913337381923, 27.540323041150163 ], [ 94.925122074355741, 27.54068114799972 ], [ 94.925935001791288, 27.540850382822985 ], [ 94.926007406428795, 27.545000858631589 ], [ 94.915884729316559, 27.545140804406131 ] ], [ [ 94.923919981503502, 27.54141979317172 ], [ 94.924328019586397, 27.541594642452257 ], [ 94.924324874436124, 27.541414186770581 ], [ 94.923919981503502, 27.54141979317172 ] ], [ [ 94.924530466339178, 27.541591838788396 ], [ 94.925337106255384, 27.541400165612817 ], [ 94.925735703940092, 27.541033644009602 ], [ 94.924922775366966, 27.540864408077471 ], [ 94.924929067503385, 27.541225319337261 ], [ 94.924321729315139, 27.541233731083889 ], [ 94.924530466339178, 27.541591838788396 ] ], [ [ 94.923508800884136, 27.541064486844707 ], [ 94.923913692612302, 27.541058881707571 ], [ 94.923904259495004, 27.540517514473702 ], [ 94.923496226095907, 27.540342663684733 ], [ 94.923692382773851, 27.539978949781929 ], [ 94.92328749495158, 27.539984554072781 ], [ 94.923296924832215, 27.540525921544685 ], [ 94.923704958649481, 27.540700772896326 ], [ 94.923508800884136, 27.541064486844707 ] ], [ [ 94.924084692428835, 27.539251521289685 ], [ 94.924293424543436, 27.539609629677841 ], [ 94.924287134916142, 27.539248718199087 ], [ 94.924084692428835, 27.539251521289685 ] ], [ [ 94.91740094040955, 27.539163401566871 ], [ 94.917606517398951, 27.539341064670694 ], [ 94.91760338353069, 27.539160608217546 ], [ 94.91740094040955, 27.539163401566871 ] ], [ [ 94.917360207070558, 27.536817466941795 ], [ 94.91756891290477, 27.537175586901874 ], [ 94.917562645897419, 27.536814673870182 ], [ 94.917360207070558, 27.536817466941795 ] ], [ [ 94.917967523463616, 27.536809086843427 ], [ 94.918173096682992, 27.536986749342528 ], [ 94.918169962202967, 27.536806292888279 ], [ 94.917967523463616, 27.536809086843427 ] ] ] } },
{ "type": "Feature", "properties": { "rank": 44, "class": "Likely bank erosion (AI prediction)", "source": "ai", "area_ha": 75.48, "mean_soil_loss_t_ha_yr": null, "max_retreat_m": null, "retreat_m_per_yr": null, "mean_probability": 0.572, "model_agreement": 0.697, "confidence": "Low", "confidence_score": null, "population": 1052.0, "built_ha": 0.0, "crop_ha": 2.62, "road_km": 0.0, "embankment_km": 0.0, "facilities": 0.0, "nearest_place": "Majarbari Ghat", "nearest_place_km": 5.3, "exposure_index": 0.194, "hazard_score": 2.817, "priority_score": 1.228, "lat": 27.548755, "lon": 94.921845 }, "geometry": { "type": "Polygon", "coordinates": [ [ [ 94.923330287703465, 27.554062897039625 ], [ 94.923121528258363, 27.553704789144074 ], [ 94.922716589969639, 27.553710394334889 ], [ 94.922504689450975, 27.5531718297939 ], [ 94.922099752970254, 27.55317743308786 ], [ 94.922093466885258, 27.552816521847561 ], [ 94.92168853160986, 27.552822123877004 ], [ 94.921682246964153, 27.552461212530964 ], [ 94.921277312894105, 27.552466813295922 ], [ 94.920660489779038, 27.55193384485527 ], [ 94.920242998066101, 27.551217619132942 ], [ 94.91963246447645, 27.551045557270541 ], [ 94.919626187026495, 27.550684645396132 ], [ 94.919423723019435, 27.550687442765007 ], [ 94.919426861399273, 27.550867898726104 ], [ 94.919224397032451, 27.550870695821683 ], [ 94.919015657228158, 27.550512580609819 ], [ 94.918613866699175, 27.55069862929366 ], [ 94.918810056134248, 27.550334921037972 ], [ 94.918401992539955, 27.550160056954983 ], [ 94.918395719348482, 27.549799144773818 ], [ 94.917993930180259, 27.549985191602754 ], [ 94.91798765836927, 27.549624279326068 ], [ 94.917582733825299, 27.549629868797734 ], [ 94.916965944250762, 27.549096882022038 ], [ 94.916959676036768, 27.548735969481545 ], [ 94.915941107199615, 27.548389020275852 ], [ 94.915884729316559, 27.545140804406131 ], [ 94.926007406428795, 27.545000858631589 ], [ 94.926164861292136, 27.554023622968657 ], [ 94.923330287703465, 27.554062897039625 ] ], [ [ 94.919218120963095, 27.550509783851695 ], [ 94.919423723019435, 27.550687442765007 ], [ 94.919420584668813, 27.55050698679889 ], [ 94.919218120963095, 27.550509783851695 ] ] ] } },
{ "type": "Feature", "properties": { "rank": 45, "class": "Likely bank erosion (AI prediction)", "source": "ai", "area_ha": 93.68, "mean_soil_loss_t_ha_yr": null, "max_retreat_m": null, "retreat_m_per_yr": null, "mean_probability": 0.475, "model_agreement": 0.788, "confidence": "Low", "confidence_score": null, "population": 929.0, "built_ha": 0.0, "crop_ha": 6.3, "road_km": 0.0, "embankment_km": 0.0, "facilities": 0.0, "nearest_place": "Naguli Ghat", "nearest_place_km": 5.8, "exposure_index": 0.186, "hazard_score": 2.808, "priority_score": 1.208, "lat": 27.549117, "lon": 94.961448 }, "geometry": { "type": "Polygon", "coordinates": [ [ [ 94.956534930358217, 27.553599204341914 ], [ 94.95638139263292, 27.544937506551108 ], [ 94.956991938619751, 27.54510940577282 ], [ 94.957393637471483, 27.544923250297494 ], [ 94.956982341725933, 27.544568049487406 ], [ 94.958804375147878, 27.544542375366969 ], [ 94.958810778994746, 27.544903279169635 ], [ 94.959215676304666, 27.544897570481794 ], [ 94.959222081592415, 27.545258474177029 ], [ 94.959630183454195, 27.545433216019919 ], [ 94.96003508250817, 27.545427504844366 ], [ 94.960231123338886, 27.545063745347861 ], [ 94.960642430865491, 27.545418935871563 ], [ 94.960250349651403, 27.546146455687989 ], [ 94.960655251169882, 27.546140742570127 ], [ 94.960844880258279, 27.545416078958112 ], [ 94.961654677531087, 27.545404648358346 ], [ 94.960838469624221, 27.545055175622334 ], [ 94.961031301607719, 27.544510963482121 ], [ 94.966497378514887, 27.544433710462343 ], [ 94.966648490664355, 27.552914905448958 ], [ 94.965632963994679, 27.552748781962418 ], [ 94.965032003559941, 27.553118276867337 ], [ 94.965848284472429, 27.553467720766704 ], [ 94.965038430101359, 27.55347917887541 ], [ 94.964620652417565, 27.552763101950198 ], [ 94.963810802617786, 27.552774552636112 ], [ 94.963823647647814, 27.553496357197691 ], [ 94.956534930358217, 27.553599204341914 ] ], [ [ 94.965131647562515, 27.547340978659488 ], [ 94.965533339013305, 27.547154799987233 ], [ 94.964710683337074, 27.54644444902334 ], [ 94.964906709905776, 27.546080683686053 ], [ 94.964299359464235, 27.546089271480874 ], [ 94.963071821609461, 27.545384633466909 ], [ 94.961654677531087, 27.545404648358346 ], [ 94.963688798676429, 27.545917405285113 ], [ 94.964106541651091, 27.546633487346 ], [ 94.963910511507336, 27.546997251715421 ], [ 94.965131647562515, 27.547340978659488 ] ], [ [ 94.965690803860483, 27.5446256200654 ], [ 94.965896464687617, 27.544803207008343 ], [ 94.965893251184937, 27.544622755874741 ], [ 94.965690803860483, 27.5446256200654 ] ], [ [ 94.966095698479492, 27.544619891389495 ], [ 94.966301359907632, 27.544797477699472 ], [ 94.966298145744133, 27.544617026609675 ], [ 94.966095698479492, 27.544619891389495 ] ] ] } },
{ "type": "Feature", "properties": { "rank": 46, "class": "Likely bank erosion (AI prediction)", "source": "ai", "area_ha": 82.92, "mean_soil_loss_t_ha_yr": null, "max_retreat_m": null, "retreat_m_per_yr": null, "mean_probability": 0.537, "model_agreement": 0.872, "confidence": "Medium", "confidence_score": null, "population": 909.0, "built_ha": 0.0, "crop_ha": 0.01, "road_km": 0.0, "embankment_km": 0.0, "facilities": 0.0, "nearest_place": "Dibrugarh", "nearest_place_km": 6.2, "exposure_index": 0.159, "hazard_score": 2.878, "priority_score": 1.184, "lat": 27.487815, "lon": 94.839292 }, "geometry": { "type": "Polygon", "coordinates": [ [ [ 94.837847044907591, 27.492043439966643 ], [ 94.837436318876158, 27.491687853682084 ], [ 94.836629852052823, 27.491879007473944 ], [ 94.834983988427524, 27.490276172599767 ], [ 94.834978003187558, 27.489915240021961 ], [ 94.833948244828932, 27.488845781801864 ], [ 94.833903386306048, 27.48613878485261 ], [ 94.833093962930505, 27.486149450042351 ], [ 94.832683274366914, 27.48579384761738 ], [ 94.833900395960683, 27.485958318349478 ], [ 94.833864513988772, 27.483792719923375 ], [ 94.834269216942701, 27.48378738609598 ], [ 94.834477550404841, 27.484145651739695 ], [ 94.834673919785189, 27.483782051092977 ], [ 94.835078622516221, 27.483776714914367 ], [ 94.835093582734771, 27.484679047066177 ], [ 94.835492303160152, 27.48431277674355 ], [ 94.835703634680229, 27.484851506641505 ], [ 94.836712405722977, 27.484657689777872 ], [ 94.836923743832742, 27.485196417473478 ], [ 94.837325455414586, 27.485010608321193 ], [ 94.837938508920544, 27.485363523953804 ], [ 94.838134868540337, 27.484999918932505 ], [ 94.837727165594757, 27.484824798070111 ], [ 94.83813187144284, 27.484819452828873 ], [ 94.838328229554804, 27.484455847586119 ], [ 94.83854557053246, 27.485355504585101 ], [ 94.838923292897832, 27.483725962584415 ], [ 94.838521588815738, 27.483911776023817 ], [ 94.838717944185788, 27.483548170327683 ], [ 94.838107895667804, 27.483375723820448 ], [ 94.838098905212746, 27.482834325360088 ], [ 94.841137142882701, 27.482974667808524 ], [ 94.841348498403818, 27.483513388005413 ], [ 94.842163905761907, 27.483863607212307 ], [ 94.842169912884472, 27.484224538644703 ], [ 94.843583365758704, 27.484025314755606 ], [ 94.84402114083521, 27.486005073176461 ], [ 94.844120381625956, 27.491960431191682 ], [ 94.837847044907591, 27.492043439966643 ] ], [ [ 94.837126097541358, 27.485193746134559 ], [ 94.837334442920664, 27.485552006847794 ], [ 94.837328451222049, 27.48519107450171 ], [ 94.837126097541358, 27.485193746134559 ] ], [ [ 94.838714946323222, 27.483367704245619 ], [ 94.838920294677877, 27.483545496527807 ], [ 94.83891729648586, 27.483365030466217 ], [ 94.838714946323222, 27.483367704245619 ] ] ] } },
{ "type": "Feature", "properties": { "rank": 47, "class": "Likely bank erosion (AI prediction)", "source": "ai", "area_ha": 69.2, "mean_soil_loss_t_ha_yr": null, "max_retreat_m": null, "retreat_m_per_yr": null, "mean_probability": 0.453, "model_agreement": 0.861, "confidence": "Medium", "confidence_score": null, "population": 1238.0, "built_ha": 0.0, "crop_ha": 3.47, "road_km": 0.0, "embankment_km": 0.0, "facilities": 0.0, "nearest_place": "Dibrugarh", "nearest_place_km": 4.8, "exposure_index": 0.23, "hazard_score": 2.502, "priority_score": 1.153, "lat": 27.505029, "lon": 94.859173 }, "geometry": { "type": "Polygon", "coordinates": [ [ [ 94.862029838270999, 27.50977228872587 ], [ 94.86161289244636, 27.509055855682 ], [ 94.861214179047693, 27.509422199802756 ], [ 94.861208103331748, 27.509061273571696 ], [ 94.860603956301887, 27.509249861379935 ], [ 94.860594845824153, 27.508708471824328 ], [ 94.860392451799342, 27.508711179403818 ], [ 94.860395488267102, 27.508891642614735 ], [ 94.859582875417345, 27.508722006779813 ], [ 94.859573770142177, 27.508180616868486 ], [ 94.858969624601642, 27.508369197495913 ], [ 94.859365307583204, 27.507822396240915 ], [ 94.859776163290462, 27.508177910527923 ], [ 94.860380306211042, 27.507989326510209 ], [ 94.859362272934376, 27.507641932896462 ], [ 94.85976098674773, 27.507275594012771 ], [ 94.858739928331417, 27.506747731976279 ], [ 94.858543604085284, 27.507111363579742 ], [ 94.85813578882302, 27.506936308699331 ], [ 94.858141853964696, 27.507297235671629 ], [ 94.857329255629807, 27.50712758587429 ], [ 94.857332286895357, 27.507308049440713 ], [ 94.857129895057454, 27.507310752147529 ], [ 94.857132926021379, 27.507491215729654 ], [ 94.856930533825391, 27.507493918162972 ], [ 94.856933564487676, 27.507674381760786 ], [ 94.856525749348776, 27.507499322147055 ], [ 94.855522872807967, 27.508054218171697 ], [ 94.855115058207332, 27.507879154387279 ], [ 94.855109002792005, 27.507518226824526 ], [ 94.854912665069548, 27.507881853920075 ], [ 94.854504851977296, 27.507706788262229 ], [ 94.854389857037134, 27.500849158611715 ], [ 94.861675531205591, 27.500751840330981 ], [ 94.861702870012707, 27.502376009720539 ], [ 94.86129810536157, 27.502381426664268 ], [ 94.86110483347052, 27.502925524588214 ], [ 94.860893340597286, 27.502386842431523 ], [ 94.860488575719913, 27.502392257022308 ], [ 94.860503755042956, 27.503294573797 ], [ 94.860914596464326, 27.503650085591001 ], [ 94.861316328548625, 27.503464206281468 ], [ 94.861328477905687, 27.504186059259766 ], [ 94.861935634733413, 27.504177932780948 ], [ 94.862349523072211, 27.504713903027938 ], [ 94.863156028409463, 27.504522597967362 ], [ 94.863171230866442, 27.505424913094579 ], [ 94.864594029910464, 27.50576685336997 ], [ 94.864660981174097, 27.509737035029829 ], [ 94.862029838270999, 27.50977228872587 ] ], [ [ 94.860800276948211, 27.508886227120104 ], [ 94.861202027728936, 27.508700347320666 ], [ 94.860993558959052, 27.508342129470279 ], [ 94.860791165650525, 27.508344837596713 ], [ 94.860800276948211, 27.508886227120104 ] ], [ [ 94.859981592133678, 27.508355667160512 ], [ 94.860392451799342, 27.508711179403818 ], [ 94.860386378948647, 27.508350252966999 ], [ 94.859981592133678, 27.508355667160512 ] ], [ [ 94.856725111296981, 27.507316156678616 ], [ 94.856930533825391, 27.507493918162972 ], [ 94.856927503191315, 27.507313454560162 ], [ 94.856725111296981, 27.507316156678616 ] ], [ [ 94.860718284431087, 27.504013719792049 ], [ 94.861123055187974, 27.504008304239946 ], [ 94.861120018164371, 27.503827840977131 ], [ 94.860509826970045, 27.503655500471929 ], [ 94.860718284431087, 27.504013719792049 ] ] ] } },
{ "type": "Feature", "properties": { "rank": 48, "class": "Likely bank erosion (AI prediction)", "source": "ai", "area_ha": 99.16, "mean_soil_loss_t_ha_yr": null, "max_retreat_m": null, "retreat_m_per_yr": null, "mean_probability": 0.606, "model_agreement": 0.605, "confidence": "Low", "confidence_score": null, "population": 676.0, "built_ha": 0.0, "crop_ha": 0.0, "road_km": 0.0, "embankment_km": 0.0, "facilities": 0.0, "nearest_place": "Dibrugarh", "nearest_place_km": 7.5, "exposure_index": 0.118, "hazard_score": 2.993, "priority_score": 1.145, "lat": 27.523573, "lon": 94.839624 }, "geometry": { "type": "Polygon", "coordinates": [ [ [ 94.83581549186529, 27.528171309070768 ], [ 94.835196203143369, 27.527457466830963 ], [ 94.834585912560783, 27.527285017486193 ], [ 94.834451088637437, 27.519164071041665 ], [ 94.844571860708356, 27.51903017191956 ], [ 94.844722493913508, 27.528053393889831 ], [ 94.83581549186529, 27.528171309070768 ] ] ] } },
{ "type": "Feature", "properties": { "rank": 49, "class": "Likely bank erosion (AI prediction)", "source": "ai", "area_ha": 45.8, "mean_soil_loss_t_ha_yr": null, "max_retreat_m": null, "retreat_m_per_yr": null, "mean_probability": 0.491, "model_agreement": 0.756, "confidence": "Low", "confidence_score": null, "population": 894.0, "built_ha": 0.0, "crop_ha": 17.75, "road_km": 0.0, "embankment_km": 0.0, "facilities": 0.0, "nearest_place": "Dibrugarh", "nearest_place_km": 4.6, "exposure_index": 0.223, "hazard_score": 2.453, "priority_score": 1.119, "lat": 27.520644, "lon": 94.879937 }, "geometry": { "type": "Polygon", "coordinates": [ [ [ 94.875016424835792, 27.523496517099392 ], [ 94.874933754754736, 27.518624059593648 ], [ 94.885054244102022, 27.518487217229456 ], [ 94.885131202342819, 27.522998725903314 ], [ 94.883511862839214, 27.523020674323337 ], [ 94.884315378142546, 27.522648781721397 ], [ 94.883303293895679, 27.522662495594538 ], [ 94.882892310054686, 27.522307058022697 ], [ 94.881475395127211, 27.522326240667493 ], [ 94.881472322509865, 27.522145779982921 ], [ 94.88046024121104, 27.522159472936654 ], [ 94.878650765227931, 27.522905945590182 ], [ 94.877841093364182, 27.522916884392817 ], [ 94.877844160154083, 27.523097345434291 ], [ 94.876832068031504, 27.523111012418948 ], [ 94.876835133199421, 27.523291473559979 ], [ 94.875823038712937, 27.523305133289963 ], [ 94.875016424835792, 27.523496517099392 ] ], [ [ 94.875617556542792, 27.523127403086399 ], [ 94.875823038712937, 27.523305133289963 ], [ 94.875819975195569, 27.52312467204441 ], [ 94.875617556542792, 27.523127403086399 ] ], [ [ 94.875816911706721, 27.52294421079387 ], [ 94.876829002892137, 27.522930551272903 ], [ 94.877629476118742, 27.522378235140405 ], [ 94.876414973237218, 27.522394632370851 ], [ 94.87621868414594, 27.522758286654835 ], [ 94.875810784814576, 27.522583288277776 ], [ 94.875816911706721, 27.52294421079387 ] ], [ [ 94.877635608895602, 27.522739157290182 ], [ 94.877841093364182, 27.522916884392817 ], [ 94.877838026602817, 27.522736423346352 ], [ 94.877635608895602, 27.522739157290182 ] ], [ [ 94.88025475425728, 27.521981749829052 ], [ 94.88046024121104, 27.522159472936654 ], [ 94.880457170272734, 27.521979012142314 ], [ 94.88025475425728, 27.521981749829052 ] ] ] } },
{ "type": "Feature", "properties": { "rank": 50, "class": "Likely bank erosion (AI prediction)", "source": "ai", "area_ha": 44.52, "mean_soil_loss_t_ha_yr": null, "max_retreat_m": null, "retreat_m_per_yr": null, "mean_probability": 0.396, "model_agreement": 0.905, "confidence": "Medium", "confidence_score": null, "population": 546.0, "built_ha": 1.98, "crop_ha": 60.66, "road_km": 4.73, "embankment_km": 0.0, "facilities": 0.0, "nearest_place": "Nakapur", "nearest_place_km": 3.3, "exposure_index": 0.375, "hazard_score": 1.964, "priority_score": 1.105, "lat": 27.564394, "lon": 95.215359 }, "geometry": { "type": "Polygon", "coordinates": [ [ [ 95.214812206553432, 27.567769420399486 ], [ 95.215618411332684, 27.56757607898647 ], [ 95.215405080281869, 27.567038044101995 ], [ 95.214591632333324, 27.566870540381899 ], [ 95.214381930635753, 27.566512925385304 ], [ 95.213977020009267, 27.566519381945525 ], [ 95.214186720451963, 27.566876997630182 ], [ 95.213170819238599, 27.566712713564304 ], [ 95.213774564645476, 27.566522609783608 ], [ 95.213564866253591, 27.566164993341079 ], [ 95.213966153584792, 27.56597811610694 ], [ 95.213355169285009, 27.565807376484717 ], [ 95.213550380669005, 27.565443305307731 ], [ 95.212339278839281, 27.565643085655992 ], [ 95.212939399904286, 27.565272563630799 ], [ 95.212125967864651, 27.565105044432151 ], [ 95.211912659142598, 27.564567002719638 ], [ 95.211102850682792, 27.56457989943214 ], [ 95.211308920389484, 27.564757098008798 ], [ 95.211110085137875, 27.564940744101857 ], [ 95.210697946250974, 27.564586346020395 ], [ 95.211099233505735, 27.564399477089587 ], [ 95.21088954804506, 27.564041855756674 ], [ 95.20987729150302, 27.564057968174591 ], [ 95.209830297917776, 27.561712475200984 ], [ 95.212263279301339, 27.561854219136571 ], [ 95.212035504695194, 27.560594487795068 ], [ 95.212845283397485, 27.5605815873583 ], [ 95.212454869450781, 27.561309727245948 ], [ 95.212856141832646, 27.561122854028117 ], [ 95.213676786665872, 27.561651214909435 ], [ 95.214468461274095, 27.560736194374361 ], [ 95.214475705552118, 27.561097038421206 ], [ 95.215900071077115, 27.561435277978418 ], [ 95.216113391619061, 27.561973312998802 ], [ 95.214490194512564, 27.561818726453374 ], [ 95.213684028636976, 27.562012059102344 ], [ 95.21470350921345, 27.562356763974314 ], [ 95.216120641656744, 27.562334156578999 ], [ 95.216738861910628, 27.56286572838539 ], [ 95.217140131582184, 27.56267884291319 ], [ 95.217754730624591, 27.563029988186244 ], [ 95.219779213196659, 27.562997642303902 ], [ 95.219970767018935, 27.562453142187159 ], [ 95.219996187406693, 27.563716091233982 ], [ 95.218991200068174, 27.564093112611811 ], [ 95.220007082365356, 27.564257355034258 ], [ 95.220032505118013, 27.565520303722064 ], [ 95.219020241286131, 27.565536483550332 ], [ 95.218622594836944, 27.565903796201148 ], [ 95.218832308515687, 27.566261404077022 ], [ 95.220050665240649, 27.566422409773779 ], [ 95.220076090831398, 27.567685358030754 ], [ 95.214812206553432, 27.567769420399486 ] ], [ [ 95.215401455691563, 27.566857622349026 ], [ 95.215607536367727, 27.567034813832365 ], [ 95.215603911446848, 27.56685439210408 ], [ 95.215401455691563, 27.566857622349026 ] ], [ [ 95.217190909704115, 27.565204745528149 ], [ 95.217396989773107, 27.565381934405501 ], [ 95.2173933621808, 27.565201512853303 ], [ 95.217190909704115, 27.565204745528149 ] ], [ [ 95.216786004649578, 27.565211209993816 ], [ 95.217190909704115, 27.565204745528149 ], [ 95.217386107097397, 27.564840669733528 ], [ 95.216981203432482, 27.564847134689739 ], [ 95.216786004649578, 27.565211209993816 ] ], [ [ 95.213539516834302, 27.56490203922888 ], [ 95.213745590831877, 27.56507923391419 ], [ 95.213741969256773, 27.564898811907447 ], [ 95.213539516834302, 27.56490203922888 ] ], [ [ 95.214757854091559, 27.565063092763666 ], [ 95.215357963237778, 27.564692560913443 ], [ 95.216579925835276, 27.565034020128525 ], [ 95.216981203432482, 27.564847134689739 ], [ 95.216973949806203, 27.564486291450653 ], [ 95.216366596038995, 27.564495986526808 ], [ 95.216359344530844, 27.564135143119039 ], [ 95.215350714967499, 27.564331717269059 ], [ 95.214732492204732, 27.563800139472185 ], [ 95.212914058605321, 27.564009608821376 ], [ 95.213337064378138, 27.564905266255643 ], [ 95.214345703789036, 27.564708706237273 ], [ 95.214757854091559, 27.565063092763666 ] ], [ [ 95.219399731108808, 27.564267063295915 ], [ 95.219605812620841, 27.564444248809316 ], [ 95.219602181561442, 27.56426382750335 ], [ 95.219399731108808, 27.564267063295915 ] ], [ [ 95.211298067866679, 27.564215831055051 ], [ 95.211504137141873, 27.564393029371939 ], [ 95.211500519337392, 27.564212607073536 ], [ 95.211298067866679, 27.564215831055051 ] ], [ [ 95.210885931299472, 27.563861433374122 ], [ 95.211298067866679, 27.564215831055051 ], [ 95.211493283829384, 27.563851762461358 ], [ 95.210885931299472, 27.563861433374122 ] ], [ [ 95.214078057915273, 27.561464338215668 ], [ 95.214284125883438, 27.561641532509061 ], [ 95.214280503956971, 27.56146111047892 ], [ 95.214078057915273, 27.561464338215668 ] ] ] } }
]
}
